temp,humidity,wind,pressure,pm2_5,pm10,co,no2,o3,so2,nh3,aqi
14.11,75,0.45,1020,4.71,10.81,135.4,6.88,66.71,0.33,16.07,2
14.33,75,0.45,1020,4.71,10.81,135.4,6.88,66.71,0.33,16.07,2
35.84,24,3.09,1009,28.41,116.85,187.29,14.91,90.17,7.62,0.4,4
33.02,38,3.6,1010,18.07,97.68,113.88,0.73,109.45,1.0,0.06,3
36.0,24,3.6,1010,31.45,122.41,182.82,14.42,93.22,6.91,0.52,4
20.79,40,1.22,1012,6.63,10.83,428.16,1.62,73.51,0.24,2.23,2
28.16,20,2.47,1010,4.33,18.6,109.02,0.14,95.47,0.12,0.2,2
28.07,39,4.43,1010,1.59,4.26,93.22,0.08,82.38,0.1,0.24,2
23.43,85,2.06,1012,1.8,3.79,112.32,1.33,50.56,1.09,0.0,1
12.51,54,0.51,1016,3.74,5.83,137.16,2.41,97.62,1.79,3.59,2
13.23,50,1.27,1016,3.9,5.9,139.26,2.12,108.79,1.93,2.66,3
15.32,50,1.85,1015,4.23,7.96,135.69,1.55,117.12,2.04,1.95,3
16.09,39,2.57,1009,10.55,28.92,105.39,0.42,114.93,3.62,0.83,3
11.84,47,7.72,1009,7.54,17.23,104.05,0.38,108.18,2.65,1.15,3
12.43,53,8.54,1008,7.91,21.51,105.08,0.47,108.64,2.47,1.88,3
25.0,88,2.57,1011,13.63,47.02,68.78,0.04,40.65,0.36,0.0,2
15.92,100,1.03,1014,20.57,92.09,78.91,0.37,19.68,0.09,0.26,3
17.89,94,1.03,1014,2.99,3.77,113.51,1.36,7.93,0.11,0.2,1
13.22,93,2.45,1018,16.44,24.53,486.11,22.34,16.13,2.57,0.21,2
15.96,72,2.03,1017,13.59,19.66,225.03,3.6,29.1,0.13,0.38,2
14.99,75,1.31,1018,20.54,28.34,414.6,8.25,28.66,0.5,0.26,2
13.66,51,9.83,1018,8.36,10.81,175.47,7.61,70.99,1.19,9.02,2
12.67,55,0.45,1018,13.21,19.38,225.88,10.3,33.44,0.57,6.02,2
11.66,49,3.09,1020,8.17,9.21,139.22,3.82,86.6,0.82,6.72,2
20.67,74,4.12,1031,1.15,3.18,66.15,0.86,54.86,0.7,0.07,1
22.19,43,4.12,1027,3.69,5.22,88.05,3.47,67.13,1.83,0.46,2
19.72,72,5.14,1025,1.88,1.92,75.1,0.7,45.38,0.07,0.09,1
26.03,80,7.15,1010,1.62,4.72,104.68,2.42,36.61,2.57,0.83,1
26.1,81,5.14,1010,1.62,4.72,104.68,2.42,36.61,2.57,0.83,1
25.97,81,5.14,1010,1.62,4.72,104.68,2.42,36.61,2.57,0.83,1
12.03,76,3.09,1009,9.49,27.0,140.9,2.27,88.19,1.24,1.46,2
12.0,79,1.44,1009,9.53,26.09,142.9,2.76,82.27,1.39,2.7,2
14.48,51,12.35,1010,8.58,23.94,116.05,0.83,99.47,1.02,4.17,2
5.95,75,0.51,1019,4.5,5.62,140.56,1.65,91.98,1.8,4.4,2
12.74,50,1.54,1019,6.76,8.24,135.47,2.48,84.02,0.72,8.39,2
9.46,71,0.9,1019,5.79,7.17,141.15,2.53,81.31,0.88,6.36,2
26.27,83,3.09,1011,0.66,2.33,114.83,0.05,22.34,0.07,0.0,1
33.99,59,1.54,1005,27.08,45.26,151.55,0.69,78.67,1.59,1.83,3
32.91,58,5.66,1007,12.41,28.39,119.33,0.04,40.85,0.28,0.0,2
34.0,59,1.54,1005,28.0,45.94,157.02,0.93,80.81,1.8,2.32,3
3.08,100,1.54,1026,16.22,19.26,170.11,7.26,51.76,0.53,7.53,2
6.66,92,3.13,1026,15.06,18.91,192.28,16.49,50.44,1.66,8.04,2
6.28,96,3.2,1026,18.74,22.5,214.18,15.36,52.37,1.67,10.11,2
30.06,48,4.12,1007,14.17,36.15,166.19,0.6,28.57,0.09,1.64,2
28.25,65,3.6,1007,8.22,14.39,177.22,0.71,23.14,0.06,1.25,1
31.14,23,2.68,1007,15.34,37.01,166.58,0.51,27.18,0.07,1.59,2
8.77,49,1.03,1015,6.32,7.3,129.02,1.21,99.71,2.61,3.54,2
15.11,38,8.75,1014,3.74,4.62,130.63,1.03,77.27,0.73,7.69,2
16.03,47,5.14,1012,6.13,7.55,133.44,1.41,85.58,1.25,3.51,2
26.98,50,4.63,1010,43.69,122.29,168.27,15.91,116.55,30.82,0.0,4
26.97,50,4.63,1010,47.76,141.42,165.3,17.56,113.21,32.36,0.0,4
26.79,49,4.86,1011,46.82,149.09,159.45,15.49,110.74,28.44,0.0,4
26.84,69,1.03,1013,0.51,0.65,79.66,0.31,16.27,0.03,0.17,1
18.06,83,1.96,1014,1.55,2.87,127.37,1.56,18.14,0.23,1.47,1
17.29,86,1.37,1014,3.08,6.21,185.76,1.63,17.16,0.41,1.99,1
28.99,84,6.69,1009,1.39,5.11,81.78,0.08,27.42,0.14,0.27,1
28.92,84,6.69,1009,1.36,4.87,85.82,0.11,26.87,0.16,0.29,1
28.9,77,4.74,1009,1.49,5.61,81.42,0.07,27.28,0.14,0.27,1
34.03,46,4.12,1007,0.95,1.03,129.93,0.19,30.59,0.13,0.91,1
33.99,46,4.12,1007,0.95,1.03,129.93,0.19,30.59,0.13,0.91,1
34.0,46,4.12,1007,0.81,0.88,127.73,0.15,28.9,0.1,0.56,1
6.99,93,1.03,1021,1.44,2.22,91.54,1.43,18.02,0.14,0.32,1
20.69,100,2.57,1014,0.96,1.15,91.3,0.35,4.12,0.02,0.28,1
13.84,82,1.54,1016,0.61,0.82,86.66,0.92,11.46,0.09,0.28,1
18.85,88,3.09,1020,2.47,4.59,75.15,1.0,16.45,0.26,0.13,1
21.94,94,1.54,1017,0.69,2.64,72.33,0.07,39.15,0.05,0.0,1
17.71,80,1.63,1019,6.15,8.65,92.13,1.55,46.37,0.66,0.38,1
21.99,68,2.57,1014,1.89,9.22,118.56,0.16,97.04,0.19,0.03,2
16.96,88,2.06,1015,2.14,9.24,115.13,0.39,100.36,0.86,0.0,3
16.97,88,2.06,1015,2.14,9.24,115.13,0.39,100.36,0.86,0.0,3
20.06,47,3.0,1010,50.28,56.6,347.46,1.52,133.48,2.62,7.09,4
31.97,52,2.08,1009,53.19,62.29,319.23,1.71,106.04,2.3,7.51,4
24.8,66,1.33,1011,46.58,53.7,302.26,1.33,117.67,2.1,5.33,3
15.25,91,4.18,1022,0.5,0.74,68.47,1.25,32.75,0.45,0.05,1
14.47,94,6.75,1022,0.5,0.5,63.57,0.46,35.71,0.39,0.02,1
15.19,91,4.28,1022,0.5,0.74,68.47,1.25,32.75,0.45,0.05,1
5.18,49,5.15,1007,1.22,1.98,138.66,1.81,83.19,0.39,4.45,2
3.99,45,5.0,1006,1.29,1.54,138.54,1.17,84.7,1.6,3.05,2
7.02,57,6.0,1011,2.39,3.26,136.97,2.0,86.45,0.95,3.55,2
27.23,1,5.67,1010,2.39,6.23,88.52,0.22,25.19,0.07,0.06,1
27.18,77,7.95,1010,2.29,6.13,93.18,0.14,37.38,0.1,0.02,1
22.51,94,2.46,1010,2.25,5.03,93.6,0.41,27.38,0.09,1.4,1
8.32,67,0.0,1012,17.54,19.75,265.47,16.99,47.87,2.01,1.09,2
1.21,58,3.6,1014,1.78,2.81,170.17,4.44,65.15,1.8,1.07,2
-0.65,60,9.26,1018,0.5,0.5,128.15,0.42,79.05,0.02,1.01,2
22.2,94,2.06,1011,3.7,5.74,154.2,0.88,3.53,0.3,1.26,1
19.86,79,5.34,1015,1.83,3.09,127.57,0.28,27.1,1.91,0.22,1
25.09,74,0.67,1011,1.2,2.41,85.78,0.27,8.1,0.04,0.11,1
24.1,88,2.57,1010,0.5,0.5,84.31,0.02,3.82,0.0,0.04,1
23.96,88,2.57,1010,0.5,0.5,84.31,0.02,3.82,0.0,0.04,1
23.72,88,2.57,1010,0.5,0.5,85.64,0.02,3.85,0.0,0.06,1
22.2,94,2.06,1011,3.7,5.74,154.2,0.88,3.53,0.3,1.26,1
25.04,94,1.03,1010,5.42,12.95,76.54,0.14,34.51,0.15,0.0,1
23.72,92,1.32,1011,6.07,8.64,122.34,1.57,29.1,0.33,0.43,1
10.23,60,1.34,1021,6.82,7.51,134.27,4.03,93.72,2.27,17.24,2
11.19,54,1.03,1021,13.55,16.04,181.68,7.35,27.54,0.83,21.83,2
9.94,60,0.51,1021,14.75,16.45,194.85,10.29,65.23,2.53,13.68,2
28.72,89,5.14,1009,0.78,2.71,92.14,0.19,25.31,0.14,0.1,1
28.31,89,5.14,1009,0.85,2.98,94.41,0.21,25.54,0.15,0.09,1
24.07,89,3.61,1009,1.71,3.1,131.03,0.51,10.64,0.12,0.33,1
14.94,60,1.02,1020,9.79,13.29,224.3,7.91,26.06,0.18,1.26,1
13.51,51,0.66,1020,14.23,17.35,233.61,7.61,31.59,0.28,1.56,2
14.1,60,1.01,1022,9.79,13.29,224.3,7.91,26.06,0.18,1.26,1
25.95,100,1.03,1010,0.5,0.5,83.32,0.05,25.03,0.01,0.02,1
22.74,94,1.54,1012,1.15,1.42,91.76,0.62,1.91,0.05,0.06,1
21.17,83,0.75,1013,6.72,8.52,221.0,1.36,6.26,0.23,0.85,1
23.92,33,3.0,1015,73.41,95.49,694.72,47.9,100.28,80.1,0.33,4
23.94,35,2.85,1008,149.94,171.94,396.08,8.18,195.69,32.67,5.91,5
19.78,92,3.07,1012,33.83,36.78,484.13,51.13,19.8,26.34,0.01,3
12.27,98,0.41,1018,23.77,24.53,193.16,3.18,28.48,7.26,6.62,2
22.03,78,2.06,1014,4.39,4.68,119.21,2.34,14.75,0.97,5.38,1
19.37,84,4.47,1016,8.19,9.05,170.98,5.45,6.89,8.03,6.33,1
15.95,89,2.57,1017,0.5,0.63,102.87,0.53,26.64,0.25,0.0,1
24.19,88,1.68,1011,0.99,1.29,141.62,2.27,28.9,0.35,11.75,1
17.62,88,2.57,1016,0.5,0.61,102.32,0.39,26.1,0.18,0.0,1
20.85,88,5.96,1012,2.74,6.83,118.81,0.39,69.3,0.29,0.49,2
24.16,83,2.57,1013,2.06,2.88,120.79,0.4,89.14,1.28,0.03,2
20.19,94,2.57,1013,2.92,5.93,119.34,0.3,88.48,1.01,0.08,2
21.27,68,7.2,1014,3.32,16.32,108.16,0.14,74.69,0.48,0.0,2
20.75,68,8.75,1015,2.29,11.65,109.41,0.12,75.15,0.38,0.0,2
21.02,68,6.69,1015,3.23,15.09,111.78,0.14,80.11,0.51,0.0,2
25.86,82,2.57,1011,2.21,4.83,102.83,0.69,34.76,0.27,1.03,1
25.94,82,2.57,1011,2.21,4.83,102.83,0.69,34.76,0.27,1.03,1
19.76,60,0.0,1012,7.08,17.93,117.56,0.2,94.85,0.33,0.19,2
18.96,72,3.09,1012,7.83,18.39,118.43,0.18,95.91,0.36,0.28,2
20.67,64,2.06,1012,7.29,16.07,117.88,0.39,94.12,0.48,0.17,2
10.93,64,5.66,1019,8.34,10.05,138.31,2.49,81.01,0.67,5.82,2
12.38,54,4.63,1018,7.33,8.64,142.36,3.05,104.17,1.86,5.74,3
12.5,62,0.51,1017,11.11,14.15,147.29,3.25,82.95,1.85,4.43,2
7.67,82,5.66,1019,4.05,7.41,136.63,4.71,77.83,1.4,3.59,2
8.0,87,6.17,1020,3.32,9.32,137.28,4.68,79.77,1.38,4.18,2
10.9,53,0.89,1022,4.11,4.79,130.09,3.69,80.69,0.45,21.13,2
29.69,71,6.62,1009,5.97,22.66,131.22,0.17,38.22,0.08,2.52,2
27.36,62,8.56,1010,8.22,23.42,249.24,0.64,42.08,0.37,6.31,2
30.82,51,9.13,1008,7.12,23.26,172.69,0.42,39.55,0.18,3.98,2
11.36,76,2.06,1016,3.26,6.69,138.18,3.43,72.49,1.05,4.47,2
9.88,81,2.37,1017,2.56,6.86,133.45,2.3,73.72,0.59,5.7,2
9.53,82,3.1,1018,2.63,8.19,130.23,2.4,80.61,1.11,4.83,2
24.22,78,2.29,1012,0.67,1.86,106.39,1.83,26.5,1.08,0.01,1
22.02,93,0.86,1012,1.22,3.68,102.2,0.19,53.58,0.19,0.07,1
22.65,93,3.09,1013,10.78,12.99,199.71,6.34,36.33,1.88,28.18,2
22.9,93,0.85,1012,1.22,3.68,102.2,0.19,53.58,0.19,0.07,1
16.37,94,3.6,1013,8.82,18.61,126.05,6.11,51.71,0.71,2.32,1
16.93,100,3.09,1015,7.84,15.82,120.81,6.11,53.2,1.06,1.17,1
12.67,94,3.6,1016,49.35,244.41,126.07,3.34,81.77,0.89,0.77,5
7.53,89,0.95,1018,16.62,17.86,289.33,8.22,12.2,1.37,5.82,2
23.93,88,4.63,1012,8.79,24.01,119.46,2.23,35.01,0.56,0.36,2
9.34,86,1.79,1019,5.17,6.63,250.12,11.56,4.16,0.72,2.88,1
5.19,75,3.6,1006,0.5,0.78,131.49,1.29,84.63,0.42,0.18,2
6.14,70,4.63,1006,1.01,2.15,137.25,1.25,78.94,0.22,0.34,2
7.25,57,4.0,1004,1.96,3.3,149.2,1.91,73.77,0.71,1.02,2
23.42,23,6.17,1010,21.34,74.91,147.5,6.41,91.55,13.3,31.61,3
18.9,68,4.12,1012,28.09,67.89,138.7,3.25,86.68,7.94,8.61,3
23.42,24,5.01,1010,21.34,74.91,147.5,6.41,91.55,13.3,31.61,3
14.98,88,4.12,1017,8.74,55.58,116.5,0.17,93.47,0.26,0.07,3
18.01,77,9.26,1016,5.34,25.67,108.86,0.2,84.23,0.52,0.0,2
17.57,77,7.67,1016,5.94,34.17,115.43,0.18,90.72,0.41,0.0,2
17.45,59,1.55,1013,6.91,11.73,143.33,0.53,55.33,0.1,3.55,1
25.41,48,1.14,1010,7.78,16.31,124.56,0.23,54.58,0.06,2.44,1
31.59,16,2.93,1007,10.22,24.84,137.11,0.22,51.93,0.05,1.09,2
12.95,81,2.06,1017,1.84,2.89,105.98,1.8,42.29,0.04,3.05,1
13.96,68,4.63,1020,4.31,10.72,127.39,0.49,114.16,0.53,0.8,3
17.03,69,2.24,1018,2.52,4.95,128.91,2.09,80.56,0.15,0.98,2
16.49,77,4.12,1013,21.01,34.02,664.5,3.38,31.88,0.78,12.02,2
23.99,55,5.93,1012,1.42,4.07,102.12,0.67,16.66,0.11,6.88,1
16.4,69,0.84,1014,7.86,13.08,241.29,0.69,50.55,0.18,3.2,1
7.67,56,4.47,1005,0.66,1.23,136.04,1.97,82.38,0.8,0.34,2
7.95,58,4.47,1004,0.56,1.01,134.19,1.77,83.01,0.71,0.28,2
6.49,48,5.14,1007,0.5,0.71,134.34,0.76,89.76,0.22,1.14,2
26.94,89,2.57,1014,2.66,9.3,66.53,0.04,29.74,0.11,0.0,1
26.99,89,2.57,1014,2.66,9.3,66.53,0.04,29.74,0.11,0.0,1
27.83,78,2.06,1013,2.22,5.2,65.77,0.05,22.8,0.1,0.0,1
11.2,53,3.6,1023,14.38,15.7,161.21,5.64,69.04,1.21,13.76,2
17.65,61,1.93,1019,3.83,7.37,138.56,1.09,123.12,1.38,1.06,3
11.53,69,1.34,1020,8.2,9.81,155.01,4.01,57.87,0.65,18.56,1
24.01,94,3.09,1011,1.32,1.72,78.54,0.3,20.83,0.14,0.08,1
23.98,94,2.57,1010,1.82,2.57,79.64,0.07,32.43,0.04,0.0,1
21.25,100,0.63,1011,0.76,0.83,44.82,0.04,1.64,0.01,0.02,1
6.35,85,3.09,1027,13.03,16.63,141.81,7.07,84.16,3.81,1.71,2
3.41,91,2.06,1028,6.45,8.49,142.56,10.77,65.31,2.55,5.09,2
6.55,80,0.49,1027,15.25,16.66,139.7,4.99,65.41,1.57,3.47,2
6.08,75,11.32,1014,4.03,12.68,107.37,0.7,106.65,1.14,2.16,3
6.99,81,9.77,1016,2.66,3.75,107.54,2.37,84.11,1.07,7.77,2
5.33,88,1.64,1017,2.7,3.25,130.74,4.22,83.16,0.95,5.82,2
23.99,94,0.0,1011,0.53,0.53,70.62,0.05,2.94,0.0,0.02,1
23.99,94,0.0,1011,0.53,0.53,70.62,0.05,2.94,0.0,0.02,1
22.24,100,0.64,1011,0.5,0.5,66.13,0.05,2.19,0.01,0.01,1
12.61,71,6.17,1022,10.75,12.63,151.02,3.82,84.25,1.18,15.4,2
25.04,86,3.22,1010,0.87,1.83,107.48,0.39,15.3,0.07,0.11,1
28.15,89,5.14,1009,1.06,3.16,89.83,0.37,27.1,0.88,0.11,1
28.58,67,5.5,1008,1.96,2.84,153.96,1.07,18.86,0.12,0.67,1
15.56,96,0.51,1016,2.13,6.4,117.76,3.45,70.03,0.84,0.97,2
20.08,83,2.57,1011,8.03,27.19,123.73,1.65,75.33,2.54,0.08,2
20.02,83,2.57,1010,8.16,27.63,121.78,1.65,75.37,2.54,0.04,2
20.01,83,2.57,1011,8.03,27.19,123.73,1.65,75.33,2.54,0.08,2
24.04,94,2.06,1010,11.83,46.34,113.18,0.73,79.29,1.13,0.0,2
24.05,94,2.06,1010,11.83,46.34,113.18,0.73,79.29,1.13,0.0,2
22.52,94,1.45,1010,16.19,40.5,135.15,0.52,24.17,0.15,0.12,2
22.82,94,0.51,1012,0.62,1.83,99.08,0.61,42.7,0.41,0.0,1
22.94,94,0.51,1012,0.62,1.83,99.08,0.61,42.7,0.41,0.0,1
23.02,94,0.51,1012,0.62,1.83,99.08,0.61,42.7,0.41,0.0,1
26.03,81,1.78,1010,2.25,3.58,115.6,1.32,20.85,0.39,0.04,1
26.92,84,1.77,1011,0.5,0.69,79.54,0.06,28.49,0.02,0.01,1
21.72,96,1.19,1012,0.95,1.13,70.96,0.11,3.38,0.02,0.03,1
15.73,55,4.12,1014,1.02,2.06,128.85,1.12,90.12,1.1,0.62,2
14.3,69,2.57,1015,6.94,7.61,135.16,1.48,77.31,6.31,15.52,2
15.48,58,5.21,1014,2.55,3.33,134.45,0.71,101.76,1.13,0.5,3
16.77,96,4.02,1015,19.9,21.12,185.0,0.69,52.69,3.1,1.54,2
17.77,96,3.58,1015,14.99,15.95,161.21,0.44,53.27,1.62,0.84,2
14.24,96,2.06,1015,17.01,18.15,170.83,0.54,53.18,2.42,1.1,2
29.8,63,5.66,1012,4.69,21.0,115.94,0.05,30.35,0.19,0.0,2
29.52,63,5.66,1012,4.69,21.0,115.94,0.05,30.35,0.19,0.0,2
30.3,63,5.66,1012,4.79,21.74,116.22,0.06,30.51,0.2,0.0,2
22.06,68,2.57,1010,9.79,32.9,131.23,0.73,77.27,1.64,0.05,2
22.76,44,1.23,1010,12.15,31.85,151.72,0.79,53.53,0.42,0.5,2
23.93,41,0.31,1010,10.0,29.41,142.31,0.65,69.83,0.82,0.4,2
24.17,95,1.83,1011,2.03,2.1,93.15,0.4,2.63,0.06,0.06,1
22.48,99,0.73,1011,1.13,1.14,80.05,0.2,3.68,0.01,0.06,1
22.68,99,1.17,1010,1.0,1.03,95.75,0.3,3.49,0.03,0.11,1
20.07,90,4.02,1011,28.24,30.97,410.21,41.03,27.73,17.88,0.0,3
20.27,89,4.02,1012,28.24,30.97,410.21,41.03,27.73,17.88,0.0,3
19.63,87,2.06,1012,30.06,32.53,429.83,44.94,26.06,17.09,0.01,3
20.25,82,1.54,1017,19.91,21.31,180.32,2.31,50.41,5.05,9.91,2
24.69,88,0.0,1012,15.3,19.76,438.73,9.62,29.81,2.34,54.27,2
23.9,88,1.03,1012,12.75,17.9,346.88,6.9,24.52,0.44,5.88,2
14.94,49,2.06,1019,10.48,11.73,139.97,2.85,85.62,0.77,5.1,2
17.06,31,4.63,1017,6.66,9.4,141.8,1.65,127.0,1.73,2.68,3
15.51,47,1.03,1018,8.97,10.66,161.2,4.24,100.5,1.81,4.6,3
23.57,85,1.21,1013,0.84,2.66,102.59,0.14,55.48,0.1,0.01,1
23.28,85,1.19,1013,0.84,2.66,102.59,0.14,55.48,0.1,0.01,1
24.44,84,4.98,1012,3.88,5.12,169.83,0.81,69.28,0.22,2.01,2
13.54,56,6.17,1016,9.68,11.56,142.24,1.88,93.19,1.62,9.68,2
13.88,44,3.09,1015,9.1,11.94,144.71,1.77,59.96,0.64,15.18,1
12.25,59,2.5,1016,8.1,9.88,139.07,2.16,81.79,0.8,10.65,2
33.96,49,5.14,1007,60.09,63.43,677.2,1.49,131.96,1.78,1.76,4
31.12,77,4.63,1007,86.74,98.1,699.32,4.87,180.34,5.52,3.49,5
33.02,55,5.14,1007,60.09,63.43,677.2,1.49,131.96,1.78,1.76,4
9.59,89,3.09,1025,12.45,14.44,139.75,5.0,93.39,2.6,4.87,2
10.87,76,6.69,1022,23.41,34.3,154.77,2.12,121.03,2.46,1.71,3
11.97,82,3.44,1022,21.13,27.26,147.46,1.54,119.14,1.88,3.07,3
20.95,22,0.45,1012,8.19,25.01,114.19,1.97,102.83,1.94,5.94,3
20.1,56,2.57,1011,21.67,53.82,128.51,5.73,94.55,4.14,27.85,3
19.61,64,2.06,1013,19.4,25.23,134.24,7.73,89.34,6.08,3.91,2
8.88,81,4.63,1027,9.33,10.83,139.43,4.75,86.96,1.03,2.39,2
34.01,62,5.66,1007,50.71,105.21,184.88,1.43,99.88,7.7,0.33,4
39.03,18,2.57,1003,50.87,121.78,205.33,1.32,138.22,4.19,11.47,4
33.64,35,5.36,1008,29.35,35.74,231.13,2.88,103.01,3.53,4.46,3
26.95,36,5.14,1011,40.73,153.5,131.79,0.56,134.45,2.56,0.0,4
22.9,59,1.79,1012,38.49,161.15,187.27,2.63,112.83,7.36,2.54,4
21.85,46,6.17,1012,32.41,138.01,168.87,6.03,121.02,20.07,0.9,4
19.84,14,8.75,1015,4.92,10.46,127.96,2.64,114.29,3.6,2.3,3
25.08,38,2.06,1013,5.18,17.49,108.83,0.65,115.74,0.78,1.32,3
20.77,13,2.45,1013,14.58,19.55,251.54,12.85,87.36,1.93,15.24,2
5.88,81,1.54,1028,0.5,0.8,132.33,0.09,110.05,0.04,0.0,3
4.97,70,2.82,1027,0.5,0.8,132.33,0.09,110.05,0.04,0.0,3
5.06,78,2.87,1028,0.5,0.8,132.33,0.09,110.05,0.04,0.0,3
13.71,48,2.57,1020,3.52,5.28,139.16,0.65,123.22,0.74,2.46,3
15.41,75,2.06,1018,4.55,6.09,170.98,4.32,86.7,1.17,1.94,2
15.39,38,2.57,1019,3.18,4.56,133.03,0.78,127.8,1.03,2.12,3
12.7,72,6.69,1022,9.59,11.16,147.18,2.51,90.85,0.92,17.1,2
25.53,78,4.63,1013,1.06,2.33,104.98,0.26,54.1,0.14,0.02,1
23.13,95,4.12,1013,1.15,2.46,106.84,0.24,54.03,0.13,0.03,1
23.3,95,4.12,1013,1.15,2.46,106.84,0.24,54.03,0.13,0.03,1
19.05,20,2.06,1013,8.87,20.46,125.78,4.29,109.75,3.3,3.47,3
20.23,22,1.33,1012,7.16,19.15,125.88,3.48,118.65,2.78,3.0,3
19.26,36,1.86,1012,11.42,25.44,139.45,8.73,102.51,4.52,5.3,3
17.91,59,6.69,1013,12.95,18.48,169.61,13.01,133.63,10.35,0.68,3
17.65,63,6.69,1014,12.16,18.55,162.38,9.87,134.4,9.17,0.61,3
21.05,34,6.97,1011,10.64,14.76,168.74,6.01,139.66,4.25,0.78,3
18.93,72,1.54,1014,0.5,0.6,79.09,0.29,33.67,0.07,0.24,1
22.1,69,1.99,1011,3.65,9.44,154.81,1.18,23.76,0.26,2.57,1
26.23,89,3.6,1011,3.35,4.77,137.96,0.64,27.48,0.27,0.7,1
21.11,51,3.37,1016,4.01,4.1,106.89,0.77,108.77,0.45,3.57,3
22.51,49,3.0,1016,1.31,1.61,85.57,0.02,71.66,0.2,0.84,2
22.28,52,1.12,1015,1.18,1.56,99.36,0.16,86.15,0.22,0.36,2
39.35,26,3.82,1005,14.72,17.21,192.85,1.0,93.52,0.93,1.2,2
38.27,27,3.51,1005,7.04,9.95,138.71,0.33,67.44,0.36,0.35,2
37.49,34,4.38,1005,6.72,8.42,135.15,0.32,65.74,0.13,0.55,2
28.84,73,3.55,1009,0.5,1.51,70.35,0.01,7.93,0.03,0.0,1
31.0,58,5.14,1012,3.55,8.66,75.44,0.04,30.63,0.18,0.03,1
28.5,67,2.02,1011,3.03,7.83,75.2,0.04,29.3,0.17,0.04,1
28.2,72,4.47,1011,4.31,9.44,78.61,0.04,31.23,0.18,0.03,1
24.82,15,5.54,1014,25.19,29.35,232.77,4.75,137.9,4.34,1.19,3
13.08,57,3.95,1018,14.47,19.9,187.41,1.18,141.5,6.37,1.98,4
20.59,30,5.37,1015,25.71,29.99,231.68,3.32,130.41,1.65,0.48,3
24.76,22,5.14,1015,20.56,24.58,257.75,21.13,98.22,3.48,2.47,2
20.95,32,4.12,1016,6.93,13.79,164.54,0.79,140.88,1.73,1.03,4
25.92,14,3.09,1015,25.32,29.38,260.39,17.31,98.91,3.06,1.22,3
27.05,29,3.32,1012,72.89,338.91,171.0,0.97,146.27,2.16,0.0,5
26.64,30,1.78,1012,81.26,369.08,173.87,0.78,154.37,2.61,0.0,5
27.21,25,2.2,1012,81.26,369.08,173.87,0.78,154.37,2.61,0.0,5
26.01,83,2.57,1012,2.98,5.54,105.43,0.25,60.24,0.3,0.0,2
26.01,83,2.57,1012,2.98,5.54,105.43,0.25,60.24,0.3,0.0,2
17.28,68,3.0,1017,6.44,6.63,100.57,1.58,78.72,0.67,2.74,2
23.33,43,2.0,1014,2.84,4.02,135.06,1.78,113.85,1.21,1.45,3
5.05,93,5.0,1007,2.29,8.92,128.02,0.44,74.01,0.14,0.24,2
38.33,36,3.09,1004,10.67,11.64,343.53,3.09,53.7,0.67,4.28,2
36.23,35,1.37,1005,17.58,18.87,347.33,4.0,59.93,0.7,5.57,2
37.93,35,1.58,1006,26.62,28.77,336.07,2.74,67.69,0.76,3.51,3
22.57,52,1.31,1012,12.68,17.26,144.74,10.86,84.5,3.45,7.44,2
19.3,52,1.38,1012,16.55,22.13,209.94,4.97,98.19,10.84,10.42,2
22.96,58,1.93,1012,16.35,21.27,161.84,15.88,73.97,3.94,12.05,2
23.39,82,3.8,1011,1.56,3.13,116.4,0.63,35.61,0.5,0.06,1
22.53,100,3.19,1012,1.38,3.14,117.41,0.46,33.98,0.36,0.0,1
28.38,83,2.55,1008,0.5,0.54,94.64,1.17,17.17,0.78,0.0,1
28.37,83,1.79,1008,0.5,0.54,94.64,1.17,17.17,0.78,0.0,1
28.3,83,1.79,1008,0.5,0.54,94.64,1.17,17.17,0.78,0.0,1
25.34,86,4.62,1011,3.01,4.25,102.94,0.28,34.01,0.12,0.09,1
23.03,97,1.16,1011,6.31,12.04,110.27,0.5,35.8,0.22,0.12,1
25.86,89,3.99,1010,1.66,2.71,104.1,0.31,26.25,0.1,0.11,1
12.84,69,4.95,1023,0.66,0.97,93.15,1.33,37.11,0.34,0.31,1
12.85,71,3.58,1023,1.36,2.38,101.35,1.23,38.77,0.37,0.54,1
12.49,67,0.95,1023,0.5,0.51,88.5,1.21,39.59,0.17,0.18,1
6.03,73,4.12,1009,0.73,1.39,134.46,1.82,84.9,1.0,1.27,2
7.18,61,2.06,1010,1.49,2.33,133.87,1.56,87.26,0.75,1.39,2
7.01,78,3.2,1011,3.95,5.13,147.46,5.03,80.15,2.22,1.02,2
8.52,72,3.09,1023,29.48,32.11,187.5,8.22,70.23,2.63,5.28,3
9.1,71,4.19,1023,28.13,30.41,179.88,6.86,69.75,2.27,7.63,3
9.04,68,3.09,1023,28.77,31.14,182.5,7.25,68.35,2.29,7.1,3
7.79,75,2.57,1007,1.24,2.21,134.32,1.66,82.47,0.64,0.96,2
6.38,59,3.16,1008,0.92,1.97,136.2,1.63,81.33,0.38,0.79,2
8.95,71,2.57,1011,2.13,2.79,138.15,2.19,83.41,0.66,0.19,2
17.49,67,4.09,1017,15.81,33.25,167.09,2.95,84.87,0.66,0.0,2
17.81,71,10.43,1011,12.41,29.12,136.14,1.14,94.87,0.86,0.0,2
16.62,68,6.74,1016,8.15,30.11,138.16,1.46,102.36,1.19,0.0,3
15.71,87,2.74,1017,3.54,9.52,113.65,2.11,80.68,3.62,0.22,2
14.23,100,0.0,1017,2.72,5.32,113.4,3.72,75.03,3.31,0.61,2
15.08,94,1.03,1016,1.67,2.67,101.13,1.32,59.74,0.4,0.43,1
18.88,58,3.6,1020,6.36,9.88,166.58,2.56,108.66,1.96,1.36,3
12.3,32,4.63,1009,1.81,2.78,130.24,0.92,100.92,0.7,5.11,3
12.53,41,6.23,1010,1.53,2.44,130.65,0.87,98.33,0.55,4.94,2
11.8,44,6.69,1010,2.33,3.23,132.64,1.04,99.94,0.88,4.79,2
13.88,47,0.51,1016,2.37,3.15,130.73,0.52,123.14,1.5,2.33,3
11.72,62,1.97,1017,2.8,3.7,133.65,0.73,122.87,2.12,2.54,3
13.48,62,1.03,1016,2.88,4.01,132.45,0.79,125.88,1.99,2.34,3
20.98,64,4.63,1015,0.69,1.82,70.44,0.17,29.99,0.13,0.32,1
27.11,70,5.13,1013,0.87,1.38,67.96,0.16,29.77,0.05,0.06,1
21.37,50,3.39,1016,0.5,0.8,64.2,0.09,33.33,0.03,0.11,1
28.98,79,5.66,1011,0.79,2.52,99.2,0.01,8.51,0.06,0.0,1
9.9,62,1.03,1017,4.42,5.23,120.53,0.55,104.53,2.22,2.85,3
9.31,61,2.08,1017,5.05,6.18,123.69,1.01,97.53,2.29,3.77,2
10.64,59,0.52,1017,5.24,6.2,120.79,1.56,92.32,4.34,8.32,2
29.3,42,0.0,1006,16.82,37.51,182.03,0.39,30.07,0.08,1.26,2
28.92,51,4.0,1007,13.91,25.1,167.37,0.48,21.15,0.04,1.79,2
30.57,33,3.94,1006,20.5,43.3,174.8,0.5,23.17,0.05,2.35,2
35.98,52,1.03,1005,13.44,25.49,183.62,0.83,56.24,0.33,1.25,2
41.44,21,3.47,1003,21.62,32.2,188.57,0.43,93.76,0.5,4.31,2
41.58,21,3.0,1003,17.1,22.19,211.4,0.77,93.64,0.56,3.23,2
16.07,18,3.0,1007,1.74,7.46,99.1,0.08,106.28,0.11,0.14,3
14.08,24,2.67,1005,1.13,3.47,108.44,0.15,97.14,0.11,0.32,2
10.97,24,0.97,1010,1.31,2.48,115.39,0.11,103.41,0.85,0.1,3
18.85,94,8.23,1012,33.69,35.65,469.14,52.77,22.72,15.51,0.01,3
18.96,94,8.23,1012,31.11,33.23,428.69,50.13,25.59,12.42,0.01,3
18.82,94,8.23,1012,31.11,33.23,428.69,50.13,25.59,12.42,0.01,3
28.08,70,6.69,1013,3.02,14.94,114.54,0.09,44.05,0.19,0.0,1
24.13,84,2.46,1012,0.91,1.76,114.12,0.63,31.57,0.43,0.01,1
24.34,85,2.39,1012,0.94,1.86,114.09,0.62,30.12,0.43,0.05,1
24.12,85,2.41,1012,0.94,1.86,114.09,0.62,30.12,0.43,0.05,1
17.96,72,6.8,1011,35.46,160.36,114.74,0.2,83.87,1.23,0.02,4
16.93,82,6.69,1014,4.37,20.21,114.48,0.61,93.38,1.23,0.0,2
28.59,29,3.07,1008,58.22,280.74,107.66,0.13,51.63,0.05,0.14,5
16.34,67,3.6,1018,3.03,6.91,129.21,0.35,119.0,2.64,0.29,3
16.22,67,3.6,1018,3.03,6.91,129.21,0.35,119.0,2.64,0.29,3
15.99,67,3.6,1018,3.03,6.91,129.21,0.35,119.0,2.64,0.29,3
28.57,82,5.71,1013,1.51,4.23,64.79,0.06,55.11,0.14,0.0,1
26.59,81,1.79,1013,1.39,3.74,64.59,0.04,55.11,0.12,0.0,1
27.54,81,1.79,1013,1.39,3.74,64.59,0.04,55.11,0.12,0.0,1
31.97,74,3.6,1009,0.5,0.5,101.86,0.02,17.02,0.01,0.0,1
21.68,58,2.66,1017,0.68,1.07,71.19,0.1,31.27,0.03,0.05,1
19.41,75,3.33,1018,0.65,1.44,76.51,0.13,31.48,0.06,0.05,1
18.63,83,4.11,1016,0.62,1.0,76.06,0.24,30.87,0.04,0.2,1
18.83,48,0.0,1012,10.43,13.28,242.82,9.39,53.24,2.47,25.64,2
14.39,86,2.06,1014,7.01,20.0,138.3,0.41,110.51,1.04,0.08,3
18.97,48,0.0,1012,8.87,10.77,209.18,6.42,54.5,1.56,15.88,1
34.03,69,2.06,1007,4.98,5.23,235.22,1.63,50.69,1.0,0.24,1
31.94,73,4.63,1006,2.37,2.89,124.75,0.21,20.89,0.12,1.25,1
34.8,57,1.88,1007,3.63,3.81,227.85,1.3,43.35,0.47,0.3,1
18.44,91,3.58,1024,1.51,3.99,77.37,0.47,45.78,0.32,0.13,1
18.62,91,3.06,1024,1.51,3.99,77.37,0.47,45.78,0.32,0.13,1
25.37,66,4.44,1014,2.81,9.77,68.77,0.04,44.32,0.13,0.02,1
23.05,70,5.47,1018,1.17,6.87,60.08,0.05,47.67,0.13,0.0,1
22.06,75,3.03,1018,1.17,6.87,60.08,0.05,47.67,0.13,0.0,1
22.75,78,3.19,1018,1.18,6.82,60.03,0.05,47.88,0.13,0.0,1
31.36,9,4.25,1007,31.73,94.97,182.61,0.86,40.7,0.28,1.66,3
30.77,11,2.88,1007,55.27,171.38,323.32,1.64,39.45,0.84,3.98,4
30.87,12,1.02,1007,98.14,233.95,1121.67,9.16,52.56,4.64,11.98,5
28.55,79,6.32,1009,1.49,5.52,80.9,0.07,27.49,0.14,0.27,1
28.23,44,6.4,1008,20.25,60.82,292.45,2.34,28.49,0.88,3.33,3
26.4,86,2.54,1010,3.89,11.85,172.63,1.75,24.0,0.72,1.8,1
24.21,75,3.58,1012,5.47,6.53,108.24,0.42,43.92,4.53,0.0,1
23.56,76,0.49,1011,5.44,7.38,102.38,0.32,42.52,0.69,0.0,1
25.86,73,6.71,1012,4.38,5.37,108.54,0.44,41.44,1.22,0.0,1
7.73,94,3.6,1026,13.21,17.51,205.27,28.52,45.75,3.56,7.92,2
7.79,82,4.47,1026,9.96,14.25,196.45,29.47,43.33,4.32,6.85,1
8.5,92,3.6,1026,12.77,17.0,197.86,30.83,47.33,3.91,8.47,2
11.13,57,1.02,1017,0.77,1.48,131.41,4.69,63.54,1.52,0.8,2
6.27,87,4.12,1024,1.03,3.48,131.57,0.41,107.73,0.65,0.0,3
5.76,89,1.79,1019,0.5,0.62,119.32,0.29,84.69,0.27,0.13,2
29.25,45,2.57,1008,104.1,137.94,483.66,2.4,204.83,14.08,12.96,5
32.31,20,4.03,1008,98.13,138.19,567.53,2.76,218.82,12.36,22.89,5
40.57,15,2.51,1005,129.13,169.25,651.63,3.86,249.52,17.82,24.44,5
12.76,71,3.09,1024,0.5,0.92,61.98,0.28,55.7,0.07,0.07,1
11.52,79,2.06,1025,1.39,2.47,66.45,0.97,50.58,0.29,0.29,1
9.02,91,1.03,1026,0.67,1.33,61.37,0.69,41.32,0.32,0.2,1
30.86,28,3.07,1009,32.72,119.62,105.03,0.43,88.01,0.85,0.02,4
32.79,43,3.91,1009,33.07,124.78,103.87,0.39,85.63,0.7,0.04,4
30.86,28,3.07,1009,32.46,118.98,105.09,0.42,87.87,0.79,0.03,4
24.4,89,0.45,1011,2.27,3.07,122.63,1.14,37.79,0.29,1.85,1
24.26,89,1.79,1011,2.09,2.88,131.56,1.42,35.08,0.38,1.78,1
24.43,89,1.79,1012,2.09,2.88,131.56,1.42,35.08,0.38,1.78,1
20.5,84,4.63,1013,4.82,15.64,67.86,0.05,44.9,0.32,0.0,1
21.1,83,4.63,1013,4.82,15.64,67.86,0.05,44.9,0.32,0.0,1
13.12,71,1.54,1018,7.97,12.65,77.71,1.02,57.04,1.49,0.0,1
24.9,73,1.34,1013,0.55,2.43,63.85,0.02,41.98,0.01,0.0,1
24.96,73,1.34,1013,0.56,2.39,64.11,0.02,40.9,0.01,0.0,1
24.8,73,1.34,1013,0.54,2.3,63.81,0.02,42.14,0.01,0.0,1
27.28,86,7.34,1009,4.61,21.28,60.14,0.04,47.72,0.23,0.0,2
25.13,80,1.89,1011,0.78,0.98,55.01,0.07,7.88,0.05,0.01,1
27.63,87,0.85,1010,2.91,3.28,70.78,0.05,7.85,4.66,0.0,1
35.54,44,3.6,1008,44.35,50.88,328.7,1.22,161.59,6.55,1.72,4
33.05,58,3.09,1009,26.19,28.22,252.21,1.77,66.19,0.87,4.68,3
36.14,47,4.12,1008,49.95,57.09,324.47,1.11,166.65,6.92,1.4,4
37.99,23,2.06,1004,29.39,51.43,243.88,1.35,130.26,3.31,7.02,3
33.09,49,6.17,1008,33.32,74.39,105.53,0.05,46.98,0.27,0.0,3
31.08,42,5.14,1007,4.77,18.19,174.94,1.05,87.22,0.28,3.81,2
10.65,44,4.63,1013,4.67,7.0,155.79,5.31,72.99,3.57,8.23,2
12.6,67,5.02,1016,5.01,6.88,134.76,2.33,87.48,1.92,3.29,2
10.48,74,8.23,1019,10.21,14.03,144.07,4.53,72.91,2.18,3.09,2
23.34,83,1.54,1012,1.57,6.16,102.38,0.14,60.27,0.18,0.04,2
23.01,87,1.54,1013,1.49,5.89,102.27,0.14,58.9,0.18,0.03,1
22.9,82,1.54,1013,1.48,5.82,102.15,0.15,58.53,0.18,0.03,1
19.07,52,3.16,1012,12.48,42.83,118.83,1.37,98.15,0.85,8.74,2
17.68,55,2.92,1012,10.34,38.4,116.71,0.84,97.72,0.64,6.06,2
19.32,52,3.26,1012,12.48,42.83,118.83,1.37,98.15,0.85,8.74,2
13.1,83,1.54,1017,1.72,6.05,118.67,1.29,99.35,1.05,0.0,2
11.81,94,2.06,1017,3.41,10.17,122.79,2.81,93.33,1.51,0.89,2
12.86,82,0.23,1018,4.57,12.86,123.8,2.51,94.05,1.74,1.34,2
22.45,98,5.14,1013,2.31,2.37,119.15,1.65,6.93,0.4,0.15,1
21.33,94,1.03,1014,8.2,8.94,325.22,4.8,2.9,0.46,0.94,1
22.37,98,5.14,1013,2.59,2.66,122.22,1.87,6.15,0.36,0.16,1
27.97,47,5.66,1010,29.45,108.21,146.68,5.21,122.79,14.19,0.0,4
27.9,47,5.66,1010,29.45,108.21,146.68,5.21,122.79,14.19,0.0,4
28.03,47,5.66,1010,28.98,101.3,150.37,7.07,122.71,16.33,0.0,4
29.81,66,8.75,1014,1.45,4.85,64.31,0.03,58.65,0.14,0.01,1
27.57,66,1.68,1014,1.66,6.22,63.86,0.03,61.55,0.14,0.0,2
28.82,70,9.26,1013,1.43,5.28,63.89,0.02,60.69,0.12,0.0,2
15.27,49,1.03,1011,6.95,8.52,133.45,1.23,91.78,2.06,4.77,2
11.37,38,7.72,1010,3.82,5.09,137.82,1.58,85.86,0.74,5.86,2
13.25,60,4.28,1012,7.23,8.97,147.24,2.64,85.33,1.53,3.29,2
12.6,57,4.12,1015,7.25,8.53,127.09,1.56,98.27,3.22,4.23,2
10.99,58,0.51,1016,7.09,9.54,147.76,3.55,83.77,2.25,3.69,2
12.01,55,1.34,1016,6.3,7.67,126.87,1.68,76.81,1.89,4.66,2
2.99,50,6.74,998,0.5,0.5,138.83,1.83,80.04,1.44,0.37,2
6.11,65,6.0,1002,0.53,1.11,138.32,1.42,78.19,0.54,0.39,2
14.87,44,8.0,1016,1.17,1.39,133.44,0.16,96.82,0.26,0.22,2
19.85,83,1.54,1014,1.8,5.09,123.85,0.79,21.74,0.22,0.56,1
21.39,71,0.79,1013,2.54,5.32,140.05,0.82,11.23,0.22,0.52,1
18.96,82,1.66,1015,1.77,4.18,126.15,0.9,15.89,0.21,0.54,1
33.0,48,2.36,1007,22.02,54.66,105.92,3.07,100.95,8.04,0.0,3
25.25,43,7.52,1012,22.88,103.6,161.97,0.7,97.35,0.43,0.0,4
29.58,42,2.44,1007,63.44,106.39,133.31,8.41,89.15,37.34,0.0,4
27.41,86,1.18,1011,0.5,0.62,65.05,0.02,19.03,0.01,0.0,1
26.83,88,1.13,1011,0.5,0.62,65.05,0.02,19.03,0.01,0.0,1
27.64,83,1.24,1011,0.5,0.56,66.22,0.02,15.87,0.01,0.0,1
31.0,74,3.6,1008,0.54,0.76,74.3,0.13,15.53,0.14,0.0,1
31.76,5,4.27,1008,24.81,123.63,110.01,0.13,101.58,0.3,1.22,4
31.6,5,4.24,1008,24.26,120.5,109.16,0.13,102.0,0.28,1.21,4
31.65,5,4.19,1008,24.26,120.5,109.16,0.13,102.0,0.28,1.21,4
9.47,61,5.14,1013,0.5,0.76,136.44,1.49,91.85,0.52,0.5,2
10.21,66,3.6,1016,6.81,9.49,145.95,11.45,54.53,3.22,0.52,1
10.93,81,4.59,1016,3.56,6.7,139.78,4.14,70.23,1.37,3.52,2
32.33,68,5.66,1006,2.34,3.28,125.77,0.3,20.92,0.21,3.27,1
31.66,72,4.63,1006,2.34,3.28,125.77,0.3,20.92,0.21,3.27,1
31.63,72,4.63,1006,2.34,3.28,125.77,0.3,20.92,0.21,3.27,1
11.3,73,1.03,1019,11.05,12.97,160.19,4.69,61.36,0.96,4.03,2
13.9,48,2.68,1019,12.19,14.88,157.08,5.53,45.36,0.31,3.35,2
13.01,45,1.02,1019,13.16,15.37,159.18,5.45,83.69,1.21,4.25,2
12.03,56,5.14,1018,7.83,10.13,164.98,5.26,67.83,1.2,8.27,2
12.37,45,4.12,1014,9.32,11.74,142.07,1.7,68.35,1.2,10.48,2
12.44,59,5.14,1018,7.83,10.13,164.98,5.26,67.83,1.2,8.27,2
25.08,73,2.83,1011,9.98,77.96,100.73,0.61,67.19,0.7,0.0,3
22.09,93,0.92,1011,12.91,82.86,98.94,0.48,50.36,0.45,0.0,3
21.55,97,1.16,1012,13.55,72.27,104.14,0.5,45.53,0.39,0.0,3
20.14,90,4.02,1012,6.44,26.19,108.21,0.93,78.12,1.34,0.0,2
19.21,66,5.01,1011,13.25,75.2,117.22,0.85,69.65,0.84,0.47,3
20.11,90,4.02,1012,6.67,26.86,107.88,1.27,77.21,1.54,0.0,2
27.85,75,2.92,1010,1.15,1.96,65.7,0.04,22.63,0.03,0.04,1
26.36,45,5.28,1010,1.03,3.01,95.14,0.4,16.71,0.07,2.75,1
26.36,49,6.77,1011,0.53,1.99,70.26,0.1,15.29,0.02,0.43,1
22.78,96,2.35,1011,0.5,0.5,77.72,0.23,2.88,0.05,0.01,1
21.95,100,0.88,1011,0.53,0.54,63.22,0.17,2.04,0.04,0.01,1
29.07,55,2.48,1009,1.76,2.88,158.04,0.72,23.26,0.09,0.63,1
30.92,48,3.67,1008,0.77,1.87,108.14,0.19,18.12,0.01,0.63,1
26.51,64,1.88,1010,4.43,5.98,161.3,0.28,16.83,0.05,0.42,1
27.35,82,3.0,1010,1.43,2.29,85.69,0.06,30.83,0.04,0.0,1
21.72,81,1.35,1012,9.57,10.11,120.33,0.19,53.41,0.55,0.0,1
21.74,81,0.95,1012,9.57,10.11,120.33,0.19,53.41,0.55,0.0,1
24.43,87,0.86,1011,12.43,13.69,115.67,0.23,50.85,2.16,0.0,2
18.06,54,3.3,1012,10.47,13.71,119.52,1.35,99.08,7.45,2.15,2
20.63,32,0.89,1012,7.99,12.09,129.2,5.04,107.79,7.61,4.72,3
18.65,33,2.12,1012,12.01,14.3,134.68,15.53,91.54,20.79,16.21,2
14.17,88,0.94,1025,1.09,3.91,67.11,1.31,37.84,0.62,0.63,1
10.99,95,0.51,1026,1.01,2.95,66.55,1.64,38.85,2.27,0.37,1
23.78,82,7.35,1013,2.85,7.07,115.74,0.27,94.49,0.27,0.0,2
30.98,45,1.03,1006,19.22,58.25,221.42,0.95,26.24,0.32,2.12,3
30.58,45,3.38,1007,2.18,3.3,139.01,0.13,15.77,0.01,0.53,1
32.53,9,6.59,1007,24.78,84.15,112.73,0.24,45.25,0.08,0.61,3
28.36,79,6.82,1009,1.21,3.09,94.37,0.39,26.05,0.33,0.44,1
26.11,75,1.32,1009,4.35,6.36,141.83,1.59,17.41,0.5,0.9,1
27.48,70,1.33,1009,4.03,5.37,140.26,1.41,23.07,0.42,0.6,1
37.42,50,5.67,1007,7.38,9.48,154.46,0.48,63.01,0.21,0.67,2
36.75,48,5.14,1007,8.02,10.16,156.64,0.7,59.04,0.28,0.63,1
38.6,45,5.14,1007,7.78,9.95,163.8,0.66,63.39,0.3,0.8,2
25.06,44,2.0,1012,2.8,10.19,174.51,0.18,91.04,0.18,1.3,2
21.19,55,4.36,1015,1.42,2.03,109.94,0.05,83.88,0.34,2.47,2
21.06,49,6.38,1014,1.72,2.64,120.25,0.11,74.22,1.11,8.5,2
26.16,90,1.86,1009,0.5,0.65,92.69,0.65,25.94,0.13,0.1,1
27.24,84,1.76,1009,1.21,3.8,94.89,0.74,31.1,0.21,0.11,1
28.06,76,2.69,1009,1.47,5.3,70.78,0.15,36.95,0.14,0.04,1
25.9,34,5.14,1009,7.06,14.59,134.62,2.37,119.19,1.16,3.07,3
26.99,47,5.14,1011,13.22,68.87,136.91,0.18,102.04,0.32,0.99,3
25.97,47,5.14,1011,35.82,189.24,121.84,0.13,88.85,0.17,1.49,4
16.8,59,1.54,1019,4.46,10.71,149.81,2.32,75.97,1.33,1.67,2
16.08,67,3.6,1018,9.57,26.12,136.41,0.8,104.58,0.77,0.14,3
16.88,59,5.14,1018,5.66,23.0,141.59,1.28,99.12,0.74,0.95,2
26.78,82,7.44,1015,2.09,7.99,65.87,0.04,40.76,0.07,0.0,1
12.75,76,4.63,1014,13.47,15.5,144.64,2.6,79.79,3.55,8.78,2
8.45,58,1.66,1013,3.14,3.47,126.41,1.02,86.43,0.44,5.36,2
11.86,71,1.26,1015,5.1,5.97,127.46,1.6,84.18,2.77,2.88,2
23.48,89,0.0,1011,1.2,2.63,122.23,0.25,9.43,0.02,0.35,1
23.37,89,1.85,1010,1.14,2.18,124.23,0.2,10.82,0.02,0.36,1
23.34,89,1.85,1010,1.14,2.18,124.23,0.2,10.82,0.02,0.36,1
20.22,85,5.66,1011,8.45,9.35,319.78,22.6,34.8,20.84,2.86,2
20.32,85,5.66,1011,8.45,9.35,319.78,22.6,34.8,20.84,2.86,2
22.28,91,3.6,1012,12.12,15.94,364.28,29.09,52.26,14.01,2.56,2
27.93,70,4.67,1011,1.57,2.34,74.09,0.2,20.78,0.03,0.09,1
24.08,51,4.71,1011,1.07,2.17,85.35,0.26,29.81,0.07,0.4,1
22.4,64,2.89,1014,0.61,1.04,73.19,0.1,39.15,0.02,0.14,1
8.52,43,0.45,1007,0.94,1.47,131.49,0.76,85.82,0.3,4.22,2
2.86,84,7.01,1001,0.54,0.62,142.22,0.8,89.49,1.41,1.16,2
10.98,45,3.83,1010,1.58,2.6,132.26,0.68,87.26,0.38,5.09,2
21.24,89,1.36,1011,1.09,2.0,105.96,1.03,21.63,0.14,1.74,1
20.98,91,1.31,1012,1.09,2.0,105.96,1.03,21.63,0.14,1.74,1
21.12,92,0.91,1011,1.09,1.88,100.8,0.87,21.4,0.13,1.86,1
16.05,37,2.57,1008,12.16,15.3,258.42,16.95,44.36,0.83,0.82,2
15.71,71,1.54,1013,7.4,19.02,145.34,0.59,107.87,1.36,0.02,3
16.36,36,2.57,1008,10.94,14.02,241.58,14.29,48.38,0.79,0.7,2
12.82,88,1.54,1019,2.38,5.7,81.87,0.47,48.08,0.94,0.2,1
15.35,91,2.24,1017,10.05,12.32,152.26,2.33,34.55,0.38,0.21,2
13.75,78,2.5,1018,11.12,14.15,148.86,1.92,25.21,0.18,0.1,2
25.22,34,1.39,1013,1.57,3.86,126.58,0.18,95.52,0.19,1.55,2
24.93,47,1.24,1015,1.12,1.35,95.15,0.02,72.09,0.25,2.12,2
24.17,43,1.67,1014,1.72,2.57,107.65,0.14,78.21,0.3,2.6,2
24.52,83,3.36,1011,1.19,4.63,115.89,0.38,21.89,0.28,0.01,1
25.1,82,3.88,1011,1.15,4.69,115.22,0.3,21.69,0.26,0.02,1
22.6,79,0.45,1013,3.01,3.7,168.99,5.51,27.0,2.7,3.99,1
26.01,77,3.45,1010,2.95,3.1,143.16,1.84,22.31,0.22,3.89,1
24.19,94,1.95,1012,7.01,7.47,183.86,4.12,31.98,1.71,4.93,1
21.75,94,2.57,1012,0.64,2.34,98.38,0.16,51.18,0.14,0.0,1
23.85,83,1.54,1012,1.05,3.95,100.63,0.17,55.99,0.21,0.01,1
35.01,46,3.6,1007,12.08,15.58,200.6,1.92,76.96,1.74,2.57,2
29.0,66,2.88,1011,32.85,35.15,601.75,15.14,27.82,4.97,6.45,3
27.99,65,2.57,1011,31.8,34.12,392.76,7.71,61.78,4.25,4.83,3
24.1,100,1.54,1014,2.17,5.48,64.62,0.05,28.68,1.19,0.0,1
26.62,74,6.24,1012,1.13,4.28,63.3,0.02,19.51,0.04,0.0,1
10.29,59,0.89,1015,5.13,6.42,129.66,1.39,101.58,1.65,7.75,3
12.14,63,1.65,1017,4.34,6.69,143.86,3.8,75.94,1.28,7.22,2
11.02,64,1.73,1016,5.08,6.52,134.52,2.11,96.19,1.24,6.05,2
22.96,25,1.25,1012,17.41,47.87,102.27,0.77,67.02,3.37,1.0,2
28.41,78,8.53,1009,9.82,32.43,96.15,0.53,57.23,0.73,0.0,2
26.19,45,3.7,1011,9.87,28.48,97.24,0.94,62.88,1.82,0.0,2
29.89,74,3.6,1010,1.77,7.47,67.91,0.05,34.74,0.17,0.06,1
29.84,74,3.6,1010,1.77,7.47,67.91,0.05,34.74,0.17,0.06,1
29.76,74,3.6,1010,1.77,7.47,67.91,0.05,34.74,0.17,0.06,1
11.03,99,0.45,1024,3.17,4.03,93.45,11.47,25.62,7.76,0.1,1
17.12,66,2.24,1011,4.0,13.28,73.05,0.9,47.67,0.89,0.07,1
20.29,65,0.45,1024,2.31,7.02,89.98,1.38,52.68,1.59,0.29,1
18.3,72,5.63,1018,0.98,1.42,84.44,0.25,24.89,0.19,0.21,1
19.77,70,4.52,1016,1.2,1.93,80.92,0.16,29.73,0.24,0.23,1
20.86,72,8.94,1016,1.05,1.73,77.97,0.16,30.89,0.22,0.22,1
17.66,81,5.92,1019,0.5,0.53,67.71,0.33,28.55,0.19,0.11,1
13.85,90,6.5,1022,0.5,0.53,66.63,0.36,35.83,0.11,0.04,1
17.86,69,5.53,1020,0.5,0.53,65.68,0.36,28.32,0.19,0.11,1
12.43,88,1.34,1018,6.66,13.63,130.48,5.61,78.09,0.76,59.87,2
12.65,88,1.34,1018,6.66,13.63,130.48,5.61,78.09,0.76,59.87,2
30.84,44,3.26,1011,26.98,109.92,180.81,11.42,81.51,2.5,0.64,4
30.02,48,1.54,1012,31.53,141.44,140.08,1.29,106.08,0.34,0.26,4
31.0,45,2.06,1011,28.17,108.64,200.41,17.21,70.89,3.92,1.19,4
18.11,48,0.89,1017,3.41,6.9,296.72,1.64,56.92,0.15,2.14,1
27.59,25,2.04,1013,5.93,23.84,172.69,0.5,59.49,0.03,0.39,2
30.75,10,6.71,1014,1.86,4.26,91.28,0.1,81.55,0.16,0.86,2
23.99,83,1.54,1012,2.04,4.29,134.47,1.77,47.08,1.32,0.14,1
7.51,81,1.54,1015,7.19,11.73,139.39,2.66,117.83,2.34,2.76,3
8.23,74,1.22,1015,7.1,11.14,143.52,2.99,121.21,2.31,2.53,3
11.95,67,2.07,1015,7.58,13.71,145.16,2.36,123.46,2.2,2.4,3
6.09,87,2.06,1015,5.61,11.74,122.95,1.5,92.64,0.42,3.07,2
-2.16,100,0.51,1018,0.63,1.17,106.59,0.37,94.69,0.18,1.3,2
6.22,84,3.64,1016,3.13,5.05,122.09,2.23,65.74,0.25,4.77,2
24.0,94,2.57,1010,6.65,18.46,84.31,0.04,33.6,0.17,0.0,1
13.92,100,2.06,1015,20.94,79.84,78.13,0.47,18.93,0.06,0.23,3
15.89,94,3.09,1015,1.5,1.75,81.1,0.66,17.13,0.04,0.18,1
16.73,91,0.51,1016,20.81,26.02,422.48,17.6,18.37,1.2,0.23,2
14.45,100,3.09,1016,9.17,12.72,239.69,5.22,32.04,0.25,0.95,1
17.47,87,1.54,1012,35.0,45.94,557.12,11.43,38.17,1.51,2.51,3
8.95,69,5.14,1017,11.67,14.24,180.1,7.84,48.07,0.53,7.84,2
2.82,87,1.03,1016,19.31,24.05,196.94,10.6,48.8,0.86,11.49,2
5.55,85,2.57,1017,10.11,11.36,152.71,4.14,68.15,0.61,12.79,2
23.74,62,5.66,1027,6.89,9.42,75.16,1.43,72.59,2.86,0.01,2
25.64,36,8.23,1023,6.24,10.7,87.35,1.23,73.94,1.29,0.41,2
18.99,91,2.06,1023,1.14,2.33,63.14,0.1,46.26,0.08,0.05,1
26.72,81,5.36,1010,2.71,6.28,122.73,3.54,34.54,3.15,0.97,1
26.66,82,5.36,1010,2.71,6.28,122.73,3.54,34.54,3.15,0.97,1
26.53,83,5.36,1010,2.71,6.28,122.73,3.54,34.54,3.15,0.97,1
13.03,76,4.12,1014,1.87,6.11,130.81,1.09,104.51,0.54,4.36,3
11.86,77,6.35,1014,1.96,6.49,131.89,1.35,102.51,0.58,4.55,3
9.48,87,4.12,1016,6.35,11.46,115.97,3.28,45.18,0.61,11.54,1
1.95,100,1.03,1019,4.8,6.24,127.53,1.91,57.94,1.17,4.5,1
2.74,87,1.54,1017,8.02,9.54,130.49,2.38,77.36,0.87,28.11,2
5.61,89,1.07,1019,6.32,7.74,130.96,2.14,54.48,0.67,9.63,1
26.27,89,2.57,1012,1.6,7.27,114.78,0.07,21.6,0.15,0.0,1
32.99,58,4.63,1009,24.37,42.37,146.47,0.61,75.22,1.07,2.11,2
30.91,74,3.6,1010,13.79,27.27,119.41,0.04,54.92,0.13,0.0,2
33.0,58,4.63,1009,25.41,43.66,152.47,0.79,76.73,1.34,2.61,3
4.12,92,1.54,1021,31.07,34.46,188.3,10.31,29.44,0.26,8.97,3
5.54,95,2.06,1021,28.03,32.17,202.4,19.03,26.53,0.69,9.19,3
5.62,96,1.48,1021,32.03,36.84,234.9,17.74,32.37,0.89,7.17,3
28.85,49,5.56,1006,2.2,3.27,145.81,0.71,21.75,0.06,1.11,1
28.25,65,4.63,1008,1.66,2.8,154.38,0.67,22.65,0.06,1.96,1
28.84,55,8.33,1006,2.07,3.36,151.56,0.54,21.39,0.06,1.48,1
9.88,49,2.57,1017,8.47,10.13,126.45,2.07,50.56,0.8,10.5,1
10.11,81,2.06,1015,8.39,9.86,128.4,1.37,67.62,0.61,24.08,2
9.96,76,1.54,1015,6.83,8.39,122.16,2.21,48.81,0.36,7.11,1
25.98,50,5.14,1013,73.89,207.11,191.08,9.51,120.36,16.6,0.0,5
25.97,50,5.14,1013,81.56,240.08,176.53,10.3,118.44,15.95,0.0,5
25.79,59,6.58,1013,79.65,241.28,173.31,10.41,114.11,17.17,0.0,5
19.84,94,2.06,1014,1.36,2.1,86.17,0.57,17.82,0.07,0.4,1
15.22,85,1.19,1015,2.2,3.57,114.54,1.39,41.41,0.26,2.07,1
14.03,89,0.74,1015,4.17,7.59,214.16,2.54,35.52,0.61,4.34,1
28.99,84,5.66,1009,0.79,2.11,103.75,0.06,30.67,0.09,0.1,1
28.92,84,5.66,1009,0.8,2.02,103.37,0.08,31.22,0.09,0.07,1
28.9,83,2.9,1009,0.73,1.97,102.49,0.05,30.55,0.08,0.1,1
35.03,46,4.12,1009,1.15,1.34,121.81,0.08,37.13,0.06,0.59,1
34.99,46,4.12,1009,1.15,1.34,121.81,0.08,37.13,0.06,0.59,1
35.0,46,4.12,1009,0.86,0.99,119.58,0.05,33.11,0.04,0.39,1
7.99,100,3.6,1021,1.57,2.19,99.13,1.93,14.76,0.16,0.31,1
21.69,100,2.06,1013,0.97,1.22,99.11,0.71,7.62,0.03,0.52,1
15.84,67,3.09,1016,1.29,1.92,106.12,2.23,12.66,0.14,0.43,1
20.61,83,1.54,1016,30.75,45.43,187.91,2.19,22.23,0.74,0.14,3
22.94,88,1.03,1014,1.99,10.17,67.8,0.54,34.78,0.22,0.19,1
20.24,75,1.21,1018,4.34,6.29,114.16,2.83,35.15,1.06,0.53,1
21.99,83,1.54,1013,1.1,3.79,113.74,0.15,90.85,0.08,0.02,2
18.96,82,2.06,1013,1.7,4.81,114.35,0.33,101.49,0.63,0.0,3
18.97,82,2.06,1013,1.7,4.81,114.35,0.33,101.49,0.63,0.0,3
17.75,49,2.58,1014,35.78,39.48,357.92,2.0,111.38,3.15,4.99,3
32.3,53,0.23,1012,51.3,59.27,407.26,1.57,95.5,2.54,8.02,4
24.27,72,1.56,1014,39.48,45.05,344.84,1.85,108.36,3.46,4.2,3
15.95,94,3.6,1020,0.83,1.57,69.9,1.06,35.02,0.52,0.01,1
15.49,90,5.93,1020,0.67,1.31,66.49,0.45,32.26,0.46,0.03,1
15.86,94,3.6,1020,0.83,1.57,69.9,1.06,35.02,0.52,0.01,1
6.04,80,3.04,1005,4.45,4.89,136.36,2.57,68.09,0.55,2.84,2
3.99,70,6.0,1006,0.81,1.16,125.68,1.07,68.95,1.44,1.57,2
2.02,87,4.0,1007,8.97,10.33,143.04,3.27,61.65,0.92,6.77,2
27.79,1,7.34,1009,4.63,8.68,101.08,0.37,24.66,0.11,0.07,1
27.49,79,9.65,1009,4.16,8.0,101.94,0.34,28.28,0.15,0.07,1
23.44,96,2.31,1009,3.97,7.12,106.37,0.65,26.47,0.22,1.37,1
6.31,65,6.17,1012,1.92,2.1,162.32,6.62,73.97,1.16,0.57,2
4.13,59,2.06,1017,0.5,0.76,144.84,1.19,80.44,0.33,0.53,2
-1.7,88,8.23,1019,0.5,0.5,126.85,0.45,75.92,0.04,0.91,2
23.2,94,1.03,1011,6.75,7.85,107.88,0.37,10.19,0.05,0.12,1
13.91,91,1.82,1018,1.29,2.7,124.14,0.47,23.14,1.2,0.11,1
20.94,95,1.09,1012,0.97,1.48,87.05,0.3,8.43,0.05,0.26,1
24.1,88,1.54,1010,0.5,0.51,69.12,0.01,1.5,0.0,0.03,1
23.96,88,1.54,1010,0.5,0.51,69.12,0.01,1.5,0.0,0.03,1
23.72,88,1.54,1010,0.5,0.53,71.6,0.02,1.62,0.0,0.05,1
23.2,94,1.03,1011,6.75,7.85,107.88,0.37,10.19,0.05,0.12,1
25.04,94,0.51,1010,5.12,7.88,77.1,0.26,34.17,0.07,0.0,1
21.68,98,0.66,1012,6.43,11.78,116.45,1.15,24.25,0.15,0.22,1
6.98,70,1.54,1018,6.59,7.14,118.37,2.02,97.21,1.37,11.72,2
6.19,81,0.51,1018,13.24,15.35,151.34,5.25,45.88,0.74,31.78,2
5.92,70,1.03,1019,21.49,23.21,185.19,8.31,71.99,3.0,22.62,2
26.72,89,1.03,1009,0.91,1.81,94.47,0.3,17.53,0.11,0.03,1
26.31,89,1.03,1009,0.91,1.79,96.56,0.33,16.79,0.11,0.04,1
23.36,90,2.52,1009,1.11,2.23,125.98,0.6,7.77,0.09,0.26,1
15.26,62,0.29,1019,6.85,9.69,189.09,6.29,34.13,0.22,0.92,1
13.1,50,0.12,1019,11.37,14.15,210.4,6.72,40.82,0.52,1.81,2
14.74,61,0.86,1019,6.85,9.69,189.09,6.29,34.13,0.22,0.92,1
24.95,100,0.0,1010,0.5,0.67,84.75,0.03,27.81,0.03,0.0,1
21.74,94,1.03,1011,1.24,1.36,73.33,0.25,4.47,0.03,0.04,1
19.36,87,0.49,1012,4.35,5.33,154.44,0.67,5.42,0.07,0.24,1
22.92,40,4.0,1017,42.63,52.61,212.04,6.22,152.31,12.04,0.18,4
24.94,41,4.95,1010,122.82,142.02,314.2,5.87,144.36,24.49,3.69,5
26.89,73,0.9,1015,49.96,58.18,457.85,21.64,72.14,24.27,0.0,3
13.35,86,3.09,1018,24.66,25.68,194.34,3.86,20.74,5.7,5.0,2
20.03,88,2.06,1014,3.69,4.21,143.92,4.17,16.11,0.88,8.65,1
19.04,92,2.24,1016,5.88,6.89,177.26,6.02,4.2,8.23,6.68,1
18.8,90,2.06,1018,0.5,0.5,109.43,0.73,25.73,0.22,0.2,1
24.19,88,1.77,1011,0.93,1.28,144.49,2.32,26.08,0.32,8.88,1
19.55,88,2.06,1017,0.5,0.5,108.14,0.69,25.13,0.23,0.15,1
20.29,93,2.75,1012,1.69,2.12,120.1,0.36,60.9,0.21,0.38,2
21.43,95,0.86,1012,3.31,3.71,148.01,0.48,80.05,0.4,0.09,2
20.19,100,1.54,1012,3.17,3.84,133.24,0.24,76.11,0.14,0.0,2
21.27,73,7.72,1012,5.25,25.73,108.14,0.17,83.19,0.57,0.0,2
20.75,64,11.32,1014,3.53,17.54,108.39,0.13,84.99,0.42,0.0,2
20.02,68,7.2,1013,4.57,22.47,107.37,0.14,87.49,0.63,0.0,2
26.97,83,2.57,1011,3.23,6.01,128.73,1.6,30.91,0.32,1.24,1
27.05,83,2.57,1011,3.23,6.01,128.73,1.6,30.91,0.32,1.24,1
14.76,94,0.0,1013,7.43,14.85,118.88,1.03,81.71,0.93,0.55,2
18.96,82,7.72,1012,7.82,17.03,118.24,0.84,79.03,0.82,0.29,2
19.12,82,3.6,1013,8.27,17.71,121.38,0.8,85.04,0.88,0.4,2
5.62,82,4.12,1015,6.2,8.0,129.63,3.14,48.8,0.25,3.81,1
6.19,71,2.24,1016,7.33,9.05,147.64,4.49,73.62,1.9,7.61,2
4.15,100,2.57,1015,9.56,12.56,150.52,4.17,54.56,0.88,5.43,1
6.35,83,6.71,1015,5.75,9.85,136.93,3.99,72.28,0.99,4.4,2
6.83,81,6.69,1016,4.72,9.2,135.86,3.45,74.88,0.89,4.77,2
4.52,74,1.84,1019,6.31,6.84,122.82,2.38,90.26,0.42,30.33,2
28.86,74,5.2,1011,5.93,23.07,122.91,0.58,36.21,0.07,3.01,2
24.66,76,6.59,1012,10.43,34.61,260.57,1.64,28.14,0.26,5.52,2
27.43,64,5.79,1012,8.12,29.87,189.32,1.04,30.54,0.16,4.37,2
7.13,83,10.8,1009,1.3,4.24,129.84,0.89,102.73,0.72,2.02,3
7.09,82,9.46,1010,1.5,5.48,129.78,0.7,103.24,0.82,2.54,3
6.98,81,9.41,1012,1.66,5.93,128.21,0.99,100.93,1.03,3.13,3
25.08,81,3.47,1013,1.45,3.83,118.4,2.08,29.21,1.1,0.02,1
25.02,82,2.1,1013,1.09,3.98,100.45,0.12,55.52,0.11,0.02,1
22.06,95,4.92,1013,5.53,8.14,183.72,7.01,28.55,1.58,25.37,1
22.93,83,1.93,1013,1.09,3.98,100.45,0.12,55.52,0.11,0.02,1
15.37,100,1.54,1015,10.89,13.38,116.2,1.75,58.99,0.11,0.4,2
15.93,100,2.57,1015,3.8,4.85,136.08,3.73,69.98,0.92,1.04,2
10.67,93,1.03,1016,18.86,82.05,122.51,1.47,82.72,0.3,0.95,3
8.53,93,0.46,1018,21.63,22.94,294.03,7.61,32.2,1.82,3.37,2
24.93,83,5.14,1012,10.43,34.31,93.47,1.06,41.93,0.38,0.08,2
12.07,93,0.72,1019,8.24,11.18,290.31,13.71,7.21,0.99,2.42,1
5.66,68,5.14,996,0.5,0.64,132.44,1.13,80.36,0.21,0.17,2
3.14,87,4.12,1000,0.68,1.21,136.04,1.65,73.02,0.11,0.25,2
4.44,59,3.39,999,1.44,2.37,148.92,1.98,58.54,0.14,0.53,1
19.42,63,8.23,1009,20.62,71.58,138.02,6.01,70.89,7.53,42.85,3
14.9,88,4.12,1009,19.32,56.07,130.97,4.2,74.49,7.55,12.43,3
19.42,62,4.61,1009,20.62,71.58,138.02,6.01,70.89,7.53,42.85,3
15.98,88,4.63,1015,9.54,57.59,115.3,0.16,88.64,0.35,0.01,3
17.8,85,10.04,1014,16.22,97.52,113.07,0.18,90.88,0.61,0.0,3
17.69,84,7.68,1015,7.37,41.43,114.26,0.17,89.66,0.48,0.0,2
18.36,46,1.37,1015,11.04,14.87,220.14,2.1,39.06,0.22,6.97,2
25.92,32,1.25,1012,8.48,11.18,164.73,1.28,39.88,0.13,5.89,1
30.96,36,1.67,1008,12.37,25.23,193.16,1.3,39.84,0.17,3.04,2
14.54,82,1.54,1017,1.34,2.42,97.64,1.07,31.12,0.01,8.41,1
13.11,62,2.06,1018,4.93,11.59,126.14,0.83,108.28,1.01,0.48,3
15.51,88,1.54,1017,2.76,6.01,124.32,1.77,59.39,0.09,2.94,1
14.49,77,2.06,1016,21.96,31.54,644.1,5.0,18.32,0.95,22.22,2
21.01,65,1.5,1015,1.16,2.77,105.76,0.71,9.57,0.05,2.48,1
18.7,57,1.8,1015,13.0,18.93,331.58,2.51,35.92,0.34,6.83,2
4.86,85,8.49,996,0.54,0.73,136.14,2.1,79.99,0.47,0.19,2
5.11,87,6.26,995,0.51,0.62,132.88,2.58,80.61,0.67,0.13,2
4.87,73,5.81,993,0.88,1.29,134.46,1.8,85.94,0.51,0.45,2
24.9,100,1.54,1011,2.62,8.33,64.94,0.04,27.17,0.1,0.0,1
24.99,100,1.54,1011,2.62,8.33,64.94,0.04,27.17,0.1,0.0,1
27.83,65,5.66,1011,1.53,3.91,65.48,0.04,26.56,0.09,0.01,1
8.35,74,2.57,1019,12.55,14.52,178.85,5.56,56.22,0.52,11.17,2
11.77,80,2.53,1017,4.37,9.96,130.07,0.28,111.44,0.31,0.78,3
10.55,75,1.03,1017,5.86,7.3,126.94,2.07,53.12,0.29,18.25,1
24.01,94,2.06,1009,1.66,2.56,83.3,0.12,22.26,0.07,0.01,1
26.38,85,2.75,1009,2.66,4.79,77.72,0.05,31.54,0.08,0.0,1
21.0,98,1.06,1011,0.67,0.7,60.63,0.15,6.34,0.0,0.01,1
5.04,93,2.06,1021,7.33,11.58,136.15,8.55,82.61,4.94,1.47,2
2.38,88,1.03,1021,13.17,15.87,141.22,14.79,32.29,1.48,18.97,2
4.08,95,0.45,1022,19.05,19.62,135.59,4.51,77.35,1.35,9.93,2
12.08,50,10.29,1018,1.16,1.36,119.28,2.75,70.29,0.2,4.09,2
9.99,71,7.2,1019,2.45,2.76,116.81,2.14,77.33,0.76,15.98,2
7.33,92,1.81,1020,2.27,2.58,129.43,3.25,88.02,0.72,9.8,2
22.99,100,0.51,1011,0.9,1.08,83.47,0.06,3.8,0.01,0.02,1
22.99,100,0.51,1011,0.9,1.08,83.47,0.06,3.8,0.01,0.02,1
21.82,99,1.08,1011,0.5,0.51,84.92,0.07,4.0,0.02,0.01,1
12.61,66,4.12,1020,16.8,23.25,157.77,4.89,41.99,0.53,23.94,2
22.58,97,1.76,1010,1.05,2.12,81.95,0.35,14.55,0.05,0.09,1
27.23,89,3.6,1009,0.79,1.53,93.96,0.34,31.59,0.44,0.04,1
26.62,70,4.47,1007,1.41,1.92,154.38,1.44,15.07,0.11,0.67,1
16.67,89,2.57,1016,7.25,11.52,114.12,3.13,38.68,0.72,1.95,1
20.08,88,5.14,1008,13.18,58.6,115.41,1.61,78.62,2.22,0.0,3
20.02,88,5.14,1008,13.08,59.46,113.65,1.52,78.73,2.11,0.0,3
20.01,88,5.14,1008,13.18,58.6,115.41,1.61,78.62,2.22,0.0,3
24.04,88,2.06,1009,13.23,51.04,106.66,0.51,82.1,0.91,0.0,3
24.05,88,2.06,1009,13.23,51.04,106.66,0.51,82.1,0.91,0.0,3
21.16,96,0.5,1009,13.64,39.14,125.44,0.42,13.58,0.09,0.13,2
23.82,94,1.54,1013,0.6,1.86,111.32,0.82,24.43,0.32,0.0,1
23.94,94,1.54,1013,0.6,1.86,111.32,0.82,24.43,0.32,0.0,1
24.02,94,1.54,1013,0.6,1.86,111.32,0.82,24.43,0.32,0.0,1
25.92,100,0.92,1010,1.58,2.14,88.25,0.39,24.06,0.18,0.01,1
23.95,100,1.54,1010,1.03,1.94,91.22,0.05,26.96,0.05,0.01,1
20.34,99,0.04,1011,0.6,0.66,68.11,0.04,6.56,0.01,0.01,1
14.67,48,4.63,1013,3.25,4.44,129.85,1.27,102.05,1.78,1.32,3
12.5,77,0.45,1015,13.98,15.4,127.68,1.95,73.98,6.05,35.02,2
15.48,55,3.32,1014,3.34,4.76,126.31,0.7,114.36,1.7,2.79,3
16.42,96,4.92,1015,5.62,6.35,134.58,0.3,47.6,1.3,0.59,1
16.92,95,4.92,1015,5.03,5.74,124.29,0.24,47.67,0.76,0.3,1
14.32,92,4.92,1015,5.56,6.27,131.66,0.27,48.02,1.02,0.43,1
30.33,60,6.17,1012,2.92,13.91,102.34,0.05,40.93,0.16,0.0,1
29.17,68,6.17,1012,2.92,13.91,102.34,0.05,40.93,0.16,0.0,1
30.69,59,6.17,1012,2.85,13.33,101.49,0.05,41.05,0.16,0.0,1
21.06,83,1.54,1008,17.77,85.19,119.61,0.77,80.78,1.95,0.0,3
21.85,76,2.27,1008,31.19,133.58,146.53,0.66,69.47,0.69,0.06,4
22.94,69,1.98,1008,25.72,115.04,135.98,0.62,82.15,1.46,0.06,4
24.33,93,1.85,1011,0.96,1.06,91.74,0.36,2.94,0.06,0.04,1
23.07,96,0.78,1011,0.61,0.62,91.61,0.24,3.84,0.01,0.04,1
24.01,96,1.15,1011,0.92,1.0,100.76,0.41,5.83,0.04,0.1,1
24.27,68,2.24,1015,48.28,55.86,419.36,14.25,86.93,15.76,0.0,3
24.62,68,2.24,1015,48.28,55.86,419.36,14.25,86.93,15.76,0.0,3
26.0,68,2.57,1015,55.08,63.7,451.31,20.98,75.73,19.72,0.0,4
21.92,78,1.54,1017,15.97,17.55,152.2,1.53,41.88,4.92,3.99,2
26.69,94,1.03,1009,10.33,12.86,286.02,4.73,15.57,0.67,8.27,2
24.9,94,1.54,1009,16.05,19.01,278.27,3.73,55.63,0.94,5.58,2
9.38,77,1.54,1016,11.46,12.54,141.73,2.55,101.16,0.58,16.4,3
12.06,43,3.09,1016,8.53,10.12,150.43,4.15,107.97,2.09,5.14,3
12.46,80,1.99,1016,13.63,15.67,174.95,5.68,83.08,2.19,3.78,2
24.2,83,0.66,1013,0.88,2.25,100.86,0.17,56.14,0.11,0.0,1
23.91,83,0.56,1013,0.88,2.25,100.86,0.17,56.14,0.11,0.0,1
24.33,81,2.01,1012,2.05,3.07,136.84,0.61,55.9,0.15,1.06,1
10.83,61,4.47,1014,9.62,11.4,145.78,2.33,70.44,0.65,12.99,2
9.88,66,3.6,1013,6.66,9.87,134.91,2.4,47.33,0.2,10.97,1
8.92,70,2.84,1015,5.5,7.75,124.96,2.73,49.11,0.42,4.08,1
34.73,44,6.69,1009,100.86,106.9,940.68,1.56,155.68,1.94,2.72,5
32.79,68,5.14,1009,57.38,67.14,613.87,3.48,137.09,3.24,5.33,4
34.02,49,6.69,1009,100.86,106.9,940.68,1.56,155.68,1.94,2.72,5
6.33,88,1.03,1020,8.14,9.37,126.9,1.99,82.78,0.78,3.91,2
9.87,87,2.57,1019,12.39,19.45,139.11,0.99,96.87,0.65,0.23,2
9.97,94,2.05,1019,26.77,35.27,142.85,1.13,62.62,0.57,9.62,3
17.62,50,0.89,1010,23.54,43.24,126.65,4.88,67.15,1.54,3.77,2
16.1,72,1.03,1010,22.24,47.88,125.12,8.0,64.63,1.6,32.54,2
17.92,74,1.54,1010,15.22,26.97,124.69,2.53,86.9,4.44,0.69,2
5.88,61,3.09,1021,12.84,14.03,133.34,3.44,72.8,0.86,2.07,2
35.01,38,3.6,1009,38.45,81.0,180.35,2.69,77.44,6.88,0.68,3
37.03,26,2.57,1007,43.24,73.08,360.24,6.29,119.09,6.83,36.83,3
32.32,38,8.94,1013,20.59,26.51,243.77,4.6,72.11,4.18,7.18,2
21.95,40,2.06,1011,36.73,127.42,143.22,1.94,91.66,0.98,0.62,4
20.12,77,1.34,1014,30.89,103.6,205.49,4.35,74.47,1.18,2.31,4
20.85,46,3.6,1013,30.4,90.51,210.58,6.61,82.42,3.38,2.48,3
20.4,18,2.06,1018,9.43,18.83,240.06,16.38,55.4,3.87,14.67,1
24.08,38,2.06,1016,6.01,15.77,144.48,3.96,91.79,0.86,5.26,2
14.77,15,1.1,1015,15.72,19.88,253.3,15.73,53.0,1.62,17.44,2
5.81,75,4.63,1025,0.89,2.7,134.3,0.09,107.69,0.33,0.01,3
5.84,75,4.63,1025,0.89,2.7,134.3,0.09,107.69,0.33,0.01,3
5.93,75,4.63,1025,0.89,2.7,134.3,0.09,107.69,0.33,0.01,3
11.74,60,3.09,1018,6.35,9.25,138.11,0.44,121.37,0.76,1.39,3
12.39,76,1.63,1016,10.5,14.66,156.07,1.81,106.83,1.19,1.01,3
12.68,63,0.51,1017,4.55,8.02,132.5,0.47,123.83,0.68,1.46,3
11.59,81,3.6,1019,21.29,26.56,166.12,2.85,63.05,0.46,28.94,2
24.53,83,5.14,1013,0.68,2.27,100.28,0.3,49.46,0.17,0.0,1
23.68,89,5.14,1013,0.75,2.6,100.1,0.25,49.6,0.15,0.0,1
23.85,89,5.14,1013,0.75,2.6,100.1,0.25,49.6,0.15,0.0,1
17.05,45,1.54,1011,18.43,34.33,135.44,6.45,72.51,2.04,4.53,2
17.95,45,1.54,1011,16.25,32.22,138.72,6.45,78.56,2.36,6.5,2
17.46,50,3.91,1010,22.41,38.23,149.03,9.53,72.44,3.78,6.22,2
18.2,51,4.12,1022,8.38,15.92,160.9,4.94,123.48,5.35,0.85,3
17.97,55,3.6,1022,7.98,15.59,156.58,3.11,121.74,4.49,0.73,3
22.52,49,3.6,1018,11.66,15.42,168.34,3.4,127.55,3.61,0.16,3
16.93,88,1.54,1015,1.03,1.82,89.24,0.65,30.57,0.08,0.61,1
17.53,91,0.93,1014,7.57,11.73,355.27,3.37,17.75,0.39,5.7,1
26.23,89,2.06,1012,5.8,7.03,195.44,1.56,14.42,0.21,0.42,1
20.11,42,2.68,1018,4.32,4.74,103.71,1.06,110.27,0.59,4.81,3
22.51,49,2.0,1018,1.42,2.16,82.65,0.02,75.52,0.2,1.15,2
22.91,45,0.58,1017,1.54,2.53,95.43,0.21,91.47,0.34,0.61,2
36.81,29,3.11,1009,29.04,33.94,238.39,1.18,96.48,1.35,1.52,3
35.85,32,2.47,1009,15.48,20.25,157.99,0.56,79.08,0.54,0.61,2
35.89,38,4.48,1009,15.52,17.3,167.51,0.42,89.49,0.31,0.88,2
30.0,74,3.09,1006,0.54,1.59,70.4,0.01,5.94,0.05,0.0,1
25.0,83,1.54,1013,2.21,4.7,71.16,0.05,33.39,0.08,0.03,1
27.16,75,0.73,1012,1.48,3.16,68.1,0.07,34.63,0.08,0.04,1
28.03,72,2.82,1012,2.92,5.78,73.93,0.07,31.98,0.1,0.03,1
25.96,12,6.18,1016,37.83,43.96,209.72,0.4,116.08,0.95,0.77,3
22.38,29,3.46,1014,15.13,20.3,173.26,1.6,152.62,6.36,2.02,4
22.46,23,6.63,1017,42.85,49.35,216.89,0.22,99.36,0.41,0.12,3
24.76,27,4.12,1018,53.58,60.29,289.61,16.13,98.52,2.72,1.7,4
23.95,19,4.12,1019,6.05,13.18,157.04,0.7,134.13,1.76,0.52,3
24.95,18,5.14,1018,65.4,71.43,298.81,11.51,92.64,0.72,0.37,4
24.53,65,1.63,1013,44.42,113.99,141.09,2.01,82.37,0.09,0.0,4
24.89,66,1.34,1013,42.75,122.19,139.84,2.31,76.77,0.03,0.0,4
24.81,66,1.34,1013,42.75,122.19,139.84,2.31,76.77,0.03,0.0,4
23.88,92,1.11,1011,1.25,2.93,109.03,0.27,43.09,0.16,0.01,1
23.88,92,1.16,1011,1.25,2.93,109.03,0.27,43.09,0.16,0.01,1
17.28,68,3.0,1020,4.56,4.9,96.65,1.02,84.31,0.64,4.64,2
25.33,24,2.0,1016,3.2,5.97,158.51,4.34,67.04,1.02,5.7,2
8.05,81,6.0,1010,3.75,20.33,128.93,0.28,85.74,0.28,0.15,2
31.97,74,3.09,1013,8.19,8.43,478.31,2.82,44.32,0.27,2.06,1
26.95,78,1.03,1012,21.13,22.24,434.23,2.32,77.49,0.52,3.57,2
33.99,49,1.03,1011,23.88,28.33,259.21,1.31,71.69,1.07,1.54,2
21.7,65,7.4,1010,22.92,30.05,145.43,4.78,92.29,6.41,5.27,2
20.25,53,3.54,1011,19.42,25.38,153.72,5.76,88.35,6.99,17.49,2
20.18,65,5.53,1010,25.2,33.64,148.19,5.96,86.03,5.73,5.09,3
25.06,82,5.33,1012,1.26,4.15,107.74,0.34,23.84,0.24,0.03,1
24.2,100,4.62,1012,1.27,4.47,109.4,0.23,24.71,0.2,0.0,1
33.38,61,0.93,1010,0.5,0.55,92.52,0.97,20.54,0.67,0.0,1
33.37,61,0.89,1010,0.5,0.55,92.52,0.97,20.54,0.67,0.0,1
32.19,65,0.89,1010,0.5,0.55,92.52,0.97,20.54,0.67,0.0,1
25.77,81,1.85,1009,2.49,6.86,103.62,0.18,35.47,0.13,0.02,1
21.8,88,1.04,1009,4.44,12.43,107.38,0.31,34.75,0.19,0.06,1
25.5,85,1.62,1009,1.24,3.02,105.02,0.17,32.78,0.11,0.04,1
9.48,95,1.72,1021,1.98,2.38,103.41,3.7,24.3,0.33,0.27,1
10.48,93,0.94,1021,2.28,2.89,107.97,3.63,24.14,0.34,0.4,1
9.91,90,1.92,1021,1.89,2.09,104.75,4.01,25.7,0.23,0.16,1
6.07,80,4.12,1004,2.17,2.78,137.12,2.6,70.6,1.1,1.8,2
4.18,87,3.09,1005,4.06,4.76,137.12,2.66,66.26,0.45,1.8,2
6.01,85,6.1,1004,10.66,12.36,159.62,6.79,60.28,2.09,1.24,2
6.41,69,4.12,1019,25.26,27.93,174.36,5.98,58.16,1.81,7.82,3
5.72,75,1.34,1019,21.36,23.57,167.52,5.16,54.93,1.4,11.68,2
6.18,73,4.12,1019,22.34,24.67,169.81,5.44,55.67,1.57,11.5,2
3.9,84,2.57,1001,0.82,1.6,134.1,1.34,74.31,0.18,0.86,2
4.73,70,2.84,1004,1.54,3.19,137.02,2.86,55.68,0.27,1.3,1
5.95,87,5.14,1002,9.71,11.29,157.07,5.59,70.22,2.04,0.46,2
14.94,47,0.0,1018,5.07,12.81,151.76,1.38,95.99,1.01,0.24,2
16.4,66,8.29,1015,1.31,4.03,128.25,0.38,115.22,0.37,0.1,3
15.44,61,3.11,1018,7.63,34.51,154.39,1.93,80.38,0.46,0.19,2
15.71,77,1.54,1015,3.85,11.44,118.67,1.13,93.4,1.73,0.41,2
10.23,100,0.0,1015,3.16,6.69,117.49,2.0,79.81,1.63,0.74,2
13.08,100,1.03,1015,2.11,4.1,99.39,1.81,35.95,0.1,0.81,1
13.78,77,0.93,1016,4.31,8.41,134.18,1.16,114.3,1.34,0.77,3
8.35,71,3.09,1014,2.5,5.4,142.57,3.12,39.66,0.36,12.43,1
9.8,68,1.99,1014,1.62,3.29,133.86,1.73,46.55,0.23,5.81,1
9.48,70,1.34,1014,3.16,6.44,145.99,3.76,42.5,0.43,16.72,1
8.88,81,1.03,1016,7.96,13.9,140.25,1.01,115.26,1.02,1.12,3
8.35,86,2.33,1017,7.64,12.33,141.34,1.86,105.92,1.5,1.98,3
5.48,100,0.51,1015,6.8,10.81,139.73,2.36,116.95,1.86,2.12,3
18.98,72,3.6,1018,0.98,2.71,80.36,0.36,24.93,0.11,0.41,1
24.0,94,3.09,1015,1.06,2.38,69.47,0.18,30.03,0.06,0.07,1
16.6,77,1.6,1019,0.62,1.33,69.72,0.21,28.04,0.03,0.16,1
28.98,84,9.77,1007,1.57,4.01,99.26,0.01,16.62,0.09,0.0,1
6.9,81,1.54,1017,6.69,7.56,124.93,1.82,65.65,0.55,19.68,2
6.31,80,1.44,1017,7.2,8.18,126.92,2.1,63.84,0.79,20.77,2
7.91,80,0.37,1017,6.45,7.59,115.19,1.47,68.1,2.21,14.91,2
30.3,51,3.09,1005,21.03,62.85,154.76,0.3,37.19,0.1,1.08,3
27.55,58,3.33,1008,3.38,5.06,146.64,0.38,25.1,0.03,1.63,1
29.78,46,6.12,1007,3.93,7.8,149.21,0.4,27.01,0.03,1.91,1
32.95,70,1.03,1010,13.34,23.65,212.88,1.2,59.86,0.41,1.83,2
38.64,30,3.79,1008,17.69,24.32,218.77,0.51,90.56,0.3,4.0,2
38.77,30,4.67,1008,16.59,21.08,262.54,0.88,104.61,0.43,3.78,3
11.07,32,10.0,1014,0.5,0.5,110.78,0.09,101.05,0.84,0.05,3
12.15,32,2.87,1013,0.5,0.5,108.01,0.07,97.61,0.03,0.12,2
11.76,43,2.63,1017,0.5,0.5,118.08,0.08,98.28,0.04,0.07,2
23.85,73,4.12,1015,68.67,79.37,515.22,34.45,53.34,27.65,0.0,4
23.96,73,4.12,1015,59.93,69.69,505.0,34.02,43.04,22.07,0.0,4
23.82,73,4.12,1015,59.93,69.69,505.0,34.02,43.04,22.07,0.0,4
29.08,66,7.72,1013,2.58,10.98,116.19,0.06,52.68,0.15,0.01,1
24.59,87,3.21,1012,1.59,4.2,116.4,0.99,33.24,0.64,0.01,1
24.88,87,3.04,1013,1.61,4.3,115.54,1.0,30.93,0.62,0.04,1
24.75,87,3.08,1013,1.61,4.3,115.54,1.0,30.93,0.62,0.04,1
18.96,81,7.21,1009,19.47,93.64,110.72,0.25,78.19,1.37,0.01,3
16.93,88,10.27,1012,10.13,54.69,110.95,0.68,93.85,1.37,0.0,3
30.3,19,4.55,1005,36.69,173.26,108.4,0.14,52.99,0.06,0.15,4
16.43,82,3.09,1018,13.91,14.84,126.51,0.28,121.9,15.32,0.0,3
16.31,82,3.09,1018,13.91,14.84,126.51,0.28,121.9,15.32,0.0,3
16.08,82,3.09,1018,13.91,14.84,126.51,0.28,121.9,15.32,0.0,3
25.79,85,8.19,1014,1.47,4.12,60.59,0.06,42.07,0.13,0.0,1
23.26,85,1.34,1014,1.67,4.82,60.51,0.05,42.0,0.13,0.0,1
24.21,85,1.34,1014,1.67,4.82,60.51,0.05,42.0,0.13,0.0,1
29.08,71,0.9,1010,0.5,0.5,100.98,0.02,15.55,0.01,0.01,1
17.07,87,3.05,1018,0.56,0.72,70.56,0.16,28.28,0.02,0.03,1
17.06,86,2.22,1019,0.6,0.8,68.34,0.2,37.91,0.05,0.03,1
17.12,90,1.29,1017,1.03,1.71,91.86,0.57,30.99,0.05,0.25,1
17.96,68,2.57,1011,8.92,11.95,174.8,5.97,49.2,1.45,10.25,1
16.16,74,2.57,1013,5.21,19.79,138.32,0.29,109.44,0.89,0.0,3
17.97,68,2.57,1012,7.32,9.88,160.83,4.55,54.85,1.24,8.01,1
33.95,67,2.06,1009,4.5,4.7,205.32,3.2,30.07,0.89,0.21,1
32.84,67,3.6,1008,2.72,3.12,138.6,1.71,23.36,1.09,0.26,1
34.01,57,2.06,1009,4.27,4.45,195.72,2.17,30.01,0.56,0.23,1
18.99,94,2.57,1020,3.92,5.53,131.21,1.38,11.52,0.24,0.44,1
18.97,94,2.57,1020,3.92,5.53,131.21,1.38,11.52,0.24,0.44,1
21.97,100,3.09,1015,3.38,7.9,70.91,0.14,25.28,0.04,0.05,1
22.22,82,6.0,1014,2.13,6.71,60.43,0.05,49.23,0.12,0.0,1
21.42,87,3.55,1014,2.13,6.71,60.43,0.05,49.23,0.12,0.0,1
20.75,89,2.86,1014,2.06,6.27,60.41,0.05,48.42,0.12,0.0,1
30.0,30,3.64,1006,9.03,24.46,162.89,0.81,35.42,0.13,1.34,2
26.69,47,4.19,1007,12.25,27.04,191.28,0.57,47.73,0.13,1.77,2
26.26,18,3.18,1007,18.66,38.79,293.53,2.33,46.53,0.69,4.3,2
27.98,78,4.91,1009,0.58,1.51,97.43,0.04,29.44,0.06,0.11,1
26.46,59,4.31,1008,8.88,15.58,218.27,1.55,35.02,0.56,1.84,1
23.28,98,1.21,1009,2.59,6.88,152.23,0.98,25.77,0.42,1.07,1
23.7,81,2.68,1012,3.27,5.1,103.65,0.27,33.06,1.44,0.0,1
24.44,78,1.46,1012,3.91,5.84,103.48,0.25,38.26,0.22,0.0,1
23.56,80,4.92,1012,2.49,4.3,103.59,0.3,29.65,0.88,0.0,1
4.73,94,1.03,1021,26.13,30.89,209.44,33.08,22.69,1.74,10.02,3
5.66,86,2.24,1021,19.81,25.52,202.07,37.84,21.45,3.58,22.66,2
5.54,93,1.03,1021,26.72,31.02,201.0,35.73,25.23,1.92,11.07,3
7.25,58,2.92,1003,0.5,0.5,138.67,0.64,108.62,0.37,0.25,3
4.27,93,5.14,1012,1.08,3.83,132.28,0.23,98.64,0.53,0.0,2
2.15,84,2.68,1008,0.5,0.5,117.17,0.14,88.39,0.04,0.03,2
25.25,44,1.03,1011,87.38,106.04,487.3,3.18,146.26,10.49,11.37,5
30.19,27,4.01,1011,86.2,109.49,509.27,2.19,142.87,7.62,19.15,5
37.99,23,2.59,1009,102.71,125.3,552.53,3.48,150.74,11.08,17.72,5
16.91,69,4.63,1024,0.77,2.93,62.76,0.1,52.89,0.11,0.02,1
16.69,60,1.54,1020,0.68,1.41,65.08,0.67,45.8,0.1,0.37,1
12.7,70,6.17,1023,1.38,1.95,62.9,0.68,43.01,0.4,0.19,1
36.99,26,3.09,1011,40.49,134.05,110.97,1.06,48.84,0.28,0.25,4
37.05,26,3.09,1011,39.58,126.68,111.64,1.28,53.28,0.4,0.34,4
37.0,26,3.09,1011,40.09,129.73,111.82,1.13,48.28,0.27,0.28,4
26.01,83,1.03,1012,3.08,3.95,167.21,2.54,29.75,0.33,3.3,1
26.55,83,1.34,1012,3.24,4.1,173.32,2.53,29.64,0.31,2.89,1
26.71,83,1.34,1013,3.24,4.1,173.32,2.53,29.64,0.31,2.89,1
20.5,83,3.09,1012,6.55,20.17,71.29,0.06,51.69,0.38,0.0,2
20.1,83,3.09,1012,6.55,20.17,71.29,0.06,51.69,0.38,0.0,2
12.12,58,2.06,1017,12.85,21.28,82.38,0.96,63.02,1.82,0.0,2
25.9,78,2.57,1011,0.5,1.65,63.09,0.02,40.53,0.01,0.0,1
25.96,78,2.57,1011,0.5,1.57,63.25,0.02,39.1,0.01,0.0,1
25.8,78,2.57,1011,0.5,1.49,62.84,0.02,39.54,0.01,0.0,1
27.56,84,9.72,1008,4.92,19.91,61.74,0.03,48.25,0.21,0.0,1
26.88,72,3.79,1008,0.66,0.81,58.04,0.05,16.77,0.01,0.0,1
27.82,86,1.36,1008,1.83,2.17,66.59,0.06,18.36,3.32,0.0,1
35.0,57,5.81,1010,23.0,25.17,286.61,0.95,106.58,3.8,0.75,3
34.04,52,2.06,1009,15.88,18.03,209.69,1.64,43.06,0.58,3.15,2
35.11,59,4.63,1010,22.13,24.33,269.86,0.84,105.69,3.9,0.39,3
32.99,29,1.54,1007,25.01,44.74,348.64,3.64,107.48,6.12,20.15,3
31.09,62,4.12,1010,37.01,96.64,105.23,0.08,47.66,0.2,0.0,3
27.08,44,2.06,1012,9.92,26.91,266.76,1.68,87.26,0.7,14.76,2
9.45,78,5.66,1008,6.36,9.84,140.25,3.63,72.99,2.31,6.87,2
7.27,84,2.06,1012,12.15,15.77,147.06,3.64,47.89,1.08,7.96,2
8.51,81,4.12,1015,8.44,11.22,140.96,3.88,59.53,1.4,2.83,1
24.58,88,1.54,1012,1.26,3.04,101.25,0.16,54.54,0.1,0.0,1
24.4,89,1.54,1013,1.37,3.61,101.2,0.15,54.53,0.1,0.0,1
24.18,85,1.54,1013,1.42,3.63,101.61,0.15,55.44,0.1,0.0,1
18.8,76,2.64,1010,22.95,52.22,121.68,1.61,72.94,0.68,3.71,3
17.61,77,2.86,1010,16.85,44.69,118.28,0.87,73.56,0.45,2.6,2
18.92,75,2.43,1010,22.95,52.22,121.68,1.61,72.94,0.68,3.71,3
13.6,88,4.63,1017,4.82,12.24,119.94,4.35,92.97,3.13,0.0,2
10.73,100,0.0,1018,4.6,12.65,120.24,3.63,93.46,2.7,0.21,2
12.31,76,1.2,1018,5.29,14.39,123.39,3.06,88.56,2.29,0.46,2
23.56,94,0.45,1012,2.15,2.21,144.98,1.74,11.06,0.3,0.13,1
20.26,100,2.06,1013,10.37,10.91,295.37,3.64,10.49,0.28,0.32,2
23.48,94,0.45,1012,2.1,2.16,143.32,1.65,11.15,0.37,0.13,1
28.16,44,8.23,1013,62.29,155.63,280.28,6.16,125.41,18.04,0.0,4
28.9,42,8.23,1012,62.29,155.63,280.28,6.16,125.41,18.04,0.0,4
29.03,42,8.23,1012,62.24,148.0,287.91,6.72,130.07,17.47,0.0,4
28.81,65,8.75,1015,2.2,6.1,59.78,0.05,41.38,0.16,0.0,1
26.46,71,0.74,1015,2.04,5.77,59.65,0.04,42.02,0.13,0.0,1
27.82,74,6.17,1016,2.11,6.06,59.85,0.03,42.52,0.14,0.0,1
11.34,54,2.06,1015,7.01,9.2,131.33,1.94,56.32,0.84,4.61,1
9.19,62,1.34,1013,3.28,5.92,143.67,3.5,52.09,0.67,24.37,1
10.75,66,2.79,1015,5.96,7.85,136.96,3.42,51.69,0.92,2.03,1
10.82,65,4.12,1016,4.89,7.04,112.31,3.05,29.75,0.3,2.23,1
6.99,87,2.06,1017,11.95,15.77,153.44,4.19,43.43,1.78,7.44,2
14.78,54,0.89,1016,5.02,6.95,111.35,1.64,42.66,0.77,5.93,1
2.74,55,3.57,1003,0.52,0.65,136.63,1.43,76.64,0.45,0.51,2
3.33,66,3.92,998,0.52,0.93,141.57,1.62,54.14,0.19,0.46,1
20.87,35,3.0,1018,5.21,6.31,136.64,0.35,85.55,1.59,0.07,2
17.07,88,1.03,1015,11.73,22.69,349.27,2.32,11.3,0.42,1.55,2
17.72,85,1.1,1015,6.29,11.5,245.47,1.38,7.17,0.29,0.98,1
15.14,92,0.74,1017,6.68,12.75,241.11,1.84,14.24,0.31,1.17,1
30.0,66,2.87,1009,39.28,84.12,104.25,3.0,103.35,3.43,0.0,3
21.58,55,4.03,1016,37.08,99.8,127.04,3.54,101.48,8.52,0.0,3
28.07,58,2.28,1009,54.35,98.56,121.72,3.05,96.6,5.17,0.0,4
28.59,83,0.92,1008,0.5,0.92,71.47,0.01,6.06,0.01,0.0,1
28.16,84,0.71,1008,0.5,0.92,71.47,0.01,6.06,0.01,0.0,1
28.78,81,1.64,1008,0.5,0.89,72.18,0.01,5.24,0.01,0.0,1
31.0,70,4.63,1010,0.5,0.5,71.27,0.05,15.6,0.02,0.0,1
30.61,6,5.6,1008,26.77,132.6,103.58,0.17,87.06,0.07,0.89,4
29.93,6,5.37,1008,25.95,127.12,103.39,0.17,84.83,0.07,0.86,4
29.99,6,5.39,1008,25.95,127.12,103.39,0.17,84.83,0.07,0.86,4
6.94,78,1.19,995,0.59,0.93,128.12,0.8,72.89,0.2,0.51,2
8.15,69,3.09,1004,0.72,2.12,131.79,1.17,105.01,0.75,1.18,3
6.93,85,10.05,1007,1.31,4.14,130.24,1.13,101.3,0.79,2.0,3
31.71,68,4.12,1010,2.34,2.74,136.73,1.38,23.25,0.88,0.48,1
32.17,70,4.12,1010,2.34,2.74,136.73,1.38,23.25,0.88,0.48,1
32.85,64,4.12,1009,2.34,2.74,136.73,1.38,23.25,0.88,0.48,1
6.68,83,0.51,1018,12.24,13.85,153.96,4.43,72.77,0.88,5.78,2
7.71,86,0.33,1016,17.62,19.91,157.22,4.45,67.76,0.4,5.97,2
8.12,72,1.17,1017,17.23,19.02,165.05,3.67,120.49,1.59,8.36,3
8.79,70,2.57,1015,8.54,10.45,160.14,4.99,57.09,0.74,9.62,1
8.9,66,0.0,1013,10.32,13.91,142.59,2.16,40.24,0.55,32.88,2
8.91,70,2.57,1016,8.54,10.45,160.14,4.99,57.09,0.74,9.62,1
24.57,81,2.75,1009,9.76,44.23,104.36,0.53,68.81,0.73,0.0,2
22.03,87,0.7,1009,13.51,69.12,107.55,0.43,53.43,0.4,0.0,3
21.84,88,0.52,1010,15.04,69.56,111.59,0.48,46.47,0.31,0.1,3
20.14,90,4.02,1009,9.55,43.54,106.69,0.69,79.59,1.18,0.0,2
20.87,54,7.34,1008,20.99,97.81,117.73,0.78,68.45,1.02,0.36,3
20.11,90,4.02,1010,10.47,47.25,106.46,0.94,78.72,1.36,0.0,2
28.36,72,3.2,1011,0.5,0.87,68.1,0.08,19.29,0.01,0.06,1
21.61,68,1.99,1014,3.65,7.7,152.11,1.04,10.28,0.18,6.38,1
23.5,62,2.8,1013,1.07,3.38,85.1,0.4,10.09,0.05,1.18,1
23.38,95,1.97,1011,0.56,0.58,83.05,0.27,3.1,0.05,0.01,1
24.05,99,0.8,1011,0.56,0.57,77.65,0.18,2.64,0.03,0.01,1
23.69,82,2.29,1010,3.3,4.96,184.45,0.89,5.31,0.09,0.71,1
26.97,61,3.02,1009,3.61,7.61,117.59,0.39,22.54,0.02,0.95,1
21.01,93,1.78,1012,2.73,3.34,107.18,0.15,3.72,0.02,0.07,1
26.92,82,2.66,1009,2.5,7.92,93.5,0.04,28.59,0.1,0.0,1
23.38,80,1.08,1012,8.73,11.08,106.73,0.24,47.09,0.66,0.0,1
23.4,80,1.01,1012,8.73,11.08,106.73,0.24,47.09,0.66,0.0,1
24.79,90,0.56,1012,8.19,10.64,101.85,0.2,43.57,0.74,0.0,1
15.43,66,3.16,1014,12.9,19.08,112.86,2.38,42.3,1.7,10.65,2
20.07,33,3.78,1013,27.76,34.49,169.36,11.09,59.85,5.86,10.17,3
17.34,51,3.96,1013,16.89,21.47,136.15,5.56,78.41,7.99,51.52,2
15.0,90,1.8,1020,4.89,5.71,80.39,11.08,10.18,4.33,0.01,1
11.51,94,2.08,1021,6.9,7.67,86.22,16.83,10.54,9.04,0.0,1
23.22,94,3.48,1012,1.84,3.01,129.82,0.71,79.28,0.27,0.29,2
28.13,52,2.66,1007,17.84,34.76,252.13,0.87,38.84,0.15,1.84,2
26.1,67,1.93,1009,0.86,1.29,122.96,0.2,6.47,0.01,0.31,1
27.99,37,1.29,1008,8.09,24.23,138.1,0.17,27.26,0.02,0.52,2
27.55,81,5.03,1009,0.87,1.59,104.52,0.33,31.42,0.17,0.13,1
22.83,82,1.07,1009,2.23,3.36,147.79,2.05,13.55,0.34,2.16,1
24.8,72,1.52,1009,1.75,2.16,143.3,1.64,17.92,0.17,0.51,1
35.13,54,4.78,1011,3.82,6.56,110.44,0.25,64.71,0.23,0.33,2
36.13,48,5.1,1011,3.76,6.64,105.9,0.28,63.17,0.29,0.27,2
34.58,56,4.37,1011,3.64,6.18,117.13,0.33,64.42,0.27,0.42,2
23.06,49,1.0,1019,5.42,21.98,310.92,0.63,86.07,0.3,4.55,2
22.67,44,1.66,1017,2.11,3.32,104.47,0.08,91.73,0.41,4.16,2
22.01,41,1.95,1017,2.84,4.16,112.24,0.23,81.63,0.93,8.99,2
28.09,82,2.25,1010,0.5,0.55,80.43,0.47,26.66,0.09,0.09,1
27.9,83,1.7,1010,1.37,3.51,89.29,0.56,30.43,0.19,0.13,1
26.61,92,3.27,1011,1.47,4.2,68.39,0.18,33.41,0.14,0.05,1
27.92,28,5.14,1012,7.88,13.89,190.25,7.64,62.43,1.04,9.09,2
28.99,28,3.09,1012,13.15,61.79,179.0,0.38,63.98,0.17,3.29,3
24.97,38,0.0,1011,28.56,125.29,122.31,0.21,85.28,0.16,3.78,4
9.8,100,1.03,1018,7.46,20.85,131.65,0.92,73.03,0.32,0.88,2
16.0,62,3.35,1018,11.53,40.13,144.89,0.57,104.25,2.93,0.01,3
12.88,94,1.54,1018,9.44,26.46,133.48,0.7,88.0,0.74,0.19,2
27.05,77,6.15,1013,1.64,4.53,65.55,0.03,30.26,0.06,0.0,1
12.75,67,0.0,1015,39.69,45.03,235.09,20.44,41.92,9.86,45.1,3
10.11,65,1.19,1016,7.84,9.58,132.13,3.18,42.57,0.65,37.0,1
8.45,72,1.68,1016,4.44,6.34,123.05,3.43,30.95,0.38,8.07,1
24.59,88,0.0,1011,0.92,2.0,116.57,0.13,12.33,0.02,0.28,1
24.48,88,1.87,1011,0.79,1.64,118.91,0.19,13.23,0.02,0.31,1
24.45,88,1.87,1011,0.79,1.64,118.91,0.19,13.23,0.02,0.31,1
21.06,85,4.12,1013,14.63,15.71,222.49,14.61,61.92,34.71,1.4,2
21.64,64,4.12,1013,14.63,15.71,222.49,14.61,61.92,34.71,1.4,2
22.77,87,3.09,1016,22.37,23.89,305.58,23.23,61.69,15.82,0.39,2
24.31,93,3.47,1012,2.33,2.76,80.73,0.26,6.75,0.02,0.08,1
20.99,65,3.55,1013,2.11,3.61,98.15,0.75,22.81,0.1,0.55,1
18.63,85,1.45,1015,1.08,2.09,83.84,0.37,10.09,0.05,0.22,1
7.31,71,0.45,1010,0.75,1.53,126.1,0.83,71.83,0.31,4.69,2
4.82,56,2.96,1012,1.46,2.67,153.95,2.64,58.45,2.06,3.44,1
10.64,57,2.08,1015,1.43,2.43,131.95,0.89,62.18,0.27,4.42,2
18.49,93,1.06,1014,5.8,7.63,154.58,1.96,27.71,0.21,3.51,1
18.54,94,0.92,1014,5.8,7.63,154.58,1.96,27.71,0.21,3.51,1
18.63,95,0.86,1014,5.15,6.57,140.53,1.54,31.62,0.18,3.69,1
10.31,75,5.36,1013,6.31,8.34,167.31,1.8,108.28,0.79,0.23,3
16.37,79,3.6,1012,3.96,17.43,136.48,0.27,115.33,1.06,0.0,3
9.96,79,5.36,1013,5.84,7.91,164.53,1.37,109.38,0.69,0.15,3
15.99,93,0.0,1016,10.29,13.41,110.61,0.56,62.27,1.86,0.01,2
19.23,95,0.45,1015,12.28,14.86,299.3,6.0,11.33,0.31,0.79,2
17.08,94,1.72,1015,8.7,10.46,192.5,3.65,9.0,0.13,0.27,1
25.56,27,2.08,1016,2.68,5.52,126.44,0.54,67.66,0.28,8.22,2
25.04,40,1.41,1017,1.95,2.55,94.13,0.04,71.05,0.35,4.38,2
24.74,33,1.29,1016,2.6,3.77,108.68,0.34,82.16,0.62,6.85,2
25.41,81,4.24,1012,1.96,9.7,121.76,0.41,20.07,0.34,0.01,1
25.94,81,4.76,1012,1.83,9.12,121.18,0.31,20.15,0.28,0.01,1
22.6,85,1.3,1014,1.91,2.19,194.01,5.28,22.94,1.85,5.07,1
27.0,77,3.19,1010,3.14,3.22,157.69,1.81,23.3,0.1,3.76,1
24.53,94,1.47,1013,4.05,4.22,196.79,3.02,21.39,0.74,3.28,1
24.75,83,2.57,1012,1.25,3.73,99.56,0.15,55.72,0.13,0.0,1
24.85,88,3.6,1012,1.41,3.8,103.4,0.19,59.13,0.14,0.0,1
33.01,58,3.6,1010,7.45,10.41,189.49,1.68,59.8,1.25,1.83,1
29.0,59,1.0,1015,52.27,55.69,380.83,2.92,90.28,5.58,5.49,4
30.99,51,2.57,1015,54.92,61.98,384.87,2.68,112.18,6.87,6.45,4
28.1,74,5.14,1010,2.36,7.34,66.37,0.03,16.43,1.03,0.0,1
29.95,77,5.62,1010,2.37,12.19,62.44,0.01,30.24,0.08,0.0,1
7.11,77,0.89,1016,9.51,12.23,136.23,3.03,53.94,0.98,19.24,1
7.17,80,0.75,1017,9.41,12.56,141.47,4.54,50.19,0.61,14.39,1
5.42,82,1.91,1017,10.12,13.14,142.92,3.93,47.99,0.91,14.92,2
20.32,31,2.0,1016,12.27,31.38,108.53,3.24,40.71,7.9,7.71,2
27.85,78,7.96,1012,23.84,48.01,123.26,0.6,70.43,0.66,0.0,2
24.18,48,2.71,1014,18.92,39.52,121.76,1.41,65.15,1.65,0.06,2
27.89,78,1.03,1011,1.51,4.13,66.88,0.06,33.1,0.11,0.04,1
27.84,78,1.03,1011,1.51,4.13,66.88,0.06,33.1,0.11,0.04,1
27.76,78,1.03,1011,1.51,4.13,66.88,0.06,33.1,0.11,0.04,1
11.59,98,0.51,1021,2.35,4.32,105.76,3.18,23.57,1.7,0.33,1
17.38,70,6.69,1009,8.16,15.9,94.56,0.5,54.81,0.65,0.05,1
18.63,88,0.45,1016,3.93,8.9,114.89,1.95,35.69,1.47,0.25,1
15.14,88,2.57,1018,2.58,3.49,90.64,0.62,22.66,0.14,0.28,1
14.48,82,1.8,1018,0.63,1.22,85.91,0.47,29.96,0.22,0.23,1
16.42,84,1.79,1018,0.57,1.0,79.11,0.36,32.9,0.23,0.2,1
14.9,90,2.37,1020,0.68,1.36,61.45,0.22,33.35,0.12,0.1,1
14.39,89,4.62,1021,0.78,1.72,70.41,0.38,29.14,0.14,0.06,1
14.83,94,2.55,1020,0.69,1.39,60.68,0.22,33.17,0.12,0.11,1
13.29,87,0.45,1020,4.54,10.46,122.09,3.43,64.52,0.3,19.8,2
13.51,87,0.45,1020,4.54,10.46,122.09,3.43,64.52,0.3,19.8,2
30.84,45,3.19,1009,29.14,120.37,161.74,5.52,72.22,1.28,0.76,4
28.02,57,0.51,1009,30.28,135.37,136.12,0.72,83.68,0.14,0.31,4
31.0,42,2.06,1008,28.04,108.03,184.22,7.61,65.94,2.19,1.29,4
14.75,50,0.55,1014,2.48,5.33,221.73,1.76,50.38,0.11,3.91,1
22.94,32,3.67,1013,5.36,16.9,207.36,0.93,74.08,0.2,0.38,2
24.17,34,0.48,1012,2.29,4.69,93.77,0.34,58.19,0.1,1.72,1
26.77,81,2.57,1013,1.51,3.21,118.0,0.83,37.8,0.47,0.0,1
8.51,81,1.54,1015,10.34,14.21,139.11,2.65,112.4,1.9,3.42,3
9.23,73,0.43,1015,12.27,15.79,146.63,4.45,109.09,2.6,1.68,3
13.54,66,2.49,1015,8.81,13.12,142.02,2.73,109.93,2.03,1.22,3
8.09,81,1.03,1018,4.66,9.45,112.51,2.21,74.15,0.88,55.11,2
3.04,74,1.65,1021,2.88,4.33,117.17,3.54,50.61,0.93,56.99,1
4.33,85,1.24,1021,2.61,3.55,113.18,2.55,72.1,1.0,65.43,2
25.0,94,1.54,1010,7.56,18.88,83.58,0.04,31.37,0.13,0.0,1
15.92,94,1.54,1015,17.54,72.61,73.55,0.3,28.55,0.06,0.14,3
15.89,100,2.57,1016,2.05,3.02,102.12,1.62,7.38,0.1,0.43,1
18.47,69,1.74,1012,7.44,10.4,137.93,2.18,26.05,0.1,0.52,1
17.06,72,2.06,1015,6.91,10.02,211.32,3.83,38.8,0.14,0.63,1
17.67,77,1.03,1012,11.98,21.51,257.05,5.58,33.92,0.31,0.89,2
15.11,43,1.79,1015,7.1,9.43,150.56,4.85,77.29,0.73,8.89,2
10.06,68,1.03,1015,14.4,17.52,179.89,6.87,59.69,0.37,6.35,2
9.99,65,4.12,1018,8.59,10.02,146.63,3.38,72.13,0.45,8.53,2
20.27,69,4.63,1026,6.07,7.83,73.36,2.47,24.29,2.19,0.13,1
20.49,54,10.8,1021,4.52,9.46,76.15,2.21,54.51,1.32,0.58,1
20.59,78,0.89,1022,0.92,2.54,58.9,0.21,43.69,0.08,0.02,1
27.51,85,4.12,1010,8.08,9.62,139.81,0.82,77.72,1.19,2.81,2
27.77,83,4.12,1010,8.08,9.62,139.81,0.82,77.72,1.19,2.81,2
27.64,83,4.12,1010,8.08,9.62,139.81,0.82,77.72,1.19,2.81,2
8.03,87,1.03,1025,7.29,24.18,133.62,0.75,103.64,0.4,0.76,3
9.69,80,0.51,1025,6.21,20.16,134.44,1.2,98.38,0.49,1.55,2
9.48,93,7.2,1023,3.03,4.39,110.46,0.97,52.6,0.04,6.4,1
5.95,81,0.51,1017,7.4,9.1,131.82,1.87,89.37,0.72,7.92,2
7.74,76,1.54,1015,10.99,12.77,139.16,3.17,96.53,0.82,33.63,2
7.3,72,1.46,1016,8.19,9.84,136.12,3.12,87.39,0.94,19.01,2
27.27,89,4.12,1012,1.93,9.22,125.85,0.07,16.82,0.16,0.0,1
25.99,73,3.09,1007,10.26,24.4,118.09,1.25,29.19,0.67,2.01,2
27.91,83,3.6,1008,11.47,23.77,123.47,0.04,59.31,0.1,0.0,2
26.0,73,3.09,1007,10.66,24.05,121.03,1.61,26.5,0.84,2.25,2
5.01,78,1.88,1023,22.32,24.29,188.1,10.4,70.3,1.88,27.87,2
7.51,85,0.45,1023,16.19,18.32,179.01,13.53,75.04,2.62,25.72,2
5.34,77,1.78,1023,19.37,22.33,191.24,10.05,77.46,2.38,30.76,2
33.06,40,3.6,1006,10.68,27.21,153.16,1.24,34.14,0.12,2.41,2
30.93,41,4.86,1007,3.66,9.62,139.48,0.65,28.07,0.09,2.43,1
33.7,30,3.79,1006,10.39,25.23,159.29,0.96,35.77,0.17,2.06,2
5.83,87,1.54,1016,7.3,9.04,113.22,1.78,39.63,0.43,6.54,1
11.11,76,2.57,1015,11.16,12.72,122.15,1.07,63.58,0.56,22.29,2
8.96,81,1.03,1014,9.02,10.66,116.98,2.36,36.42,0.28,5.01,1
25.98,69,9.26,1012,55.15,129.21,313.54,4.41,95.67,6.35,0.0,4
25.97,69,9.26,1012,60.75,147.62,320.34,5.28,95.43,8.42,0.0,4
25.79,61,9.1,1012,55.03,150.17,278.17,4.13,93.61,6.53,0.0,4
22.0,84,1.91,1013,1.52,2.41,84.96,0.46,18.02,0.04,0.22,1
15.44,91,1.03,1014,2.73,4.25,132.85,1.45,36.58,0.34,2.6,1
14.32,96,0.97,1014,7.15,11.49,284.16,3.88,27.63,0.84,5.82,1
27.81,84,5.67,1010,0.99,3.85,95.87,0.06,26.32,0.11,0.06,1
27.23,85,4.4,1010,1.1,4.23,98.0,0.06,26.78,0.12,0.05,1
27.23,85,4.09,1010,0.97,3.78,96.01,0.06,26.46,0.11,0.07,1
28.03,89,1.03,1010,3.55,4.81,118.06,0.47,11.16,0.13,1.24,1
27.99,89,1.03,1010,3.55,4.81,118.06,0.47,11.16,0.13,1.24,1
28.0,89,1.03,1010,2.86,3.93,101.98,0.3,8.75,0.08,0.84,1
9.99,81,2.06,1016,1.43,2.33,67.36,0.92,33.32,0.11,0.23,1
26.01,89,4.12,1009,0.74,0.98,89.43,0.42,14.99,0.05,0.59,1
19.84,45,2.57,1012,1.03,1.49,85.27,1.72,23.85,0.37,0.75,1
23.9,63,2.06,1014,49.3,64.3,293.13,2.75,47.28,0.67,0.2,3
24.94,78,2.06,1011,22.99,38.63,165.48,1.02,131.38,2.7,0.71,3
20.44,78,0.51,1016,6.97,8.18,149.49,9.47,29.79,0.57,2.95,1
24.99,69,4.12,1012,0.89,3.35,109.51,0.07,77.92,0.05,0.02,2
24.96,65,4.12,1012,2.58,6.34,112.9,0.4,98.09,0.87,0.0,2
24.97,65,4.12,1012,2.58,6.34,112.9,0.4,98.09,0.87,0.0,2
8.57,91,1.09,1016,30.59,32.27,466.17,2.71,96.64,4.13,5.14,3
22.39,88,2.3,1009,53.95,59.65,454.34,3.01,59.96,2.55,6.95,4
17.03,90,1.68,1012,42.69,47.94,480.63,3.82,42.43,6.9,9.43,3
12.95,100,1.54,1019,2.11,3.57,103.1,3.11,20.9,0.27,0.08,1
15.39,91,2.68,1019,0.96,1.44,66.15,0.61,23.33,0.26,0.06,1
12.86,100,1.54,1019,2.11,3.57,103.1,3.11,20.9,0.27,0.08,1
4.14,72,6.48,997,2.82,4.51,122.37,1.16,85.71,0.72,7.79,2
11.99,66,7.0,999,3.97,5.41,124.79,0.59,88.28,1.23,3.96,2
6.74,82,7.79,999,0.86,1.33,126.75,0.68,101.88,0.75,4.14,3
29.45,1,3.6,1007,5.83,12.13,117.34,0.33,36.2,0.17,0.3,1
28.3,84,6.41,1008,4.92,10.95,113.75,0.34,39.33,0.2,0.29,1
29.29,67,5.17,1007,6.71,10.29,131.98,0.71,52.44,0.31,1.18,1
8.9,80,3.6,1016,3.23,3.64,191.5,9.18,74.92,1.67,0.61,2
12.52,46,5.66,1017,1.88,2.17,142.68,1.29,88.44,0.21,0.36,2
0.2,77,8.23,1015,0.5,0.5,121.19,0.11,89.93,0.02,0.14,2
25.2,88,1.54,1011,5.44,8.21,140.84,0.8,7.26,0.22,0.93,1
17.17,81,1.58,1015,2.9,4.49,124.49,0.56,23.45,1.01,0.12,1
20.51,92,1.38,1012,1.01,1.68,86.15,0.22,7.34,0.01,0.03,1
24.1,88,1.03,1012,0.57,0.64,69.72,0.02,1.56,0.0,0.04,1
23.96,88,1.03,1012,0.57,0.64,69.72,0.02,1.56,0.0,0.04,1
23.72,88,1.03,1012,0.6,0.69,69.64,0.03,1.54,0.0,0.06,1
25.2,88,1.54,1011,5.44,8.21,140.84,0.8,7.26,0.22,0.93,1
25.04,100,3.09,1010,4.87,6.53,103.59,0.32,33.55,0.09,0.0,1
22.6,93,0.79,1011,5.95,8.25,126.21,1.26,24.1,0.26,0.33,1
7.68,69,0.51,1020,4.81,5.83,113.89,1.64,89.71,0.75,8.99,2
11.19,66,0.51,1019,6.01,7.43,129.48,3.01,63.11,0.33,14.09,2
10.46,62,0.37,1020,11.59,13.17,157.58,6.5,65.34,1.54,13.77,2
27.72,89,4.12,1010,0.51,1.71,78.57,0.19,26.44,0.1,0.05,1
27.31,89,4.12,1010,0.66,2.3,78.03,0.19,26.29,0.11,0.04,1
27.19,83,3.09,1009,0.82,1.85,104.44,0.66,15.97,0.12,0.26,1
16.8,41,3.09,1019,5.11,7.12,125.5,2.94,54.02,0.23,1.23,1
16.21,42,1.1,1019,7.83,9.95,153.28,4.4,47.14,0.3,1.53,1
16.96,42,3.09,1019,5.11,7.12,125.5,2.94,54.02,0.23,1.23,1
24.95,100,1.54,1011,0.5,0.54,101.44,0.04,25.1,0.02,0.0,1
20.09,99,0.79,1013,3.96,4.18,89.07,0.54,7.95,0.08,0.02,1
18.68,93,1.05,1014,7.59,9.49,186.61,0.97,3.71,0.13,0.44,1
17.92,68,2.0,1015,54.28,78.42,375.32,17.28,23.57,9.1,4.95,4
18.94,46,3.82,1011,122.42,143.34,412.1,13.46,49.38,9.49,9.91,5
23.61,88,2.13,1015,36.94,45.66,286.4,2.59,112.62,5.92,0.0,3
11.88,95,0.4,1016,37.47,38.06,195.96,3.96,22.49,2.89,3.1,3
27.03,57,3.6,1011,2.25,2.62,113.7,1.71,18.32,0.36,3.78,1
18.83,86,4.47,1014,3.15,3.56,112.87,1.36,10.08,1.9,1.3,1
22.15,84,3.6,1014,0.5,0.56,107.8,0.4,29.49,0.18,0.01,1
28.67,83,2.75,1009,0.67,0.74,126.67,1.54,29.55,0.18,5.85,1
23.51,84,3.6,1013,0.5,0.5,107.4,0.39,29.67,0.19,0.01,1
28.24,54,5.66,1011,1.8,2.26,121.46,0.4,57.86,0.33,0.78,1
27.16,74,2.57,1011,5.56,6.83,147.5,0.76,72.4,0.94,0.34,2
22.19,94,3.6,1011,1.68,2.24,111.46,0.09,58.36,0.03,0.0,1
21.27,73,7.2,1014,6.04,28.2,106.18,0.19,82.37,0.59,0.0,2
21.75,64,10.29,1015,4.17,19.51,106.52,0.15,86.49,0.46,0.0,2
21.02,68,6.69,1014,5.39,24.75,106.89,0.17,89.78,0.63,0.0,2
27.53,85,3.6,1010,3.97,4.78,226.2,5.8,34.21,0.47,6.18,1
27.61,85,3.6,1010,3.97,4.78,226.2,5.8,34.21,0.47,6.18,1
10.76,87,3.09,1011,7.68,12.38,120.22,0.97,93.72,0.99,0.4,2
15.96,88,4.12,1010,7.6,14.13,119.04,0.52,95.32,0.65,0.07,2
17.76,63,2.57,1010,9.37,15.28,124.72,0.91,98.5,0.97,0.33,2
11.9,41,6.17,1017,3.56,4.9,120.37,1.34,95.65,0.38,9.31,2
11.89,40,3.6,1014,3.29,4.92,129.67,2.33,99.22,1.35,7.27,2
12.22,43,6.17,1012,4.41,6.35,134.45,3.07,83.79,1.82,12.95,2
7.27,73,8.05,1018,3.12,5.11,130.57,1.78,101.13,1.05,8.34,3
5.19,79,4.63,1020,1.63,4.74,131.56,1.57,94.59,0.92,5.65,2
6.77,69,2.16,1020,6.78,7.26,116.63,1.78,91.4,0.35,21.02,2
28.24,71,5.37,1010,10.74,28.6,113.56,0.38,50.16,0.09,2.13,2
22.85,85,7.31,1011,7.54,22.16,151.89,0.89,36.74,0.15,5.09,2
25.07,76,8.14,1009,12.67,41.98,150.3,0.99,40.24,0.14,5.11,2
4.15,81,3.6,1017,0.64,2.06,138.78,1.25,100.38,0.62,3.07,3
4.86,78,2.89,1019,1.38,5.37,141.46,1.12,89.24,0.49,5.58,2
4.48,83,3.68,1019,1.53,6.65,137.81,1.18,91.23,0.83,5.22,2
25.01,83,3.62,1013,2.22,4.48,118.3,1.53,34.25,0.75,0.03,1
29.0,70,2.57,1011,0.86,3.12,98.13,0.11,51.51,0.09,0.01,1
22.06,99,3.58,1012,8.99,12.48,175.2,3.96,65.68,1.14,21.11,2
28.71,70,2.57,1011,0.86,3.12,98.13,0.11,51.51,0.09,0.01,1
15.37,94,1.03,1016,4.21,5.12,114.6,3.64,47.41,0.15,0.82,1
16.93,100,3.09,1016,4.51,6.13,138.79,8.01,54.33,1.12,1.89,1
12.67,94,0.0,1018,9.05,25.31,119.8,5.22,69.67,0.92,2.31,2
13.53,90,0.86,1015,7.3,7.87,233.51,7.26,30.09,1.25,2.52,1
27.93,78,2.06,1010,10.59,35.84,87.26,0.46,48.53,0.27,0.0,2
17.95,52,3.09,1015,5.42,7.12,219.6,11.0,19.32,1.26,1.16,1
1.43,77,9.77,995,0.5,0.5,139.25,0.21,103.67,0.11,0.28,3
1.14,80,9.77,992,0.5,0.5,136.0,0.28,97.99,0.09,0.21,2
0.73,96,5.43,987,0.5,0.5,136.82,0.64,90.65,0.13,0.17,2
20.42,60,5.66,1011,20.5,74.31,125.9,1.51,89.02,3.56,11.75,3
16.9,82,4.63,1012,2.91,10.73,124.45,0.36,101.36,0.47,0.5,3
20.42,58,5.69,1011,20.5,74.31,125.9,1.51,89.02,3.56,11.75,3
16.98,88,5.14,1015,7.63,48.06,112.91,0.15,87.28,0.37,0.0,2
18.01,88,10.8,1014,9.47,57.95,111.62,0.25,82.7,0.64,0.0,3
17.91,85,6.27,1015,6.95,35.88,113.49,0.23,89.57,0.58,0.0,2
16.21,79,1.72,1013,13.82,29.69,183.63,2.37,38.49,0.28,10.79,2
23.46,64,2.55,1009,12.42,24.94,142.71,1.17,42.23,0.22,6.15,2
32.79,7,3.28,1005,20.45,78.05,100.94,0.32,68.39,0.08,1.14,3
15.07,80,4.12,1018,0.53,1.33,103.99,0.91,60.97,0.02,10.62,2
16.17,63,3.09,1018,6.06,12.97,125.02,0.86,112.28,0.93,0.52,3
14.54,81,1.54,1019,4.73,10.37,129.88,3.31,89.91,0.28,15.53,2
13.41,78,0.71,1016,13.77,24.28,361.37,4.36,21.25,0.38,13.25,2
19.06,77,2.24,1013,1.21,3.35,82.16,0.63,12.5,0.03,2.76,1
18.96,49,2.01,1011,13.59,24.36,235.44,3.21,30.79,0.4,17.37,2
0.44,81,9.83,994,0.5,0.5,139.21,0.34,100.4,0.15,0.41,3
0.44,80,9.83,994,0.5,0.5,139.08,0.31,101.07,0.15,0.48,3
0.15,70,12.96,998,0.5,0.5,137.9,0.29,102.18,0.2,1.04,3
29.94,79,3.6,1010,1.67,2.95,62.2,0.05,22.89,0.08,0.02,1
29.99,79,3.6,1010,1.67,2.95,62.2,0.05,22.89,0.08,0.02,1
29.83,66,3.6,1010,1.69,3.29,63.63,0.14,22.15,0.21,0.01,1
12.23,50,3.09,1021,18.76,21.45,187.28,4.88,91.35,1.53,15.2,2
14.62,86,2.69,1017,4.84,11.59,127.55,0.44,109.49,0.36,0.45,3
12.61,58,1.03,1019,5.4,6.74,121.96,1.64,65.8,0.18,11.27,2
27.01,89,1.03,1010,1.41,2.11,74.98,0.15,26.12,0.07,0.01,1
26.98,89,2.06,1010,2.29,3.63,76.58,0.06,28.14,0.08,0.0,1
21.42,96,0.44,1011,0.53,0.6,47.46,0.03,0.7,0.0,0.01,1
8.97,60,3.6,1023,15.12,18.76,147.97,17.16,82.84,7.03,1.35,2
8.22,83,3.09,1024,14.07,16.54,134.74,15.0,36.27,1.94,33.48,2
7.06,85,4.63,1024,33.83,34.66,146.21,9.07,54.56,1.09,3.73,3
6.08,70,5.14,1024,2.33,2.81,113.73,2.56,80.79,0.23,30.39,2
11.99,58,9.77,1016,10.62,11.2,121.55,3.38,102.3,1.74,56.53,3
9.33,63,4.45,1019,6.8,7.28,129.02,3.79,91.4,0.89,30.55,2
26.99,83,2.06,1011,1.16,1.5,103.05,0.06,11.27,0.03,0.02,1
26.99,83,2.06,1011,1.16,1.5,103.05,0.06,11.27,0.03,0.02,1
23.25,99,0.98,1011,0.72,0.82,99.97,0.07,9.78,0.03,0.01,1
10.61,62,3.6,1022,37.49,42.84,165.0,5.41,62.76,1.17,15.5,3
23.75,92,1.86,1010,0.62,1.27,87.3,0.53,17.51,0.08,0.08,1
29.23,84,5.66,1010,0.84,2.92,86.19,0.13,29.08,0.2,0.02,1
29.42,56,4.91,1008,0.71,1.79,114.25,1.3,18.84,0.23,1.22,1
16.67,89,7.2,1016,2.93,4.72,121.23,2.41,61.16,0.42,1.11,2
21.08,78,4.63,1008,26.36,115.04,114.13,1.41,86.83,1.91,0.0,4
21.02,78,4.63,1008,25.58,112.35,112.44,1.4,86.61,1.85,0.0,4
21.01,78,4.63,1009,26.36,115.04,114.13,1.41,86.83,1.91,0.0,4
26.04,83,2.06,1010,24.43,109.04,100.73,0.45,70.7,0.66,0.0,4
26.05,83,2.06,1010,24.43,109.04,100.73,0.45,70.7,0.66,0.0,4
22.71,89,1.3,1010,8.44,23.84,121.31,0.49,24.38,0.15,0.14,2
25.82,89,3.6,1013,2.47,4.75,118.16,1.94,37.82,0.86,0.0,1
25.94,89,3.6,1013,2.47,4.75,118.16,1.94,37.82,0.86,0.0,1
26.02,89,3.6,1013,2.47,4.75,118.16,1.94,37.82,0.86,0.0,1
26.16,85,2.21,1010,0.94,1.53,90.71,0.05,26.13,0.04,0.0,1
24.95,100,3.6,1011,0.67,1.1,99.71,0.05,23.82,0.02,0.01,1
21.18,98,0.61,1012,1.2,1.33,87.61,0.22,8.05,0.06,0.01,1
14.38,52,1.79,1013,5.57,7.08,127.25,2.04,90.75,1.61,1.88,2
14.41,62,1.34,1014,11.83,13.21,126.98,1.25,84.14,3.41,35.16,2
9.99,51,1.88,1015,10.83,21.03,136.41,0.64,125.81,1.33,1.37,3
24.91,65,8.23,1011,4.8,6.68,115.97,0.23,43.03,0.65,0.69,1
26.05,65,8.23,1012,4.13,6.02,108.26,0.19,42.23,0.42,0.35,1
23.42,65,8.23,1011,4.77,6.72,114.5,0.21,42.63,0.54,0.46,1
28.88,60,7.2,1013,2.9,14.48,122.02,0.07,57.71,0.18,0.01,1
28.43,61,7.2,1013,2.9,14.48,122.02,0.07,57.71,0.18,0.01,1
29.37,61,7.2,1013,2.93,14.63,121.93,0.07,57.8,0.18,0.01,1
24.06,78,1.54,1008,21.61,94.38,121.29,0.68,89.8,1.49,0.0,3
25.31,56,4.42,1007,26.22,98.75,131.74,0.41,70.05,0.5,0.05,3
25.12,63,3.88,1008,24.33,94.68,130.22,0.47,81.04,0.88,0.01,3
26.99,83,4.12,1010,0.53,0.57,106.37,0.53,7.14,0.11,0.03,1
25.37,91,2.49,1010,0.57,0.58,92.46,0.28,6.25,0.01,0.04,1
25.19,91,2.05,1011,0.63,0.67,101.97,0.29,7.77,0.04,0.07,1
23.32,82,3.58,1015,34.09,42.25,274.23,1.78,113.72,3.26,0.0,3
23.44,83,3.58,1015,34.09,42.25,274.23,1.78,113.72,3.26,0.0,3
23.61,85,3.6,1015,36.0,44.01,286.56,1.9,113.35,2.92,0.07,3
28.42,61,2.57,1011,6.43,7.9,107.66,0.4,39.16,3.44,1.14,1
31.69,70,6.69,1008,13.81,15.54,218.07,2.81,45.19,1.18,9.55,2
30.9,79,3.09,1008,11.78,12.94,191.32,1.51,65.51,0.48,3.34,2
8.82,87,2.06,1014,14.04,15.18,147.78,2.44,93.74,0.59,11.1,2
11.06,62,0.51,1016,16.06,17.55,153.73,4.47,111.21,2.81,3.68,3
14.68,72,1.68,1016,12.93,15.08,167.71,4.68,107.93,1.82,2.89,3
27.93,69,3.6,1011,0.87,2.43,99.41,0.23,46.23,0.15,0.1,1
27.43,69,3.6,1011,0.87,2.43,99.41,0.23,46.23,0.15,0.1,1
26.32,73,3.19,1011,2.06,3.21,112.25,0.3,52.19,0.15,0.83,1
14.75,49,4.02,1012,5.67,7.31,125.18,1.39,74.78,0.31,16.51,2
9.88,62,2.57,1011,3.63,5.69,122.22,1.53,62.72,0.26,18.73,2
10.04,65,3.85,1013,6.92,9.71,127.27,4.33,55.16,0.28,7.84,1
26.67,92,0.0,1010,37.26,39.25,554.3,1.87,80.51,1.05,0.82,3
26.68,94,1.54,1010,35.63,45.26,664.67,12.0,27.81,3.61,2.85,3
26.49,100,0.0,1010,37.26,39.25,554.3,1.87,80.51,1.05,0.82,3
11.94,68,0.51,1022,24.4,28.6,138.44,3.03,52.65,1.51,18.75,2
11.87,93,2.06,1022,1.34,3.0,123.95,0.47,99.11,0.34,0.2,2
9.97,93,1.4,1022,1.85,3.43,116.96,1.15,56.42,0.39,7.97,1
15.95,40,1.34,1010,17.95,45.73,104.75,1.37,105.58,1.43,16.17,3
16.41,64,0.51,1009,33.57,69.93,127.04,8.6,81.56,1.84,52.68,3
16.36,82,4.24,1010,47.9,64.24,157.29,5.49,98.22,4.87,11.36,3
9.88,76,2.57,1023,32.49,33.83,143.54,6.11,82.87,2.39,3.07,3
30.01,62,3.09,1007,34.79,93.56,121.82,0.5,62.8,1.4,0.0,3
29.03,39,2.06,1004,23.51,50.42,284.43,6.85,43.97,2.12,45.66,3
23.95,71,5.36,1010,17.35,23.04,261.8,6.53,40.13,1.27,5.61,2
18.95,94,4.63,1012,24.97,72.51,133.77,1.39,84.8,1.73,0.2,3
19.01,77,3.34,1013,41.09,124.5,213.83,2.5,106.97,2.65,2.3,4
15.85,67,1.03,1013,41.64,118.49,219.97,2.56,121.33,3.9,1.57,4
24.4,14,1.04,1015,11.25,16.69,189.66,7.5,65.3,2.4,11.01,2
21.08,37,4.12,1017,5.93,10.74,122.56,1.74,103.32,1.03,5.0,3
7.77,40,1.77,1015,14.61,15.07,190.06,7.69,65.45,1.2,18.95,2
7.81,76,4.63,1017,2.86,9.02,127.12,0.11,107.02,0.33,0.2,3
7.84,76,4.63,1017,2.86,9.02,127.12,0.11,107.02,0.33,0.2,3
7.93,76,4.63,1017,2.86,9.02,127.12,0.11,107.02,0.33,0.2,3
13.65,79,1.54,1018,6.15,9.12,130.82,0.38,122.97,0.6,1.16,3
14.69,77,0.45,1016,11.18,15.02,148.27,1.83,106.28,1.01,0.94,3
13.75,64,1.54,1018,6.78,11.3,133.13,0.44,123.56,0.65,0.91,3
11.59,67,3.6,1022,28.84,33.47,157.14,4.06,74.28,1.19,20.75,3
27.53,69,2.06,1012,1.28,4.46,97.12,0.27,51.41,0.24,0.0,1
24.79,83,2.06,1011,1.23,4.38,97.14,0.22,50.18,0.2,0.0,1
24.96,83,2.06,1011,1.23,4.38,97.14,0.22,50.18,0.2,0.0,1
20.05,30,3.6,1012,15.5,37.87,113.28,2.41,98.61,1.28,11.84,2
20.95,30,3.6,1012,17.05,39.98,124.1,3.74,94.95,1.88,13.24,2
16.08,53,2.57,1011,26.76,50.78,150.91,9.92,82.73,3.22,12.55,3
17.2,60,2.57,1022,4.65,10.7,167.91,12.5,105.04,7.52,0.68,3
16.55,65,2.57,1022,4.12,9.59,159.36,7.82,111.75,5.95,0.5,3
19.03,54,7.2,1018,4.07,11.0,151.35,1.12,110.27,1.13,0.4,3
15.77,94,0.5,1015,0.5,0.5,83.69,0.38,23.32,0.07,0.19,1
15.8,93,1.12,1013,7.82,11.46,373.79,2.93,18.7,0.27,5.25,1
25.23,88,1.54,1011,4.85,6.07,174.68,1.62,12.7,0.22,0.4,1
11.11,41,3.43,1017,3.63,3.96,95.46,1.53,89.79,0.41,7.28,2
10.51,66,3.0,1018,1.94,2.49,88.95,0.16,66.54,0.31,4.21,2
9.63,53,3.86,1018,1.82,2.5,99.62,0.95,62.93,0.22,4.67,2
27.89,67,3.06,1011,39.62,44.11,839.38,12.83,32.88,1.96,2.93,3
28.0,66,3.69,1011,7.69,12.08,270.8,2.67,48.43,0.79,1.11,1
28.06,70,2.28,1010,23.02,25.73,372.86,5.05,5.77,0.47,0.65,2
32.0,70,3.09,1007,0.5,0.56,76.08,0.01,6.12,0.01,0.0,1
26.33,77,2.71,1012,2.0,4.34,69.75,0.07,28.99,0.07,0.04,1
26.47,77,3.11,1011,2.22,4.55,70.09,0.08,30.3,0.07,0.06,1
27.78,72,2.69,1011,2.22,4.11,70.48,0.06,28.27,0.05,0.05,1
16.97,24,2.35,1014,45.91,51.79,205.0,0.86,101.25,0.71,1.2,3
20.94,17,3.62,1011,23.66,29.14,199.75,3.56,94.77,4.17,4.79,2
16.39,28,2.27,1014,50.16,55.76,204.04,0.33,107.99,0.46,0.0,4
14.76,58,0.51,1014,64.89,72.04,312.02,19.6,59.76,1.93,7.08,4
13.95,51,2.06,1015,8.12,9.34,154.74,1.4,117.66,1.48,0.0,3
14.95,58,0.51,1015,63.07,69.01,255.36,5.03,77.36,1.19,2.04,4
25.64,60,3.28,1012,50.58,115.15,144.15,0.63,105.29,0.55,0.0,4
26.0,58,1.34,1013,53.5,128.02,143.76,0.74,101.64,0.27,0.0,4
25.92,58,1.34,1012,53.5,128.02,143.76,0.74,101.64,0.27,0.0,4
29.01,65,3.09,1010,0.91,3.61,98.62,0.14,40.8,0.11,0.0,1
29.01,65,3.09,1010,0.91,3.61,98.62,0.14,40.8,0.11,0.0,1
9.28,71,2.0,1019,5.5,6.05,94.15,0.73,80.01,0.46,4.49,2
17.33,48,6.0,1014,4.01,7.18,135.3,3.24,74.76,0.51,8.39,2
1.05,80,4.0,1016,0.66,1.92,134.05,0.15,80.03,0.05,0.24,2
25.97,78,2.06,1011,36.59,38.42,972.44,14.92,3.62,1.15,8.93,3
24.8,74,2.78,1011,19.35,20.52,612.24,8.6,35.77,0.98,6.46,2
25.73,74,1.71,1012,21.01,21.49,382.96,2.06,32.99,0.25,1.04,2
22.63,69,3.09,1010,28.06,38.89,171.2,7.42,88.87,3.63,10.25,3
20.18,62,4.24,1009,25.49,36.83,191.04,5.58,91.04,5.87,22.4,3
22.96,67,1.92,1010,30.26,39.87,166.88,11.21,74.93,2.23,8.67,3
27.93,78,2.06,1012,1.96,5.15,116.12,0.32,19.82,0.21,0.02,1
26.86,85,2.06,1012,1.86,4.87,119.03,0.27,19.95,0.19,0.0,1
26.72,89,2.09,1008,0.5,0.72,95.41,1.33,19.19,0.68,0.0,1
26.71,89,2.35,1008,0.5,0.72,95.41,1.33,19.19,0.68,0.0,1
26.64,89,2.05,1008,0.5,0.72,95.41,1.33,19.19,0.68,0.0,1
26.41,83,2.1,1009,1.84,4.92,115.17,0.19,35.29,0.1,0.04,1
23.42,91,1.22,1010,3.01,9.52,108.57,0.44,34.01,0.25,0.08,1
26.38,86,1.66,1010,0.89,1.83,109.84,0.17,35.28,0.08,0.05,1
11.31,81,1.41,1020,2.05,2.87,96.05,1.57,28.58,0.27,0.36,1
10.48,83,0.6,1021,3.17,4.55,114.9,1.62,26.97,0.23,0.51,1
11.68,79,2.45,1020,0.93,1.18,80.25,0.84,34.1,0.15,0.2,1
6.03,82,2.57,998,0.62,0.98,128.93,1.45,98.8,0.82,2.53,2
5.18,70,3.6,1000,0.5,0.64,128.52,0.95,98.78,0.37,1.57,2
3.01,71,11.31,1005,0.5,0.5,134.6,1.91,93.71,0.35,0.13,2
5.86,65,0.45,1022,6.31,7.89,127.27,1.87,77.29,0.45,20.55,2
7.23,61,1.34,1022,6.11,7.66,124.65,1.74,68.85,0.3,19.66,2
7.36,59,3.06,1022,6.07,7.56,124.98,1.76,71.93,0.36,20.97,2
2.79,73,7.72,999,0.5,0.5,134.03,0.49,95.69,0.29,0.56,2
2.31,79,5.88,997,0.98,1.14,128.98,0.79,91.32,0.22,0.45,2
2.95,65,4.12,1005,0.5,0.5,135.45,0.44,102.42,0.26,0.0,3
16.94,51,7.72,1017,6.33,16.13,138.44,0.97,106.21,0.62,0.41,3
16.97,63,6.34,1017,5.27,10.5,124.93,0.22,125.75,0.84,1.07,3
15.91,61,3.88,1019,8.54,40.58,136.95,0.97,104.67,0.29,0.44,3
18.04,88,3.09,1013,9.55,17.32,120.08,1.58,103.84,3.01,0.32,3
14.23,100,0.0,1012,8.78,14.56,120.82,2.15,100.79,2.94,0.49,3
14.08,100,1.54,1013,2.73,4.96,98.5,1.43,51.2,0.12,0.63,1
14.61,82,2.06,1017,4.74,12.16,127.71,0.5,107.1,0.43,0.38,3
11.69,58,1.54,1009,6.03,8.34,136.37,1.64,74.85,0.6,6.46,2
9.52,62,3.54,1010,6.48,8.15,137.49,1.07,79.01,0.44,3.64,2
10.79,68,2.35,1009,7.02,9.62,136.82,2.62,45.89,0.19,6.2,1
12.88,71,2.06,1015,12.15,16.68,139.04,1.19,109.52,1.41,0.65,3
6.74,78,1.72,1016,11.2,14.72,135.98,1.92,108.18,2.15,0.95,3
7.48,93,0.0,1015,11.81,15.14,141.85,4.01,110.59,3.3,0.92,3
14.98,100,1.03,1017,2.43,4.67,104.78,0.83,16.0,0.06,0.33,1
24.0,94,2.57,1013,1.0,1.9,69.76,0.23,26.7,0.05,0.06,1
12.34,96,1.37,1019,0.66,0.93,73.07,0.33,27.52,0.02,0.13,1
29.98,74,5.14,1009,1.26,3.36,94.68,0.01,21.95,0.09,0.0,1
6.9,81,0.51,1016,6.97,8.81,116.8,2.01,61.46,0.91,20.29,2
6.31,72,1.58,1016,7.23,9.13,116.43,2.02,57.29,1.08,18.31,1
8.98,74,0.24,1016,7.74,9.14,109.46,1.17,68.23,1.66,30.89,2
35.3,29,4.63,1006,29.92,83.53,162.16,0.4,34.68,0.09,1.31,3
30.67,39,2.44,1007,5.61,13.41,145.32,0.49,26.51,0.05,2.58,1
33.24,32,1.77,1006,12.51,33.48,146.97,0.38,31.26,0.05,2.29,2
27.98,94,1.03,1010,12.96,21.06,293.02,4.28,36.45,0.48,1.63,2
27.83,57,4.92,1008,23.19,28.03,369.55,3.42,56.66,0.49,8.75,2
27.25,67,3.54,1009,27.75,37.75,559.63,10.06,26.61,1.14,7.95,3
3.07,81,2.0,1016,0.5,0.7,113.17,0.16,79.29,0.04,0.37,2
3.15,66,4.65,1024,0.5,0.5,110.81,0.36,66.21,0.03,0.66,2
3.38,89,2.71,1025,0.5,0.5,122.85,1.02,72.76,0.05,0.25,2
23.85,83,3.6,1014,39.82,47.53,311.23,2.15,112.6,2.24,0.19,3
23.96,83,3.6,1014,35.4,43.1,287.98,0.8,119.76,0.65,0.0,3
23.82,83,3.6,1014,35.4,43.1,287.98,0.8,119.76,0.65,0.0,3
27.08,65,7.72,1014,2.31,11.32,133.34,0.06,69.32,0.15,0.04,2
25.24,85,3.2,1013,1.9,4.41,114.92,0.79,26.21,0.39,0.01,1
25.43,86,2.89,1013,1.99,4.56,114.48,0.75,26.22,0.39,0.03,1
25.05,87,2.71,1013,1.99,4.56,114.48,0.75,26.22,0.39,0.03,1
18.96,81,7.9,1010,59.93,199.62,112.08,0.27,74.94,1.14,0.02,4
18.93,72,9.77,1012,11.24,56.09,110.51,0.88,79.84,1.54,0.0,3
32.52,16,4.79,1005,24.01,103.34,111.3,0.18,55.8,0.03,0.19,4
15.32,76,2.06,1019,14.69,16.01,125.02,0.2,114.95,6.0,0.0,3
15.2,76,2.06,1019,14.69,16.01,125.02,0.2,114.95,6.0,0.0,3
14.97,76,2.06,1019,14.69,16.01,125.02,0.2,114.95,6.0,0.0,3
24.68,91,2.65,1011,2.75,7.93,61.05,0.05,44.92,0.15,0.0,1
22.15,91,0.89,1011,2.93,8.77,61.09,0.04,45.56,0.15,0.0,1
23.1,91,0.89,1011,2.93,8.77,61.09,0.04,45.56,0.15,0.0,1
28.97,84,1.54,1007,0.5,0.5,99.92,0.03,15.13,0.01,0.0,1
20.11,88,3.6,1017,0.5,0.79,64.51,0.16,29.17,0.03,0.07,1
15.98,97,1.71,1017,0.85,1.49,68.15,0.25,30.98,0.08,0.06,1
16.62,92,1.09,1016,1.64,2.4,80.66,0.5,33.28,0.03,0.22,1
25.32,25,1.24,1006,10.05,13.48,139.81,2.07,85.2,1.92,3.59,2
17.06,67,6.69,1012,1.61,5.57,131.65,0.19,105.44,0.42,0.0,3
25.25,30,3.62,1007,9.28,12.41,132.7,1.39,88.41,1.81,2.15,2
25.29,88,0.51,1009,6.44,6.75,236.59,2.97,16.31,0.72,0.56,1
26.48,89,1.54,1009,4.27,5.22,128.39,3.03,8.02,1.76,1.49,1
25.51,88,0.51,1009,5.93,6.19,223.29,2.15,13.41,0.39,0.46,1
19.55,92,2.57,1016,9.96,12.96,144.11,1.99,17.82,0.41,0.33,1
19.97,94,2.57,1016,9.96,12.96,144.11,1.99,17.82,0.41,0.33,1
19.38,99,1.86,1014,1.93,4.08,66.3,0.12,23.66,0.03,0.04,1
21.68,84,8.12,1013,2.59,8.81,61.87,0.05,52.84,0.13,0.0,1
20.87,88,5.58,1014,2.59,8.81,61.87,0.05,52.84,0.13,0.0,1
22.75,92,4.62,1014,2.42,8.5,63.45,0.05,54.35,0.13,0.0,1
35.16,29,2.57,1006,15.27,51.22,139.01,0.4,45.49,0.1,1.04,3
30.73,23,3.07,1006,22.94,61.91,272.59,2.02,32.33,0.67,2.61,3
32.41,23,2.8,1006,68.88,138.16,1134.98,15.06,23.93,4.58,14.67,4
28.13,89,1.03,1010,0.74,2.86,91.73,0.06,26.68,0.09,0.07,1
27.75,45,4.28,1008,12.25,21.31,233.7,1.75,37.72,0.59,3.14,2
24.0,97,1.36,1010,2.33,7.96,139.23,0.89,24.85,0.4,0.95,1
28.75,52,5.81,1008,2.09,3.73,100.03,0.22,31.86,1.91,0.0,1
27.62,68,3.83,1009,2.07,3.59,99.81,0.19,34.13,0.17,0.0,1
30.63,51,5.81,1008,1.75,3.6,100.34,0.27,31.55,1.3,0.0,1
8.1,88,3.09,1024,14.04,16.57,163.15,14.65,79.12,3.12,21.58,2
7.3,81,2.57,1024,14.58,17.53,159.4,20.45,76.11,3.77,11.34,2
8.17,86,3.09,1024,13.73,16.42,150.05,10.27,85.25,2.74,21.78,2
1.5,53,2.84,1019,0.5,0.5,138.37,0.35,108.0,0.24,0.37,3
2.27,60,4.63,1022,0.7,3.32,135.71,0.39,109.56,0.58,0.01,3
0.53,90,0.45,1019,0.5,0.5,126.25,0.14,88.94,0.08,0.07,2
19.25,82,0.0,1010,84.24,101.02,617.16,6.33,72.77,5.28,9.68,5
21.32,41,2.81,1010,63.58,79.58,521.06,4.69,68.45,2.98,29.64,4
25.36,47,1.66,1006,91.29,110.06,606.44,6.13,74.55,5.93,23.14,5
18.54,52,1.54,1022,0.89,2.24,72.62,0.06,58.14,0.06,0.0,1
18.11,59,2.06,1017,1.82,4.38,74.11,0.32,51.07,0.08,0.13,1
15.22,83,8.23,1017,0.65,1.57,67.9,0.26,40.85,0.1,0.24,1
31.68,38,1.5,1008,39.35,122.51,109.81,0.77,60.75,0.59,0.29,4
31.18,41,1.74,1008,39.27,123.57,106.75,0.56,62.98,0.57,0.33,4
31.68,38,1.5,1008,39.71,123.92,109.09,0.63,64.01,0.64,0.31,4
28.69,74,1.54,1009,1.07,1.37,121.0,0.93,35.08,0.24,1.82,1
28.38,74,1.54,1009,1.46,1.8,136.78,1.26,34.71,0.25,1.81,1
28.59,74,1.54,1010,1.46,1.8,136.78,1.26,34.71,0.25,1.81,1
22.72,76,2.57,1012,6.91,22.07,76.66,0.07,55.89,0.39,0.0,2
21.1,78,2.57,1012,6.91,22.07,76.66,0.07,55.89,0.39,0.0,2
16.12,55,3.6,1016,11.48,19.84,84.41,0.61,67.32,1.37,0.0,2
29.9,62,2.57,1010,0.5,1.58,61.34,0.01,35.46,0.02,0.0,1
29.96,62,2.57,1010,0.5,1.55,61.66,0.01,34.93,0.02,0.0,1
29.8,62,2.57,1010,0.5,1.44,61.4,0.01,35.47,0.01,0.0,1
27.21,79,7.6,1011,2.98,17.6,61.68,0.05,52.04,0.2,0.0,1
28.05,64,1.88,1011,0.59,0.77,35.36,0.03,1.86,0.02,0.02,1
29.45,75,0.82,1010,1.73,1.84,66.14,0.11,18.22,2.39,0.0,1
30.81,67,1.34,1012,10.86,15.63,272.47,6.61,33.18,5.39,2.71,2
26.05,94,1.03,1011,10.41,12.03,337.19,7.24,23.71,1.46,11.9,2
30.77,69,1.03,1012,9.28,14.24,238.11,6.11,35.38,5.68,1.89,1
28.99,45,3.09,1005,30.72,62.05,567.2,11.19,23.32,2.16,37.23,3
26.09,89,2.57,1007,35.58,92.21,106.37,0.12,62.53,0.4,0.0,3
22.08,56,3.09,1008,8.62,25.75,220.22,3.86,40.26,0.34,37.09,2
5.85,83,5.14,1005,3.07,4.57,127.8,1.53,104.13,1.85,6.54,3
13.1,38,8.23,1010,6.19,8.09,126.04,1.97,78.05,0.88,6.82,2
10.18,56,14.4,1014,4.47,6.14,128.6,2.43,98.32,2.51,8.97,2
27.49,77,4.63,1012,0.74,2.69,103.66,0.18,37.64,0.1,0.0,1
27.16,77,4.63,1013,0.7,2.49,105.48,0.18,36.65,0.09,0.0,1
27.09,78,4.63,1012,0.5,1.52,107.15,0.17,36.76,0.07,0.0,1
18.96,46,3.78,1009,20.68,54.43,111.4,1.43,83.39,1.54,11.5,3
19.48,47,3.54,1009,18.03,49.01,107.02,0.93,76.26,1.13,6.46,2
18.81,46,3.62,1009,20.68,54.43,111.4,1.43,83.39,1.54,11.5,3
15.96,79,3.6,1016,6.51,17.14,118.74,4.46,105.84,3.04,0.21,3
13.73,94,1.03,1016,6.35,18.21,116.7,3.79,98.03,2.58,0.25,2
17.86,77,1.7,1017,5.99,16.47,117.86,3.3,94.52,2.18,0.34,2
24.12,93,1.97,1011,1.67,1.8,126.23,1.6,19.58,0.4,0.17,1
24.26,100,1.03,1011,7.19,7.98,267.42,4.07,12.46,0.31,0.3,1
24.04,93,1.97,1011,1.64,1.82,127.1,1.95,18.88,0.57,0.18,1
27.55,47,3.6,1011,24.26,96.07,155.59,8.49,65.1,6.72,0.28,3
27.76,46,3.6,1011,24.26,96.07,155.59,8.49,65.1,6.72,0.28,3
28.03,44,2.06,1011,24.09,91.65,158.88,7.9,68.39,5.51,0.34,3
25.81,73,6.69,1013,1.72,5.31,60.04,0.03,43.88,0.11,0.0,1
26.05,81,2.09,1012,1.71,5.57,59.87,0.04,43.6,0.11,0.0,1
24.82,83,5.66,1013,1.83,5.71,59.94,0.03,43.46,0.11,0.0,1
12.11,68,1.54,1012,6.51,8.3,121.47,1.25,51.72,0.39,4.21,1
12.58,59,1.54,1009,6.66,8.67,130.75,1.91,51.0,0.21,7.37,1
10.01,88,3.68,1013,10.43,12.36,137.62,3.31,57.65,1.0,1.43,2
12.54,61,3.09,1014,6.16,8.99,116.07,5.1,43.11,0.32,7.07,1
8.99,71,2.06,1016,10.32,14.66,151.92,5.21,75.08,3.78,21.52,2
14.78,47,1.58,1014,6.86,8.85,113.24,1.78,60.55,0.57,6.63,2
7.59,68,5.35,996,0.57,0.66,124.75,0.85,78.36,0.4,0.27,2
3.33,92,2.0,985,0.5,0.5,131.67,0.57,83.11,0.12,0.1,2
11.87,62,5.0,1016,2.77,3.53,128.04,0.33,79.33,0.21,0.7,2
18.18,88,2.06,1014,15.33,26.49,390.3,2.25,9.37,0.3,0.95,2
17.72,93,0.52,1015,7.39,12.98,264.74,2.64,18.56,0.72,3.85,1
14.97,98,0.76,1016,10.03,17.52,273.6,3.0,20.2,0.61,3.41,2
29.0,59,0.99,1008,38.58,73.69,107.56,4.15,86.57,5.1,0.0,3
22.62,66,7.73,1015,39.14,129.48,131.99,0.63,99.96,2.75,0.0,4
27.32,64,1.69,1008,49.33,84.25,131.33,4.56,73.2,15.42,0.0,3
30.48,65,1.78,1009,0.5,0.96,71.44,0.02,5.48,0.01,0.0,1
30.63,64,1.8,1009,0.5,0.96,71.44,0.02,5.48,0.01,0.0,1
29.98,67,2.02,1009,0.5,0.85,71.11,0.02,5.6,0.01,0.0,1
27.0,89,3.09,1008,0.5,0.77,69.1,0.04,16.55,0.01,0.0,1
31.44,8,7.87,1007,24.76,114.66,99.84,0.13,80.03,0.11,0.6,4
30.96,8,7.55,1007,23.5,109.23,99.92,0.13,81.52,0.11,0.63,4
30.98,8,7.56,1007,23.5,109.23,99.92,0.13,81.52,0.11,0.63,4
1.78,72,0.89,1008,0.5,0.5,137.58,0.49,105.74,0.19,0.3,3
3.63,51,3.6,1017,0.5,0.5,135.54,0.85,105.64,0.65,0.28,3
4.93,69,6.95,1016,0.52,1.25,137.38,1.38,102.38,0.68,2.24,3
27.57,90,1.54,1009,3.69,4.53,122.83,2.5,6.69,1.36,1.67,1
28.13,89,2.68,1009,3.69,4.53,122.83,2.5,6.69,1.36,1.67,1
28.22,89,2.68,1009,3.69,4.53,122.83,2.5,6.69,1.36,1.67,1
9.22,79,2.06,1016,15.53,17.11,153.68,3.64,77.08,0.91,4.9,2
8.88,82,1.03,1015,11.24,12.94,146.91,3.17,67.36,0.18,2.98,2
11.99,71,0.89,1015,13.91,15.55,153.62,3.54,87.52,0.7,4.55,2
13.19,51,4.12,1014,6.69,8.9,151.99,4.78,64.48,0.42,11.76,2
7.08,63,1.54,1009,6.97,9.73,135.26,2.21,84.31,1.21,13.33,2
13.95,49,4.12,1014,6.69,8.9,151.99,4.78,64.48,0.42,11.76,2
25.02,81,4.03,1010,11.47,59.24,102.56,0.41,60.24,0.42,0.0,3
23.71,78,0.31,1009,11.04,60.39,109.06,0.37,49.13,0.31,0.0,3
23.1,79,1.0,1009,11.37,54.06,114.95,0.48,42.87,0.29,0.17,3
20.7,90,4.12,1010,27.84,151.09,106.46,0.71,82.09,1.21,0.0,4
22.8,41,5.84,1008,40.59,176.93,136.35,1.54,70.84,1.23,0.7,4
20.67,90,4.12,1010,29.63,155.26,106.39,0.96,83.2,1.35,0.0,4
27.99,74,2.07,1009,0.5,0.69,69.35,0.07,16.15,0.01,0.05,1
19.92,78,1.67,1012,1.88,4.55,114.66,1.25,11.56,0.1,6.33,1
21.29,73,0.77,1012,0.85,3.16,79.53,0.36,14.74,0.03,1.72,1
25.95,94,1.03,1011,0.51,0.56,105.5,0.46,14.28,0.18,0.01,1
25.96,94,1.03,1011,0.58,0.66,106.76,0.27,12.6,0.1,0.02,1
22.35,89,1.02,1010,5.0,7.17,186.09,0.72,7.5,0.05,0.53,1
27.79,42,1.98,1007,1.3,2.08,110.77,0.14,15.68,0.01,0.8,1
19.43,95,1.37,1011,4.24,4.78,137.88,0.19,4.24,0.02,0.05,1
26.02,89,1.03,1011,2.26,3.92,89.4,0.04,22.93,0.06,0.0,1
25.6,79,5.14,1010,5.55,8.91,99.2,0.22,42.59,0.31,0.0,1
25.94,78,5.14,1011,5.55,8.91,99.2,0.22,42.59,0.31,0.0,1
29.04,77,2.87,1009,4.67,6.83,99.9,0.15,39.82,0.2,0.0,1
15.86,65,3.66,1013,11.82,34.68,108.13,1.3,56.29,0.92,9.6,2
13.42,58,2.6,1013,37.2,49.39,205.48,22.65,69.8,8.21,38.39,3
17.15,64,2.38,1011,14.15,30.64,127.18,4.19,71.73,5.18,54.11,2
15.34,70,2.57,1017,8.4,10.11,148.71,3.63,24.15,0.78,0.95,1
12.32,75,2.96,1019,10.05,11.65,142.79,3.57,27.69,0.95,0.59,2
24.75,82,3.6,1011,3.27,3.94,119.34,0.7,65.78,0.45,0.0,2
31.98,45,4.12,1006,22.94,59.49,224.82,1.22,33.35,0.27,2.1,3
27.75,52,1.93,1009,2.14,3.22,119.65,0.32,8.78,0.02,0.49,1
31.05,22,1.54,1007,12.92,38.45,130.85,0.29,27.12,0.03,0.57,2
29.06,84,4.12,1010,0.88,2.89,103.94,0.14,28.22,0.12,0.06,1
24.63,75,1.29,1010,1.57,2.95,123.46,1.75,20.13,0.3,0.86,1
26.23,68,2.11,1009,1.72,2.67,110.69,1.33,17.82,0.19,0.99,1
28.96,67,3.12,1010,7.11,11.09,153.83,1.83,36.28,0.41,1.98,1
32.25,59,2.57,1010,6.37,10.43,134.58,1.41,35.53,0.34,1.39,1
28.97,74,2.06,1010,7.83,11.78,175.15,2.35,36.12,0.51,2.32,1
14.06,72,0.0,1017,6.13,19.33,228.47,1.28,57.55,0.39,9.94,1
16.62,43,0.75,1017,2.48,3.61,99.59,0.42,61.61,0.38,8.26,2
15.42,43,3.56,1016,3.65,5.74,109.25,0.44,79.18,0.55,11.79,2
28.54,72,2.82,1012,0.5,0.56,80.23,0.66,26.6,0.13,0.13,1
26.53,84,1.87,1012,0.78,1.93,79.7,0.56,29.6,0.15,0.12,1
25.89,91,1.61,1013,1.08,3.42,65.56,0.16,34.62,0.11,0.05,1
16.92,59,8.23,1021,9.59,17.82,130.29,2.9,78.19,0.7,9.89,2
21.99,40,1.03,1011,20.62,93.32,133.69,0.46,78.41,0.26,4.35,3
12.97,67,10.29,1020,103.17,685.97,127.02,0.19,103.88,0.07,1.42,5
12.8,94,1.03,1018,16.41,26.16,126.62,1.66,72.19,1.07,0.86,2
16.08,67,1.54,1018,21.66,43.35,131.87,0.51,117.47,4.09,0.0,3
16.88,67,2.57,1018,21.07,32.92,124.89,0.65,106.74,2.89,0.0,3
31.18,66,6.69,1012,2.13,5.42,63.53,0.03,34.56,0.06,0.0,1
12.79,49,3.09,1014,36.84,41.8,191.65,10.54,57.6,4.64,36.39,3
6.8,66,0.75,1015,3.39,4.41,119.54,2.13,51.36,0.33,36.68,1
9.31,68,0.76,1014,8.93,11.32,118.0,2.7,42.54,0.41,13.07,1
24.59,90,1.54,1011,0.84,0.92,119.86,0.32,10.43,0.02,0.24,1
24.48,90,2.3,1011,0.87,0.94,123.98,0.56,10.29,0.02,0.3,1
24.45,90,2.3,1011,0.87,0.94,123.98,0.56,10.29,0.02,0.3,1
21.7,19,1.16,1015,6.8,8.89,319.66,11.04,16.79,3.01,5.55,1
22.8,45,0.51,1015,6.8,8.89,319.66,11.04,16.79,3.01,5.55,1
22.28,83,3.09,1015,24.49,31.58,248.67,10.84,75.2,32.19,0.54,2
23.38,95,2.53,1011,1.48,1.87,74.08,0.28,7.02,0.01,0.06,1
20.38,82,2.32,1012,1.32,1.97,98.45,0.78,21.99,0.05,0.2,1
17.04,96,2.52,1014,0.5,0.94,79.31,0.34,15.14,0.02,0.11,1
11.2,68,0.45,1004,3.81,5.12,123.15,0.7,83.91,1.06,4.27,2
7.78,71,4.97,1009,2.34,3.78,143.15,2.51,71.71,4.33,3.39,2
11.63,72,5.08,1012,13.69,16.24,144.17,0.65,94.08,0.59,0.68,2
18.54,93,1.6,1012,6.22,7.79,168.0,2.83,22.02,0.16,5.09,1
18.39,94,1.47,1012,6.22,7.79,168.0,2.83,22.02,0.16,5.09,1
18.48,96,1.37,1012,5.32,6.12,155.35,2.26,28.29,0.12,4.76,1
5.36,91,6.17,1017,1.04,1.88,140.31,1.36,88.87,0.53,0.08,2
16.02,71,5.14,1011,1.24,2.96,129.26,0.26,106.54,0.4,0.0,3
5.21,92,7.2,1017,1.04,2.04,138.31,1.02,89.03,0.5,0.07,2
17.66,94,1.54,1012,3.1,7.4,76.04,0.12,53.39,0.11,0.0,1
20.35,86,0.0,1012,9.73,12.57,180.67,3.38,35.1,0.27,0.68,1
19.86,81,1.75,1012,16.5,20.48,209.76,2.92,26.09,0.3,0.26,2
19.33,32,2.36,1014,3.3,7.13,127.35,0.5,109.23,0.39,8.15,3
15.75,47,2.6,1017,2.25,2.87,94.56,0.14,66.63,0.36,6.04,2
18.38,46,2.12,1016,3.02,4.39,111.83,0.94,68.98,0.46,11.56,2
26.93,89,1.54,1012,1.95,6.04,133.42,0.62,19.0,0.37,0.04,1
26.78,89,1.54,1012,1.88,5.87,131.87,0.51,18.05,0.35,0.03,1
22.3,90,2.06,1012,2.68,2.87,191.57,2.19,14.69,0.12,5.74,1
28.5,67,1.23,1009,1.79,1.82,148.69,2.31,32.47,0.04,8.74,1
25.29,85,0.92,1011,2.34,2.44,180.34,1.37,16.67,0.08,4.81,1
26.75,78,2.57,1012,0.9,3.31,110.21,0.23,41.16,0.12,0.0,1
27.85,78,4.63,1012,0.56,2.2,110.51,0.21,40.51,0.09,0.0,1
28.01,78,3.6,1011,21.91,30.91,678.75,11.75,27.94,2.8,6.29,2
23.0,86,2.39,1013,73.37,78.39,697.67,9.56,12.45,2.51,43.19,4
23.99,83,2.06,1012,67.96,76.22,636.85,10.79,71.76,4.26,58.29,4
30.1,79,1.03,1011,1.21,2.58,65.8,0.05,19.16,0.18,0.0,1
29.95,74,9.58,1009,2.13,10.85,61.49,0.01,44.89,0.07,0.0,1
6.77,76,0.0,1015,7.96,10.8,127.14,3.22,63.95,1.11,22.55,2
9.83,67,1.47,1016,10.07,14.09,138.85,5.58,60.31,1.12,24.14,2
7.72,75,1.52,1016,8.13,11.4,133.18,4.55,61.6,1.2,20.9,2
18.62,29,0.42,1014,17.84,37.39,112.13,1.8,50.89,2.97,3.05,2
27.7,73,7.31,1009,31.9,58.43,121.0,0.69,78.31,0.9,0.0,3
21.17,66,3.5,1012,29.51,52.86,124.51,1.73,74.11,2.44,0.01,3
25.89,89,2.06,1011,2.9,7.0,72.94,0.06,27.52,0.13,0.07,1
25.84,89,2.06,1011,2.9,7.0,72.94,0.06,27.52,0.13,0.07,1
25.76,89,2.06,1011,2.9,7.0,72.94,0.06,27.52,0.13,0.07,1
9.12,96,0.0,1020,4.3,6.11,150.56,4.38,16.02,0.82,0.37,1
16.49,78,6.17,1012,1.69,6.95,63.87,0.1,54.06,0.27,0.0,1
22.52,68,2.73,1013,22.17,31.02,245.51,5.27,42.16,3.85,0.62,2
15.14,88,1.03,1016,2.97,3.82,83.96,0.63,23.01,0.07,0.37,1
18.11,77,1.55,1015,1.28,2.34,84.06,0.47,29.32,0.27,0.22,1
17.53,85,0.89,1016,1.09,1.79,77.61,0.37,29.85,0.24,0.18,1
15.46,89,0.94,1019,0.92,1.89,74.5,0.47,37.6,0.18,0.14,1
13.04,96,2.56,1019,0.95,1.77,71.28,0.42,28.22,0.14,0.08,1
13.06,97,1.3,1019,0.98,1.98,75.1,0.52,36.18,0.18,0.14,1
12.11,89,0.45,1021,4.26,8.73,117.46,3.43,66.59,0.28,18.92,2
12.33,89,0.45,1021,4.26,8.73,117.46,3.43,66.59,0.28,18.92,2
29.84,57,4.89,1007,13.85,61.92,118.27,3.78,76.98,1.03,0.44,3
29.02,34,3.09,1007,21.23,113.16,111.36,0.64,78.09,0.17,0.17,4
30.0,48,3.09,1006,12.92,54.27,118.57,4.01,76.57,1.23,0.59,3
15.03,56,0.34,1011,2.63,4.52,195.76,1.44,45.9,0.06,1.73,1
15.22,57,2.11,1011,58.61,235.0,142.13,0.37,85.43,0.06,0.91,5
21.2,45,2.46,1012,4.49,17.28,110.96,0.27,56.56,0.02,0.59,1
25.1,83,1.54,1015,1.54,2.97,108.74,1.14,42.19,0.47,0.0,1
10.51,82,1.54,1018,15.49,18.96,142.32,2.48,123.88,1.89,2.91,3
11.23,72,1.11,1018,13.39,16.83,153.46,4.06,123.67,2.52,1.86,3
13.75,61,2.22,1018,12.43,16.74,153.37,2.59,121.79,2.11,1.24,3
13.09,72,0.51,1013,5.01,5.93,133.51,2.28,99.07,1.01,58.21,2
3.84,100,2.06,1013,4.21,5.19,122.31,2.17,53.6,0.28,16.83,1
8.43,76,2.34,1013,3.75,4.52,121.85,2.29,50.14,0.18,11.25,1
25.0,88,3.09,1012,10.18,31.16,75.33,0.03,38.27,0.28,0.0,2
16.92,100,2.06,1017,18.3,76.34,76.25,0.33,24.58,0.08,0.16,3
17.89,94,1.54,1016,0.96,1.17,90.86,0.83,21.33,0.04,0.11,1
10.88,46,5.66,1013,15.44,60.26,64.2,0.26,44.68,0.06,0.11,3
13.12,41,4.12,1022,2.93,15.11,75.27,0.92,46.12,0.04,0.2,1
12.21,37,6.17,1019,3.37,18.98,75.18,0.56,50.44,0.06,0.21,1
7.8,62,0.51,1024,5.02,7.66,173.02,7.49,50.48,0.66,12.68,1
8.49,67,0.51,1024,4.39,6.79,137.75,3.96,73.17,0.46,7.42,2
6.72,55,3.6,1024,6.75,8.48,146.66,5.23,67.77,0.53,19.97,2
19.04,66,3.6,1025,5.13,7.62,75.8,2.41,22.72,1.42,0.18,1
16.3,84,0.51,1025,1.82,4.15,63.48,0.21,40.0,0.18,0.0,1
21.55,79,4.12,1022,0.5,0.64,61.78,0.21,40.43,0.04,0.02,1
27.8,84,7.2,1011,2.36,3.26,146.92,2.17,52.51,1.95,0.65,1
27.77,84,7.2,1011,2.36,3.26,146.92,2.17,52.51,1.95,0.65,1
27.64,85,7.2,1011,2.36,3.26,146.92,2.17,52.51,1.95,0.65,1
13.03,94,7.2,1011,4.59,9.45,127.88,0.36,87.48,0.24,2.03,2
12.92,85,8.29,1010,4.74,10.07,130.75,1.23,60.24,0.15,4.57,2
9.48,87,2.06,1013,2.06,4.13,91.19,0.88,55.24,0.06,15.27,1
6.95,76,2.57,1024,7.18,8.75,131.23,1.66,78.34,0.88,5.6,2
5.74,75,2.57,1024,9.97,12.1,134.32,2.7,78.44,0.94,28.16,2
5.02,86,0.43,1024,7.54,9.37,132.12,2.49,63.46,0.7,10.77,2
27.27,78,3.6,1015,2.62,13.91,104.19,0.05,27.32,0.19,0.0,1
20.99,94,3.09,1006,12.22,34.05,142.61,1.02,37.34,0.86,1.98,2
25.91,89,3.6,1007,14.19,31.74,131.87,0.05,51.18,0.14,0.27,2
21.0,94,3.09,1005,12.38,32.8,145.4,1.37,36.25,1.11,2.34,2
7.74,71,1.03,1024,17.31,19.85,163.87,4.75,81.46,1.15,26.06,2
9.19,79,2.57,1024,16.71,19.86,178.18,10.1,79.36,1.87,28.41,2
7.16,90,2.32,1024,20.43,23.96,191.29,9.28,77.83,1.54,27.65,2
31.69,42,3.14,1010,4.17,8.36,157.66,1.34,27.27,0.11,1.64,1
29.03,52,2.16,1011,1.16,1.85,130.64,0.89,22.06,0.07,1.47,1
31.36,42,0.23,1010,3.42,6.24,161.82,1.03,28.92,0.14,1.73,1
9.83,32,2.06,1022,5.14,6.44,116.85,0.76,86.92,1.39,3.75,2
16.11,31,5.14,1021,11.36,13.05,120.53,1.16,77.97,0.96,24.64,2
9.96,50,2.06,1022,4.05,5.41,127.73,0.89,99.68,0.88,3.37,2
25.98,65,2.06,1009,30.81,117.19,180.2,5.54,52.8,3.88,0.03,4
25.97,65,2.06,1009,34.3,130.05,186.91,6.98,52.21,5.04,0.02,4
25.79,61,5.83,1009,36.37,150.29,169.26,5.2,56.89,4.46,0.01,4
21.88,88,0.51,1014,1.84,2.93,103.95,0.81,13.83,0.12,0.67,1
15.43,97,1.46,1015,2.02,3.01,134.92,1.3,27.64,0.19,1.5,1
14.64,97,0.94,1015,7.03,10.49,257.34,3.32,26.73,0.63,3.87,1
25.99,83,1.03,1011,0.51,1.22,90.57,0.07,25.73,0.04,0.05,1
25.92,83,1.03,1011,0.5,1.2,89.42,0.06,26.17,0.04,0.05,1
25.9,80,1.76,1011,0.51,1.23,89.47,0.07,25.84,0.04,0.05,1
28.03,89,1.54,1009,4.33,4.95,145.19,0.6,12.63,0.13,1.46,1
27.99,89,1.54,1009,4.33,4.95,145.19,0.6,12.63,0.13,1.46,1
28.0,89,1.54,1009,3.6,4.12,126.61,0.38,9.38,0.08,0.91,1
10.99,57,3.09,1016,3.22,6.35,64.01,0.72,42.33,0.14,0.14,1
20.01,94,4.63,1012,0.63,0.77,83.72,0.23,10.25,0.03,0.45,1
20.84,37,2.06,1013,2.1,3.35,73.15,1.46,41.51,0.38,0.73,1
24.85,65,1.03,1013,41.5,48.84,239.42,2.04,67.57,0.68,0.23,3
27.78,66,2.57,1011,60.5,82.95,334.7,1.42,211.32,5.41,0.92,5
20.44,83,0.0,1016,6.88,8.04,140.35,9.19,29.44,0.65,3.32,1
24.99,73,3.6,1013,1.4,4.3,107.68,0.11,68.6,0.09,0.0,2
24.96,73,4.12,1012,1.09,3.33,110.09,0.48,71.63,0.22,0.02,2
24.97,73,4.12,1012,1.09,3.33,110.09,0.48,71.63,0.22,0.02,2
6.61,92,1.54,1013,16.25,17.08,417.38,3.04,62.27,1.44,3.83,2
20.4,79,1.8,1007,24.49,26.25,389.13,3.67,26.59,3.18,7.37,2
16.25,85,1.53,1009,15.59,16.41,395.88,3.01,54.91,2.55,3.67,2
18.06,67,1.18,1016,2.6,5.01,82.43,1.59,22.85,0.18,0.06,1
18.98,68,1.47,1016,1.94,2.48,74.11,0.94,16.16,0.13,0.22,1
17.95,67,1.21,1016,2.6,5.01,82.43,1.59,22.85,0.18,0.06,1
0.25,61,9.16,1012,0.5,0.5,139.26,0.46,83.71,0.3,2.42,2
0.99,75,9.0,1009,0.5,0.5,136.69,0.38,95.19,0.61,2.0,2
1.0,65,6.24,1019,0.73,1.15,144.83,1.77,75.55,0.98,7.01,2
29.45,1,3.09,1009,5.51,11.36,106.22,0.23,33.58,0.15,0.2,1
28.51,82,6.73,1009,5.59,11.36,105.69,0.22,36.44,0.19,0.14,1
29.37,65,4.44,1009,4.01,8.14,107.25,0.31,44.04,0.25,0.83,1
13.73,40,1.54,1022,14.94,16.42,234.39,11.05,99.82,2.71,1.33,2
16.85,36,2.06,1022,1.45,1.97,135.64,1.92,84.39,0.32,0.55,2
-1.77,66,5.14,1019,1.5,1.55,118.95,0.37,89.55,0.16,0.87,2
26.2,83,5.14,1012,3.23,4.25,137.04,0.48,3.99,0.08,0.24,1
15.72,92,1.47,1016,1.67,2.4,82.04,0.35,15.32,0.23,0.07,1
21.54,89,0.76,1011,1.81,3.45,99.48,0.25,3.06,0.02,0.06,1
26.1,83,1.54,1011,0.5,0.5,60.52,0.01,0.51,0.0,0.04,1
25.96,83,1.54,1011,0.5,0.5,60.52,0.01,0.51,0.0,0.04,1
25.72,83,1.54,1011,0.5,0.5,64.4,0.02,0.65,0.0,0.08,1
26.2,83,1.03,1012,3.23,4.25,137.04,0.48,3.99,0.08,0.24,1
25.04,100,0.51,1011,3.8,4.95,103.15,0.32,34.97,0.04,0.01,1
21.97,96,1.04,1012,6.75,8.65,170.57,1.67,29.11,0.36,0.55,1
7.57,65,1.54,1022,15.32,16.3,130.82,2.19,111.36,1.49,16.89,3
11.19,62,1.03,1021,11.84,14.07,137.29,3.45,53.68,0.39,13.76,2
9.59,59,1.54,1022,17.2,19.13,158.71,5.27,77.74,1.76,12.77,2
27.72,94,2.06,1012,0.5,0.99,81.0,0.18,26.54,0.08,0.02,1
27.31,94,2.06,1012,0.5,1.06,81.08,0.18,26.43,0.08,0.02,1
26.19,78,3.09,1012,1.0,2.57,95.96,0.66,15.66,0.14,0.33,1
17.44,40,5.66,1017,2.98,4.66,107.25,2.75,48.62,0.2,1.06,1
16.72,40,0.42,1017,5.98,7.84,137.72,4.65,48.09,0.39,1.79,1
16.46,39,5.66,1017,2.98,4.66,107.25,2.75,48.62,0.2,1.06,1
24.95,100,0.0,1012,0.5,0.5,102.43,0.05,23.47,0.01,0.04,1
21.74,94,0.0,1013,1.52,1.68,85.92,0.44,1.84,0.03,0.03,1
18.54,91,0.49,1015,6.85,8.99,173.17,0.94,3.02,0.13,0.52,1
19.92,68,4.0,1013,79.76,103.68,393.91,20.6,33.29,11.35,3.26,5
17.94,32,8.41,1011,109.86,152.67,488.47,16.38,28.25,8.74,18.47,5
23.81,83,2.33,1013,13.58,18.99,230.78,0.77,95.64,0.4,0.03,2
15.05,72,0.29,1015,37.39,38.16,212.95,5.15,48.2,2.01,12.96,3
28.03,54,2.57,1012,2.94,3.38,108.76,1.86,12.64,0.37,3.85,1
18.34,89,4.92,1014,3.74,4.16,110.1,1.23,11.28,1.4,1.34,1
21.95,85,1.03,1014,0.5,0.66,106.64,0.29,30.92,0.16,0.03,1
29.93,79,3.6,1009,1.43,1.64,126.71,1.12,40.04,0.19,6.84,1
23.46,81,1.03,1013,0.5,0.65,105.64,0.34,30.77,0.19,0.02,1
29.24,54,4.63,1012,2.47,3.11,119.13,0.21,53.23,0.23,0.28,1
28.16,65,2.57,1013,4.59,6.25,132.97,0.52,64.95,0.54,0.21,2
27.19,74,4.63,1012,2.67,3.19,113.86,0.06,50.68,0.03,0.01,1
22.27,68,4.63,1016,5.79,26.61,104.52,0.17,73.03,0.54,0.0,2
21.75,68,8.75,1017,4.04,18.82,104.11,0.12,74.69,0.43,0.0,2
21.02,73,6.69,1016,4.57,21.51,105.36,0.16,70.06,0.58,0.0,2
28.08,83,4.12,1012,5.49,6.1,196.64,2.51,45.44,0.56,0.84,1
28.16,83,4.12,1012,5.49,6.1,196.64,2.51,45.44,0.56,0.84,1
13.76,100,0.0,1011,2.1,5.2,122.63,0.23,107.99,0.23,0.05,3
17.96,82,4.63,1011,1.42,2.89,120.75,0.18,107.0,0.15,0.0,3
16.27,89,1.54,1011,2.04,4.72,122.0,0.26,108.62,0.25,0.04,3
5.19,63,1.54,1025,6.71,8.94,156.72,5.1,71.22,1.48,13.25,2
5.54,59,1.54,1025,4.67,7.53,241.71,13.89,56.85,2.93,14.58,1
2.82,69,1.03,1025,2.32,3.94,151.4,3.76,69.98,1.12,18.54,2
5.56,61,1.03,1025,4.72,6.77,168.56,9.95,44.61,0.63,28.53,1
3.45,89,1.79,1025,6.65,11.63,169.77,9.86,50.47,0.87,16.02,1
5.51,75,0.51,1023,14.33,15.48,148.41,3.32,105.35,0.86,37.03,3
28.23,73,4.36,1009,15.49,37.12,127.77,0.54,47.91,0.1,3.34,2
22.94,84,6.36,1010,10.87,25.12,196.98,1.4,36.0,0.22,7.58,2
25.06,77,6.32,1009,13.26,33.31,190.96,1.42,37.84,0.18,7.53,2
5.08,78,3.09,1024,3.43,4.99,147.32,4.37,91.78,1.36,5.43,2
2.64,83,2.88,1024,1.41,3.14,141.51,1.7,92.38,0.36,6.76,2
3.12,86,3.06,1025,2.0,4.53,142.13,3.24,74.57,0.43,8.43,2
23.01,82,4.36,1015,2.79,12.03,103.5,1.35,33.87,1.06,0.02,1
27.38,77,3.09,1013,0.82,3.12,95.82,0.14,36.97,0.09,0.0,1
22.65,99,4.47,1013,2.71,5.02,150.39,4.77,39.04,1.07,19.12,1
27.71,74,3.09,1013,0.82,3.12,95.82,0.14,36.97,0.09,0.0,1
16.37,94,1.03,1016,2.4,3.94,120.08,4.79,46.36,0.24,0.52,1
16.93,94,3.6,1016,5.96,10.66,126.96,4.22,55.5,0.38,0.65,1
13.67,82,2.06,1019,15.22,81.55,112.71,3.96,63.97,0.41,0.66,3
12.53,91,0.79,1015,7.62,8.04,232.47,6.76,40.25,1.24,2.38,1
29.93,66,2.06,1010,9.6,25.19,92.06,0.5,48.82,0.26,0.01,2
16.95,72,3.6,1016,5.84,6.78,240.5,10.71,17.86,1.25,1.14,1
3.19,70,5.66,1010,0.5,0.5,139.78,0.3,90.74,0.18,0.25,2
1.14,64,4.63,1007,0.5,0.5,139.27,0.33,86.79,0.15,0.35,2
1.49,82,7.37,1004,0.5,0.51,140.22,0.63,87.92,0.28,0.56,2
20.42,49,3.09,1012,10.4,47.88,121.98,1.49,89.65,1.02,20.48,2
15.9,88,6.17,1012,4.28,11.73,121.93,0.25,105.1,0.32,0.34,3
20.42,55,5.42,1013,10.4,47.88,121.98,1.49,89.65,1.02,20.48,2
18.98,68,5.66,1015,7.79,46.39,111.09,0.16,84.88,0.23,0.0,2
18.01,82,5.66,1016,4.09,20.85,110.24,0.23,87.75,0.58,0.0,2
18.62,81,3.4,1015,1.88,7.42,112.36,0.2,95.79,0.39,0.0,2
17.35,63,0.51,1013,11.41,21.21,203.79,3.17,30.03,0.29,14.15,2
23.82,54,1.8,1010,11.83,22.47,134.5,1.28,35.75,0.16,8.0,2
29.15,48,2.13,1007,15.04,33.06,114.81,0.27,50.65,0.09,1.5,2
18.19,44,2.57,1018,1.23,2.52,106.73,0.87,82.7,0.02,8.85,2
17.88,55,0.51,1019,6.76,12.26,122.61,0.95,112.49,1.02,0.24,3
14.28,83,1.03,1019,4.7,10.12,126.07,3.25,81.88,0.26,12.81,2
14.49,72,2.06,1015,13.54,22.09,475.42,5.48,12.75,0.47,14.19,2
18.26,81,1.66,1013,0.76,2.53,83.08,0.44,18.13,0.03,1.55,1
17.85,70,2.17,1012,19.31,47.02,256.67,3.64,29.72,0.45,17.45,2
1.45,58,5.66,1010,0.5,0.5,140.38,0.75,86.78,0.38,0.61,2
1.4,60,5.36,1010,0.5,0.5,139.82,0.7,86.46,0.35,0.66,2
0.44,63,6.26,1013,0.5,0.5,141.55,0.83,80.25,0.44,1.56,2
29.94,79,3.6,1010,1.26,2.64,63.73,0.11,26.01,0.1,0.1,1
29.99,79,3.6,1010,1.26,2.64,63.73,0.11,26.01,0.1,0.1,1
28.83,70,0.0,1011,1.14,2.74,63.13,0.06,23.06,0.04,0.01,1
13.37,59,3.6,1022,13.02,14.96,165.91,4.65,67.72,0.68,18.45,2
16.25,87,1.48,1019,7.72,14.27,134.53,0.64,104.82,0.42,0.52,3
11.84,70,2.06,1020,7.91,9.55,128.29,2.34,67.15,0.46,19.14,2
25.01,94,2.06,1011,1.04,1.52,77.84,0.28,19.06,0.1,0.07,1
24.98,94,1.03,1010,0.85,1.45,74.8,0.1,25.13,0.04,0.0,1
21.12,95,0.66,1012,0.54,0.62,50.06,0.05,0.91,0.01,0.03,1
9.92,81,3.09,1025,10.98,14.93,138.55,7.58,103.76,4.26,1.75,3
11.67,72,2.06,1025,15.84,17.91,134.5,13.23,46.97,2.42,38.03,2
8.66,84,3.09,1025,9.24,10.37,133.17,2.72,78.01,0.69,2.2,2
9.08,81,1.03,1014,2.18,3.39,101.68,2.85,50.48,0.15,16.68,1
12.99,88,0.51,1014,4.21,5.47,103.19,3.21,70.85,0.85,35.17,2
11.33,75,1.37,1013,6.15,7.46,119.71,3.96,83.07,0.91,24.97,2
25.99,89,2.06,1012,1.01,2.75,115.89,0.06,9.78,0.03,0.05,1
25.99,89,2.06,1012,1.01,2.75,115.89,0.06,9.78,0.03,0.05,1
23.36,94,1.21,1012,1.0,2.15,101.46,0.07,6.79,0.04,0.05,1
10.61,81,2.57,1023,37.39,42.31,161.26,4.99,64.68,1.11,12.53,3
23.4,95,1.51,1012,1.38,2.28,99.14,0.8,12.01,0.2,0.09,1
26.23,89,3.6,1011,0.69,1.6,82.9,0.23,29.77,0.46,0.01,1
28.07,65,3.73,1011,1.0,1.68,133.84,1.65,19.85,0.21,2.05,1
16.67,93,6.17,1016,5.8,11.51,127.16,1.47,78.69,0.58,1.2,2
19.94,85,7.81,1012,19.58,114.32,107.13,1.17,69.97,1.22,0.0,4
20.54,80,7.17,1012,18.81,108.74,106.61,1.19,69.0,1.17,0.0,4
19.81,86,8.17,1012,19.58,114.32,107.13,1.17,69.97,1.22,0.0,4
24.8,78,2.89,1012,18.41,73.06,100.0,0.46,69.07,0.56,0.0,3
24.82,78,2.95,1012,18.41,73.06,100.0,0.46,69.07,0.56,0.0,3
22.76,94,1.05,1013,1.74,2.69,130.07,0.5,14.44,0.1,0.16,1
24.82,94,1.03,1015,2.56,7.52,106.71,1.67,38.35,0.95,0.0,1
24.94,94,1.03,1015,2.56,7.52,106.71,1.67,38.35,0.95,0.0,1
25.02,94,1.03,1015,2.56,7.52,106.71,1.67,38.35,0.95,0.0,1
25.66,86,1.35,1011,1.72,2.68,132.68,0.54,20.3,0.33,0.15,1
25.95,100,2.57,1012,0.59,0.85,99.19,0.05,22.33,0.02,0.02,1
19.5,99,0.59,1013,1.12,1.3,74.97,0.06,1.66,0.01,0.02,1
16.48,57,0.45,1016,7.98,12.35,121.6,1.43,87.01,1.15,2.15,2
14.22,77,3.09,1017,20.56,22.06,119.97,1.35,87.12,7.13,34.86,2
12.99,56,0.36,1018,10.33,18.05,135.76,0.65,121.53,1.33,1.53,3
21.42,90,4.92,1011,3.48,6.12,119.4,0.26,34.93,0.63,1.2,1
21.37,91,4.92,1012,3.33,5.69,113.71,0.19,35.92,0.38,0.6,1
18.28,84,4.92,1011,3.26,5.61,118.49,0.22,34.99,0.5,0.81,1
28.88,75,5.66,1011,1.97,4.47,114.06,0.07,26.3,0.1,0.0,1
28.43,77,5.66,1011,1.97,4.47,114.06,0.07,26.3,0.1,0.0,1
29.4,75,5.66,1011,2.1,4.29,115.61,0.08,29.25,0.1,0.0,1
23.06,83,1.54,1012,37.8,147.72,107.47,0.45,82.24,0.9,0.0,4
24.66,62,3.29,1011,40.81,137.24,110.22,0.35,71.33,0.45,0.0,4
24.82,62,2.97,1011,41.34,146.47,110.69,0.35,79.48,0.66,0.0,4
26.99,89,2.06,1012,0.76,0.88,101.78,0.24,4.62,0.05,0.04,1
24.01,91,1.85,1012,0.5,0.5,94.56,0.27,5.67,0.01,0.04,1
24.59,90,1.4,1012,0.8,0.95,100.55,0.23,6.54,0.06,0.11,1
23.99,79,4.02,1013,13.09,18.2,228.83,0.9,96.1,0.44,0.05,2
24.1,80,4.02,1013,13.09,18.2,228.83,0.9,96.1,0.44,0.05,2
24.14,80,4.12,1013,11.62,15.89,225.06,0.93,94.46,0.53,0.07,2
26.92,65,2.06,1012,5.72,7.06,114.7,0.54,41.56,3.54,1.65,1
30.69,74,7.72,1009,16.03,18.79,267.09,3.38,72.35,1.19,23.86,2
29.9,79,4.12,1009,8.91,10.19,175.05,1.62,71.34,0.46,3.2,2
14.38,38,1.54,1024,6.38,7.72,129.79,2.17,72.03,0.27,4.48,2
18.06,52,3.09,1018,20.94,23.89,161.1,4.27,105.16,2.23,2.73,3
17.51,34,5.14,1021,20.85,23.03,163.63,5.38,84.5,1.93,2.72,2
27.91,80,1.55,1013,0.82,2.76,96.42,0.11,43.92,0.08,0.02,1
27.64,80,1.44,1013,0.82,2.76,96.42,0.11,43.92,0.08,0.02,1
24.71,83,1.62,1013,2.24,3.34,124.62,0.33,47.11,0.11,1.39,1
8.52,49,1.34,1025,2.28,4.42,135.58,1.79,72.57,0.57,17.32,2
3.88,56,1.54,1025,1.34,2.35,135.62,0.87,90.38,0.67,12.41,2
7.81,58,3.09,1025,2.12,3.82,132.4,2.6,78.56,0.4,10.34,2
27.55,79,2.06,1010,31.22,33.63,469.5,1.03,84.25,0.57,1.04,3
26.68,92,1.03,1010,1.44,2.72,119.41,1.1,34.9,0.3,0.79,1
27.13,83,2.06,1010,31.22,33.63,469.5,1.03,84.25,0.57,1.04,3
11.53,81,2.06,1026,1.17,1.65,122.22,1.93,52.3,0.5,5.15,1
10.87,81,4.63,1026,1.34,2.95,123.15,0.69,83.61,0.39,1.65,2
8.97,93,0.92,1027,1.17,2.19,122.58,0.86,67.2,0.35,4.47,2
14.28,71,2.01,1013,8.99,28.87,118.98,1.4,88.14,0.44,4.55,2
16.83,80,1.54,1012,10.23,33.0,127.11,9.7,71.55,0.88,34.62,2
16.11,82,3.49,1013,4.17,12.47,122.37,0.76,101.16,0.59,5.08,3
7.88,93,1.54,1025,35.87,39.13,163.59,8.38,62.12,1.7,1.23,3
29.01,79,3.6,1006,36.65,119.56,107.69,0.11,53.24,0.28,0.0,4
29.03,37,1.54,1001,37.99,88.53,306.19,7.44,42.63,2.54,51.49,3
23.75,76,6.26,1009,27.37,35.07,291.77,6.86,44.43,2.35,9.64,3
25.95,53,3.6,1009,36.4,117.14,157.16,2.34,72.49,1.03,0.55,4
15.12,92,0.89,1012,28.43,70.39,206.42,1.24,108.45,3.0,2.26,3
14.85,100,11.83,1012,18.38,40.26,229.79,3.32,89.6,9.4,1.34,2
23.25,27,3.88,1013,2.63,3.9,148.44,5.98,50.91,0.95,9.2,1
12.08,66,2.06,1015,40.98,163.06,117.08,0.83,90.51,0.19,3.61,4
10.77,38,2.71,1012,3.82,4.18,137.75,5.87,45.41,0.7,11.38,1
8.81,92,8.23,1010,3.86,5.76,137.66,0.17,94.46,0.14,0.01,2
8.84,92,8.23,1010,3.86,5.76,137.66,0.17,94.46,0.14,0.01,2
8.93,92,8.23,1010,3.86,5.76,137.66,0.17,94.46,0.14,0.01,2
13.67,83,0.51,1020,5.31,8.38,121.44,0.35,109.67,0.51,1.23,3
16.44,74,1.03,1018,7.11,11.95,144.81,2.1,77.4,0.5,1.07,2
13.39,70,0.51,1020,4.86,8.52,121.81,0.47,109.79,0.5,0.58,3
12.7,77,4.12,1022,24.51,30.47,153.49,4.47,60.48,0.62,21.35,2
27.53,69,1.54,1013,1.03,3.14,97.16,0.23,50.11,0.19,0.0,1
26.46,75,1.54,1012,0.89,2.62,97.11,0.19,48.88,0.15,0.0,1
26.63,75,1.54,1012,0.89,2.62,97.11,0.19,48.88,0.15,0.0,1
15.05,63,2.06,1014,11.48,30.31,123.45,2.7,82.78,1.01,4.8,2
15.95,63,2.06,1014,14.44,35.36,131.55,5.09,77.42,1.77,7.12,2
12.56,78,1.49,1013,17.79,36.34,149.64,11.74,63.18,2.26,8.98,2
13.52,96,6.17,1004,6.83,8.37,197.23,22.85,71.97,4.48,0.07,2
14.22,94,12.35,1004,5.14,6.85,179.4,13.76,82.37,3.22,0.04,2
16.32,81,3.09,1009,3.04,3.67,166.33,9.91,88.64,2.66,0.21,2
17.62,88,3.09,1014,0.5,0.54,86.39,0.44,24.47,0.08,0.24,1
15.64,94,1.19,1014,12.4,17.46,408.5,3.29,13.82,0.28,5.32,2
25.23,88,2.06,1010,4.38,5.36,176.95,1.51,12.55,0.21,0.4,1
12.11,73,3.82,1020,3.59,4.32,95.7,1.96,82.15,0.49,7.68,2
13.51,67,2.0,1016,1.6,2.15,82.96,0.18,75.22,0.21,3.06,2
13.15,62,3.07,1016,1.7,2.45,94.99,0.91,71.01,0.14,3.47,2
28.16,71,4.89,1010,25.81,30.0,607.6,9.87,40.46,2.0,3.43,3
28.21,69,2.98,1010,6.33,8.82,251.22,1.82,57.24,0.63,1.07,1
28.67,68,1.55,1009,27.12,28.06,491.21,6.36,8.32,1.07,2.75,3
31.0,74,2.06,1008,0.5,0.5,75.05,0.01,5.64,0.01,0.0,1
26.41,79,3.52,1011,3.5,6.38,75.79,0.06,29.86,0.09,0.03,1
26.56,81,2.88,1010,2.82,5.16,74.52,0.06,31.38,0.07,0.04,1
27.85,76,4.42,1010,3.25,6.08,74.83,0.05,30.03,0.08,0.04,1
15.01,47,2.74,1012,32.34,40.29,222.32,2.43,80.83,1.65,4.06,3
13.58,66,1.77,1014,43.19,50.81,253.03,6.17,69.02,7.19,4.8,3
14.89,43,3.1,1011,26.15,31.88,182.23,0.46,96.41,0.61,0.11,3
16.76,55,1.03,1012,44.98,50.38,254.34,22.34,65.05,1.85,10.97,3
17.95,55,2.06,1011,42.31,49.73,239.43,8.2,93.47,3.08,0.9,3
16.95,55,0.51,1012,41.0,45.51,206.05,2.58,80.09,0.33,2.64,3
27.86,60,1.6,1009,51.03,154.22,138.75,0.72,94.95,0.6,0.0,4
28.22,50,0.89,1009,53.37,158.31,142.24,0.9,95.13,0.5,0.0,4
28.14,50,0.89,1009,53.37,158.31,142.24,0.9,95.13,0.5,0.0,4
29.01,65,2.57,1011,1.13,3.82,97.59,0.15,42.63,0.11,0.0,1
29.01,65,2.57,1011,1.13,3.82,97.59,0.15,42.63,0.11,0.0,1
14.28,67,3.0,1019,3.0,3.61,84.71,1.01,71.87,0.33,4.99,2
11.33,76,1.0,1017,41.42,170.41,126.77,3.57,56.95,0.88,5.79,4
0.05,80,2.0,1021,3.25,12.95,133.07,0.36,58.52,0.06,0.32,1
23.97,78,1.03,1009,50.63,53.55,1046.5,19.84,9.28,3.11,47.59,4
26.16,76,2.23,1009,60.38,63.57,1429.98,24.79,13.27,1.96,12.19,4
27.04,84,1.96,1010,15.33,15.93,419.04,2.77,6.33,0.31,1.02,2
17.63,72,5.37,1012,4.47,10.91,121.87,3.19,102.67,1.48,1.28,3
17.53,86,2.29,1013,10.99,19.51,134.41,4.55,77.88,2.14,9.56,2
17.96,68,2.8,1013,4.19,9.88,122.64,2.01,105.66,1.49,1.65,3
26.93,83,2.57,1015,2.32,12.04,100.47,0.22,26.74,0.25,0.01,1
26.03,88,2.57,1015,2.43,12.94,103.25,0.18,26.18,0.24,0.0,1
26.72,89,1.26,1007,1.16,1.56,99.55,1.63,43.83,0.5,0.03,1
26.71,89,1.05,1007,1.16,1.56,99.55,1.63,43.83,0.5,0.03,1
26.64,89,1.1,1008,1.16,1.56,99.55,1.63,43.83,0.5,0.03,1
26.23,88,2.37,1013,0.5,0.9,87.81,0.37,23.73,0.08,0.02,1
22.87,96,1.33,1013,0.69,1.35,103.79,0.58,25.71,0.15,0.16,1
26.53,87,1.7,1013,0.5,0.6,75.14,0.25,27.25,0.05,0.0,1
12.17,83,1.76,1016,1.01,1.34,80.68,0.77,32.55,0.2,0.18,1
13.8,73,1.53,1017,1.33,1.65,90.79,1.11,32.74,0.29,0.25,1
12.51,85,3.74,1015,0.72,0.86,75.77,0.54,33.0,0.08,0.1,1
1.59,67,4.63,1015,0.5,0.58,142.25,1.23,81.88,0.78,2.43,2
2.18,69,4.63,1017,0.67,0.89,143.48,2.01,77.01,0.53,2.59,2
5.01,74,7.89,1018,1.15,1.68,146.07,3.34,84.12,1.81,1.78,2
8.89,62,4.63,1023,9.6,11.06,148.0,4.31,74.77,1.29,21.64,2
9.59,64,2.68,1023,9.35,10.68,139.34,3.32,70.41,0.92,23.0,2
9.89,58,4.63,1023,9.09,10.43,142.96,3.59,74.2,1.14,21.86,2
3.9,71,3.6,1012,0.5,0.63,141.58,0.76,82.04,0.4,1.19,2
1.48,67,7.08,1011,0.5,0.5,139.1,0.41,84.35,0.24,1.09,2
-0.05,100,0.51,1018,0.5,0.74,143.3,1.36,81.78,0.54,0.22,2
17.94,63,1.03,1017,5.45,15.13,135.74,1.05,105.3,0.33,0.38,3
17.16,70,3.94,1020,14.1,20.09,128.15,0.49,117.28,2.55,0.0,3
17.75,64,5.61,1018,14.95,41.52,153.88,1.42,109.54,1.63,0.0,3
18.04,88,2.06,1011,8.77,19.38,125.45,2.0,92.39,2.46,0.86,2
17.23,100,0.0,1011,7.48,13.64,124.01,3.52,76.04,2.64,1.11,2
18.08,88,2.57,1012,3.51,8.11,94.35,1.7,43.59,0.07,2.31,1
16.36,81,0.28,1020,7.9,15.28,131.86,0.56,99.16,0.6,1.3,2
5.58,38,6.17,1022,0.51,1.22,141.37,0.85,93.51,0.37,8.09,2
4.62,48,6.61,1021,0.5,0.81,137.92,0.59,92.32,0.27,4.97,2
4.53,58,5.59,1022,0.5,0.99,134.27,0.69,92.84,0.45,6.75,2
13.88,88,1.54,1019,11.28,15.4,140.72,0.87,120.15,0.82,0.81,3
7.11,86,2.75,1020,11.22,15.8,142.93,1.73,117.12,1.23,1.21,3
11.48,94,0.0,1018,11.65,17.04,147.64,3.28,120.11,2.05,1.24,3
15.98,100,1.03,1015,4.01,7.52,135.79,1.33,13.29,0.09,0.49,1
24.0,94,2.06,1011,1.67,2.69,77.52,0.36,14.5,0.05,0.1,1
13.39,95,1.29,1017,1.5,2.23,88.27,0.64,16.46,0.04,0.29,1
26.98,83,4.63,1008,1.07,2.08,97.45,0.01,23.42,0.06,0.0,1
13.9,35,4.12,1022,6.89,9.2,113.14,1.88,45.37,0.26,7.03,1
13.31,69,2.81,1022,6.44,8.72,112.88,2.06,43.47,0.37,8.03,1
7.18,66,1.87,1021,6.39,8.05,106.91,1.22,69.11,1.82,13.14,2
30.3,51,4.12,1011,16.58,48.07,137.52,0.32,29.73,0.08,1.09,2
26.77,63,2.28,1011,1.85,3.76,132.14,0.62,23.13,0.05,2.42,1
29.98,42,4.3,1010,3.56,7.85,137.69,0.58,25.2,0.06,2.06,1
26.98,94,1.54,1008,12.07,18.31,295.73,4.03,36.31,0.44,1.48,2
28.61,53,2.01,1006,12.6,19.57,214.31,1.82,51.54,0.27,6.83,2
25.9,56,2.35,1008,20.45,27.96,476.17,8.87,24.66,1.03,5.58,2
-0.93,80,2.0,1028,0.5,0.5,123.08,0.14,76.17,0.24,0.42,2
2.07,65,1.85,1028,0.5,0.5,124.57,0.43,75.52,0.08,0.35,2
3.77,63,1.04,1030,0.5,0.5,129.6,0.61,83.78,0.28,0.2,2
24.85,83,3.6,1013,8.68,11.27,217.55,1.01,91.19,0.7,0.09,2
24.96,83,3.6,1013,8.09,10.72,212.66,0.44,93.19,0.22,0.06,2
24.82,83,3.6,1013,8.09,10.72,212.66,0.44,93.19,0.22,0.06,2
28.08,74,7.72,1012,1.79,4.06,115.72,0.22,30.45,0.12,0.0,1
25.71,79,3.67,1015,2.59,11.79,100.78,0.62,30.77,0.51,0.01,1
25.96,80,3.43,1015,2.58,12.11,100.13,0.6,31.69,0.54,0.02,1
25.63,80,3.53,1015,2.58,12.11,100.13,0.6,31.69,0.54,0.02,1
18.96,78,8.11,1012,27.87,102.39,111.3,0.25,74.38,1.17,0.0,4
17.93,77,7.2,1014,5.81,24.77,109.36,0.89,81.21,1.34,0.0,2
32.46,12,4.18,1008,46.19,210.54,111.43,0.22,66.63,0.09,0.22,5
13.34,82,0.51,1019,18.98,22.75,120.95,0.16,111.45,3.58,0.0,3
13.22,82,0.51,1019,18.98,22.75,120.95,0.16,111.45,3.58,0.0,3
12.99,82,0.51,1019,18.98,22.75,120.95,0.16,111.45,3.58,0.0,3
24.68,95,4.57,1010,2.38,6.2,61.82,0.09,41.28,0.18,0.0,1
22.15,95,2.68,1010,2.34,6.44,61.62,0.06,41.89,0.16,0.0,1
23.1,95,2.68,1010,2.34,6.44,61.62,0.06,41.89,0.16,0.0,1
29.97,84,2.57,1008,0.5,0.5,99.99,0.02,16.34,0.01,0.0,1
17.07,89,1.29,1016,0.7,1.14,61.47,0.2,13.88,0.01,0.06,1
16.26,85,1.5,1016,1.44,2.95,73.53,0.63,19.65,0.17,0.19,1
15.97,92,0.79,1015,1.68,2.34,86.25,0.83,20.39,0.04,0.32,1
24.96,33,7.72,1009,15.64,18.62,172.01,4.0,88.33,3.31,6.85,2
18.03,63,6.69,1014,0.68,2.27,118.62,0.16,105.33,0.25,0.0,3
24.97,33,7.72,1010,14.98,17.95,159.22,2.54,98.09,3.09,3.84,2
26.4,88,0.0,1008,7.28,7.95,225.27,2.39,18.34,0.72,0.53,1
26.48,89,0.51,1009,13.44,15.11,167.36,3.21,20.72,3.7,2.32,2
26.62,88,0.0,1008,8.31,8.93,227.25,1.73,16.7,0.44,0.54,1
22.88,86,0.89,1011,29.36,32.66,173.15,3.5,28.2,1.81,0.07,3
23.06,86,2.13,1011,29.36,32.66,173.15,3.5,28.2,1.81,0.07,3
19.24,99,1.65,1014,0.79,1.42,66.16,0.17,17.82,0.02,0.05,1
27.62,77,0.97,1011,4.15,13.75,61.88,0.05,52.39,0.18,0.0,1
27.76,77,1.12,1011,4.15,13.75,61.88,0.05,52.39,0.18,0.0,1
27.55,77,0.32,1012,4.06,13.07,61.23,0.05,50.37,0.19,0.0,1
30.16,48,7.72,1009,4.14,6.76,128.05,0.49,37.94,0.05,0.56,1
30.74,35,2.62,1009,15.17,37.98,221.01,1.03,42.92,0.31,2.16,2
29.45,36,1.46,1009,42.85,85.85,705.91,9.23,25.68,2.02,8.79,3
27.38,74,1.35,1011,0.52,1.07,85.6,0.07,25.63,0.04,0.04,1
28.93,38,3.5,1009,19.54,33.02,468.81,5.63,18.59,0.86,5.6,2
23.4,90,1.22,1012,12.4,25.81,347.57,3.3,19.47,0.82,2.99,2
28.75,57,3.58,1008,2.43,4.07,99.82,0.16,33.73,2.75,0.0,1
28.41,68,1.93,1009,2.21,4.16,100.31,0.17,34.69,0.21,0.0,1
30.79,55,4.92,1009,2.31,3.84,99.62,0.18,33.5,2.56,0.0,1
7.94,84,2.57,1025,14.68,18.68,179.0,16.09,78.35,2.65,29.83,2
7.82,71,3.58,1026,10.73,15.05,170.74,17.73,76.48,2.57,21.66,2
8.49,82,2.57,1025,15.46,19.68,175.7,18.04,77.95,2.97,31.71,2
2.61,58,1.25,1025,0.94,1.8,140.25,2.62,104.36,1.83,0.58,3
2.27,75,2.57,1025,0.62,2.15,134.37,0.77,110.26,0.89,0.01,3
1.09,91,0.45,1027,0.5,0.5,122.26,0.21,89.82,0.09,0.44,2
17.25,100,0.0,1007,48.32,59.87,545.72,7.39,68.86,6.7,10.92,3
17.28,57,2.68,1007,42.71,52.38,485.13,4.84,67.16,3.6,23.16,3
21.51,86,1.21,1005,58.17,70.3,568.26,6.98,70.93,7.19,17.67,4
18.34,69,5.66,1020,1.18,4.49,73.31,0.12,63.47,0.1,0.0,2
18.2,66,2.06,1020,1.87,3.79,70.74,1.09,35.28,0.29,0.42,1
14.78,83,2.57,1021,1.54,3.48,68.74,0.32,47.14,0.23,0.05,1
28.99,48,2.06,1005,41.08,131.35,114.02,1.59,67.0,0.95,0.38,4
29.05,48,2.06,1005,38.86,126.34,117.19,1.23,80.81,0.8,0.39,4
29.0,48,2.06,1005,41.75,130.95,114.08,1.17,65.46,0.69,0.39,4
28.86,76,3.09,1009,1.09,1.24,114.71,0.46,39.57,0.15,1.02,1
28.78,75,3.09,1009,1.95,2.23,135.41,1.0,40.33,0.34,1.62,1
28.95,75,3.09,1010,1.95,2.23,135.41,1.0,40.33,0.34,1.62,1
20.14,78,4.12,1013,6.61,20.63,74.47,0.07,54.95,0.34,0.0,2
21.1,78,4.12,1013,6.61,20.63,74.47,0.07,54.95,0.34,0.0,2
15.12,62,1.54,1017,8.66,15.51,81.69,0.47,67.78,1.15,0.0,2
29.9,58,4.92,1011,0.82,2.23,64.71,0.05,36.7,0.05,0.0,1
29.96,58,4.92,1011,0.68,1.94,64.42,0.04,31.33,0.04,0.0,1
29.8,58,4.92,1010,0.64,1.89,64.32,0.03,32.74,0.03,0.0,1
27.54,77,6.6,1011,2.86,14.02,60.29,0.04,48.44,0.21,0.0,1
29.0,62,0.16,1010,1.14,1.45,39.84,0.07,4.98,0.04,0.01,1
29.78,71,1.16,1010,0.73,0.87,62.0,0.14,23.58,1.7,0.0,1
29.87,73,2.06,1011,9.41,12.12,225.31,5.67,30.51,4.93,2.08,1
27.05,78,2.57,1011,15.62,17.45,455.16,10.08,15.91,1.95,15.97,2
30.14,74,2.06,1011,9.31,11.99,204.04,4.91,34.67,5.09,1.41,1
25.99,50,1.03,1001,28.16,54.17,551.25,10.32,25.09,2.46,40.99,3
27.09,78,3.6,1004,38.85,106.03,108.57,0.11,74.85,0.41,0.0,4
24.08,53,3.09,1002,8.07,25.25,216.16,4.19,50.67,0.69,54.37,2
1.21,61,1.03,1023,2.62,5.49,173.45,5.31,53.94,3.41,29.44,1
1.2,68,1.03,1025,4.04,5.74,153.55,4.0,55.41,1.64,16.64,1
1.08,80,1.03,1026,4.08,6.62,164.17,5.41,50.71,1.44,18.97,1
27.14,79,5.14,1014,0.92,3.03,110.01,0.16,38.4,0.09,0.0,1
26.71,82,5.14,1014,0.94,3.08,109.49,0.17,38.03,0.09,0.0,1
26.85,79,2.56,1014,0.95,3.03,109.81,0.18,38.62,0.09,0.0,1
14.8,80,0.49,1013,9.17,34.27,121.87,1.21,81.92,0.6,3.88,2
15.17,79,0.53,1013,9.0,34.75,120.32,0.65,84.11,0.66,1.82,2
14.66,80,0.79,1013,9.17,34.27,121.87,1.21,81.92,0.6,3.88,2
19.04,70,5.14,1015,11.55,26.72,117.49,5.05,102.77,3.27,0.2,3
13.73,100,1.03,1016,7.87,20.67,117.78,3.93,92.38,2.46,0.42,2
18.97,77,1.46,1017,7.69,20.01,120.81,3.19,90.99,2.0,0.58,2
21.9,96,2.06,1012,3.52,3.98,110.58,1.47,28.66,0.42,0.17,1
21.33,88,3.09,1012,4.21,5.02,136.14,1.64,35.83,0.35,0.4,1
21.78,95,2.06,1012,3.31,3.74,109.36,1.63,26.34,0.51,0.14,1
28.55,38,1.54,1008,26.3,120.09,146.84,9.58,47.88,4.53,0.24,4
28.76,36,1.54,1008,26.3,120.09,146.84,9.58,47.88,4.53,0.24,4
29.03,34,1.03,1009,26.78,122.22,147.04,11.17,44.66,3.87,0.32,4
23.81,94,8.75,1011,2.83,9.84,61.71,0.05,45.7,0.19,0.0,1
23.13,79,1.23,1011,2.94,11.93,61.75,0.05,47.15,0.2,0.0,1
23.82,83,1.54,1011,2.8,11.6,61.67,0.04,47.91,0.19,0.0,1
8.08,42,5.81,1023,2.6,3.84,128.49,0.82,94.23,0.59,5.33,2
4.15,53,4.63,1023,0.57,1.23,132.39,0.88,86.78,0.42,8.08,2
4.35,57,6.0,1023,0.85,1.46,132.55,0.65,103.85,0.51,1.86,3
7.91,58,2.06,1023,2.89,4.7,110.11,2.77,48.2,0.2,5.52,1
8.99,46,2.57,1023,5.75,8.6,128.79,2.72,70.08,1.84,7.33,2
9.23,52,1.69,1024,2.77,4.74,109.4,1.6,59.77,0.47,9.49,1
-0.19,96,7.4,989,0.5,0.5,138.35,0.7,78.69,0.09,0.06,2
0.56,92,7.0,1000,0.5,0.5,139.2,1.66,80.16,0.3,0.14,2
5.87,87,6.0,1016,0.94,1.19,125.7,0.38,94.24,0.08,0.16,2
17.07,93,1.03,1015,13.85,27.05,379.96,2.91,6.89,0.38,1.0,2
16.91,92,0.94,1015,10.41,17.15,296.5,2.91,13.71,0.91,3.68,2
14.07,97,0.75,1017,11.31,19.89,360.52,4.85,12.65,0.87,4.61,2
31.0,35,1.67,1007,25.85,51.32,96.33,3.8,101.24,3.95,0.0,3
24.56,49,6.33,1010,45.78,188.96,110.24,0.43,76.31,0.5,0.0,4
28.87,47,0.29,1008,48.18,84.13,130.79,6.9,80.9,25.74,0.0,3
30.51,67,1.79,1010,0.5,0.79,71.58,0.02,6.73,0.01,0.0,1
30.55,66,1.75,1010,0.5,0.79,71.58,0.02,6.73,0.01,0.0,1
30.5,66,1.93,1009,0.5,0.71,71.3,0.02,6.67,0.01,0.0,1
28.56,78,5.29,1008,0.5,1.18,70.19,0.05,14.75,0.02,0.0,1
31.93,6,6.95,1008,26.97,128.4,99.5,0.13,85.5,0.1,0.4,4
31.06,6,6.54,1008,25.66,121.94,99.46,0.12,86.6,0.1,0.4,4
31.08,6,6.52,1008,25.66,121.94,99.46,0.12,86.6,0.1,0.4,4
4.05,49,4.63,1019,0.5,0.5,136.18,0.89,95.63,0.4,0.78,2
-0.35,75,1.47,1024,0.96,1.94,137.37,0.97,109.41,0.72,2.51,3
4.93,70,2.75,1024,3.29,4.06,149.93,6.66,84.12,1.83,6.21,2
27.23,89,1.03,1009,12.04,13.49,157.37,2.59,16.6,2.83,2.56,2
27.7,89,2.68,1009,12.04,13.49,157.37,2.59,16.6,2.83,2.56,2
27.72,89,2.68,1009,12.04,13.49,157.37,2.59,16.6,2.83,2.56,2
10.15,67,0.51,1024,8.62,10.13,143.75,4.15,72.54,0.67,4.52,2
8.31,65,2.06,1024,4.04,5.7,127.44,2.45,73.28,0.3,4.74,2
9.63,65,0.89,1024,4.59,6.07,127.89,2.02,85.6,0.48,4.01,2
6.9,62,2.06,1025,3.15,5.14,145.28,3.89,63.72,0.5,17.21,2
3.71,55,2.06,1025,2.0,3.27,141.51,1.4,79.33,1.08,14.34,2
7.09,62,2.06,1025,3.15,5.14,145.28,3.89,63.72,0.5,17.21,2
24.92,82,3.19,1012,16.09,66.5,100.91,0.5,56.82,0.44,0.0,3
24.89,84,1.06,1012,11.25,38.03,107.19,0.43,46.51,0.26,0.0,2
24.58,86,0.97,1013,9.31,28.0,118.57,0.57,40.39,0.25,0.26,2
20.7,88,4.12,1013,20.0,136.85,107.95,0.63,70.89,1.11,0.0,4
20.81,56,5.89,1012,45.83,238.61,146.75,1.98,75.35,2.05,0.53,5
20.67,88,4.12,1013,22.2,148.62,108.12,0.84,71.01,1.22,0.0,4
27.87,74,2.59,1009,0.5,0.76,66.76,0.05,17.24,0.01,0.04,1
20.48,71,1.65,1012,1.29,3.45,106.0,0.98,16.86,0.07,3.86,1
23.79,60,2.17,1011,1.22,4.47,80.13,0.25,17.54,0.02,0.92,1
27.95,78,0.0,1012,1.69,2.51,109.87,0.55,20.01,0.3,0.04,1
27.96,78,0.0,1012,1.17,1.67,96.63,0.29,11.18,0.16,0.04,1
23.36,79,1.19,1010,2.97,4.76,156.9,0.68,4.82,0.05,0.63,1
30.22,42,3.21,1007,3.37,9.34,111.66,0.1,22.84,0.01,0.87,1
19.1,98,1.2,1012,1.05,1.35,88.88,0.08,3.77,0.02,0.03,1
26.44,82,2.56,1011,1.18,2.08,80.14,0.04,23.39,0.03,0.0,1
26.16,78,4.63,1010,2.81,4.3,96.02,0.14,38.05,0.11,0.0,1
28.94,70,4.63,1010,2.81,4.3,96.02,0.14,38.05,0.11,0.0,1
29.73,71,2.55,1008,2.88,4.53,97.51,0.14,36.37,0.11,0.0,1
14.43,88,1.86,1013,16.4,25.29,122.95,1.97,52.69,2.1,7.63,2
17.29,50,0.42,1013,19.25,29.94,159.34,15.59,51.57,2.35,11.75,2
14.65,82,1.22,1013,19.02,32.4,142.11,5.25,83.13,8.71,76.37,2
17.34,65,2.78,1013,3.48,4.34,85.34,1.1,41.02,1.67,0.4,1
14.23,71,3.26,1015,7.85,9.49,107.11,2.22,44.27,3.38,0.34,1
24.89,89,1.32,1013,4.68,5.67,122.57,0.7,62.26,0.51,0.02,2
31.98,43,1.03,1008,12.46,35.79,201.58,1.14,21.58,0.26,2.09,2
26.44,62,2.37,1010,0.58,0.8,114.68,0.29,6.34,0.02,0.36,1
30.1,10,3.77,1008,19.87,64.8,126.13,0.36,30.11,0.06,0.62,3
26.06,89,2.06,1010,0.5,0.9,90.43,0.23,26.89,0.11,0.13,1
23.02,82,1.84,1011,3.24,6.02,166.28,1.92,13.44,0.28,2.52,1
24.8,72,1.72,1010,2.06,3.63,137.6,1.4,14.18,0.11,1.39,1
27.96,75,4.09,1008,7.71,11.07,159.05,2.0,19.77,0.41,0.94,1
28.99,84,2.06,1008,6.88,10.25,143.45,1.6,22.82,0.37,0.7,1
27.97,89,1.54,1008,8.51,12.15,187.22,2.65,18.73,0.59,1.52,1
13.06,82,2.0,1014,31.97,144.38,178.28,0.77,89.0,0.34,8.7,4
15.04,53,1.16,1014,3.21,4.26,99.64,0.61,66.39,0.66,10.51,2
11.27,76,1.97,1017,2.98,4.31,105.54,0.56,92.23,1.34,19.92,2
27.84,74,0.86,1011,0.8,1.1,93.35,0.95,25.14,0.19,0.2,1
26.64,79,1.88,1012,1.11,2.72,93.99,0.78,30.46,0.24,0.19,1
27.11,77,2.11,1012,1.23,4.21,68.71,0.23,36.69,0.15,0.07,1
14.92,77,1.03,1013,24.28,79.43,140.87,2.81,88.65,1.54,8.96,3
18.99,37,6.17,1014,60.3,308.16,122.16,0.48,92.81,0.31,2.59,5
13.97,44,6.17,1019,21.83,136.14,125.01,0.29,98.01,0.02,3.06,4
17.8,82,1.03,1019,18.61,30.03,126.55,2.1,66.21,0.52,1.57,2
18.4,60,4.57,1018,18.09,50.93,128.65,0.45,118.29,1.11,0.0,3
17.88,82,1.54,1019,17.21,34.04,129.31,1.0,98.92,1.33,0.0,2
27.1,81,6.74,1011,1.92,8.9,63.35,0.03,22.66,0.1,0.0,1
13.85,80,9.77,1018,15.77,19.98,132.63,3.43,69.38,2.63,40.56,2
9.02,65,2.25,1014,4.94,5.93,111.09,1.25,67.22,0.71,8.52,2
10.85,66,1.65,1017,6.67,8.52,111.52,1.46,64.65,0.49,8.06,2
26.26,82,4.12,1013,1.32,2.9,134.15,0.15,11.27,0.03,0.2,1
25.6,82,3.23,1013,1.09,1.98,135.32,0.26,10.9,0.03,0.23,1
25.57,82,3.23,1013,1.09,1.98,135.32,0.26,10.9,0.03,0.23,1
23.4,43,1.03,1014,66.82,74.25,440.21,23.41,33.02,13.47,12.67,4
23.4,43,1.03,1014,66.82,74.25,440.21,23.41,33.02,13.47,12.67,4
23.39,64,2.06,1015,30.0,40.69,266.4,8.01,121.55,13.36,1.68,3
23.68,96,2.54,1011,1.37,1.69,73.08,0.29,5.34,0.02,0.08,1
19.96,90,1.83,1012,1.43,2.38,100.01,0.69,12.73,0.07,0.3,1
17.78,95,2.09,1013,0.9,1.76,81.36,0.44,8.89,0.03,0.14,1
2.31,76,0.45,1015,0.5,0.5,136.73,0.28,83.64,0.09,1.61,2
2.8,71,7.45,1008,0.5,0.64,137.03,0.97,100.15,2.03,1.76,3
6.31,49,9.67,1020,0.5,0.5,135.57,0.3,107.81,0.23,1.68,3
18.18,96,0.64,1013,8.93,11.59,229.95,2.79,18.53,0.17,3.89,1
18.01,97,0.72,1013,8.93,11.59,229.95,2.79,18.53,0.17,3.89,1
18.19,97,0.69,1013,8.35,10.89,222.69,2.3,25.84,0.18,4.42,1
11.86,68,5.81,1021,2.79,4.1,152.82,4.56,107.19,1.12,0.34,3
17.68,56,9.77,1013,0.77,2.29,117.32,0.15,105.91,0.33,0.0,3
10.54,74,4.47,1021,2.04,3.3,145.26,3.11,106.26,0.8,0.21,3
12.82,62,11.83,1009,10.11,27.8,63.21,0.25,44.58,0.07,0.07,2
15.27,48,5.14,1015,2.26,10.02,76.93,0.64,49.39,0.13,0.2,1
13.19,47,7.49,1016,2.53,12.07,71.61,0.48,50.31,0.09,0.16,1
15.58,50,3.24,1016,27.23,106.31,120.85,0.57,73.23,0.11,4.36,4
16.45,55,2.36,1015,2.17,2.93,88.2,0.14,72.6,0.26,4.75,2
17.16,53,3.89,1014,4.3,11.63,97.92,0.52,77.22,0.35,7.81,2
26.93,78,3.09,1014,2.78,14.69,116.47,0.39,22.81,0.37,0.01,1
26.78,78,3.09,1014,2.56,13.54,113.69,0.3,23.4,0.33,0.01,1
25.66,91,1.18,1015,1.21,1.31,163.56,1.52,17.31,0.1,2.47,1
28.08,70,4.55,1010,3.46,3.48,163.98,1.14,45.17,0.16,2.38,1
24.45,92,0.99,1013,0.97,1.03,163.72,1.17,16.33,0.06,1.76,1
26.75,78,2.06,1014,1.52,3.78,113.19,0.33,41.68,0.09,0.0,1
27.85,83,3.09,1014,1.37,3.54,111.22,0.29,42.47,0.1,0.0,1
28.03,83,4.63,1009,11.95,18.99,445.07,8.24,38.4,2.46,4.26,2
24.0,85,2.77,1009,27.51,31.81,384.68,4.41,14.75,1.23,7.04,3
25.99,94,2.57,1009,12.95,20.53,211.33,2.95,45.36,1.4,5.71,2
28.1,83,4.12,1011,2.52,2.94,68.02,0.04,22.32,1.41,0.0,1
30.51,69,7.6,1009,1.51,5.93,60.26,0.01,32.56,0.05,0.0,1
7.88,59,3.6,1023,7.16,9.86,122.58,2.32,63.95,0.8,15.2,2
8.45,72,1.98,1021,11.52,15.85,137.04,5.45,56.63,0.89,18.87,2
6.15,84,2.22,1023,7.93,10.84,129.03,3.24,62.81,0.78,11.35,2
17.96,25,0.08,1014,14.02,29.68,101.38,2.22,49.42,3.14,3.23,2
27.81,75,6.99,1009,20.88,41.56,113.25,0.53,73.16,0.77,0.0,2
21.56,39,3.26,1012,19.37,38.98,116.29,1.77,67.75,2.45,0.0,2
26.89,83,2.57,1010,2.67,4.74,73.88,0.06,32.79,0.07,0.05,1
26.84,83,2.57,1010,2.67,4.74,73.88,0.06,32.79,0.07,0.05,1
26.76,83,2.57,1010,2.67,4.74,73.88,0.06,32.79,0.07,0.05,1
11.34,95,0.0,1017,4.59,6.23,112.08,2.52,27.42,0.83,0.23,1
12.41,77,1.34,1021,0.88,3.93,60.76,0.02,52.86,0.12,0.0,1
24.18,55,0.45,1008,17.99,26.23,236.18,5.21,33.28,3.35,0.79,2
15.14,94,0.51,1016,1.49,2.27,76.63,0.6,16.68,0.05,0.14,1
19.26,78,1.12,1015,1.35,2.59,91.09,0.68,20.92,0.2,0.18,1
16.97,87,1.7,1015,1.03,1.82,78.86,0.5,22.73,0.23,0.16,1
16.01,80,1.79,1017,2.21,3.53,97.52,1.16,25.11,0.28,0.21,1
16.88,71,2.25,1017,2.93,4.26,96.27,1.6,13.52,0.23,0.22,1
16.33,70,2.21,1017,1.91,3.2,94.22,1.15,25.0,0.28,0.21,1
13.56,88,1.34,1018,4.75,9.29,117.48,4.55,60.15,0.37,20.99,2
13.78,88,1.34,1018,4.75,9.29,117.48,4.55,60.15,0.37,20.99,2
29.84,55,1.96,1005,30.66,109.58,126.32,2.74,78.87,0.78,0.0,4
29.02,54,1.54,1005,41.32,171.6,119.91,1.02,74.46,0.62,0.0,4
30.0,45,2.57,1005,27.7,90.91,126.02,3.37,81.49,1.13,0.1,3
12.63,82,1.54,1011,2.05,4.03,346.36,3.01,37.69,0.09,2.64,1
16.31,61,1.14,1010,51.14,167.76,223.18,0.66,68.69,0.02,0.71,4
22.6,50,2.36,1009,4.55,10.38,102.59,0.14,71.93,0.06,0.25,2
26.29,79,2.57,1016,2.51,11.98,99.48,0.9,44.62,0.9,0.01,1
11.51,76,2.06,1017,24.71,27.67,146.78,5.29,106.97,3.58,1.8,3
12.23,79,1.49,1017,23.36,27.79,175.54,6.35,98.69,3.76,1.4,2
15.35,69,1.82,1017,13.29,18.09,147.12,1.84,107.36,1.33,0.61,3
9.09,62,4.12,1014,2.45,3.37,109.93,2.18,44.9,0.13,10.63,1
2.84,70,3.09,1018,1.59,2.37,108.85,2.15,40.02,0.12,6.56,1
7.15,86,1.63,1015,1.93,2.38,110.84,1.53,63.27,0.18,11.55,2
25.0,88,3.6,1010,13.11,37.14,77.78,0.05,32.77,0.25,0.0,2
15.92,94,2.06,1016,21.89,101.17,76.57,0.31,24.89,0.12,0.17,4
17.89,88,1.03,1015,1.95,2.82,96.64,1.97,19.68,0.15,0.63,1
12.26,61,4.02,1017,2.05,5.45,84.89,1.24,34.29,0.09,0.49,1
12.62,48,1.54,1018,6.51,14.48,143.08,3.69,42.3,0.16,0.47,1
9.88,73,1.54,1017,10.22,20.81,290.39,8.15,28.91,0.61,1.73,2
9.3,61,0.89,1020,8.13,11.29,187.79,9.19,39.32,0.55,10.1,1
10.66,71,1.03,1019,9.28,14.41,169.68,10.14,48.77,0.69,12.22,1
9.49,49,1.54,1020,9.22,10.74,167.48,7.05,66.4,0.74,22.15,2
19.59,70,2.57,1027,11.85,14.83,92.04,3.1,33.78,2.49,0.0,2
16.36,90,0.89,1025,6.43,12.2,78.5,6.29,29.92,3.86,0.15,1
20.27,75,4.12,1023,0.74,3.24,61.9,0.13,50.01,0.08,0.03,1
28.48,80,9.26,1011,3.13,4.45,174.76,3.75,42.29,2.66,1.0,1
28.16,83,9.26,1011,3.13,4.45,174.76,3.75,42.29,2.66,1.0,1
28.2,83,9.26,1011,3.13,4.45,174.76,3.75,42.29,2.66,1.0,1
12.03,58,12.35,1018,3.35,7.87,129.06,0.91,93.85,0.5,2.44,2
11.87,60,15.45,1018,3.77,9.03,129.92,0.97,87.0,0.48,2.86,2
13.48,51,8.23,1017,0.88,1.46,93.32,1.09,44.44,0.02,5.31,1
9.95,76,1.03,1019,10.53,12.67,135.04,2.0,81.19,0.65,5.57,2
6.74,81,0.51,1019,11.09,13.66,135.93,4.39,76.71,1.06,38.13,2
8.51,94,0.38,1019,9.23,11.72,137.66,4.09,58.92,0.51,10.14,1
27.27,78,4.63,1015,2.24,12.32,96.56,0.04,40.18,0.15,0.0,1
26.99,89,4.63,1005,26.63,59.53,158.56,0.94,50.2,0.95,1.69,3
25.91,89,2.57,1008,21.84,49.29,145.43,0.05,62.7,0.21,0.44,2
27.0,89,4.63,1005,26.05,57.59,160.93,1.25,47.1,1.21,1.98,3
11.9,53,2.57,1020,25.42,28.72,192.2,8.41,93.08,2.93,23.1,3
12.16,60,4.47,1021,20.77,24.19,180.68,9.66,98.41,3.38,20.1,2
11.26,64,4.46,1021,27.55,31.68,191.04,11.9,89.9,3.58,21.78,3
29.06,61,1.03,1011,5.41,10.53,175.36,1.81,28.84,0.14,2.8,1
27.42,51,1.75,1011,4.66,6.56,158.75,1.83,12.6,0.14,4.87,1
30.64,47,2.3,1011,5.39,10.38,193.74,1.82,24.33,0.27,2.83,1
5.83,81,2.06,1020,5.79,7.95,119.78,2.0,50.86,0.58,9.87,1
6.11,81,2.06,1021,3.94,5.28,124.89,0.9,84.48,0.49,13.87,2
3.96,81,2.06,1022,0.99,1.83,128.82,1.16,58.53,0.16,4.95,1
28.98,45,3.09,1006,57.95,239.7,163.07,6.93,79.86,4.83,0.0,5
28.97,45,3.09,1006,59.92,256.4,152.92,3.12,88.85,3.4,0.0,5
28.79,53,3.18,1006,60.99,261.47,147.62,2.75,88.23,3.27,0.0,5
21.02,91,2.61,1014,2.04,3.5,110.48,0.79,13.2,0.13,0.6,1
15.89,95,1.29,1014,5.97,9.18,233.36,2.78,25.03,0.61,3.96,1
14.48,99,1.31,1014,15.0,23.47,506.33,5.91,19.88,1.39,7.87,2
28.99,79,3.09,1010,0.53,0.92,86.7,0.07,22.7,0.03,0.03,1
28.92,79,3.09,1010,0.53,0.96,85.76,0.06,22.58,0.03,0.03,1
28.9,79,2.76,1010,0.55,0.97,88.28,0.06,22.22,0.02,0.04,1
26.03,94,2.06,1009,1.15,1.21,107.85,0.32,5.18,0.12,1.59,1
25.99,94,2.06,1009,1.15,1.21,107.85,0.32,5.18,0.12,1.59,1
26.0,94,2.06,1009,0.82,0.85,94.73,0.18,4.73,0.06,0.86,1
10.99,61,2.57,1019,2.53,5.52,57.25,0.72,51.54,0.24,0.13,1
21.01,88,6.17,1015,2.59,2.81,103.74,0.29,22.27,0.07,0.17,1
19.84,42,4.63,1014,2.4,3.8,68.98,1.43,46.32,0.39,0.47,1
21.66,93,4.63,1017,3.34,3.59,130.04,2.48,8.6,0.09,0.08,1
26.11,86,7.2,1014,8.61,12.71,153.41,0.29,75.11,0.3,0.34,2
22.44,73,0.0,1017,5.08,6.19,144.69,11.27,21.03,0.6,2.85,1
25.99,73,2.06,1015,1.23,3.59,108.22,0.08,57.89,0.05,0.0,1
25.96,69,5.14,1015,4.41,6.81,121.44,0.61,86.25,0.51,0.03,2
25.97,69,5.14,1015,4.41,6.81,121.44,0.61,86.25,0.51,0.03,2
8.32,95,0.87,1012,16.52,21.66,412.06,4.39,46.34,2.06,5.57,2
20.41,83,1.53,1007,13.96,19.55,347.96,4.58,22.47,1.11,7.91,2
17.1,94,1.04,1009,14.7,20.05,375.48,4.91,28.67,1.43,5.68,2
17.0,55,2.67,1015,3.9,10.41,84.55,0.96,29.69,0.11,0.09,1
20.24,47,0.77,1014,2.62,3.77,79.71,0.68,15.17,0.05,0.08,1
16.89,55,2.62,1015,3.9,10.41,84.55,0.96,29.69,0.11,0.09,1
-0.24,64,6.0,1015,0.5,0.62,138.89,0.9,84.68,0.42,5.22,2
0.99,69,5.0,1014,0.5,0.53,138.13,1.04,85.34,2.09,4.59,2
0.3,75,5.14,1021,0.71,1.19,141.82,1.01,88.78,0.75,5.69,2
29.45,1,4.63,1011,5.7,10.57,119.83,0.33,45.45,0.14,0.22,1
28.21,78,6.97,1012,4.5,9.97,114.29,0.3,46.17,0.18,0.19,1
28.52,64,4.45,1012,3.48,7.49,110.87,0.38,53.69,0.27,0.75,1
14.05,46,7.72,1018,4.79,5.66,169.33,8.88,95.02,1.54,1.52,2
20.98,28,3.09,1022,1.57,1.92,136.18,3.2,65.18,0.17,0.47,2
7.94,43,4.63,1012,0.5,0.5,111.75,0.12,86.64,0.06,0.71,2
26.2,89,2.06,1010,5.56,10.25,181.34,1.27,4.77,0.39,1.53,1
18.12,71,0.7,1013,2.25,3.12,81.77,0.4,13.82,0.16,0.13,1
21.82,92,0.64,1011,2.9,3.64,104.66,0.22,8.33,0.03,0.08,1
26.1,83,1.54,1011,0.5,0.5,49.52,0.02,0.34,0.0,0.05,1
25.96,83,1.54,1011,0.5,0.5,49.52,0.02,0.34,0.0,0.05,1
25.72,83,1.54,1011,0.5,0.5,54.13,0.03,0.42,0.0,0.08,1
26.2,89,0.51,1010,5.56,10.25,181.34,1.27,4.77,0.39,1.53,1
25.84,92,3.38,1010,10.92,16.8,128.15,0.47,47.92,0.25,0.0,2
22.79,94,1.21,1010,7.98,10.91,150.88,1.15,30.63,0.26,0.27,1
10.44,67,1.54,1017,12.86,13.77,129.64,2.55,108.04,1.49,14.43,3
12.19,66,0.51,1016,12.97,15.33,146.94,4.86,53.32,0.59,20.16,2
11.57,57,1.03,1017,19.89,21.88,175.92,7.23,67.72,1.57,12.38,2
27.72,89,2.57,1010,0.5,0.86,83.36,0.22,25.92,0.1,0.01,1
27.31,89,2.57,1011,0.5,0.87,83.09,0.21,25.97,0.09,0.01,1
24.53,78,0.67,1011,2.49,4.6,121.97,1.0,15.7,0.18,0.42,1
18.53,37,4.12,1017,5.01,7.23,194.19,7.74,34.79,0.23,1.25,1
16.55,39,1.06,1017,7.72,10.47,248.49,11.56,28.67,0.53,2.43,1
17.57,41,4.12,1017,5.01,7.23,194.19,7.74,34.79,0.23,1.25,1
25.95,100,0.0,1009,0.77,1.4,105.03,0.03,18.79,0.05,0.01,1
23.74,88,2.06,1012,1.83,2.2,99.51,0.59,1.25,0.02,0.05,1
18.67,89,1.37,1013,13.49,19.39,214.34,1.17,6.96,0.18,0.4,2
16.92,63,8.0,1016,165.8,181.29,1472.6,104.48,3.19,69.21,0.0,5
13.94,31,4.85,1021,49.17,68.4,481.81,44.19,28.55,30.1,15.23,3
25.86,84,3.2,1011,7.3,11.8,193.46,0.68,80.56,0.51,0.0,2
12.87,91,0.51,1016,8.35,8.94,172.36,3.51,27.02,0.42,3.52,1
26.03,69,0.51,1012,2.49,2.96,112.12,1.84,17.01,0.45,4.54,1
18.24,90,2.24,1015,6.03,6.52,131.85,1.52,13.65,1.6,0.96,1
20.6,85,2.68,1015,1.35,1.58,107.15,0.5,40.6,0.32,0.03,1
28.93,79,3.6,1011,2.05,2.25,126.99,1.41,42.16,0.2,6.11,1
21.35,89,1.54,1014,1.83,2.09,106.13,0.48,41.1,0.32,0.02,1
28.24,65,6.17,1014,6.71,7.51,129.14,0.58,61.53,1.44,0.27,2
28.16,69,1.03,1014,1.69,3.33,102.09,0.22,48.3,0.19,0.11,1
24.19,88,1.54,1015,2.19,2.81,110.38,0.04,42.63,0.03,0.02,1
21.27,68,6.17,1016,3.57,16.9,102.44,0.15,60.79,0.46,0.0,2
20.75,64,8.23,1017,2.95,14.51,103.21,0.11,71.44,0.38,0.0,2
21.02,64,5.66,1017,2.58,12.08,103.58,0.14,67.05,0.45,0.0,2
28.08,80,6.69,1012,6.36,7.44,184.93,2.85,39.81,1.03,0.85,1
28.16,80,6.69,1012,6.36,7.44,184.93,2.85,39.81,1.03,0.85,1
14.76,94,3.09,1012,3.49,7.96,118.83,0.25,92.5,0.24,0.04,2
16.96,88,2.06,1012,2.74,6.53,119.51,0.15,95.92,0.14,0.02,2
16.31,89,2.06,1012,2.24,5.47,120.2,0.33,97.05,0.28,0.02,2
6.55,60,1.54,1021,8.92,11.03,165.01,5.68,69.58,1.77,13.68,2
7.71,56,1.03,1021,9.87,12.77,270.88,16.25,43.41,1.96,10.35,1
4.15,75,0.51,1022,9.07,11.53,163.97,5.67,64.91,1.47,18.77,2
7.04,56,4.47,1024,9.35,11.35,164.36,7.3,77.09,1.69,17.81,2
7.15,66,4.12,1025,8.13,10.01,151.58,4.03,92.52,1.57,16.27,2
6.34,73,1.66,1018,13.1,14.14,147.9,3.58,102.49,0.77,38.68,3
27.66,78,2.89,1007,10.94,29.35,129.99,0.56,44.22,0.1,3.69,2
22.74,84,3.52,1008,8.03,19.83,200.25,1.21,39.09,0.25,7.11,1
25.99,67,4.3,1007,11.56,30.08,221.48,1.63,38.67,0.25,7.97,2
7.32,61,4.12,1026,10.05,11.16,172.96,9.81,76.92,1.91,8.71,2
2.69,79,2.43,1028,3.24,3.97,146.94,2.39,90.84,0.54,7.48,2
4.08,80,3.54,1027,6.22,7.23,150.09,3.24,94.11,0.83,9.28,2
26.01,76,5.2,1016,2.46,12.91,100.85,1.85,43.31,1.39,0.05,1
27.95,80,3.09,1014,0.99,3.67,108.58,0.16,28.02,0.11,0.0,1
26.76,78,2.06,1015,5.33,8.38,148.73,4.16,28.56,0.87,13.72,1
27.71,78,3.09,1015,0.99,3.67,108.58,0.16,28.02,0.11,0.0,1
16.37,88,1.03,1013,36.84,145.78,129.27,7.62,41.88,0.37,0.99,4
16.93,94,6.69,1011,20.89,82.38,119.24,4.98,60.79,0.38,1.11,3
14.67,94,0.0,1015,16.57,64.4,122.68,6.71,59.62,0.96,2.28,3
12.53,90,0.62,1017,9.78,11.08,335.65,11.97,15.86,1.59,2.77,1
30.93,62,2.06,1011,10.16,25.79,90.14,0.47,53.33,0.36,0.0,2
15.95,77,2.57,1016,5.93,6.45,325.44,17.34,21.73,2.22,2.12,1
4.19,60,6.17,1016,0.5,0.5,142.42,0.36,97.26,0.19,0.43,2
0.14,80,3.6,1013,0.5,0.57,141.66,0.74,89.72,0.27,0.53,2
1.73,75,6.34,1011,0.5,0.52,142.19,0.68,87.58,0.24,0.43,2
18.42,68,3.09,1014,15.98,48.95,125.42,1.49,110.75,5.86,9.87,3
17.9,82,4.12,1015,10.54,22.6,119.67,0.39,104.28,0.55,0.49,3
18.42,75,3.97,1014,15.98,48.95,125.42,1.49,110.75,5.86,9.87,3
17.98,88,2.57,1015,9.69,48.73,112.96,0.21,91.2,0.27,0.0,2
18.01,88,4.63,1015,3.01,14.32,109.14,0.25,94.17,0.44,0.0,2
19.11,79,6.87,1015,3.67,10.45,113.1,0.25,95.38,0.4,0.01,2
16.34,72,1.54,1012,11.62,18.18,195.29,2.15,34.57,0.18,9.49,2
23.56,57,0.54,1009,9.16,14.43,135.18,0.88,41.83,0.1,5.03,1
29.71,40,3.25,1007,18.84,43.66,149.17,1.32,40.37,0.08,1.59,2
17.57,39,5.14,1014,1.98,4.16,104.43,0.7,65.77,0.03,7.64,2
17.06,55,2.06,1016,7.09,10.85,118.89,0.64,112.48,0.73,0.21,3
15.08,74,2.24,1016,5.7,11.04,125.92,3.5,76.41,0.25,9.7,2
16.49,63,2.06,1014,18.0,26.19,642.47,5.05,20.26,0.43,10.81,2
20.72,65,3.56,1012,2.84,9.75,92.84,0.53,21.7,0.04,3.09,1
16.17,74,2.59,1013,7.3,15.99,222.72,2.49,32.85,0.27,11.5,1
2.06,58,6.71,1016,0.5,0.5,143.39,0.75,93.24,0.35,0.53,2
1.88,59,6.71,1016,0.5,0.5,142.15,0.54,94.58,0.25,0.5,2
1.26,58,8.49,1018,0.5,0.5,142.81,0.57,90.44,0.31,1.62,2
29.94,79,3.09,1012,1.35,5.31,64.91,0.03,21.68,0.05,0.04,1
29.99,79,3.09,1012,1.35,5.31,64.91,0.03,21.68,0.05,0.04,1
30.83,66,2.57,1012,0.9,3.66,64.96,0.04,21.33,0.05,0.0,1
13.98,57,4.12,1019,35.56,38.78,212.25,5.33,102.16,2.17,15.36,3
14.06,87,1.31,1017,7.82,12.49,127.89,0.37,101.5,0.38,0.87,3
14.54,71,1.54,1016,8.73,11.62,129.17,2.15,50.52,0.2,6.18,1
28.01,78,2.57,1010,0.81,1.69,86.0,0.19,17.83,0.09,0.03,1
26.98,89,3.09,1010,1.25,3.54,86.84,0.05,18.89,0.07,0.0,1
23.38,80,0.74,1010,0.52,0.61,60.39,0.02,1.77,0.01,0.01,1
10.56,79,3.6,1023,29.88,33.9,156.35,26.81,73.42,8.34,2.01,3
9.38,83,4.12,1026,6.22,6.69,133.39,4.63,91.52,1.74,5.13,2
10.28,83,3.09,1030,1.56,2.3,130.76,4.14,66.11,0.75,2.65,2
11.08,62,10.29,1019,2.65,3.11,111.77,2.28,70.88,0.17,13.53,2
10.99,82,1.03,1023,4.32,5.11,116.54,3.13,68.06,1.24,28.68,2
8.33,82,1.09,1023,4.29,4.85,128.24,3.56,74.59,0.81,9.65,2
25.99,89,1.03,1012,1.68,2.27,116.09,0.09,14.31,0.04,0.02,1
25.99,89,1.03,1013,1.68,2.27,116.09,0.09,14.31,0.04,0.02,1
23.55,97,1.21,1013,0.81,0.91,111.88,0.11,12.7,0.04,0.02,1
10.61,87,3.09,1022,23.28,27.48,140.55,4.76,96.01,1.71,5.76,2
23.64,89,1.11,1011,1.85,3.44,121.6,1.31,7.41,0.11,0.14,1
28.23,83,2.06,1010,1.99,2.9,93.03,1.05,29.25,3.18,0.0,1
28.54,61,2.54,1010,1.82,2.67,138.31,2.36,16.4,0.21,2.61,1
17.22,92,7.72,1012,6.93,13.93,122.54,3.49,53.01,0.61,1.52,1
22.08,68,4.12,1012,9.88,38.19,120.43,1.5,82.73,2.3,0.0,2
22.02,68,4.12,1012,10.26,39.47,116.83,1.45,83.3,2.18,0.0,2
22.01,68,4.12,1012,9.88,38.19,120.43,1.5,82.73,2.3,0.0,2
26.04,78,2.06,1013,33.59,96.82,100.24,0.53,71.34,0.55,0.0,3
26.05,78,2.06,1012,33.59,96.82,100.24,0.53,71.34,0.55,0.0,3
20.71,98,1.08,1014,6.45,8.85,187.69,0.86,12.38,0.22,0.49,1
25.82,83,4.12,1016,2.4,12.3,97.02,0.65,45.39,0.64,0.0,1
25.94,83,4.12,1016,2.4,12.3,97.02,0.65,45.39,0.64,0.0,1
25.94,83,4.12,1016,2.4,12.3,97.02,0.65,45.39,0.64,0.0,1
26.92,100,2.57,1009,1.5,2.29,112.9,0.1,25.02,0.07,0.0,1
25.95,94,3.09,1010,0.75,2.12,107.42,0.03,19.79,0.06,0.0,1
21.22,95,0.85,1011,1.15,1.38,84.65,0.09,1.35,0.02,0.03,1
16.31,41,3.09,1018,13.4,19.89,132.86,2.93,96.28,3.52,2.16,2
13.63,77,0.89,1020,6.16,9.7,117.0,1.29,46.39,0.28,6.22,1
14.36,74,3.68,1017,36.08,41.0,132.59,0.57,116.22,4.93,0.0,3
25.81,68,5.14,1011,4.31,6.9,138.84,0.69,34.96,1.17,4.9,1
27.0,66,5.14,1012,3.04,4.85,126.07,0.43,34.53,0.69,2.46,1
21.97,69,5.14,1012,4.27,6.72,133.52,0.53,36.41,1.0,3.31,1
29.04,71,7.2,1012,6.32,27.48,94.93,0.04,19.72,0.21,0.0,2
28.54,71,7.2,1012,6.32,27.48,94.93,0.04,19.72,0.21,0.0,2
29.57,71,7.2,1012,6.5,26.41,95.21,0.04,18.61,0.21,0.0,2
24.06,83,2.06,1011,22.72,96.98,127.47,0.64,91.58,1.47,0.0,3
24.73,56,2.85,1011,44.55,158.99,128.99,0.5,68.7,0.63,0.0,4
25.91,51,2.42,1011,35.91,133.98,130.73,0.49,80.94,0.89,0.0,4
26.99,89,4.12,1012,2.0,3.39,127.94,1.21,20.55,0.66,0.05,1
24.33,91,2.03,1012,0.92,1.13,125.12,0.27,14.67,0.07,0.06,1
24.8,91,2.02,1013,1.61,3.08,131.48,0.36,21.29,0.19,0.12,1
24.78,81,4.02,1011,7.41,12.52,192.15,0.62,80.16,0.49,0.0,2
24.97,81,4.02,1011,7.41,12.52,192.15,0.62,80.16,0.49,0.0,2
25.9,81,4.12,1011,8.37,13.76,193.65,0.71,80.3,0.61,0.0,2
31.42,22,4.63,1013,14.37,15.7,116.09,0.62,37.85,10.67,1.23,2
30.69,70,7.72,1011,10.15,12.53,219.66,3.39,48.03,0.69,10.81,2
30.9,79,4.63,1011,9.53,10.75,157.38,1.06,80.46,0.36,2.05,2
6.69,87,0.51,1019,9.55,11.13,129.71,3.64,52.73,0.23,12.08,1
13.06,58,0.0,1017,30.77,32.97,167.32,4.97,102.15,3.24,2.37,3
13.51,67,1.54,1017,23.3,25.1,160.89,4.34,104.21,2.39,1.5,3
28.93,70,3.6,1014,0.74,2.77,105.22,0.2,29.85,0.13,0.05,1
28.43,70,3.6,1014,0.74,2.77,105.22,0.2,29.85,0.13,0.05,1
26.53,74,3.44,1015,2.57,3.81,115.82,0.25,46.36,0.12,1.02,1
9.72,54,0.89,1020,4.53,7.54,136.07,2.53,49.84,0.25,24.69,1
5.88,52,1.54,1020,2.87,5.41,140.85,2.26,55.25,0.16,23.35,1
11.14,48,1.3,1020,9.86,13.92,150.19,7.72,54.96,1.1,8.55,1
26.69,91,1.03,1009,3.3,4.54,142.04,0.52,33.48,0.19,0.46,1
26.68,94,1.03,1010,4.17,5.98,201.74,2.85,30.2,0.83,1.07,1
26.26,89,1.03,1009,3.3,4.54,142.04,0.52,33.48,0.19,0.46,1
8.24,90,3.09,1029,5.17,6.12,134.19,3.96,59.09,1.27,5.24,1
11.87,87,3.6,1027,8.47,10.19,130.45,2.03,75.28,0.86,1.89,2
9.97,95,2.46,1028,1.79,2.55,119.35,2.32,50.67,0.76,5.21,1
13.17,85,1.79,1013,13.14,29.23,128.06,2.76,75.45,1.06,6.0,2
16.74,84,2.06,1012,11.26,29.89,130.86,9.39,75.01,1.66,50.9,2
16.41,82,2.98,1012,2.67,5.29,122.51,0.32,104.31,0.42,0.42,3
11.88,76,5.66,1028,1.46,2.83,131.95,2.63,91.04,1.32,0.62,2
28.01,83,1.54,1006,36.1,116.46,106.79,0.1,54.35,0.25,0.0,4
30.03,37,2.57,1000,32.19,70.3,231.52,5.58,49.97,1.69,39.78,3
25.07,88,3.09,1008,27.75,35.6,330.79,8.35,38.85,2.89,9.06,3
19.95,68,5.66,1006,27.08,86.03,266.55,15.81,55.56,7.54,0.27,3
17.34,89,0.45,1008,23.14,90.17,166.41,1.98,66.78,0.39,4.58,3
14.85,100,2.06,1008,23.63,76.24,307.54,11.11,59.66,1.24,2.78,3
16.99,34,3.09,1011,4.36,6.5,137.18,5.44,58.77,1.65,11.77,1
14.08,58,0.0,1013,26.15,80.88,149.99,3.39,80.55,0.72,10.0,3
18.54,26,1.58,1009,13.99,21.36,176.03,8.45,46.54,0.93,11.37,2
9.81,86,11.32,1006,5.46,9.64,117.85,0.11,94.32,0.25,0.0,2
9.84,86,11.32,1006,5.46,9.64,117.85,0.11,94.32,0.25,0.0,2
9.93,86,11.32,1006,5.46,9.64,117.85,0.11,94.32,0.25,0.0,2
14.16,71,1.54,1017,5.55,7.55,119.14,0.26,109.26,0.4,0.69,3
17.4,67,1.03,1016,7.35,10.91,153.77,2.45,83.46,0.61,1.11,2
14.78,80,1.03,1017,5.59,8.31,117.62,0.44,108.22,0.5,0.58,3
12.7,70,3.09,1021,25.65,29.32,141.65,2.85,101.95,1.37,10.05,3
27.53,74,3.09,1014,0.84,2.65,95.52,0.21,38.45,0.17,0.0,1
27.03,76,3.09,1014,0.91,2.98,95.13,0.19,39.72,0.16,0.0,1
27.19,76,3.09,1014,0.91,2.98,95.13,0.19,39.72,0.16,0.0,1
14.05,77,3.6,1013,7.46,17.96,128.0,2.57,93.87,1.43,2.51,2
14.95,77,3.6,1012,4.45,12.9,125.94,2.27,111.58,1.75,1.96,3
13.27,90,1.91,1012,8.4,19.69,146.06,10.03,83.83,2.18,5.04,2
19.93,71,6.69,1013,10.93,14.06,178.87,4.62,92.11,8.49,0.0,2
19.93,73,6.69,1013,9.48,13.23,172.55,3.62,97.1,8.07,0.0,2
18.4,66,2.06,1013,7.01,9.92,149.12,2.58,104.38,1.7,0.21,3
15.62,94,2.57,1014,0.58,0.68,88.22,0.46,21.39,0.12,0.23,1
15.93,95,1.1,1014,15.71,20.72,483.1,3.61,14.54,0.34,5.56,2
25.23,88,1.03,1009,8.4,11.26,239.13,2.13,14.3,0.31,0.64,1
11.11,75,0.66,1014,6.18,8.91,95.12,1.53,91.93,0.62,6.04,2
15.51,77,2.0,1011,1.33,1.73,76.99,0.23,71.37,0.21,2.48,2
13.27,55,3.05,1011,1.88,3.56,91.08,1.17,66.83,0.15,3.19,2
28.63,71,4.32,1010,15.87,19.08,475.18,6.65,45.12,1.34,2.22,2
28.69,71,2.74,1010,4.6,6.85,247.48,1.6,56.75,0.41,0.51,1
28.16,71,0.83,1009,22.62,23.72,383.25,3.32,12.49,0.41,0.69,2
30.0,74,1.03,1009,0.5,1.16,72.11,0.01,4.96,0.03,0.0,1
26.43,82,3.41,1011,2.06,4.41,71.57,0.05,33.31,0.11,0.02,1
26.77,80,3.47,1010,2.17,4.52,71.9,0.04,32.02,0.09,0.05,1
28.21,74,5.93,1009,1.97,4.66,70.81,0.03,33.65,0.1,0.03,1
11.87,58,5.52,1012,14.31,16.81,200.72,4.34,101.98,6.04,0.9,3
7.94,87,0.71,1013,7.18,8.0,208.32,3.83,101.34,4.02,0.49,3
11.62,57,6.26,1013,15.24,18.26,192.82,3.85,103.77,5.42,0.66,3
11.76,87,5.14,1012,9.29,12.32,188.63,3.58,114.29,3.02,0.56,3
16.95,48,2.57,1011,18.77,29.3,159.07,1.07,133.85,1.0,0.0,3
11.95,87,5.14,1012,7.23,10.25,178.19,1.48,117.4,2.17,0.35,3
23.97,66,5.04,1004,67.69,204.79,140.81,1.73,89.8,1.44,0.0,5
24.33,68,4.02,1004,73.02,227.97,145.34,1.66,98.11,1.54,0.0,5
24.25,68,4.02,1004,73.02,227.97,145.34,1.66,98.11,1.54,0.0,5
29.01,61,2.57,1013,0.99,2.66,101.12,0.13,36.89,0.1,0.0,1
29.01,61,2.57,1013,0.99,2.66,101.12,0.13,36.89,0.1,0.0,1
13.28,62,2.0,1016,4.52,6.79,88.33,1.07,65.31,0.34,2.31,2
10.33,87,2.0,1011,20.16,51.27,153.59,7.2,23.74,0.48,4.26,3
12.05,66,7.0,1016,6.47,17.91,124.04,0.27,92.14,0.04,0.26,2
22.97,83,4.12,1009,47.66,51.91,687.91,7.1,30.27,1.67,6.64,3
24.62,80,1.82,1009,44.98,48.11,1028.18,17.04,22.73,1.95,13.4,3
26.3,85,1.99,1010,27.09,28.33,488.59,2.29,26.05,0.45,1.2,3
17.08,85,1.1,1012,2.82,6.92,121.56,3.5,95.79,1.43,0.77,2
17.42,83,2.47,1012,13.19,19.17,145.97,4.38,77.64,4.26,3.02,2
17.41,86,0.78,1012,2.87,6.95,121.76,2.54,96.36,1.36,1.06,2
26.93,74,3.6,1015,2.47,11.7,97.19,0.5,46.51,0.55,0.01,1
26.13,82,3.6,1015,2.51,12.55,97.22,0.34,44.8,0.42,0.0,1
26.16,91,2.57,1007,0.5,0.51,82.14,1.07,17.94,0.46,0.0,1
26.15,91,1.34,1007,0.5,0.51,82.14,1.07,17.94,0.46,0.0,1
26.08,91,1.34,1007,0.5,0.51,82.14,1.07,17.94,0.46,0.0,1
24.16,91,5.28,1013,0.5,0.84,86.6,0.23,23.64,0.08,0.01,1
22.07,98,1.21,1013,3.02,6.31,128.82,0.77,31.68,0.25,0.39,1
24.05,90,3.51,1012,0.5,0.81,82.1,0.24,26.39,0.06,0.01,1
5.89,46,0.71,1018,0.62,1.47,63.4,1.35,34.33,0.1,0.62,1
6.73,59,0.81,1018,1.79,3.36,88.14,1.79,31.14,0.14,1.12,1
5.51,49,1.21,1019,0.61,1.96,59.56,1.16,35.54,0.1,0.52,1
1.43,67,3.6,1017,0.5,0.63,140.18,1.3,84.16,0.82,2.89,2
1.18,69,3.09,1019,0.5,0.59,140.36,0.7,82.14,0.38,1.58,2
4.01,70,8.87,1022,0.5,0.67,145.43,1.95,87.43,0.91,0.49,2
11.94,57,3.6,1018,10.92,12.96,159.04,6.25,52.67,0.9,29.83,2
11.77,60,2.24,1018,10.68,12.48,146.63,4.25,63.1,0.78,25.92,2
11.87,58,3.6,1018,10.73,12.58,154.4,5.28,59.61,0.97,27.71,2
3.9,75,4.12,1017,0.5,0.5,141.71,0.59,86.73,0.35,0.68,2
0.6,81,4.96,1015,0.5,0.58,140.19,0.61,89.84,0.23,1.12,2
3.95,70,3.6,1022,0.51,0.91,142.41,0.66,95.34,0.64,0.15,2
18.94,68,10.29,1012,5.4,19.75,125.96,0.46,112.05,0.07,0.17,3
17.7,52,3.23,1017,17.11,26.04,168.24,1.9,115.58,1.76,0.04,3
18.49,71,6.45,1015,11.48,42.11,139.65,1.19,99.45,0.24,0.0,2
20.16,77,2.06,1010,10.18,27.11,120.89,1.01,92.08,1.74,0.46,2
21.23,56,3.6,1009,12.33,20.07,123.2,2.29,82.57,3.6,0.7,2
19.08,88,1.54,1008,6.42,19.06,95.76,2.12,50.79,0.11,0.76,1
14.48,88,2.06,1017,6.99,11.39,130.16,0.67,96.08,0.55,1.25,2
4.46,58,2.57,1020,2.83,4.66,141.53,1.96,79.13,0.66,7.78,2
6.06,47,3.01,1021,2.48,3.64,140.87,1.33,73.88,0.4,3.48,2
5.76,47,2.39,1020,2.7,5.51,149.78,2.98,54.89,0.24,16.51,1
13.88,58,1.54,1017,12.85,15.94,139.41,0.61,102.36,0.52,0.37,3
9.17,84,1.19,1018,13.61,16.25,141.5,1.53,103.69,1.12,0.79,3
8.48,100,0.51,1017,15.46,18.36,147.21,3.48,101.44,2.63,0.82,3
16.98,100,1.54,1014,6.25,9.55,165.79,1.83,11.35,0.1,0.42,1
23.0,94,1.54,1010,1.95,3.92,78.57,0.46,16.6,0.07,0.18,1
13.34,88,1.24,1015,3.6,5.99,108.94,1.04,13.91,0.17,1.64,1
29.98,74,6.69,1010,0.56,1.93,101.08,0.01,12.43,0.06,0.0,1
7.9,71,2.57,1020,6.44,7.79,109.5,1.41,76.66,1.82,12.58,2
7.31,84,1.99,1020,6.24,7.74,108.47,1.72,68.48,1.82,10.49,2
8.32,87,0.57,1019,6.63,7.93,98.95,1.21,49.89,1.13,13.34,1
31.3,48,2.06,1011,10.02,25.17,149.62,0.39,28.07,0.08,1.05,2
25.62,68,2.43,1012,2.58,4.2,144.3,1.35,19.28,0.17,9.44,1
29.15,40,2.5,1011,2.99,5.37,153.49,0.93,13.59,0.11,3.67,1
26.98,94,1.54,1009,8.31,12.33,209.98,2.01,37.58,0.26,0.94,1
28.66,50,2.26,1007,25.59,37.15,205.28,1.54,65.13,0.25,5.73,3
26.25,59,2.63,1008,37.81,48.41,748.9,13.81,15.26,1.41,9.45,3
-3.93,68,1.0,1027,2.19,11.72,122.03,0.16,97.64,0.21,0.39,2
5.13,34,2.2,1022,0.5,0.56,129.33,0.6,75.16,0.04,0.87,2
7.07,29,4.59,1023,0.65,0.79,128.38,0.3,76.2,0.7,0.57,2
24.85,88,5.66,1011,10.29,16.24,196.65,0.9,80.58,0.85,0.0,2
24.96,88,5.66,1011,10.13,16.81,193.0,0.35,80.45,0.42,0.0,2
24.82,88,5.66,1011,10.13,16.81,193.0,0.35,80.45,0.42,0.0,2
28.08,74,7.72,1013,4.31,22.83,93.11,0.09,32.78,0.21,0.0,2
25.43,79,4.08,1016,1.93,9.51,98.09,0.72,44.94,0.6,0.02,1
25.69,80,3.96,1016,1.91,9.52,97.71,0.63,44.09,0.55,0.03,1
25.39,82,4.02,1016,1.91,9.52,97.71,0.63,44.09,0.55,0.03,1
18.96,85,7.77,1013,6.46,23.95,109.58,0.23,80.72,1.03,0.01,2
17.93,88,6.17,1015,2.66,9.97,108.67,0.76,87.46,1.08,0.0,2
31.49,12,5.4,1009,55.53,241.46,111.5,0.27,61.45,0.12,0.24,5
16.34,88,2.06,1017,18.93,27.45,117.82,0.13,104.5,1.21,0.0,3
16.22,88,2.06,1017,18.93,27.45,117.82,0.13,104.5,1.21,0.0,3
15.99,88,2.06,1017,18.93,27.45,117.82,0.13,104.5,1.21,0.0,3
24.68,95,3.28,1010,1.94,3.83,68.54,0.68,38.47,0.33,0.02,1
22.15,95,1.34,1011,1.91,3.84,64.6,0.39,40.39,0.23,0.01,1
23.1,95,1.34,1011,1.91,3.84,64.6,0.39,40.39,0.23,0.01,1
29.97,84,3.6,1007,0.5,1.41,94.99,0.04,13.51,0.03,0.0,1
16.46,82,0.53,1014,1.99,2.74,73.31,0.3,15.38,0.01,0.08,1
17.0,65,1.43,1013,2.18,3.67,82.57,0.96,14.33,0.21,0.28,1
15.33,84,1.03,1014,4.49,6.17,105.72,0.98,24.45,0.07,0.43,1
25.94,22,10.29,1011,15.32,17.95,196.96,5.08,107.07,2.2,10.8,3
18.66,55,6.69,1016,0.69,1.87,118.52,0.15,107.87,0.22,0.0,3
25.97,22,10.29,1011,13.13,15.53,169.61,3.04,102.75,1.63,6.05,3
25.29,88,0.0,1008,6.44,7.06,212.34,2.22,18.5,0.64,0.45,1
25.52,94,1.03,1008,12.32,13.83,207.42,6.74,12.17,4.21,1.53,2
25.51,88,0.0,1008,7.63,8.33,214.61,1.69,15.32,0.4,0.53,1
19.55,87,7.2,1015,3.91,10.08,76.65,0.47,49.73,0.49,0.16,1
19.97,88,7.2,1015,3.91,10.08,76.65,0.47,49.73,0.49,0.16,1
18.89,98,1.35,1012,1.09,2.1,70.28,0.27,12.8,0.02,0.1,1
28.73,75,2.79,1014,2.59,7.92,61.32,0.06,46.51,0.13,0.0,1
28.87,75,1.55,1014,2.59,7.92,61.32,0.06,46.51,0.13,0.0,1
28.66,75,1.47,1015,2.12,6.17,62.18,0.07,41.94,0.12,0.0,1
30.16,48,1.03,1010,11.34,25.38,195.38,1.02,30.86,0.17,1.42,2
30.7,40,1.77,1008,28.21,53.0,283.73,1.32,40.24,0.45,3.0,3
30.05,30,3.01,1008,58.16,114.97,664.86,7.14,44.44,2.22,9.53,4
28.56,77,5.17,1009,0.65,1.05,95.09,0.05,21.78,0.02,0.04,1
30.47,32,1.46,1009,37.83,61.58,772.86,9.28,16.14,0.95,3.92,3
24.4,85,1.52,1010,13.52,28.02,351.34,3.19,19.19,0.74,1.75,2
32.27,46,6.71,1008,12.9,13.32,107.56,0.22,40.95,12.41,0.0,2
30.78,61,2.77,1009,29.74,30.93,114.23,0.33,52.21,10.93,0.0,3
32.27,46,6.71,1009,11.62,11.96,108.32,0.24,41.46,7.36,0.01,2
10.18,81,6.17,1023,14.46,17.76,170.14,13.16,92.56,2.96,21.28,2
9.34,71,6.17,1023,10.14,12.99,159.12,10.89,94.19,2.18,20.16,2
10.35,82,6.17,1023,14.03,17.28,171.28,16.43,84.96,2.92,22.67,2
4.65,56,1.47,1030,1.12,1.59,138.4,2.09,96.84,1.2,1.13,2
3.27,81,2.06,1030,0.73,1.79,132.04,0.89,113.67,1.02,0.02,3
0.87,82,0.45,1031,0.5,0.55,123.92,0.37,84.8,0.06,0.92,2
19.25,100,1.03,1007,18.42,24.79,377.41,5.57,63.28,6.23,9.0,2
18.96,80,0.68,1007,39.85,50.42,455.67,4.84,74.39,6.42,19.67,3
23.11,85,0.9,1006,28.66,38.15,426.49,6.39,64.66,7.55,16.34,3
19.39,21,1.34,1026,2.12,4.07,71.37,0.43,55.62,0.52,0.15,1
21.06,49,1.54,1022,1.66,3.37,74.86,0.61,33.4,0.16,0.1,1
15.88,80,7.2,1024,1.1,1.87,66.16,0.68,32.99,0.27,0.28,1
31.99,22,2.57,1004,44.28,146.82,115.7,1.14,72.23,0.91,0.18,4
32.05,22,2.57,1004,36.68,117.3,113.74,1.26,75.62,0.99,0.2,4
32.0,22,2.57,1004,43.57,142.76,114.8,1.02,73.62,0.84,0.15,4
27.94,83,2.57,1009,2.12,2.74,114.59,0.55,49.59,0.37,0.7,1
27.69,87,2.57,1010,2.6,3.52,123.95,0.89,51.43,0.64,0.95,1
27.98,86,2.57,1010,2.6,3.52,123.95,0.89,51.43,0.64,0.95,1
20.14,83,4.63,1013,6.49,22.18,73.4,0.06,55.82,0.36,0.0,2
21.1,83,4.63,1013,6.49,22.18,73.4,0.06,55.82,0.36,0.0,2
16.12,51,2.06,1017,9.77,16.77,85.18,0.62,64.66,1.3,0.0,2
30.9,66,7.6,1012,0.69,1.96,65.88,0.18,23.28,0.09,0.0,1
30.96,66,7.6,1012,0.71,2.24,65.03,0.12,21.64,0.07,0.0,1
30.8,66,7.6,1011,0.7,2.22,65.08,0.1,20.45,0.06,0.0,1
27.88,71,3.63,1011,1.47,7.81,61.58,0.03,48.3,0.14,0.0,1
27.21,71,0.27,1011,1.3,1.58,35.54,0.04,2.57,0.03,0.01,1
30.75,67,1.59,1010,1.24,1.73,65.79,0.11,20.17,2.22,0.0,1
30.23,72,3.09,1011,7.31,8.83,179.28,4.2,31.63,3.59,1.35,1
28.05,78,3.6,1011,23.36,25.5,476.81,11.46,20.27,2.16,17.24,2
30.57,73,3.09,1011,7.08,8.62,164.79,3.88,33.59,3.75,0.88,1
27.99,44,4.12,1001,39.7,96.79,478.22,11.25,22.7,2.28,42.1,3
27.09,74,4.63,1002,33.83,88.44,115.9,0.13,90.31,0.69,0.0,3
26.08,47,5.14,1003,3.25,8.81,167.25,1.0,83.66,0.22,7.89,2
3.4,52,3.37,1023,7.25,11.13,189.05,7.01,48.53,2.98,21.03,1
3.1,70,0.51,1022,12.45,14.58,166.83,3.98,66.02,2.48,16.81,2
7.99,57,4.47,1023,8.22,10.91,171.43,5.17,60.31,2.15,19.32,2
27.32,79,3.09,1016,1.22,2.46,112.41,0.37,29.83,0.1,0.0,1
27.22,81,3.09,1016,1.4,2.7,109.9,0.38,30.41,0.11,0.0,1
27.06,81,0.0,1016,1.48,2.63,108.06,0.42,32.63,0.11,0.0,1
16.43,83,1.42,1013,11.45,30.65,125.08,1.53,83.03,0.85,4.85,2
16.61,81,1.91,1013,9.26,27.78,122.28,0.62,83.86,0.75,1.77,2
16.36,83,1.37,1013,11.45,30.65,125.08,1.53,83.03,0.85,4.85,2
19.04,72,3.6,1010,12.62,27.33,126.64,3.94,113.16,3.03,0.17,3
15.73,88,0.0,1010,15.67,31.21,135.95,4.48,99.51,2.5,0.65,2
15.72,81,1.87,1011,14.88,28.37,141.64,4.07,96.04,1.94,0.82,2
15.79,65,1.79,1017,2.72,6.96,73.78,1.13,36.8,0.34,0.28,1
17.26,77,3.6,1016,4.9,8.3,121.31,2.45,40.2,0.54,0.55,1
15.71,65,1.79,1017,2.52,6.94,71.65,1.18,35.41,0.38,0.24,1
28.95,49,0.51,1005,34.83,134.23,132.34,4.44,67.3,2.16,0.05,4
28.89,47,0.51,1005,34.83,134.23,132.34,4.44,67.3,2.16,0.05,4
29.03,45,0.51,1005,36.19,132.16,140.81,7.85,64.23,4.02,0.11,4
25.81,78,5.66,1011,1.81,4.4,63.9,0.26,44.1,0.27,0.11,1
26.05,79,2.71,1010,1.81,4.47,61.41,0.1,45.49,0.16,0.0,1
23.82,83,2.57,1011,1.95,4.83,61.0,0.08,44.68,0.16,0.0,1
7.85,72,0.51,1020,2.3,4.24,128.85,1.9,52.49,0.16,5.32,1
6.37,46,1.03,1020,3.51,6.2,146.42,3.05,46.89,0.16,7.96,1
3.25,71,5.03,1022,0.67,1.25,133.4,0.9,91.57,0.53,0.82,2
8.63,71,1.54,1019,6.4,9.72,118.72,4.91,50.77,0.67,9.13,1
8.99,66,1.03,1019,8.03,12.65,156.97,6.43,70.19,3.94,18.79,2
7.38,65,1.71,1019,14.28,17.61,119.23,3.1,70.03,7.16,15.92,2
-0.19,98,9.1,995,0.5,0.5,135.48,0.63,88.73,0.28,0.18,2
2.78,67,7.0,1006,0.5,0.5,142.59,2.4,81.83,0.5,0.26,2
2.87,70,1.0,1027,0.71,1.02,135.95,0.54,65.25,0.11,0.63,2
17.07,93,1.54,1014,22.35,30.34,548.49,2.59,5.01,0.38,1.0,2
16.92,95,0.47,1016,18.57,28.13,455.1,3.45,18.5,1.37,5.94,2
15.15,98,0.95,1016,20.71,32.55,474.49,5.34,15.51,1.35,7.03,2
27.0,39,6.3,1008,17.07,69.23,115.6,3.35,105.18,13.84,0.08,3
27.96,29,0.75,1006,21.84,60.21,101.31,1.63,54.62,2.12,0.19,3
26.1,35,4.42,1008,28.37,95.25,123.82,19.31,70.33,68.61,0.0,3
30.68,67,2.21,1010,0.53,1.59,69.6,0.01,6.8,0.03,0.0,1
30.76,66,2.16,1010,0.53,1.59,69.6,0.01,6.8,0.03,0.0,1
30.64,66,2.62,1010,0.51,1.42,69.12,0.02,6.9,0.03,0.0,1
28.0,83,1.54,1008,0.5,0.62,71.66,0.05,11.15,0.01,0.0,1
29.56,11,8.75,1009,31.2,144.4,105.03,0.21,72.96,0.19,0.42,4
29.1,11,8.66,1009,31.1,142.81,104.49,0.2,71.94,0.17,0.42,4
29.17,11,8.64,1009,31.1,142.81,104.49,0.2,71.94,0.17,0.42,4
2.31,70,2.06,1025,0.5,0.5,146.04,1.71,91.85,0.89,0.61,2
2.17,71,2.33,1028,1.28,1.83,142.92,5.36,98.01,3.59,0.47,2
7.93,65,3.73,1026,9.91,11.04,170.59,10.32,76.47,2.82,6.66,2
25.97,94,1.54,1008,9.12,10.41,174.9,5.09,10.48,3.16,1.74,1
25.97,96,1.54,1008,9.12,10.41,174.9,5.09,10.48,3.16,1.74,1
26.0,97,1.54,1008,9.12,10.41,174.9,5.09,10.48,3.16,1.74,1
10.63,77,1.03,1019,10.47,12.66,149.29,6.9,47.76,0.47,6.27,2
8.96,76,1.54,1020,7.32,10.1,137.23,5.83,50.73,0.26,6.3,1
9.88,77,0.67,1019,7.1,9.21,133.33,5.0,51.85,0.44,4.41,1
7.94,63,1.54,1020,4.83,6.93,144.89,3.8,48.58,0.2,15.57,1
7.61,39,3.6,1021,4.12,7.19,140.31,2.0,66.96,0.57,38.08,2
7.81,64,1.54,1020,4.83,6.93,144.89,3.8,48.58,0.2,15.57,1
24.86,85,2.24,1013,16.43,52.98,103.73,0.51,54.08,0.41,0.0,3
24.21,95,0.52,1012,11.25,34.53,104.1,0.56,47.31,0.34,0.0,2
23.14,98,0.8,1013,10.21,27.96,110.7,0.5,43.98,0.25,0.1,2
20.7,85,4.12,1014,6.92,28.07,103.91,0.91,77.77,1.37,0.0,2
20.18,53,6.24,1012,15.59,75.84,136.76,1.68,67.57,1.3,0.72,3
20.67,85,4.12,1014,6.9,27.84,103.75,1.22,78.82,1.57,0.0,2
28.26,75,3.13,1008,0.5,1.17,68.19,0.05,16.99,0.03,0.03,1
22.85,60,2.03,1010,2.64,7.44,111.58,0.87,23.64,0.08,4.44,1
25.19,52,3.85,1010,3.41,12.59,85.1,0.23,18.69,0.03,1.1,1
26.95,83,2.06,1013,0.78,0.91,117.07,1.04,15.1,0.38,0.01,1
26.96,83,2.06,1013,0.74,0.85,116.57,0.68,15.77,0.24,0.01,1
21.68,88,1.73,1010,5.01,8.53,184.05,0.86,3.93,0.06,0.58,1
29.67,34,2.3,1006,8.73,28.42,111.49,0.25,27.58,0.03,1.1,2
18.23,92,1.65,1011,3.72,4.71,143.24,0.24,2.96,0.04,0.07,1
27.02,94,0.0,1010,0.83,2.76,84.7,0.03,19.0,0.05,0.0,1
26.16,77,5.14,1011,2.7,4.11,102.39,0.19,38.57,0.18,0.0,1
26.94,74,5.14,1011,2.7,4.11,102.39,0.19,38.57,0.18,0.0,1
30.81,70,1.54,1009,4.16,5.66,101.89,0.12,34.54,0.85,0.0,1
15.47,83,3.83,1010,8.99,13.98,114.83,2.15,47.14,1.53,5.86,1
15.63,62,1.79,1011,9.07,16.89,154.9,13.67,54.33,2.26,4.18,1
14.39,85,3.03,1011,35.98,46.07,190.96,7.19,93.59,22.2,93.74,3
16.08,82,1.64,1017,3.41,4.75,105.77,2.2,27.1,1.7,0.23,1
13.18,96,1.42,1016,4.25,6.59,111.89,2.76,25.99,1.96,0.37,1
26.47,79,0.0,1015,4.59,5.67,121.66,0.41,58.95,0.31,0.0,1
30.98,23,2.57,1007,53.92,193.68,247.33,2.37,38.33,0.67,2.45,4
28.14,51,2.46,1008,3.6,8.33,122.44,0.24,13.13,0.02,0.41,1
27.37,15,3.08,1008,15.42,47.15,127.39,0.38,30.06,0.09,0.7,2
29.06,79,2.06,1010,1.12,1.76,114.09,0.58,30.64,0.25,0.35,1
25.4,68,0.07,1011,7.92,11.89,205.13,2.79,13.01,0.45,5.55,1
27.66,64,0.7,1011,4.86,7.05,162.06,2.26,11.9,0.14,1.59,1
31.78,61,5.24,1008,6.77,9.38,178.77,2.27,16.98,0.47,0.75,1
32.25,61,3.6,1008,5.93,8.78,168.58,1.91,17.82,0.42,0.55,1
29.97,74,3.09,1008,7.86,10.85,203.8,2.67,16.65,0.56,1.23,1
17.06,77,2.0,1009,42.98,143.89,362.53,1.55,81.91,0.3,8.31,4
17.31,59,0.85,1010,5.68,14.7,99.73,0.63,63.99,1.09,13.27,2
14.26,62,1.11,1011,3.13,6.29,102.06,0.59,77.26,1.06,17.6,2
28.15,72,0.17,1012,0.86,1.18,95.48,0.96,25.5,0.2,0.19,1
26.53,81,2.09,1012,1.24,2.94,100.01,0.99,28.9,0.26,0.2,1
26.8,79,2.3,1012,1.34,4.46,73.59,0.32,34.84,0.17,0.1,1
20.92,49,6.17,1011,13.98,23.04,168.42,5.64,80.57,1.05,13.47,2
16.99,59,4.12,1009,38.19,177.59,115.82,0.6,78.25,0.39,3.47,4
15.97,41,5.14,1013,33.72,174.34,117.97,0.37,87.55,0.06,4.51,4
16.8,94,3.09,1015,10.27,16.96,132.72,2.87,54.01,0.19,1.78,2
18.08,82,5.14,1014,29.64,96.34,124.65,0.35,110.92,0.8,0.0,3
17.88,88,4.12,1016,19.28,32.04,134.51,1.13,98.04,0.6,0.04,2
30.18,79,4.12,1012,2.29,5.61,63.86,0.02,25.78,0.03,0.0,1
8.86,75,3.6,1020,7.57,10.09,156.47,6.3,68.66,3.14,13.88,2
10.5,68,1.92,1017,6.6,8.14,124.63,2.31,56.19,0.4,14.02,1
4.56,80,1.14,1019,13.36,16.07,138.12,2.65,33.31,0.14,2.89,2
25.71,82,3.09,1013,2.38,11.15,103.76,0.25,26.96,0.1,0.24,1
25.6,82,2.66,1013,2.33,10.86,106.3,0.26,25.67,0.1,0.27,1
25.57,82,2.66,1013,2.33,10.86,106.3,0.26,25.67,0.1,0.27,1
24.21,54,1.79,1013,117.68,128.27,553.4,23.56,22.07,12.71,13.27,5
24.24,53,1.79,1013,117.68,128.27,553.4,23.56,22.07,12.71,13.27,5
24.2,66,1.03,1014,107.75,125.7,545.45,32.17,71.93,27.14,2.83,5
23.86,94,2.18,1010,2.7,3.46,85.3,0.46,6.21,0.04,0.19,1
19.56,91,2.15,1012,2.1,2.92,131.54,0.92,8.27,0.05,0.13,1
20.04,81,2.66,1012,1.2,1.85,81.12,0.37,13.42,0.02,0.08,1
3.98,67,3.22,1017,1.02,1.93,137.6,1.04,59.25,0.18,6.36,1
3.32,67,5.01,1015,0.5,1.17,155.25,2.02,71.97,3.71,3.65,2
7.95,61,5.38,1021,1.39,2.11,137.49,0.56,90.42,0.55,1.96,2
16.82,93,0.73,1013,8.19,10.35,198.9,2.52,20.79,0.2,6.59,1
16.77,95,0.86,1013,8.19,10.35,198.9,2.52,20.79,0.2,6.59,1
17.09,96,0.67,1013,7.7,9.67,205.21,2.5,26.6,0.21,8.1,1
14.19,51,5.14,1024,9.9,11.49,170.12,4.3,127.15,1.62,0.35,3
18.76,48,7.2,1015,1.44,3.64,124.94,0.16,128.73,0.45,0.0,3
13.43,54,5.14,1024,10.5,12.04,171.25,3.52,129.0,1.39,0.25,3
13.2,77,2.57,1016,0.65,1.51,66.82,0.37,44.97,0.03,0.07,1
10.35,69,0.45,1019,9.75,21.92,170.58,3.87,29.89,0.33,0.94,2
9.86,71,1.88,1019,7.12,16.36,110.59,2.04,29.35,0.16,0.39,1
17.48,67,2.21,1010,25.06,93.17,120.42,1.27,45.65,0.18,5.22,3
17.99,58,1.18,1010,2.09,2.65,82.06,0.2,71.35,0.24,3.94,2
18.81,55,1.16,1010,8.57,25.13,97.92,0.73,76.86,0.6,11.75,2
25.93,89,4.12,1015,2.37,12.17,100.03,0.34,35.26,0.33,0.0,1
25.78,89,4.12,1015,2.26,11.6,99.38,0.29,35.81,0.3,0.0,1
22.05,87,1.03,1015,0.71,0.82,170.2,1.75,12.13,0.23,4.16,1
28.09,71,3.73,1010,2.62,2.66,163.75,0.87,52.47,0.07,1.68,1
26.81,69,0.6,1013,0.83,0.9,167.91,1.34,14.44,0.1,2.05,1
26.75,83,2.06,1016,2.92,9.37,97.22,0.39,39.51,0.31,0.0,1
27.85,78,4.12,1016,2.19,4.71,102.99,0.53,36.49,0.22,0.0,1
29.01,84,3.09,1010,16.07,23.17,416.98,7.93,40.95,2.37,3.77,2
24.0,88,1.55,1008,25.37,29.68,508.04,4.47,6.43,1.14,8.47,3
26.99,89,2.57,1007,21.97,32.59,486.17,5.18,31.58,1.82,10.38,2
31.1,74,4.63,1012,8.04,10.6,66.47,0.03,17.98,6.64,0.0,1
32.95,73,7.22,1011,1.17,4.05,62.55,0.01,24.91,0.04,0.0,1
7.32,66,0.51,1018,8.07,11.45,135.93,4.35,71.63,1.75,25.57,2
11.73,70,1.51,1018,12.14,16.5,145.56,6.22,64.64,1.19,19.21,2
8.72,70,0.83,1019,7.54,11.29,140.48,5.77,68.29,1.87,23.46,2
18.3,50,1.15,1013,17.15,36.36,103.82,2.88,51.88,6.01,5.33,2
27.94,76,6.27,1007,31.82,53.54,114.96,0.62,74.44,0.98,0.0,3
22.35,52,2.42,1011,29.86,53.79,119.51,1.92,70.68,3.18,0.0,3
26.89,89,1.54,1009,3.1,7.8,72.2,0.03,32.44,0.12,0.06,1
26.84,89,1.54,1009,3.1,7.8,72.2,0.03,32.44,0.12,0.06,1
26.76,89,1.54,1009,3.1,7.8,72.2,0.03,32.44,0.12,0.06,1
10.99,90,0.0,1016,4.55,7.84,130.03,4.57,23.56,0.65,0.55,1
11.62,86,2.06,1024,1.03,3.82,61.36,0.03,53.67,0.13,0.0,1
18.07,70,5.82,1017,1.08,4.01,72.17,0.68,52.85,0.64,0.36,1
17.36,67,0.99,1013,3.94,5.07,92.75,0.78,20.54,0.07,0.25,1
20.14,69,2.03,1013,3.5,6.57,149.5,1.3,14.69,0.2,0.36,1
18.62,75,1.75,1014,2.51,4.43,109.64,0.92,19.73,0.21,0.27,1
17.12,78,2.68,1015,4.14,5.41,99.22,0.97,29.32,0.38,0.41,1
16.9,54,2.45,1015,4.42,5.86,116.6,2.36,14.57,0.38,0.37,1
15.92,68,2.7,1015,3.75,5.03,99.67,0.96,29.43,0.38,0.39,1
11.14,91,0.89,1014,6.45,9.29,119.27,1.49,104.71,0.36,6.55,3
11.36,91,0.89,1014,6.45,9.29,119.27,1.49,104.71,0.36,6.55,3
30.84,45,3.34,1005,50.21,169.87,206.6,13.81,57.63,6.07,0.0,4
30.02,45,2.06,1005,59.54,224.0,139.77,4.57,77.36,2.74,0.0,5
31.0,42,1.54,1005,45.12,144.78,210.67,17.38,55.79,6.4,0.34,4
13.05,63,0.63,1011,2.75,4.88,291.12,2.06,37.03,0.05,1.54,1
18.79,31,7.08,1012,23.72,104.75,124.06,0.33,95.43,0.14,1.05,4
21.28,53,0.33,1011,6.77,21.12,113.93,0.21,61.11,0.02,0.73,2
25.66,79,4.12,1015,2.07,6.87,114.3,1.77,51.64,0.97,0.05,1
12.51,71,1.54,1018,79.28,82.13,129.13,3.08,113.04,20.33,0.0,5
13.23,75,3.47,1017,102.02,106.41,128.72,2.64,109.08,24.95,0.0,5
16.3,69,2.94,1017,63.35,68.04,120.12,1.3,103.06,16.13,0.0,4
11.09,66,1.54,1013,0.5,0.63,112.87,0.4,80.59,0.1,3.1,2
5.84,70,3.6,1016,0.95,1.4,102.58,0.86,63.84,0.1,4.13,2
5.81,89,1.54,1016,1.42,1.85,109.59,0.83,79.94,0.1,4.95,2
25.0,83,2.57,1010,13.6,50.43,68.94,0.05,34.65,0.37,0.0,3
15.92,94,1.03,1013,23.22,93.61,74.58,0.37,28.42,0.11,0.19,3
16.89,94,1.54,1014,3.8,4.84,100.18,2.01,12.83,0.1,0.34,1
15.86,70,3.6,1012,19.5,30.07,197.8,3.26,48.1,0.56,0.68,2
15.95,56,0.45,1011,9.8,18.73,161.07,3.3,45.09,0.12,0.34,1
14.95,63,3.6,1012,16.39,26.11,224.68,3.81,53.84,0.32,0.76,2
9.79,41,2.06,1022,6.39,7.99,174.96,7.58,43.51,0.61,5.93,1
13.05,62,2.57,1020,6.56,8.36,140.39,4.02,78.29,0.87,3.63,2
11.16,48,6.17,1021,8.54,9.38,164.61,6.59,52.61,0.47,7.66,1
19.28,70,3.6,1029,7.03,8.64,77.69,1.72,35.33,0.87,0.09,1
16.98,81,0.89,1029,1.07,4.02,63.58,0.7,51.0,0.53,0.04,1
22.61,73,4.63,1025,1.43,1.78,71.04,0.27,37.31,0.05,0.04,1
27.8,79,9.77,1010,3.43,10.77,122.46,2.94,38.32,2.5,0.67,1
27.77,80,9.77,1010,3.43,10.77,122.46,2.94,38.32,2.5,0.67,1
27.64,80,9.77,1010,3.43,10.77,122.46,2.94,38.32,2.5,0.67,1
11.03,58,6.17,1018,2.4,7.88,133.5,1.52,104.65,0.93,2.37,3
10.7,61,6.35,1018,2.73,8.4,132.35,1.57,93.5,0.86,4.01,2
8.48,93,1.03,1018,0.5,0.75,106.69,1.24,50.17,0.04,4.1,1
9.95,76,1.54,1018,9.28,11.08,128.9,1.67,89.81,0.64,4.67,2
10.74,66,2.06,1019,13.89,16.35,138.04,4.49,71.14,0.71,31.12,2
10.41,92,0.56,1018,10.49,12.24,137.71,3.33,69.04,0.5,8.02,2
25.27,69,7.2,1014,1.89,6.07,94.28,0.05,39.27,0.12,0.0,1
22.99,88,3.09,1007,16.47,40.26,155.97,1.23,42.99,0.91,1.97,2
22.73,87,3.82,1008,9.93,29.54,142.16,0.04,50.57,0.31,0.24,2
23.0,88,3.09,1007,17.7,38.73,160.66,1.65,41.57,1.13,2.39,2
12.12,48,3.6,1022,11.92,13.52,150.01,3.57,106.21,3.16,14.05,3
12.61,47,6.17,1023,11.19,12.96,155.66,5.83,104.58,4.54,13.62,3
12.61,44,6.57,1022,12.25,14.07,156.27,5.27,107.55,4.38,14.94,3
33.06,46,2.06,1011,6.52,9.01,199.09,2.38,27.76,0.16,2.7,1
26.56,66,3.0,1011,4.55,6.92,187.48,2.72,9.5,0.17,5.05,1
27.87,59,2.42,1012,7.16,10.72,210.33,1.89,24.34,0.22,2.48,1
9.83,76,1.54,1018,6.7,8.98,121.47,2.06,53.37,0.68,10.59,1
8.11,76,4.12,1019,5.79,7.29,128.99,1.28,83.28,0.51,19.87,2
4.06,100,0.0,1020,1.35,2.36,122.57,1.67,52.02,0.23,5.93,1
27.98,57,2.06,1006,52.21,177.89,174.84,6.21,72.8,4.72,0.0,4
27.97,57,2.06,1006,55.51,185.07,189.19,8.1,66.32,6.37,0.0,4
27.79,52,2.43,1006,58.29,199.88,177.18,7.19,71.76,7.1,0.0,4
20.82,84,1.13,1012,2.96,4.41,129.09,0.92,12.25,0.15,0.76,1
15.77,92,0.92,1014,3.8,5.55,192.24,1.79,22.35,0.35,2.27,1
13.19,97,0.57,1014,14.13,20.49,485.4,4.86,24.87,1.2,6.59,2
26.89,84,2.01,1010,0.6,1.5,94.76,0.11,22.86,0.05,0.02,1
27.27,82,3.15,1010,0.57,1.39,94.77,0.16,24.53,0.07,0.04,1
27.48,80,2.88,1009,0.54,1.47,95.07,0.1,23.63,0.05,0.02,1
26.03,94,1.54,1010,1.32,1.49,84.17,0.43,2.54,0.17,1.95,1
25.99,94,1.54,1010,1.32,1.49,84.17,0.43,2.54,0.17,1.95,1
26.0,94,1.54,1010,0.91,1.01,70.21,0.24,2.25,0.09,1.07,1
10.99,76,3.09,1016,1.13,2.67,55.04,0.78,51.39,0.19,0.16,1
23.01,83,1.54,1012,2.1,2.29,97.25,0.28,12.96,0.04,0.2,1
19.84,42,3.6,1011,1.3,2.28,66.54,1.69,49.44,0.41,0.56,1
20.95,95,3.13,1017,3.44,4.18,85.55,1.25,25.27,0.21,0.07,1
25.11,91,4.12,1015,5.12,6.37,179.81,0.38,69.77,0.12,0.09,2
23.44,69,2.57,1018,9.97,12.49,142.6,7.38,41.63,1.4,1.63,1
25.99,65,4.12,1017,1.75,4.66,104.77,0.1,69.69,0.1,0.0,2
25.96,65,5.14,1018,4.14,7.36,113.18,0.54,86.68,0.9,0.0,2
25.97,65,5.14,1018,4.14,7.36,113.18,0.54,86.68,0.9,0.0,2
9.82,92,0.51,1013,17.39,20.09,442.2,6.93,22.59,1.8,10.67,2
21.64,90,1.66,1008,6.44,7.73,277.54,5.38,18.79,1.38,5.99,1
17.44,94,1.15,1010,13.47,16.21,390.0,6.24,15.77,1.26,9.93,2
16.49,46,2.51,1017,3.39,5.32,93.76,2.17,39.97,0.88,0.41,1
19.25,75,3.21,1015,6.84,10.37,92.89,1.57,26.11,0.78,0.06,1
16.89,49,2.19,1017,3.39,5.32,93.76,2.17,39.97,0.88,0.41,1
-0.99,69,4.09,1021,0.5,0.74,143.53,1.08,85.19,0.25,4.17,2
-0.01,86,5.0,1019,0.5,0.63,141.55,1.4,72.87,1.75,1.55,2
-0.36,72,3.87,1024,0.76,1.3,143.97,1.31,82.82,0.82,7.74,2
28.9,1,2.57,1013,2.02,7.48,98.2,0.22,41.27,0.12,0.11,1
28.22,75,6.25,1013,1.91,7.59,96.87,0.19,40.36,0.13,0.1,1
28.65,60,4.62,1013,2.71,7.37,103.98,0.45,49.36,0.23,0.45,1
14.78,81,1.34,1011,9.65,10.34,194.65,8.33,99.67,2.15,1.05,2
20.56,28,7.2,1013,3.34,3.77,126.39,1.0,103.33,0.31,0.13,3
12.8,35,5.66,1014,0.53,1.13,104.16,0.12,91.79,0.09,0.14,2
24.2,94,1.03,1010,5.02,6.95,165.9,0.85,3.64,0.16,0.45,1
18.52,70,2.05,1013,5.57,7.66,130.31,0.61,20.18,1.1,0.21,1
20.79,95,0.31,1011,2.73,4.59,106.62,0.26,4.0,0.03,0.07,1
28.1,78,1.03,1009,0.56,0.73,69.0,0.06,1.11,0.0,0.05,1
27.96,78,1.03,1010,0.56,0.73,69.0,0.06,1.11,0.0,0.05,1
27.72,78,1.03,1009,0.61,0.87,70.37,0.09,1.13,0.01,0.1,1
24.2,94,1.03,1010,5.02,6.95,165.9,0.85,3.64,0.16,0.45,1
26.04,94,4.63,1011,9.95,23.31,86.86,0.18,32.1,0.19,0.0,2
22.38,99,1.51,1011,9.79,14.27,132.11,1.32,27.31,0.29,0.33,1
12.98,80,1.03,1016,6.0,6.23,142.82,2.12,77.66,0.24,2.91,2
12.19,100,1.03,1015,6.52,7.72,138.29,4.18,27.75,0.44,10.64,1
14.93,72,2.06,1016,12.99,13.77,178.12,6.4,84.6,1.56,7.38,2
28.72,84,4.12,1011,0.5,1.09,83.63,0.22,24.31,0.09,0.0,1
28.31,84,4.12,1011,0.51,1.11,83.26,0.24,24.72,0.09,0.0,1
25.77,72,3.43,1011,3.31,6.23,147.86,1.43,8.41,0.22,0.44,1
19.84,49,5.66,1016,6.89,9.53,185.34,7.96,28.12,0.29,1.31,1
18.87,47,1.81,1017,11.5,14.71,233.23,10.72,30.42,0.56,2.04,2
19.81,50,5.66,1016,6.89,9.53,185.34,7.96,28.12,0.29,1.31,1
21.95,100,0.0,1010,0.5,0.5,116.03,0.03,19.03,0.01,0.07,1
19.73,98,1.16,1012,1.31,1.49,95.1,0.82,1.96,0.04,0.04,1
19.07,87,1.71,1012,11.0,13.05,214.64,1.17,2.8,0.15,0.41,2
10.92,87,5.0,1021,9.62,11.36,303.96,24.46,90.13,18.73,0.4,2
14.94,17,3.27,1022,33.28,57.11,396.97,17.37,27.35,9.93,20.66,3
25.09,92,2.54,1010,6.88,12.85,156.83,1.1,59.59,0.73,0.01,1
15.03,90,2.06,1016,6.38,7.05,178.65,4.63,28.95,0.69,7.12,1
27.03,61,4.12,1010,2.89,3.48,132.57,4.12,16.31,0.72,6.06,1
20.07,87,4.47,1013,6.12,6.64,121.15,1.63,10.89,2.26,1.62,1
21.31,77,6.17,1015,1.3,1.55,112.04,0.61,45.28,0.37,0.1,1
28.93,65,2.06,1011,1.89,2.15,126.91,1.26,41.97,0.21,4.14,1
24.35,67,6.17,1013,1.46,1.7,111.61,0.54,47.16,0.34,0.08,1
28.24,61,4.63,1016,6.25,7.84,129.22,0.33,60.8,0.49,0.13,2
28.16,74,2.06,1015,7.85,11.03,124.53,0.33,66.42,1.74,0.04,2
28.19,65,6.69,1015,21.58,24.07,126.84,0.32,76.23,2.7,0.0,2
22.27,64,4.63,1015,3.2,14.65,104.66,0.16,78.06,0.41,0.0,2
20.75,68,5.66,1016,2.1,9.84,104.33,0.13,76.3,0.3,0.0,2
21.02,68,4.63,1016,2.18,9.98,103.99,0.14,78.59,0.37,0.0,2
27.53,75,8.23,1011,3.93,8.49,119.58,1.65,35.18,0.85,0.64,1
27.61,75,8.23,1011,3.93,8.49,119.58,1.65,35.18,0.85,0.64,1
14.76,94,1.03,1012,15.52,31.87,125.51,0.29,115.32,1.55,0.41,3
17.96,88,5.66,1012,14.28,31.06,123.24,0.23,113.09,1.31,0.32,3
16.61,93,1.54,1012,17.47,34.64,125.66,0.35,112.37,1.39,0.32,3
6.72,44,2.06,1025,13.81,15.37,152.14,2.75,93.84,2.48,9.68,2
6.66,39,2.68,1023,16.98,19.46,191.96,7.26,88.1,4.53,9.02,2
4.18,48,2.06,1024,13.33,15.93,181.38,4.41,85.84,4.24,9.2,2
5.6,58,3.6,1028,3.29,4.44,156.94,6.61,68.35,1.7,20.21,2
5.81,62,2.57,1029,5.88,7.08,149.24,4.42,87.06,1.63,16.34,2
11.89,61,0.45,1019,11.67,12.15,177.27,5.22,94.21,0.79,24.13,2
28.19,76,2.85,1007,15.78,38.89,126.17,0.6,39.62,0.11,4.08,2
23.48,84,3.57,1008,12.21,26.31,226.14,1.85,32.48,0.26,8.63,2
26.93,66,3.8,1007,14.62,33.9,228.29,1.81,35.53,0.26,8.87,2
5.01,74,3.09,1030,3.66,4.52,162.4,7.06,79.82,1.54,7.65,2
4.91,67,1.65,1030,1.41,2.33,152.23,3.75,71.62,0.3,16.12,2
3.93,76,2.67,1030,1.34,2.05,145.09,2.95,90.11,0.58,14.88,2
26.01,80,4.28,1015,2.06,9.18,101.2,1.89,45.82,1.42,0.02,1
26.63,77,3.6,1014,1.58,3.58,99.12,0.28,37.52,0.15,0.0,1
24.47,88,1.34,1015,7.45,9.92,172.34,5.57,31.16,1.75,18.34,1
27.71,74,3.6,1015,1.58,3.58,99.12,0.28,37.52,0.15,0.0,1
18.37,77,5.66,1007,17.51,39.32,112.78,2.31,67.22,0.23,1.25,2
16.93,94,1.54,1010,7.48,23.62,127.33,4.36,64.88,1.08,0.84,2
15.53,68,1.96,1011,19.92,77.97,119.74,4.93,65.56,0.62,1.23,3
13.53,91,0.63,1015,10.91,11.77,316.74,9.9,43.55,1.84,2.74,2
31.93,55,2.06,1009,12.94,37.58,93.58,0.7,52.36,0.43,0.02,2
18.95,59,2.57,1016,6.1,8.21,256.29,10.9,27.35,1.68,0.98,1
3.19,56,4.12,1022,0.55,1.07,153.48,1.5,90.38,0.61,0.78,2
3.14,60,2.57,1020,0.5,0.71,146.49,0.85,81.98,0.15,1.16,2
2.06,71,3.43,1019,0.5,0.5,144.03,0.47,90.57,0.19,0.48,2
19.42,52,2.57,1014,13.75,37.4,128.93,4.83,98.62,13.12,24.14,2
14.9,88,0.0,1015,19.23,35.2,121.7,0.89,80.96,1.07,1.57,2
19.42,48,2.88,1014,13.75,37.4,128.93,4.83,98.62,13.12,24.14,2
18.98,82,5.66,1014,7.64,42.9,109.9,0.2,85.64,0.27,0.01,2
17.92,88,6.78,1014,3.79,16.27,109.31,0.29,83.13,0.52,0.0,2
17.89,87,6.64,1014,3.58,13.5,110.23,0.21,87.99,0.43,0.0,2
16.79,61,1.67,1012,16.89,44.67,165.13,2.11,37.91,0.36,12.07,2
23.32,63,1.41,1009,21.46,65.88,109.88,0.76,51.81,0.5,4.7,3
29.3,8,4.05,1007,19.79,79.9,103.96,0.3,74.57,0.14,0.53,3
16.4,68,5.14,1009,1.11,1.56,104.1,0.49,61.6,0.03,2.15,2
17.29,72,3.09,1013,5.68,10.8,118.19,0.52,100.76,0.49,0.44,3
17.44,78,2.24,1011,8.18,14.05,128.54,3.77,74.05,0.24,11.76,2
17.49,63,3.6,1014,21.82,34.98,654.35,6.26,24.83,1.02,27.75,2
20.99,68,2.6,1012,2.79,7.82,99.16,0.58,19.98,0.04,2.66,1
17.13,36,1.28,1011,21.77,52.03,340.72,4.66,24.91,0.45,15.4,3
2.57,54,8.05,1022,0.51,0.86,150.29,1.64,93.07,0.67,0.67,2
2.45,55,4.92,1022,0.5,0.59,146.04,1.19,95.95,0.54,0.41,2
1.26,56,6.71,1024,0.5,0.5,145.34,0.41,78.81,0.14,3.36,2
30.94,70,4.12,1014,2.18,9.82,61.11,0.01,33.74,0.1,0.0,1
30.99,70,4.12,1014,2.18,9.82,61.11,0.01,33.74,0.1,0.0,1
30.83,58,3.09,1013,2.48,9.74,61.35,0.01,31.13,0.11,0.0,1
15.8,55,7.72,1016,11.94,13.8,173.22,5.24,84.56,1.39,15.25,2
14.7,85,2.5,1014,7.14,12.14,126.53,0.31,98.58,0.37,0.8,2
12.89,95,1.34,1014,7.39,8.72,129.1,2.33,70.59,0.64,12.9,2
25.01,88,2.57,1010,2.15,2.47,95.88,0.24,17.76,0.07,0.05,1
24.98,88,2.57,1010,1.9,2.78,96.51,0.1,24.83,0.04,0.0,1
21.85,97,0.61,1010,0.94,0.96,96.28,0.04,3.48,0.0,0.01,1
8.25,70,3.6,1024,7.85,11.9,137.02,4.99,108.21,3.14,4.11,3
6.05,81,4.12,1027,3.76,5.82,133.76,2.64,103.94,1.68,6.24,3
6.15,85,2.57,1032,2.96,4.52,131.82,2.95,94.06,0.89,3.2,2
9.08,87,4.63,1019,2.36,2.94,112.14,1.11,71.45,0.1,4.18,2
10.99,82,0.0,1019,9.06,10.02,118.17,4.12,75.32,2.23,45.63,2
5.33,91,0.9,1018,15.4,16.45,141.95,5.79,85.4,1.57,36.82,2
26.99,83,1.03,1012,0.97,1.02,109.19,0.09,13.39,0.03,0.01,1
26.99,83,1.03,1012,0.97,1.02,109.19,0.09,13.39,0.03,0.01,1
23.34,98,1.12,1012,1.6,1.76,104.98,0.11,12.53,0.05,0.01,1
11.61,71,7.72,1018,17.19,19.42,140.86,2.36,115.17,1.78,3.43,3
22.97,96,0.95,1011,1.89,3.11,125.65,1.31,5.59,0.12,0.17,1
27.23,78,3.09,1011,1.07,2.27,95.96,0.61,21.64,1.32,0.0,1
27.62,64,2.56,1011,2.58,3.67,173.4,2.67,10.29,0.17,1.68,1
16.67,89,2.06,1011,9.74,20.57,119.43,1.42,81.97,0.79,0.66,2
20.49,74,8.41,1012,7.32,24.88,116.22,1.35,89.71,2.26,0.0,2
21.04,68,7.07,1012,7.5,25.39,112.92,1.3,89.05,2.07,0.0,2
20.09,77,8.9,1012,7.32,24.88,116.22,1.35,89.71,2.26,0.0,2
25.73,72,3.65,1012,20.16,79.66,102.52,0.66,84.46,1.03,0.0,3
25.72,72,3.68,1012,20.16,79.66,102.52,0.66,84.46,1.03,0.0,3
20.65,93,0.32,1013,7.35,9.32,170.96,0.61,11.0,0.14,0.3,1
25.82,78,3.6,1015,1.36,6.26,98.94,0.41,47.03,0.39,0.0,1
25.94,78,3.6,1015,1.36,6.26,98.94,0.41,47.03,0.39,0.0,1
26.02,78,3.6,1015,1.36,6.26,98.94,0.41,47.03,0.39,0.0,1
26.18,84,3.14,1010,1.0,2.01,102.95,0.41,16.44,0.22,0.11,1
23.95,100,0.0,1010,0.5,0.72,103.74,0.05,20.4,0.02,0.04,1
20.62,100,0.94,1012,2.71,2.88,93.36,0.19,2.36,0.02,0.03,1
15.91,69,2.57,1017,15.31,20.7,126.88,1.65,104.87,2.02,1.78,3
14.16,81,0.89,1018,6.05,8.32,112.33,1.44,28.79,0.21,4.72,1
14.36,70,0.96,1018,29.19,34.03,129.46,0.68,117.52,2.0,0.0,3
21.94,87,4.92,1012,14.25,16.29,136.91,0.39,52.82,2.36,1.25,2
22.47,87,4.92,1012,9.37,11.4,122.53,0.26,44.83,1.42,0.62,1
20.35,77,4.92,1012,13.34,15.09,136.32,0.33,51.63,1.94,0.83,2
28.88,71,9.26,1013,3.63,14.09,98.44,0.05,36.26,0.15,0.0,1
28.43,73,9.26,1013,3.63,14.09,98.44,0.05,36.26,0.15,0.0,1
29.4,71,9.26,1012,3.45,13.36,98.27,0.05,36.74,0.14,0.0,1
24.06,83,2.57,1011,11.93,32.37,121.61,0.62,99.41,2.27,0.0,2
25.36,46,2.92,1010,17.45,45.51,144.42,0.59,77.8,0.82,0.09,2
27.44,31,1.85,1010,15.27,38.09,137.5,0.58,91.32,1.48,0.03,2
26.68,86,3.29,1011,2.77,4.39,117.36,1.35,23.89,0.72,0.04,1
25.14,88,1.84,1011,1.17,1.35,113.07,0.28,16.82,0.05,0.04,1
25.46,89,2.12,1011,2.79,4.27,119.28,0.42,24.55,0.2,0.11,1
24.79,88,3.58,1010,6.96,14.14,155.5,0.87,59.55,0.6,0.01,1
24.86,89,3.58,1010,6.96,14.14,155.5,0.87,59.55,0.6,0.01,1
25.11,89,3.6,1010,7.52,15.53,157.38,0.86,59.2,0.64,0.01,1
29.42,34,2.57,1014,13.27,15.99,126.24,0.79,66.62,9.48,1.3,2
30.69,62,7.2,1013,8.86,11.15,202.17,2.58,54.56,0.51,7.69,1
28.9,70,6.17,1012,4.93,6.34,146.82,1.06,70.17,0.26,2.14,2
13.82,67,1.54,1019,18.25,20.06,133.77,3.87,58.62,0.77,10.33,2
14.06,67,0.0,1016,15.66,20.45,141.44,3.54,111.27,2.07,2.03,3
16.51,55,3.09,1017,17.53,20.42,140.28,3.37,115.63,1.96,1.74,3
28.93,74,3.6,1014,2.13,5.19,118.48,0.29,36.28,0.26,0.0,1
28.43,74,3.6,1014,2.13,5.19,118.48,0.29,36.28,0.26,0.0,1
26.2,82,6.45,1016,11.98,14.39,171.25,0.58,77.73,0.47,1.12,2
10.06,38,4.12,1021,6.3,8.95,134.28,1.87,64.28,0.43,20.06,2
7.88,31,6.17,1021,4.5,5.98,135.31,0.93,91.71,0.9,12.88,2
12.25,55,4.36,1020,4.52,6.6,135.63,3.62,77.91,0.79,9.89,2
27.19,90,1.54,1010,14.42,17.26,340.59,3.25,31.85,1.23,1.29,2
26.68,97,0.51,1010,36.61,43.86,624.83,6.18,54.42,2.27,2.93,3
26.38,94,1.54,1010,14.42,17.26,340.59,3.25,31.85,1.23,1.29,2
9.0,90,4.63,1029,6.21,7.5,132.85,2.02,108.93,1.47,2.75,3
8.87,81,5.14,1027,5.46,8.31,138.71,1.06,119.59,1.23,1.46,3
7.97,95,2.65,1028,6.14,7.03,133.44,1.43,105.35,1.14,4.16,3
13.17,74,1.34,1014,6.04,22.76,119.42,2.76,72.03,0.88,8.62,2
16.74,81,1.03,1014,10.74,33.07,125.17,10.57,65.07,1.69,70.74,2
16.66,82,1.64,1014,9.15,19.25,119.94,0.61,92.78,0.87,5.04,2
7.88,87,5.14,1030,6.23,8.71,136.96,3.33,115.88,2.69,2.72,3
28.01,83,1.54,1007,18.65,35.86,95.69,0.16,62.3,0.46,0.0,2
30.03,39,5.14,1002,40.95,86.14,617.75,21.68,19.33,2.11,56.21,3
23.81,74,5.81,1008,19.69,27.11,334.26,10.22,28.97,2.76,9.76,2
16.95,94,2.57,1009,28.4,112.92,165.03,1.55,92.8,0.26,0.07,4
16.23,86,2.68,1009,30.38,116.46,192.34,2.63,64.99,0.88,4.18,4
13.85,100,3.09,1008,31.83,76.99,246.51,8.25,67.67,7.19,4.2,3
13.99,62,5.14,1012,7.41,10.32,181.2,9.7,59.7,1.89,10.17,1
17.08,51,3.09,1015,25.25,110.34,103.78,0.69,88.16,0.27,3.53,4
9.77,36,4.18,1010,6.42,7.88,134.48,4.66,52.07,0.72,5.63,1
4.81,80,8.23,1010,2.38,13.38,133.37,0.07,106.32,0.26,0.0,3
4.84,80,8.23,1010,2.38,13.38,133.37,0.07,106.32,0.26,0.0,3
4.93,80,8.23,1010,2.38,13.38,133.37,0.07,106.32,0.26,0.0,3
15.32,56,1.54,1016,4.76,6.89,114.47,0.31,105.78,0.39,0.57,3
16.35,85,4.63,1016,9.65,12.06,193.96,7.88,63.54,1.53,10.53,2
14.34,88,0.51,1016,7.66,9.84,124.94,0.65,111.73,0.83,1.0,3
12.14,72,8.23,1017,20.6,22.55,144.61,2.32,106.38,1.38,4.82,3
28.53,74,5.14,1014,1.86,5.28,111.47,0.2,33.88,0.2,0.09,1
27.57,79,5.14,1014,1.86,5.24,109.17,0.18,34.29,0.19,0.09,1
27.74,79,5.14,1014,1.86,5.24,109.17,0.18,34.29,0.19,0.09,1
15.05,58,1.03,1014,5.15,17.51,123.83,3.84,80.24,1.33,4.26,2
15.95,58,1.03,1014,4.88,18.09,129.6,5.54,85.38,1.95,4.86,2
13.73,84,1.85,1014,6.41,19.61,151.13,13.92,60.22,2.54,8.32,2
17.59,87,4.63,1012,21.72,30.19,185.58,5.22,109.27,3.29,0.0,3
17.87,89,4.63,1011,22.95,32.62,184.53,4.52,114.98,3.22,0.0,3
18.97,48,3.6,1015,29.36,36.96,206.03,10.32,82.78,4.47,0.12,3
16.62,100,1.54,1014,0.86,1.0,94.9,0.51,22.35,0.15,0.25,1
16.48,96,2.62,1013,11.97,17.91,400.22,4.02,17.63,0.49,9.0,2
27.23,89,1.54,1011,9.88,13.74,314.62,2.98,10.61,0.37,0.76,1
11.11,68,1.39,1013,10.68,17.38,104.22,2.6,68.23,0.87,6.48,2
17.51,59,4.0,1014,1.51,2.33,78.0,0.12,75.92,0.21,1.59,2
12.55,69,3.21,1013,1.49,2.26,93.45,0.94,71.79,0.15,0.91,2
28.41,68,3.12,1010,19.36,22.67,551.14,9.32,33.55,1.47,2.87,2
28.22,70,2.0,1010,4.83,8.34,181.3,1.38,46.16,0.36,0.5,1
27.55,76,1.4,1010,18.63,19.4,405.6,4.26,9.47,0.79,1.93,2
32.0,66,0.51,1010,0.5,0.91,69.64,0.01,5.7,0.01,0.0,1
26.32,77,0.43,1011,2.15,6.37,66.45,0.05,37.46,0.15,0.0,1
26.79,80,3.93,1011,2.32,6.39,68.06,0.04,36.95,0.13,0.02,1
28.18,73,5.46,1010,2.44,7.36,65.77,0.04,37.54,0.19,0.0,1
12.66,50,1.62,1019,28.94,33.96,261.21,4.77,92.33,6.24,1.93,3
13.71,45,0.95,1018,17.01,21.17,271.5,4.64,52.92,4.38,2.73,2
13.44,43,0.96,1019,25.99,30.6,218.05,3.1,107.08,3.93,0.92,3
12.76,76,1.54,1019,35.91,43.66,329.15,10.93,75.21,4.54,1.95,3
13.95,58,1.03,1019,21.6,24.61,210.22,7.35,105.69,6.05,0.76,3
12.95,76,1.54,1019,30.96,38.69,293.14,3.27,88.31,3.77,0.56,3
23.97,52,8.08,1008,54.0,204.06,157.35,0.61,117.09,3.19,0.0,5
24.33,54,1.34,1009,50.02,187.33,157.96,0.6,118.36,3.32,0.0,4
24.25,54,1.34,1008,50.02,187.33,157.96,0.6,118.36,3.32,0.0,4
29.01,74,5.66,1014,3.54,7.05,113.95,0.25,52.14,0.29,0.01,1
29.01,74,5.66,1014,3.54,7.05,113.95,0.25,52.14,0.29,0.01,1
10.28,82,1.0,1016,10.9,12.5,95.98,1.29,80.43,0.89,4.54,2
15.33,77,2.0,1012,17.52,41.49,157.71,5.86,28.83,0.45,3.82,2
-2.95,86,2.0,1022,1.63,3.67,128.44,0.25,64.74,0.08,0.36,2
23.97,78,0.0,1009,57.5,63.07,746.53,12.33,29.97,3.19,30.67,4
25.81,73,1.93,1010,27.52,30.11,682.04,10.25,34.82,1.45,9.63,3
27.12,81,1.6,1010,36.51,37.96,600.9,2.47,21.06,0.32,0.99,3
17.63,76,3.52,1013,8.74,18.3,121.94,3.73,90.12,1.93,1.54,2
17.57,80,4.06,1014,7.72,16.14,136.8,5.77,69.64,2.67,5.92,2
17.96,78,1.73,1014,9.13,18.28,123.64,2.87,90.39,2.18,1.78,2
26.93,83,2.57,1014,1.71,7.4,96.73,0.44,48.6,0.44,0.02,1
26.03,88,2.57,1014,1.59,7.3,96.59,0.31,47.54,0.33,0.0,1
26.72,88,3.65,1008,0.5,0.62,92.49,0.79,12.9,0.37,0.0,1
26.71,88,0.45,1008,0.5,0.62,92.49,0.79,12.9,0.37,0.0,1
26.64,88,0.45,1008,0.5,0.62,92.49,0.79,12.9,0.37,0.0,1
26.2,89,3.29,1011,1.9,2.88,94.02,0.37,30.68,0.14,0.01,1
22.75,98,0.92,1012,3.78,5.23,110.66,0.59,39.29,0.19,0.18,1
25.67,88,2.05,1012,0.5,0.93,80.24,0.3,23.55,0.07,0.01,1
3.64,45,1.1,1022,0.76,1.86,65.38,1.28,36.97,0.14,0.84,1
4.04,41,0.67,1022,2.56,4.48,97.2,2.0,30.45,0.28,2.13,1
3.25,57,0.99,1023,0.86,2.23,66.5,1.61,32.43,0.17,0.67,1
-0.01,64,2.06,1022,0.52,1.08,144.19,1.89,75.61,0.99,3.94,2
-0.72,69,1.54,1024,0.5,0.66,140.33,0.89,81.25,0.44,3.06,2
0.01,70,7.43,1026,0.5,0.5,142.17,1.81,91.77,0.66,0.33,2
11.42,52,7.2,1020,11.42,12.74,140.03,3.19,114.32,3.95,10.24,3
11.84,56,4.92,1020,10.79,12.03,137.79,2.77,99.56,2.78,14.06,2
11.99,52,7.2,1020,10.97,12.21,138.22,2.88,99.56,2.89,14.05,2
3.9,80,3.09,1022,0.5,0.59,143.99,0.93,82.94,0.7,2.13,2
-1.63,81,2.25,1022,0.5,0.94,143.16,0.94,89.19,0.32,2.49,2
2.95,70,2.57,1026,0.5,0.5,138.82,0.2,97.96,0.16,0.01,2
18.94,52,3.6,1010,15.55,52.38,107.63,0.76,68.19,0.05,0.35,3
21.04,37,3.97,1014,19.29,40.6,237.54,4.42,93.95,1.26,0.02,2
18.89,67,8.11,1013,18.51,53.37,132.2,1.49,78.57,0.15,0.08,3
18.04,82,1.03,1011,7.25,18.28,115.23,0.99,93.32,2.37,0.58,2
18.23,88,0.0,1011,7.81,14.87,115.7,2.22,84.06,2.32,1.12,2
17.08,100,3.09,1011,2.66,4.58,101.23,1.88,42.31,0.14,1.1,1
14.89,77,2.06,1015,9.54,13.98,137.05,0.97,109.0,0.94,0.58,3
10.02,26,3.6,1021,2.76,4.13,136.8,1.42,78.57,0.76,8.0,2
6.78,57,1.75,1021,2.01,3.04,130.68,1.0,68.4,0.37,7.38,2
5.84,49,2.03,1021,3.46,5.07,139.84,1.38,80.71,0.71,11.35,2
13.88,72,1.54,1018,80.3,83.76,139.15,2.58,107.53,9.33,0.0,5
6.38,79,0.67,1018,61.27,65.73,148.39,3.28,102.63,6.51,0.21,4
9.48,93,0.0,1017,66.47,71.77,166.68,5.87,88.0,6.49,0.0,4
15.98,100,2.57,1016,7.21,10.77,162.62,1.72,12.36,0.1,0.44,1
25.0,94,2.06,1012,2.44,3.85,84.09,0.42,12.93,0.05,0.12,1
13.04,75,1.18,1017,4.51,5.86,119.76,0.89,11.75,0.06,0.57,1
28.98,79,3.09,1011,0.63,2.32,91.66,0.01,9.49,0.06,0.0,1
11.9,71,1.03,1018,7.07,8.74,111.29,1.84,71.21,0.7,15.87,2
11.31,83,1.2,1018,7.08,9.04,114.94,2.19,77.37,1.14,19.03,2
9.59,82,0.75,1018,7.86,9.3,107.34,1.9,73.93,0.94,31.82,2
31.3,42,0.51,1009,7.51,18.46,141.84,0.29,26.4,0.06,0.94,1
26.35,70,4.47,1011,2.61,3.76,147.1,0.97,20.27,0.07,2.17,1
29.82,53,6.28,1010,3.25,4.62,147.92,0.64,20.13,0.06,1.62,1
27.98,94,2.57,1010,9.8,12.84,356.64,5.39,27.61,0.51,1.54,1
28.49,50,3.51,1009,6.47,9.51,199.08,1.52,48.94,0.26,4.43,1
25.65,63,1.54,1010,15.66,21.97,481.11,10.33,17.45,1.24,8.73,2
2.07,48,0.0,1013,4.87,25.1,113.14,0.28,88.63,0.21,0.41,2
8.22,41,3.41,1011,4.85,20.44,104.97,0.61,73.25,0.05,0.66,2
6.99,66,8.72,1017,2.88,10.94,117.18,0.67,82.2,0.16,0.59,2
24.85,94,1.54,1010,8.64,18.31,161.14,0.85,58.5,0.72,0.03,1
24.96,94,1.54,1010,8.95,20.57,160.49,0.33,60.19,0.32,0.0,2
24.82,94,1.54,1010,8.95,20.57,160.49,0.33,60.19,0.32,0.0,2
27.08,78,8.23,1014,3.47,14.87,99.38,0.11,34.56,0.17,0.0,1
25.23,82,3.84,1014,2.03,8.44,99.3,0.89,51.27,0.8,0.01,1
25.55,82,3.89,1015,1.96,7.91,98.97,0.82,49.22,0.74,0.03,1
25.41,82,4.41,1015,1.96,7.91,98.97,0.82,49.22,0.74,0.03,1
18.96,86,7.05,1013,5.94,21.25,109.16,0.24,82.85,0.95,0.02,2
17.93,88,5.14,1014,3.34,10.78,107.8,0.78,88.28,1.08,0.0,2
30.73,13,5.03,1009,42.48,197.12,106.09,0.19,66.63,0.08,0.2,4
17.34,82,3.09,1015,15.05,24.29,114.02,0.13,108.0,1.16,0.0,3
17.22,82,3.09,1015,15.05,24.29,114.02,0.13,108.0,1.16,0.0,3
16.99,82,3.09,1015,15.05,24.29,114.02,0.13,108.0,1.16,0.0,3
24.68,94,4.8,1012,1.42,2.46,73.36,1.43,28.26,0.65,0.0,1
22.15,94,0.89,1013,1.41,2.52,73.1,1.23,29.83,0.51,0.0,1
23.1,94,0.89,1013,1.41,2.52,73.1,1.23,29.83,0.51,0.0,1
27.97,94,1.03,1008,0.5,0.5,93.62,0.05,9.4,0.01,0.0,1
15.77,78,1.34,1016,2.61,3.19,82.24,0.23,26.41,0.05,0.16,1
16.42,85,2.07,1015,1.44,2.97,72.12,0.38,20.37,0.14,0.16,1
15.33,89,1.55,1015,3.85,5.04,92.29,0.74,39.89,0.05,0.38,1
29.97,10,5.14,1009,19.61,22.91,184.21,4.1,87.27,2.16,7.49,2
19.71,60,6.17,1016,2.6,8.22,122.04,0.17,111.65,0.63,0.0,3
29.97,10,5.14,1010,15.3,17.91,157.55,2.43,86.92,1.57,4.46,2
25.29,94,0.0,1009,10.89,11.37,232.35,2.52,26.47,0.83,0.57,2
26.52,94,0.51,1009,3.78,4.9,137.31,2.67,7.94,1.35,1.23,1
25.51,94,0.0,1009,10.78,11.2,216.99,1.29,22.55,0.39,0.69,2
19.55,75,5.14,1021,3.2,6.7,94.37,0.78,54.27,1.33,0.47,1
18.97,77,5.14,1020,3.2,6.7,94.37,0.78,54.27,1.33,0.47,1
18.73,99,1.72,1014,1.6,3.96,67.88,0.21,18.21,0.03,0.07,1
28.73,72,1.31,1016,1.69,5.02,65.1,0.04,24.77,0.12,0.0,1
28.87,72,2.17,1016,1.69,5.02,65.1,0.04,24.77,0.12,0.0,1
28.66,72,1.03,1017,1.7,4.78,64.92,0.06,24.68,0.15,0.0,1
32.16,43,2.57,1008,21.39,41.47,203.51,0.75,34.57,0.12,1.73,2
30.27,12,4.72,1008,127.11,408.56,444.67,3.86,44.84,1.81,4.71,5
28.23,12,4.44,1009,118.83,411.4,489.42,7.21,41.44,2.17,7.17,5
24.13,94,1.54,1009,0.57,1.59,99.42,0.1,22.19,0.05,0.02,1
29.67,13,2.56,1008,116.17,343.21,622.78,7.48,28.42,1.73,8.64,5
23.81,90,0.72,1009,4.66,12.32,207.92,1.76,19.47,0.63,1.35,1
31.85,35,6.71,1009,2.24,5.4,103.13,0.22,62.77,7.65,0.39,2
31.65,45,2.43,1008,4.51,7.56,105.87,0.27,68.39,7.32,0.01,2
32.67,36,8.05,1009,1.91,4.86,103.0,0.16,61.43,3.95,0.6,2
11.18,55,5.66,1025,7.27,8.95,154.58,7.73,100.77,4.74,14.72,3
11.3,59,8.23,1026,4.81,6.3,149.35,7.49,98.21,3.98,14.62,2
11.62,56,5.66,1025,5.38,6.94,151.69,8.02,99.66,4.22,16.04,2
6.98,70,0.61,1029,3.18,4.06,141.2,4.65,92.23,2.13,0.35,2
8.27,87,3.6,1031,1.87,3.55,130.21,0.94,97.06,0.76,0.0,2
5.78,95,0.45,1028,0.65,0.79,127.11,0.34,79.18,0.42,0.41,2
18.25,100,1.54,1008,23.59,28.82,396.16,5.4,75.15,5.92,7.69,2
18.72,71,1.51,1008,39.86,47.14,442.39,3.6,84.02,4.37,16.16,3
22.97,89,0.38,1005,35.79,43.52,447.15,6.26,72.82,7.08,13.33,3
19.61,52,2.09,1029,1.41,2.87,73.75,0.44,58.2,0.36,0.01,1
19.95,48,1.03,1020,1.05,1.91,72.87,0.48,44.25,0.09,0.21,1
16.4,82,9.26,1022,0.62,1.03,73.02,0.44,38.38,0.15,0.21,1
32.99,24,2.06,1005,41.72,135.99,123.24,1.89,72.43,1.27,0.36,4
33.05,24,2.06,1005,32.84,100.02,120.94,2.5,71.71,1.42,0.53,4
33.0,24,2.06,1005,41.39,133.14,123.35,1.85,72.35,1.26,0.43,4
29.97,67,6.69,1009,1.13,2.05,117.67,0.62,45.68,0.41,0.76,1
29.82,68,6.17,1009,1.11,2.11,119.98,0.73,43.45,0.48,0.69,1
29.99,68,6.17,1009,1.11,2.11,119.98,0.73,43.45,0.48,0.69,1
22.72,75,4.12,1011,5.34,17.82,70.93,0.06,57.67,0.34,0.0,1
20.1,83,4.12,1011,5.34,17.82,70.93,0.06,57.67,0.34,0.0,1
16.12,55,2.06,1015,10.51,19.38,83.8,0.65,67.43,1.48,0.0,2
29.9,70,7.6,1012,1.11,4.18,61.03,0.01,23.65,0.05,0.0,1
29.96,70,7.6,1012,1.15,4.25,61.08,0.01,24.56,0.04,0.0,1
29.8,70,7.6,1012,1.17,4.46,61.18,0.01,24.11,0.04,0.0,1
27.84,71,5.39,1012,1.45,7.22,60.19,0.03,44.01,0.13,0.0,1
27.41,68,1.05,1012,1.89,2.69,34.83,0.06,2.53,0.04,0.01,1
28.47,76,4.17,1010,2.16,2.64,71.83,0.07,6.57,5.07,0.0,1
31.49,70,3.6,1012,9.75,12.11,196.57,5.65,33.78,4.15,1.65,1
26.05,73,4.12,1011,17.21,20.51,431.25,9.71,23.23,2.02,15.39,2
31.62,72,3.6,1012,9.3,11.76,175.39,5.25,35.89,4.55,1.03,1
21.99,83,2.57,1003,38.56,58.94,605.97,9.19,40.41,2.13,27.81,3
28.09,83,4.12,1003,34.53,84.93,122.27,0.1,83.07,0.56,0.0,3
22.08,64,4.12,1005,7.31,21.65,232.98,3.39,36.26,0.27,21.94,2
2.82,52,3.09,1026,2.75,4.78,164.17,3.86,67.87,2.02,12.45,2
0.95,66,0.51,1024,7.66,8.89,150.17,2.49,77.71,1.21,10.11,2
0.88,72,0.51,1026,6.4,8.2,156.04,4.36,71.01,3.3,11.34,2
24.48,91,1.9,1015,1.99,6.01,97.9,0.31,38.63,0.23,0.0,1
24.18,91,1.45,1015,2.08,7.18,97.17,0.28,38.17,0.23,0.0,1
24.49,87,1.88,1015,2.12,7.38,96.88,0.3,37.74,0.25,0.0,1
17.54,79,1.04,1014,7.41,28.25,119.72,1.99,70.99,0.89,7.74,2
17.29,76,1.75,1014,6.4,25.22,117.1,1.07,71.56,0.79,3.1,2
17.53,79,0.86,1014,7.41,28.25,119.72,1.99,70.99,0.89,7.74,2
15.62,88,2.57,1008,4.79,11.75,122.34,1.02,106.48,1.13,0.5,3
19.73,56,4.63,1006,11.89,24.45,125.49,3.31,100.9,2.22,0.73,3
17.31,72,0.94,1007,16.05,29.22,131.49,4.29,95.69,2.5,0.86,2
18.56,64,0.0,1015,4.57,8.71,75.24,1.32,36.51,0.41,0.33,1
16.33,82,3.09,1016,8.13,10.73,150.02,3.09,37.26,0.45,0.71,1
17.91,69,0.0,1015,4.43,8.31,74.9,1.39,36.98,0.47,0.31,1
29.95,48,2.06,1005,47.6,151.51,136.32,5.85,81.41,4.66,0.0,4
29.89,48,2.06,1005,47.6,151.51,136.32,5.85,81.41,4.66,0.0,4
30.03,48,1.54,1005,47.51,148.6,142.6,8.98,73.1,6.08,0.0,4
23.81,88,3.09,1013,1.9,3.05,77.1,0.61,34.31,0.3,0.12,1
22.02,80,0.77,1013,2.13,3.39,75.35,0.51,38.66,0.25,0.09,1
25.82,73,2.57,1013,1.83,3.07,74.47,0.46,37.66,0.21,0.06,1
9.94,71,3.58,1018,3.83,5.95,124.14,2.0,39.33,0.08,3.39,1
8.32,49,2.68,1021,5.29,7.16,140.59,1.47,78.58,0.78,12.99,2
4.3,77,1.63,1020,0.98,1.78,130.24,1.05,89.11,0.58,0.52,2
10.77,65,1.03,1018,12.01,15.45,115.64,4.57,46.81,1.9,6.16,2
14.99,51,0.51,1019,9.14,13.89,153.37,5.9,73.23,3.58,18.86,2
12.01,55,2.11,1019,10.92,14.4,114.81,3.04,53.44,2.13,10.17,2
0.77,88,5.26,1009,0.5,0.5,142.27,0.89,80.76,0.22,0.17,2
3.33,67,0.45,1016,0.5,0.5,146.36,2.49,82.1,0.87,0.29,2
0.87,80,1.0,1031,1.3,1.82,147.25,1.2,50.61,0.14,0.57,1
17.71,100,1.03,1015,31.43,49.86,720.7,3.51,4.54,0.43,1.13,3
16.1,97,0.94,1016,17.27,24.67,498.84,3.78,15.95,1.09,4.61,2
13.11,95,1.77,1014,23.19,33.66,573.68,5.92,17.29,1.16,5.75,2
25.0,43,6.05,1009,9.61,33.55,112.08,1.87,108.27,2.11,0.73,3
25.32,32,4.27,1009,4.38,12.22,99.71,0.59,58.18,0.11,0.25,1
24.42,36,2.71,1009,18.13,53.73,125.63,16.2,77.48,61.8,0.12,3
31.2,65,3.65,1011,0.77,3.24,65.07,0.02,7.76,0.09,0.0,1
31.22,64,3.16,1011,0.77,3.24,65.07,0.02,7.76,0.09,0.0,1
30.88,66,4.09,1011,0.77,3.21,65.01,0.01,7.79,0.09,0.0,1
26.0,94,1.03,1008,0.5,0.8,72.84,0.04,9.87,0.01,0.0,1
26.96,12,6.75,1009,16.24,87.26,103.89,0.12,94.46,0.1,0.35,3
26.82,12,6.88,1010,15.7,83.14,104.35,0.12,93.27,0.1,0.36,3
26.89,12,6.85,1010,15.7,83.14,104.35,0.12,93.27,0.1,0.36,3
3.05,69,1.38,1028,0.5,0.72,145.02,1.0,74.93,0.29,0.19,2
2.43,66,1.58,1029,1.3,1.66,141.27,2.87,89.19,1.39,1.92,2
4.93,77,2.41,1029,6.5,7.38,160.84,8.26,76.17,2.39,5.54,2
26.97,94,1.54,1009,2.78,3.87,132.03,1.96,7.88,0.98,1.56,1
26.94,94,1.54,1009,2.78,3.87,132.03,1.96,7.88,0.98,1.56,1
27.0,94,1.54,1009,2.78,3.87,132.03,1.96,7.88,0.98,1.56,1
12.26,94,1.03,1019,12.61,14.46,140.79,3.85,84.94,1.15,4.78,2
12.0,85,1.03,1020,10.76,13.28,135.61,5.05,53.9,0.59,5.1,2
11.09,92,0.59,1020,11.77,13.86,134.17,4.35,59.38,0.74,2.84,2
8.58,52,3.09,1021,8.28,10.64,150.47,4.43,58.89,0.5,14.13,1
7.13,33,5.66,1023,2.72,3.6,138.7,0.91,95.0,1.39,8.53,2
9.27,49,3.09,1021,8.28,10.64,150.47,4.43,58.89,0.5,14.13,1
24.61,85,2.1,1012,29.36,83.06,100.38,0.54,68.66,0.58,0.0,3
23.89,95,0.76,1012,22.92,59.77,102.1,0.44,54.77,0.37,0.0,3
24.11,94,0.6,1012,19.09,47.25,107.16,0.48,50.22,0.31,0.04,2
20.14,88,6.17,1013,5.52,21.07,104.18,0.71,87.65,1.18,0.0,2
20.2,53,6.13,1012,9.24,40.08,138.88,1.74,78.87,1.62,0.75,2
20.11,88,6.17,1013,5.76,21.45,104.14,0.97,89.34,1.37,0.0,2
28.35,80,5.05,1008,0.52,1.22,65.41,0.03,20.59,0.03,0.02,1
21.82,63,2.62,1010,5.35,11.38,163.78,1.71,17.05,0.17,6.81,1
24.06,57,3.87,1009,2.68,9.16,93.96,0.33,20.35,0.03,1.71,1
27.95,78,2.06,1011,2.51,3.13,111.19,1.34,25.06,0.56,0.0,1
27.96,78,2.06,1011,2.1,2.61,109.64,0.84,24.17,0.37,0.0,1
23.65,70,1.93,1009,3.52,5.32,154.23,0.58,6.53,0.05,0.45,1
29.73,43,1.77,1007,12.37,39.08,110.17,0.64,19.37,0.04,1.44,2
20.2,83,1.47,1010,2.19,2.55,118.83,0.11,4.3,0.02,0.06,1
27.36,76,3.12,1010,1.66,3.87,94.68,0.04,19.99,0.04,0.0,1
26.16,79,5.66,1011,17.15,23.15,109.89,0.31,55.62,4.77,0.0,2
26.94,78,5.66,1012,17.15,23.15,109.89,0.31,55.62,4.77,0.0,2
30.74,65,2.2,1009,10.39,15.92,109.02,0.3,64.74,5.21,0.0,2
15.12,87,4.73,1011,8.13,15.37,117.06,1.89,65.91,4.72,4.12,2
15.07,68,0.7,1013,6.96,14.03,175.81,24.09,32.23,3.02,16.93,1
13.71,87,4.31,1013,15.42,22.88,147.19,4.66,63.7,5.31,29.71,2
13.67,92,1.04,1023,3.29,4.72,97.24,1.48,33.6,1.26,0.32,1
11.12,96,1.81,1022,4.6,6.65,111.15,2.42,33.68,1.59,0.4,1
25.96,82,3.6,1016,3.24,7.65,110.67,0.28,62.45,0.28,0.0,2
31.98,12,3.09,1007,22.26,70.33,208.94,1.32,26.57,0.39,2.34,3
28.2,60,2.57,1008,4.85,11.21,114.18,0.39,10.69,0.03,1.22,1
27.76,8,6.5,1008,21.24,66.64,115.48,0.41,42.78,0.09,0.66,3
28.06,83,1.03,1011,0.76,1.62,104.36,0.58,24.26,0.23,0.23,1
21.86,93,1.31,1012,11.44,15.27,240.4,2.28,10.36,0.31,2.86,2
24.81,74,3.04,1009,5.38,7.33,180.13,2.07,9.07,0.16,1.68,1
29.96,61,2.78,1009,9.04,10.67,223.23,2.34,20.46,0.52,0.86,1
32.81,63,3.09,1009,8.18,9.71,217.63,2.16,22.0,0.54,0.69,1
29.97,79,3.6,1009,10.64,12.8,256.96,3.05,19.97,0.7,1.94,2
15.06,94,2.0,1014,15.85,35.76,307.27,1.19,64.44,0.13,3.9,2
18.85,50,1.16,1011,7.54,12.96,113.56,0.61,68.16,1.29,12.28,2
16.52,59,1.73,1013,5.38,13.29,122.4,0.6,64.25,0.84,15.46,2
27.8,73,0.32,1012,2.01,3.58,149.48,2.22,18.26,0.39,0.3,1
26.08,83,1.8,1012,1.85,4.53,125.9,1.27,27.86,0.4,0.35,1
26.38,83,1.79,1012,1.65,5.55,73.69,0.24,35.84,0.19,0.08,1
15.92,72,1.03,1016,14.39,39.9,162.47,5.13,65.28,1.02,6.99,2
15.99,51,2.06,1012,35.6,173.21,108.42,0.34,79.25,0.16,3.04,4
18.97,63,2.06,1014,61.41,319.05,120.06,0.32,91.23,0.05,2.84,5
18.8,68,0.51,1013,18.31,35.86,124.66,1.84,72.46,0.35,1.05,2
20.08,68,2.06,1013,19.28,51.21,122.65,0.88,90.94,0.5,0.28,3
17.88,88,3.09,1014,17.99,45.35,124.54,1.21,82.31,0.64,0.35,2
28.18,78,3.6,1013,3.31,10.96,62.45,0.02,50.8,0.07,0.0,1
8.82,81,4.12,1019,11.8,15.82,154.62,6.51,48.62,2.56,14.03,2
11.55,69,1.12,1014,8.06,9.31,117.72,1.4,79.12,0.7,14.31,2
7.99,80,0.19,1018,12.15,14.46,129.86,3.33,42.0,0.28,8.66,2
25.71,80,4.12,1012,1.54,5.58,95.7,0.26,27.35,0.07,0.28,1
25.6,80,3.72,1012,1.5,5.52,96.61,0.3,27.16,0.06,0.33,1
25.57,80,3.72,1012,1.5,5.52,96.61,0.3,27.16,0.06,0.33,1
26.12,51,1.03,1011,90.16,97.25,418.5,26.68,27.77,9.89,6.47,5
25.39,45,0.45,1011,90.16,97.25,418.5,26.68,27.77,9.89,6.47,5
25.62,69,2.06,1012,36.64,41.21,311.07,22.94,43.96,12.38,1.18,3
23.17,98,2.51,1011,2.07,2.92,76.58,0.42,8.31,0.04,0.17,1
19.56,84,1.74,1012,3.77,5.71,169.61,1.27,3.58,0.12,0.44,1
18.41,91,1.71,1012,0.61,0.84,76.03,0.26,18.53,0.02,0.07,1
3.98,62,1.85,1021,0.5,1.15,135.62,0.95,62.55,0.07,5.91,2
2.34,65,2.08,1020,0.9,2.16,154.45,3.47,52.55,0.69,3.44,1
9.64,68,4.37,1020,0.89,1.4,129.25,0.45,87.05,0.38,2.14,2
17.43,96,0.52,1012,4.65,6.59,212.38,2.92,16.18,0.17,4.08,1
17.17,97,0.64,1013,4.65,6.59,212.38,2.92,16.18,0.17,4.08,1
16.67,98,0.57,1013,3.55,4.78,193.58,2.18,22.99,0.12,3.46,1
14.18,50,4.63,1019,6.92,8.32,167.8,6.14,90.37,1.42,0.37,2
20.84,48,6.69,1016,4.31,12.17,127.32,0.22,111.34,0.93,0.21,3
13.73,54,4.63,1019,10.97,12.76,177.54,5.36,96.85,1.38,0.25,2
14.16,62,3.6,1013,11.43,23.2,150.27,3.88,61.01,4.21,0.44,2
13.68,71,2.57,1016,9.75,18.86,144.77,2.38,41.89,0.26,0.67,1
10.9,72,3.77,1015,12.93,21.76,138.67,1.6,48.62,0.23,0.3,2
18.39,60,1.81,1011,10.98,31.18,127.99,1.1,48.0,0.2,6.85,2
17.54,58,1.9,1012,1.47,2.68,83.29,0.11,73.37,0.13,2.6,2
18.43,59,2.59,1011,6.11,14.19,99.5,0.77,72.34,0.41,9.31,2
26.93,74,3.09,1014,1.62,6.09,100.39,0.43,40.16,0.32,0.01,1
26.78,74,3.09,1014,1.56,5.94,99.9,0.38,40.32,0.31,0.01,1
21.67,83,2.57,1013,1.15,3.06,131.92,1.84,21.44,0.23,5.4,1
27.93,74,5.44,1009,4.5,4.53,209.3,1.67,46.2,0.13,2.34,1
24.99,86,2.33,1012,1.65,2.7,163.84,1.73,14.61,0.1,4.8,1
26.75,78,3.6,1015,1.98,8.51,94.52,0.23,40.28,0.28,0.0,1
27.85,78,4.12,1015,2.43,9.84,95.85,0.35,41.56,0.38,0.0,1
29.01,84,2.57,1010,50.04,62.92,1237.78,21.8,15.9,5.66,14.68,4
22.0,70,7.4,1012,16.47,18.45,565.16,7.3,29.9,2.21,4.61,2
22.99,94,2.57,1010,32.38,37.62,783.48,23.37,29.7,11.92,11.9,3
29.1,79,5.14,1014,3.43,7.48,62.42,0.02,24.58,1.68,0.0,1
32.95,76,5.87,1011,2.02,9.01,59.18,0.01,29.43,0.06,0.0,1
12.32,66,3.09,1018,10.71,14.1,126.17,4.26,68.11,1.15,20.09,2
10.66,88,0.84,1018,15.03,19.54,143.19,6.76,58.63,0.92,16.12,2
9.7,86,1.09,1018,10.26,13.8,130.33,5.1,62.83,0.91,15.21,2
18.61,56,1.27,1013,18.73,42.67,105.75,2.95,53.88,7.2,5.5,2
28.67,71,4.82,1007,31.66,52.72,115.47,0.34,78.9,0.63,0.0,3
23.33,58,0.34,1011,31.2,55.21,124.2,1.97,76.65,2.67,0.17,3
27.89,83,3.09,1010,2.81,7.61,68.84,0.03,35.01,0.11,0.05,1
27.84,83,3.09,1010,2.81,7.61,68.84,0.03,35.01,0.11,0.05,1
27.76,83,3.09,1010,2.81,7.61,68.84,0.03,35.01,0.11,0.05,1
10.59,62,2.13,1018,5.5,7.82,136.96,5.31,26.89,0.49,0.87,1
13.61,83,3.13,1023,0.78,2.85,62.18,0.04,51.42,0.12,0.0,1
15.29,65,0.45,1022,1.72,5.18,84.76,1.14,48.14,0.82,0.51,1
17.5,73,2.36,1014,9.95,11.24,96.2,0.78,26.84,0.18,0.87,1
16.47,77,1.63,1014,5.61,7.4,110.51,0.79,23.08,0.33,0.32,1
15.82,74,2.24,1014,4.78,6.09,94.49,0.63,25.83,0.32,0.29,1
16.42,61,2.03,1017,6.28,8.3,98.03,0.64,33.06,0.36,0.16,1
15.74,88,3.84,1016,5.71,7.27,107.12,0.6,27.4,0.23,0.07,1
14.32,74,2.4,1017,6.38,8.51,98.73,0.67,31.12,0.33,0.13,1
13.14,94,0.45,1016,7.56,15.75,125.38,3.99,79.98,0.51,21.75,2
13.36,94,0.45,1016,7.56,15.75,125.38,3.99,79.98,0.51,21.75,2
30.84,45,3.88,1005,47.42,158.3,157.71,8.28,76.29,3.02,0.35,4
30.02,54,1.03,1005,47.14,164.44,126.33,0.75,96.09,0.56,0.0,4
31.0,42,1.54,1004,47.9,156.31,188.58,15.24,63.57,4.21,0.98,4
13.86,57,0.61,1009,4.15,8.03,286.16,2.15,52.78,0.18,4.57,1
17.9,37,1.69,1009,19.07,59.92,216.74,0.94,62.81,0.06,0.73,3
23.47,38,2.43,1008,8.89,25.66,102.0,0.3,58.25,0.07,1.5,2
25.1,78,2.06,1013,1.31,4.22,98.74,0.54,53.48,0.46,0.0,1
12.51,67,2.06,1016,42.3,44.97,119.09,2.93,111.23,5.22,0.0,3
13.23,67,2.83,1016,50.4,55.4,121.83,2.14,109.97,3.85,0.0,4
15.68,56,2.98,1016,46.1,52.36,121.73,1.13,106.4,2.27,0.0,3
9.09,66,3.09,1015,2.77,3.27,127.27,3.63,51.84,1.07,53.02,1
0.84,86,2.06,1017,2.26,3.25,105.64,1.89,66.53,0.77,49.5,2
4.82,86,0.13,1018,1.82,2.48,112.89,3.18,47.64,0.55,36.88,1
25.0,88,3.09,1011,17.86,57.59,72.24,0.04,36.45,0.22,0.0,3
15.92,94,1.54,1015,32.76,146.22,63.53,0.28,27.52,0.14,0.06,4
15.89,94,2.06,1015,2.44,3.06,99.86,1.6,16.67,0.09,0.18,1
16.47,58,3.29,1014,11.21,42.66,100.52,1.74,31.77,0.08,0.58,2
17.61,52,1.09,1015,6.46,10.66,160.11,3.92,41.85,0.16,0.61,1
13.74,92,2.06,1013,15.42,34.02,309.16,7.61,29.61,0.39,1.21,2
4.47,48,3.09,1031,7.79,8.95,157.6,3.52,94.48,3.32,5.69,2
5.91,48,1.54,1028,18.84,21.34,188.76,8.16,45.66,0.7,2.01,2
3.38,41,3.09,1030,9.96,11.12,166.6,5.57,56.56,0.68,8.66,1
20.38,82,2.57,1031,9.03,10.64,95.27,3.41,25.67,1.59,0.22,1
19.74,62,10.29,1027,11.46,18.56,126.76,6.74,48.38,2.18,1.04,2
21.5,77,4.92,1027,0.62,1.97,64.52,0.16,44.58,0.07,0.01,1
27.8,78,9.83,1008,2.7,10.89,111.91,2.37,42.25,2.44,0.5,1
27.61,79,9.83,1008,2.7,10.89,111.91,2.37,42.25,2.44,0.5,1
27.64,81,9.83,1008,2.7,10.89,111.91,2.37,42.25,2.44,0.5,1
10.03,87,6.17,1019,3.24,6.2,134.42,1.21,97.35,0.48,2.17,2
9.83,79,5.36,1019,4.08,7.94,134.14,1.54,79.71,0.37,3.4,2
8.48,100,1.03,1018,3.42,4.4,104.2,1.27,69.21,0.09,29.28,2
8.95,93,2.57,1022,34.12,36.42,127.49,1.91,80.73,2.91,1.35,3
8.74,87,1.54,1024,11.5,12.13,127.83,1.6,81.54,0.85,2.4,2
8.14,97,2.18,1022,19.53,20.74,132.39,2.87,60.43,1.18,3.7,2
26.27,78,3.6,1012,2.15,9.49,94.48,0.05,44.93,0.14,0.0,1
20.99,94,2.06,1008,4.09,8.16,144.73,1.38,24.74,0.76,2.13,1
21.91,94,4.12,1009,2.09,5.04,131.35,0.05,27.85,0.46,0.09,1
21.0,94,2.06,1008,4.41,7.98,150.36,1.82,24.54,0.93,2.53,1
11.74,48,3.6,1025,4.61,5.26,133.93,1.76,105.33,1.44,10.48,3
12.53,51,3.58,1026,5.68,6.6,142.82,3.59,102.65,2.1,12.58,3
12.57,45,6.35,1025,4.89,5.76,140.32,2.9,105.32,1.95,12.58,3
30.06,66,3.09,1010,6.33,8.47,210.64,2.47,22.43,0.14,1.89,1
27.25,78,1.54,1012,4.14,5.54,159.74,1.78,13.27,0.1,2.07,1
29.48,54,3.23,1011,6.25,9.63,214.59,1.62,20.05,0.2,1.64,1
8.83,93,2.06,1018,6.57,8.13,116.35,1.74,45.14,0.5,5.3,1
13.11,76,3.09,1017,8.44,9.78,124.58,1.24,70.88,0.89,17.49,2
11.0,96,2.57,1020,4.73,6.17,124.59,1.56,72.21,0.73,8.22,2
26.98,50,3.09,1007,41.88,120.44,153.56,8.38,86.53,16.12,0.0,4
26.97,50,3.09,1007,41.94,123.15,145.36,7.57,90.88,15.3,0.0,4
26.79,61,6.48,1008,44.4,138.11,146.24,6.96,91.63,15.61,0.0,4
22.17,87,0.87,1013,2.05,2.84,120.13,0.46,8.22,0.03,0.12,1
16.04,92,1.0,1014,2.31,3.32,146.66,1.52,14.82,0.15,1.14,1
14.11,96,0.72,1014,11.71,16.17,322.77,3.4,15.8,0.71,4.03,2
27.7,80,6.1,1011,0.5,1.48,96.98,0.09,19.82,0.05,0.03,1
27.07,82,4.45,1011,0.55,1.44,96.35,0.16,20.57,0.06,0.06,1
27.23,80,3.87,1011,0.5,1.42,96.94,0.07,19.93,0.04,0.03,1
28.03,94,1.03,1010,0.98,1.1,86.86,0.54,4.61,0.14,1.76,1
27.99,94,1.03,1010,0.98,1.1,86.86,0.54,4.61,0.14,1.76,1
28.0,94,1.03,1010,0.85,0.94,73.3,0.31,3.5,0.09,1.1,1
10.99,71,2.57,1014,1.54,2.29,62.83,1.36,46.46,0.19,0.3,1
23.01,88,2.57,1010,1.6,1.9,92.29,0.4,10.2,0.04,0.25,1
20.84,40,3.09,1011,1.51,2.69,66.99,1.7,48.45,0.39,0.56,1
18.44,93,4.12,1017,2.66,4.09,83.65,1.61,22.81,0.27,0.09,1
25.94,87,5.66,1014,14.95,22.66,168.36,0.73,74.66,1.14,0.0,2
21.44,68,1.54,1018,8.77,11.35,149.3,9.26,28.23,1.03,2.0,1
25.99,69,4.63,1014,1.61,5.48,106.04,0.13,68.17,0.12,0.0,2
25.96,65,2.57,1014,2.43,6.16,107.87,0.34,75.63,0.42,0.0,2
25.97,65,2.57,1014,2.43,6.16,107.87,0.34,75.63,0.42,0.0,2
7.28,94,1.1,1015,10.65,11.6,424.69,4.46,27.88,1.41,4.34,2
20.17,97,1.37,1011,9.37,10.3,365.49,4.3,25.42,1.41,5.36,1
16.19,98,1.43,1012,12.19,13.31,429.48,5.39,17.7,1.22,4.3,2
17.27,78,5.83,1019,1.13,1.48,94.22,1.12,37.2,0.54,0.02,1
18.1,78,7.22,1019,1.15,1.77,76.84,0.34,40.52,0.35,0.02,1
17.17,78,5.86,1019,1.13,1.48,94.22,1.12,37.2,0.54,0.02,1
0.32,73,3.62,1027,0.71,1.28,143.35,1.26,78.47,0.19,8.35,2
-0.01,93,4.0,1025,0.77,1.21,147.17,2.1,58.34,0.99,2.16,1
0.61,76,3.28,1030,1.32,2.4,153.38,2.37,63.53,0.73,12.06,2
28.9,1,3.09,1010,3.8,7.92,109.42,0.18,46.2,0.14,0.03,1
28.36,75,7.02,1011,3.47,7.41,109.26,0.15,49.21,0.16,0.02,1
28.69,65,4.65,1010,3.04,6.31,107.86,0.24,52.33,0.23,0.26,1
7.95,78,5.66,1009,1.71,2.58,209.87,16.93,61.59,2.37,1.3,2
14.52,69,4.63,1007,7.3,7.87,149.75,1.73,102.54,0.65,0.17,3
15.29,31,4.63,1020,0.58,1.01,101.79,0.22,88.12,0.11,0.31,2
26.2,83,3.09,1010,3.73,5.36,159.73,0.88,3.55,0.19,0.7,1
14.27,79,1.7,1016,3.39,5.43,137.4,0.63,23.47,1.28,0.33,1
21.72,91,1.0,1011,2.44,3.62,97.5,0.25,5.6,0.03,0.07,1
24.1,94,1.54,1009,0.5,0.67,67.11,0.02,1.23,0.0,0.07,1
23.96,94,1.54,1009,0.5,0.67,67.11,0.02,1.23,0.0,0.07,1
23.72,94,1.54,1009,0.51,0.74,67.78,0.04,1.05,0.01,0.11,1
26.2,83,1.03,1010,3.73,5.36,159.73,0.88,3.55,0.19,0.7,1
25.04,100,0.51,1011,6.79,18.54,83.43,0.17,31.28,0.09,0.0,1
22.14,97,1.29,1011,11.31,23.32,131.43,1.52,22.85,0.41,0.5,2
11.03,42,5.14,1021,7.81,8.21,168.65,3.49,65.72,0.8,10.14,2
12.19,66,1.03,1018,4.79,6.34,137.43,4.84,32.77,0.33,7.34,1
11.22,53,2.59,1021,7.5,8.24,162.03,4.52,87.41,1.59,9.77,2
24.72,100,3.09,1012,0.5,0.9,90.88,0.24,21.23,0.09,0.0,1
24.31,100,3.09,1012,0.5,0.83,88.65,0.22,22.49,0.09,0.0,1
22.04,90,0.91,1013,4.16,7.1,162.23,1.47,6.53,0.23,0.61,1
20.73,52,3.09,1011,10.72,13.81,188.58,6.79,32.32,0.19,1.1,2
20.16,48,0.77,1011,15.26,18.5,225.72,8.68,38.35,0.45,1.88,2
21.3,49,3.09,1011,10.72,13.81,188.58,6.79,32.32,0.19,1.1,2
25.95,94,0.51,1010,0.5,0.75,93.07,0.05,17.63,0.02,0.05,1
22.74,94,2.06,1012,1.48,1.81,93.91,0.69,2.73,0.06,0.07,1
19.08,89,1.0,1014,5.19,9.87,196.79,1.74,3.07,0.28,0.95,1
10.95,82,3.0,1020,61.47,77.93,591.2,49.81,32.66,55.72,0.48,4
15.94,20,1.91,1014,62.7,87.64,372.17,19.88,40.85,15.7,26.24,4
20.24,73,3.48,1015,16.68,27.38,365.86,32.28,45.85,44.81,0.94,2
14.51,82,2.57,1014,3.06,3.68,172.17,4.49,10.22,0.39,3.85,1
28.03,57,5.14,1009,3.49,4.01,132.98,3.57,19.22,0.87,5.87,1
23.99,64,2.57,1012,7.32,7.99,136.37,2.8,10.8,5.14,2.6,1
22.43,73,7.2,1013,0.92,1.43,108.81,0.44,39.06,0.28,0.0,1
29.93,74,3.6,1009,1.67,2.05,121.13,1.07,38.19,0.23,2.11,1
25.83,67,7.2,1011,0.98,1.51,108.11,0.45,41.27,0.31,0.0,1
29.24,51,4.12,1013,3.18,6.72,113.9,0.27,54.29,0.34,0.26,1
27.16,74,4.12,1013,5.43,8.94,115.23,0.34,66.77,1.36,0.04,2
28.19,61,6.17,1013,6.62,8.51,114.63,0.24,63.89,1.8,0.0,2
21.27,73,5.14,1015,2.66,11.59,102.53,0.16,71.58,0.36,0.0,2
20.75,68,5.66,1016,2.05,8.9,101.79,0.12,71.43,0.27,0.0,2
21.02,68,4.12,1016,1.86,8.17,102.24,0.14,73.16,0.35,0.0,2
27.53,78,6.17,1009,3.79,9.38,110.08,1.35,37.13,0.67,0.99,1
27.61,78,6.17,1009,3.79,9.38,110.08,1.35,37.13,0.67,0.99,1
10.76,100,0.0,1015,13.2,27.5,120.89,0.27,116.28,1.16,0.18,3
15.96,88,2.06,1014,12.82,27.6,120.07,0.19,117.62,1.26,0.24,3
16.42,83,2.57,1015,12.51,26.67,120.07,0.35,116.22,1.12,0.23,3
3.75,47,2.06,1032,2.98,3.76,142.0,1.87,91.87,1.73,7.24,2
2.25,56,3.13,1031,4.28,5.68,156.41,4.76,88.4,4.3,6.17,2
1.43,64,1.03,1031,3.46,4.92,160.3,3.87,82.58,3.35,7.17,2
5.13,71,1.03,1032,2.3,3.41,152.43,5.21,71.35,1.77,21.31,2
5.71,73,0.51,1032,3.7,5.45,156.76,5.44,77.29,1.29,21.95,2
6.94,50,6.37,1026,10.11,10.69,197.79,5.28,81.56,0.49,20.54,2
28.6,74,2.91,1008,21.77,46.58,142.26,0.86,45.8,0.22,4.79,2
23.89,72,3.33,1009,17.02,33.97,227.24,1.98,33.75,0.25,8.57,2
26.73,59,4.5,1008,19.78,44.04,214.37,1.68,38.6,0.27,7.71,2
6.75,62,2.57,1032,9.18,9.89,171.34,8.22,73.19,1.32,8.93,2
7.09,78,2.48,1032,5.57,7.57,163.02,6.11,55.44,0.42,31.12,1
5.29,77,3.06,1032,9.85,11.64,172.3,8.75,59.12,0.87,44.17,1
24.01,76,4.78,1013,2.47,9.89,99.76,1.68,53.06,1.36,0.01,1
25.13,85,2.57,1012,2.66,5.3,102.7,0.36,50.84,0.32,0.06,1
23.71,88,5.14,1013,9.12,11.39,182.97,4.27,63.34,2.17,19.01,2
24.71,88,2.57,1013,2.66,5.3,102.7,0.36,50.84,0.32,0.06,1
17.37,94,1.03,1013,12.55,26.5,134.28,6.06,56.76,0.68,1.2,2
15.93,94,3.09,1013,7.25,17.45,131.37,5.97,62.88,0.76,0.98,2
13.67,88,1.03,1013,19.86,71.86,121.62,4.94,57.03,0.73,1.39,3
13.53,89,0.8,1013,4.97,5.72,308.58,12.68,6.44,1.6,2.71,1
28.93,70,2.57,1008,12.96,44.68,85.72,0.75,48.62,0.4,0.01,2
18.95,55,7.2,1014,5.13,7.21,242.81,9.72,16.23,1.02,0.7,1
3.19,81,3.09,1024,0.6,0.69,142.29,0.62,88.45,0.32,0.18,2
-1.86,80,4.12,1025,0.52,0.92,145.68,0.66,83.63,0.15,1.0,2
1.14,78,2.22,1023,0.75,1.33,150.08,0.93,82.47,0.29,1.27,2
18.42,72,4.12,1015,22.42,46.77,142.61,6.4,101.76,17.61,24.64,3
15.9,88,2.06,1016,17.87,32.98,122.33,0.94,91.74,2.99,1.36,2
18.42,66,3.92,1015,22.42,46.77,142.61,6.4,101.76,17.61,24.64,3
18.98,68,5.66,1014,6.11,31.21,106.93,0.2,82.89,0.18,0.09,2
19.01,82,5.14,1014,3.94,15.36,106.75,0.4,81.38,0.62,0.0,2
18.67,79,5.37,1015,2.11,5.47,108.08,0.27,83.09,0.35,0.03,2
15.49,64,0.97,1013,18.87,50.16,182.54,2.61,41.09,0.42,14.65,3
22.52,61,1.93,1010,18.71,57.84,119.35,1.1,50.92,0.32,7.5,3
28.02,26,1.52,1008,15.01,59.5,107.52,0.37,76.07,0.16,0.7,3
13.49,85,2.57,1013,1.05,1.77,103.88,0.97,43.35,0.04,7.28,1
17.44,70,3.09,1014,13.6,27.51,124.62,0.8,93.18,0.59,0.08,2
18.22,79,2.57,1014,10.89,21.18,137.24,5.87,65.54,0.24,4.52,2
15.58,74,0.89,1014,37.55,56.58,701.04,5.76,27.44,0.66,15.81,3
19.31,77,1.86,1012,2.11,4.22,96.76,0.54,20.16,0.05,3.58,1
17.0,44,1.18,1013,23.61,64.45,249.85,3.17,41.37,0.5,12.77,3
3.0,58,5.36,1023,0.88,1.17,144.14,1.48,87.3,0.61,0.21,2
2.89,56,3.58,1023,0.91,1.13,144.09,1.74,89.36,0.72,0.11,2
3.2,75,4.02,1022,0.86,1.33,150.66,1.6,82.49,0.4,1.27,2
28.94,74,4.12,1014,3.07,8.33,62.03,0.01,42.54,0.08,0.0,1
28.99,74,4.12,1014,3.07,8.33,62.03,0.01,42.54,0.08,0.0,1
29.83,62,3.6,1013,2.13,6.51,62.4,0.01,37.15,0.09,0.0,1
15.88,34,8.23,1019,10.03,11.01,135.86,1.09,112.04,1.63,11.55,3
15.42,58,1.12,1015,9.4,16.91,124.05,0.5,104.48,0.48,0.24,3
15.58,81,1.34,1015,9.32,11.45,129.1,2.21,79.89,0.86,17.45,2
28.01,83,3.6,1010,2.62,3.1,102.55,0.17,25.44,0.07,0.03,1
26.98,89,4.12,1010,2.4,3.23,92.42,0.1,25.79,0.05,0.0,1
22.48,95,0.83,1011,2.53,2.58,114.34,0.18,5.42,0.0,0.01,1
10.66,70,5.66,1024,13.9,16.93,159.12,5.87,115.88,5.03,8.51,3
7.69,76,4.63,1026,10.42,12.41,141.96,4.68,109.48,3.32,8.92,3
8.16,76,4.12,1030,3.71,4.5,133.04,2.19,101.6,0.99,4.47,3
9.08,71,5.66,1019,1.82,2.77,112.32,2.23,57.26,0.13,11.9,1
7.99,87,3.09,1021,6.2,7.02,118.97,3.74,72.56,1.56,35.85,2
5.33,91,1.19,1021,10.41,11.25,137.59,5.92,72.96,1.48,22.64,2
26.99,83,3.09,1010,0.55,0.64,113.9,0.07,9.01,0.03,0.01,1
26.99,83,3.09,1010,0.55,0.64,113.9,0.07,9.01,0.03,0.01,1
23.55,93,1.01,1010,0.8,0.93,108.71,0.11,10.2,0.05,0.01,1
14.61,67,7.72,1016,8.46,9.6,138.31,1.65,97.4,1.03,9.19,2
21.49,96,0.58,1012,1.95,3.32,123.75,1.41,6.18,0.13,0.19,1
28.23,74,1.03,1012,1.16,1.62,97.38,0.77,19.75,1.23,0.01,1
25.99,75,2.94,1012,3.69,4.65,185.55,2.4,15.76,0.19,1.51,1
16.11,86,2.57,1014,2.38,4.88,112.63,1.79,68.39,0.45,1.1,2
21.08,78,4.12,1012,7.43,23.39,112.9,1.31,88.18,1.86,0.0,2
21.02,78,4.12,1012,7.58,23.86,109.5,1.27,88.05,1.72,0.0,2
21.01,78,4.12,1012,7.43,23.39,112.9,1.31,88.18,1.86,0.0,2
26.04,83,2.06,1012,8.91,25.45,99.03,0.63,88.52,1.02,0.0,2
26.05,83,2.06,1012,8.91,25.45,99.03,0.63,88.52,1.02,0.0,2
20.44,99,0.47,1014,6.45,7.71,174.51,0.51,7.25,0.1,0.24,1
25.82,78,2.06,1013,1.55,5.46,97.77,0.64,52.46,0.56,0.0,1
25.94,78,2.06,1013,1.55,5.46,97.77,0.64,52.46,0.56,0.0,1
26.02,78,2.06,1013,1.55,5.46,97.77,0.64,52.46,0.56,0.0,1
26.31,85,2.63,1010,0.72,1.25,99.08,0.07,20.61,0.02,0.05,1
27.32,82,3.05,1011,0.58,1.35,92.83,0.06,17.5,0.02,0.04,1
20.44,98,0.95,1012,1.01,1.24,74.96,0.07,0.96,0.02,0.04,1
16.98,63,1.34,1015,20.34,23.56,121.48,1.67,92.5,1.24,1.76,2
15.65,74,2.06,1017,9.82,12.48,113.78,1.58,52.6,1.12,18.79,1
17.51,60,0.88,1016,29.97,32.79,127.42,0.67,106.42,1.58,0.0,3
23.42,73,5.81,1011,11.4,13.78,131.51,0.51,42.82,1.69,3.2,2
24.5,71,5.14,1012,10.18,12.14,117.23,0.33,42.91,1.17,1.6,2
20.95,65,5.81,1011,11.23,13.31,129.86,0.4,43.91,1.42,2.13,2
28.88,74,7.2,1013,2.88,10.15,99.33,0.04,42.97,0.12,0.0,1
28.43,75,7.2,1013,2.88,10.15,99.33,0.04,42.97,0.12,0.0,1
29.37,74,7.2,1013,2.79,9.3,99.57,0.04,42.56,0.12,0.0,1
24.06,73,2.57,1010,12.03,30.85,122.59,0.66,99.57,2.13,0.0,2
25.13,47,2.75,1010,14.87,30.51,144.6,0.56,79.14,0.79,0.1,2
26.0,45,1.82,1010,14.17,30.53,139.84,0.58,92.94,1.49,0.03,2
26.99,83,3.09,1010,1.92,2.6,122.4,1.27,25.48,0.61,0.04,1
24.74,86,1.91,1010,1.31,1.48,106.76,0.33,18.83,0.07,0.04,1
24.64,88,1.83,1010,2.03,3.16,117.64,0.36,23.73,0.17,0.09,1
19.96,65,5.81,1015,16.96,28.4,364.08,27.05,48.37,40.5,0.47,2
20.03,67,5.81,1015,16.96,28.4,364.08,27.05,48.37,40.5,0.47,2
20.06,70,6.17,1015,16.16,26.65,360.37,26.55,45.97,35.47,0.75,2
30.42,32,5.14,1011,19.71,22.07,127.14,0.85,69.33,10.27,1.46,2
29.69,62,7.2,1011,5.26,6.69,140.57,1.46,55.65,0.54,5.2,1
28.9,74,6.17,1010,2.39,3.5,119.23,0.78,62.69,0.28,1.53,2
7.72,74,2.06,1026,6.12,6.23,138.43,1.21,92.78,0.43,1.11,2
15.06,58,1.54,1016,64.49,70.34,137.11,1.92,114.31,4.56,0.07,4
11.62,68,8.14,1022,4.41,5.55,139.49,1.69,104.84,0.6,1.3,3
28.93,74,3.09,1013,7.42,11.69,117.81,0.69,66.37,1.15,0.01,2
28.43,74,3.09,1013,7.42,11.69,117.81,0.69,66.37,1.15,0.01,2
26.06,82,7.72,1013,15.06,17.32,199.94,0.84,82.53,0.6,1.92,2
7.65,46,4.12,1027,3.32,4.55,139.2,1.06,88.24,0.83,12.13,2
5.88,39,7.72,1025,0.55,1.02,136.0,0.43,108.44,0.34,6.31,3
8.92,43,5.96,1024,4.0,5.04,136.86,3.22,56.96,0.44,4.71,1
27.44,87,0.89,1011,21.33,23.18,534.69,2.98,50.78,0.77,1.21,2
26.68,94,1.54,1010,16.45,17.86,384.41,4.99,44.7,0.95,0.82,2
28.0,85,0.96,1011,21.33,23.18,534.69,2.98,50.78,0.77,1.21,2
11.02,72,6.69,1024,2.61,4.31,128.8,1.58,108.49,1.07,6.17,3
13.87,50,8.75,1019,7.18,10.82,133.86,1.51,122.31,1.66,2.0,3
12.97,69,6.04,1020,3.25,4.97,127.11,1.56,111.4,1.26,5.81,3
13.17,71,0.89,1015,17.18,38.27,121.64,2.56,82.79,1.03,6.58,2
16.83,90,1.03,1015,19.78,45.23,125.29,9.2,73.78,1.87,83.59,2
17.47,88,0.96,1015,12.01,22.29,118.93,0.85,103.34,1.73,1.1,3
10.88,58,8.23,1027,2.59,4.27,133.84,2.59,110.38,1.88,4.39,3
28.01,83,0.0,1008,24.38,48.36,112.61,0.06,65.49,0.18,0.1,2
28.03,47,2.06,1003,46.71,81.61,421.55,9.85,50.75,4.71,49.08,3
23.25,80,7.6,1010,28.31,39.11,307.67,9.9,35.26,3.56,11.31,3
20.95,73,1.03,1012,23.09,122.24,161.45,3.33,66.1,0.35,0.39,4
14.56,87,0.45,1012,22.13,105.6,150.84,3.37,60.2,1.08,4.09,4
11.85,100,1.54,1013,23.67,77.26,220.0,10.58,48.35,3.12,2.38,3
14.84,58,4.12,1009,7.94,16.37,160.12,5.35,71.14,1.84,7.25,2
17.08,48,3.09,1011,23.27,92.96,105.9,0.86,83.52,0.23,3.84,3
11.77,18,2.98,1010,9.95,21.9,125.22,3.41,75.17,0.57,7.39,2
4.81,80,4.63,1011,1.07,3.79,133.17,0.06,107.74,0.12,0.0,3
4.84,80,4.63,1010,1.07,3.79,133.17,0.06,107.74,0.12,0.0,3
4.93,80,4.63,1011,1.07,3.79,133.17,0.06,107.74,0.12,0.0,3
18.58,49,2.06,1016,18.29,20.69,121.67,0.3,112.03,1.87,0.0,3
14.7,77,5.59,1020,11.25,13.57,220.89,7.52,47.22,0.39,3.66,2
17.9,46,2.57,1015,21.45,23.39,145.83,0.6,121.73,4.2,0.05,3
14.92,66,9.26,1015,6.2,7.08,136.39,1.29,98.09,0.71,10.49,2
27.53,69,2.57,1013,1.58,5.33,96.75,0.2,34.59,0.2,0.0,1
26.46,76,2.57,1012,1.73,5.61,98.69,0.19,35.08,0.19,0.0,1
26.63,76,2.57,1012,1.73,5.61,98.69,0.19,35.08,0.19,0.0,1
15.05,51,1.54,1016,14.58,31.34,124.21,3.19,90.09,1.46,4.26,2
15.95,51,1.54,1015,13.42,30.88,126.6,3.7,100.11,2.02,5.1,3
13.68,71,0.19,1015,18.55,36.64,146.92,10.79,77.65,2.71,7.42,2
14.11,72,4.63,1023,2.4,3.9,176.68,11.45,102.99,5.03,0.32,3
14.63,77,4.63,1023,2.32,4.28,169.06,7.23,108.09,4.26,0.19,3
13.36,82,2.06,1020,1.88,2.06,166.75,6.66,118.19,1.48,0.12,3
16.5,94,0.43,1015,1.42,1.68,112.57,0.48,24.25,0.11,0.3,1
15.18,90,1.66,1013,12.69,20.74,356.58,3.65,16.58,0.49,8.25,2
25.23,94,1.54,1011,5.68,7.56,211.0,2.29,17.79,0.39,0.57,1
14.11,63,2.11,1011,11.1,14.87,110.88,2.68,68.72,1.12,6.27,2
12.51,76,3.0,1011,1.76,2.71,78.04,0.24,60.58,0.17,2.41,2
12.76,72,2.81,1011,1.99,3.14,95.28,1.22,55.04,0.1,3.21,1
29.07,69,2.78,1010,60.76,67.84,1117.17,14.75,36.26,2.99,5.23,4
28.77,69,1.63,1010,11.4,15.32,257.74,2.25,53.05,0.89,1.16,2
26.57,79,3.39,1011,23.3,24.33,512.15,4.81,7.53,0.55,0.82,2
31.0,74,2.57,1009,0.5,1.24,70.5,0.01,5.83,0.03,0.0,1
25.0,78,1.54,1012,4.29,17.12,71.26,0.04,42.96,0.24,0.0,1
26.65,81,4.02,1011,4.16,15.71,71.51,0.05,39.16,0.24,0.0,1
28.09,77,7.11,1011,4.99,21.49,71.37,0.04,45.81,0.3,0.0,2
15.67,34,0.28,1017,56.45,62.8,246.72,2.38,109.83,3.14,5.0,4
16.58,42,0.58,1016,49.36,55.66,284.69,6.61,65.31,14.58,5.22,3
15.12,39,0.65,1017,41.6,46.92,210.16,0.9,112.18,1.14,0.64,3
14.76,67,1.03,1016,50.27,55.61,291.46,20.34,69.48,2.6,11.57,4
13.95,82,2.57,1017,1.29,1.67,159.43,0.71,123.57,0.4,0.05,3
14.95,67,1.03,1017,47.98,52.07,225.11,3.62,91.67,1.25,1.58,3
26.75,46,5.57,1010,49.76,203.86,149.07,1.53,96.76,2.18,0.0,5
27.11,50,2.68,1010,50.19,214.81,144.39,1.27,95.27,2.05,0.0,5
27.03,50,2.68,1010,50.19,214.81,144.39,1.27,95.27,2.05,0.0,5
29.01,74,5.14,1012,9.29,14.18,114.83,0.26,64.21,0.8,0.0,2
29.01,74,5.14,1012,9.29,14.18,114.83,0.26,64.21,0.8,0.0,2
10.28,76,2.0,1013,13.9,16.28,92.61,0.93,79.38,1.72,3.12,2
16.33,72,3.0,1009,11.16,24.04,151.49,7.2,31.77,0.43,5.2,2
10.05,40,2.0,1020,4.16,4.52,145.44,1.72,91.33,2.59,0.18,2
21.97,83,1.03,1012,47.57,49.15,618.65,6.48,40.68,1.08,7.36,3
22.18,78,5.13,1013,30.8,33.8,631.13,7.93,34.17,1.16,5.71,3
25.5,77,0.86,1012,28.45,29.3,508.82,3.58,16.39,0.66,3.46,3
19.3,82,1.24,1015,14.82,28.32,122.47,4.93,97.64,2.39,2.38,2
17.3,81,1.41,1015,19.96,32.54,162.66,5.44,91.85,4.78,13.07,2
19.63,75,1.22,1015,15.63,28.28,121.74,4.52,98.96,2.09,2.13,2
26.93,74,3.09,1012,1.8,7.02,96.64,0.42,44.42,0.32,0.02,1
26.03,82,3.09,1012,1.99,8.64,96.81,0.29,44.01,0.27,0.0,1
26.16,93,3.67,1008,0.5,0.74,99.75,0.59,14.63,0.29,0.0,1
26.15,93,1.79,1009,0.5,0.74,99.75,0.59,14.63,0.29,0.0,1
26.08,93,1.79,1009,0.5,0.74,99.75,0.59,14.63,0.29,0.0,1
25.25,88,1.58,1012,0.93,1.48,100.07,0.36,26.17,0.15,0.0,1
21.14,98,1.65,1014,5.53,9.8,180.84,1.61,24.5,0.31,0.68,1
24.8,87,5.49,1013,0.5,0.5,83.33,0.31,21.66,0.07,0.0,1
11.79,42,2.78,1021,5.88,7.52,116.06,2.39,41.42,0.63,1.62,1
10.82,62,1.0,1022,6.39,8.43,119.02,1.77,47.05,0.54,1.4,1
11.85,37,2.69,1020,2.6,3.38,82.19,1.87,45.21,0.39,1.31,1
0.57,80,0.51,1028,1.65,2.89,154.63,3.59,57.53,1.04,8.5,1
0.18,86,0.51,1028,1.0,1.52,147.34,1.32,76.78,0.57,3.08,2
0.01,66,2.54,1030,0.5,0.57,143.71,2.3,84.89,1.29,1.37,2
9.7,44,6.69,1025,5.78,6.62,136.6,2.6,106.92,3.45,8.77,3
9.72,49,3.58,1024,6.42,7.26,136.33,2.18,106.14,2.97,9.53,3
9.88,46,6.69,1024,6.48,7.33,136.4,2.26,105.63,3.01,9.42,3
1.68,76,1.03,1027,1.15,2.18,154.38,2.1,67.9,0.39,5.14,2
-1.18,78,2.03,1027,1.36,2.3,149.55,1.5,79.04,0.27,2.56,2
3.95,70,1.03,1029,0.5,0.5,140.88,0.84,91.67,0.47,0.02,2
20.94,60,0.0,1012,28.49,101.09,179.04,2.83,76.94,1.59,0.3,4
22.93,39,5.06,1013,27.27,79.08,207.41,3.21,86.05,0.47,0.07,3
19.35,72,5.51,1012,35.0,103.94,184.58,1.92,86.68,0.15,0.02,4
16.99,88,1.54,1014,4.35,13.27,112.85,2.27,80.26,3.93,0.47,2
15.23,100,1.54,1015,4.15,8.45,113.51,3.19,79.57,4.21,0.67,2
17.08,94,1.54,1014,4.29,5.52,105.5,2.43,54.17,0.46,2.48,1
16.12,59,3.09,1016,9.01,14.94,125.59,0.93,114.14,0.96,0.31,3
7.3,57,3.09,1024,0.99,1.33,136.07,0.83,96.17,0.8,3.11,2
6.55,57,2.79,1024,1.65,2.04,131.16,0.6,83.03,0.79,2.96,2
4.2,61,2.85,1025,0.68,1.43,137.01,1.11,86.53,0.36,6.74,2
14.88,63,2.06,1017,41.82,46.51,121.73,1.86,109.03,3.68,0.0,3
6.56,90,1.6,1017,39.18,44.84,126.99,2.29,103.22,4.21,0.0,3
9.48,100,0.51,1016,40.16,46.49,143.74,4.49,94.78,4.73,0.0,3
16.98,100,2.57,1018,4.26,6.75,117.02,0.98,17.25,0.08,0.25,1
25.0,88,2.06,1015,1.37,2.46,69.7,0.27,20.15,0.05,0.06,1
14.6,90,1.95,1020,1.89,2.72,83.88,0.43,19.85,0.04,0.14,1
29.98,79,10.29,1010,1.4,4.34,100.3,0.01,34.51,0.09,0.0,1
12.9,58,6.17,1019,10.3,11.7,109.46,1.48,66.99,0.46,8.07,2
12.31,85,4.29,1019,8.92,10.7,110.07,1.98,60.33,0.49,9.62,2
9.67,89,1.88,1017,13.5,14.68,103.53,1.45,55.39,0.76,10.09,2
29.3,51,1.03,1011,1.42,2.18,146.1,0.27,27.38,0.03,0.57,1
26.26,70,3.51,1012,2.41,3.05,140.75,0.79,21.04,0.06,2.38,1
28.31,59,4.75,1011,3.09,4.42,151.89,0.67,18.91,0.06,1.92,1
25.98,94,0.0,1010,6.37,8.63,308.47,4.72,25.82,0.5,1.59,1
26.75,61,3.16,1010,13.19,20.2,352.86,4.73,42.17,0.49,14.99,2
24.81,63,1.29,1010,23.52,29.14,759.31,15.16,1.99,1.33,8.2,2
2.07,51,8.0,1025,0.5,0.5,118.4,0.85,81.65,3.0,0.12,2
1.16,54,4.0,1030,0.5,0.5,116.05,0.16,86.06,0.15,0.07,2
6.58,46,3.64,1029,0.5,0.5,118.34,0.32,86.17,0.16,0.15,2
20.85,73,8.75,1015,14.56,23.15,352.95,25.55,41.16,25.39,1.3,2
20.96,73,8.75,1015,15.55,25.27,360.78,25.74,41.3,26.46,0.61,2
20.82,73,8.75,1015,15.55,25.27,360.78,25.74,41.3,26.46,0.61,2
28.08,70,7.2,1014,3.9,20.49,99.39,0.08,52.02,0.2,0.01,2
25.97,78,2.06,1012,2.25,8.46,99.3,0.87,52.01,0.67,0.01,1
25.95,78,2.06,1012,2.08,7.53,98.99,0.78,51.24,0.61,0.02,1
26.03,78,2.06,1013,2.08,7.53,98.99,0.78,51.24,0.61,0.02,1
18.96,83,6.58,1013,4.58,16.18,107.49,0.27,79.35,0.89,0.01,2
17.93,88,5.66,1014,3.07,9.14,106.22,0.82,82.72,0.99,0.0,2
30.74,16,3.84,1010,42.73,210.33,111.08,0.17,71.61,0.09,0.2,5
17.34,88,5.14,1014,20.94,58.39,128.79,0.2,105.5,0.68,0.0,3
17.22,88,5.14,1014,20.94,58.39,128.79,0.2,105.5,0.68,0.0,3
16.99,88,5.14,1014,20.94,58.39,128.79,0.2,105.5,0.68,0.0,3
24.68,94,2.24,1014,3.29,5.55,74.96,0.7,45.64,0.8,0.01,1
22.15,94,0.89,1014,3.36,5.61,75.41,0.55,44.37,0.6,0.01,1
23.1,94,0.89,1014,3.36,5.61,75.41,0.55,44.37,0.6,0.01,1
28.97,84,3.09,1008,0.5,1.08,103.02,0.04,19.51,0.03,0.0,1
15.17,80,1.09,1018,1.47,2.6,84.96,0.34,26.0,0.08,0.17,1
15.45,94,2.27,1018,3.64,5.74,80.84,0.25,33.97,0.15,0.0,1
15.51,92,0.74,1017,1.31,2.05,73.5,0.45,38.32,0.04,0.42,1
30.53,6,5.14,1007,13.17,15.4,151.88,2.19,91.63,1.7,3.38,2
19.17,64,6.69,1015,4.29,14.24,119.24,0.2,106.07,0.75,0.0,3
30.97,6,5.14,1008,12.11,14.1,143.88,1.53,92.41,1.35,2.32,2
25.29,94,0.0,1010,9.46,9.92,330.65,2.82,34.08,0.76,0.81,1
26.52,89,0.51,1010,6.69,7.4,187.65,3.65,8.56,1.72,1.64,1
25.51,94,0.0,1009,8.05,8.49,265.07,1.35,27.87,0.33,0.98,1
18.99,80,2.57,1022,7.47,11.87,155.14,2.27,22.91,0.55,1.3,1
18.97,82,2.57,1022,7.47,11.87,155.14,2.27,22.91,0.55,1.3,1
18.24,99,1.79,1016,11.22,17.97,80.53,0.22,33.87,0.22,0.0,2
29.29,70,2.54,1017,1.47,4.96,61.09,0.04,43.85,0.12,0.0,1
29.43,70,2.45,1017,1.47,4.96,61.09,0.04,43.85,0.12,0.0,1
29.22,70,0.99,1018,1.43,4.75,60.91,0.03,42.68,0.13,0.0,1
35.16,34,2.57,1008,10.35,19.98,189.21,0.41,45.46,0.07,1.39,2
30.18,11,3.48,1008,35.09,106.35,305.56,1.48,40.55,0.52,2.81,4
29.03,10,4.64,1009,91.75,226.29,914.44,12.65,32.26,3.62,13.0,5
28.36,76,6.44,1010,0.5,1.29,101.44,0.07,19.58,0.03,0.04,1
29.18,11,2.28,1009,24.06,58.58,443.45,4.79,24.51,1.57,5.6,3
23.93,95,2.31,1011,13.5,30.25,388.96,3.42,13.98,0.87,2.25,2
32.45,40,6.71,1007,1.69,2.81,105.82,0.17,38.37,6.85,0.29,1
31.14,55,2.8,1007,7.97,9.61,110.61,0.33,56.14,6.76,0.0,1
32.69,44,3.49,1007,1.32,2.25,106.43,0.15,36.34,3.3,0.52,1
11.97,46,6.17,1028,7.29,8.69,155.84,7.48,100.4,4.67,12.93,3
11.28,50,5.66,1029,7.47,9.03,158.64,8.63,98.26,5.51,12.79,2
12.46,46,6.17,1028,8.11,9.71,160.89,9.24,100.32,5.89,13.19,3
7.53,78,0.49,1028,3.37,4.59,134.86,3.78,77.55,1.09,0.57,2
6.27,93,1.54,1032,2.34,3.86,127.62,1.38,98.91,0.99,0.0,2
8.0,85,0.45,1029,0.55,0.69,121.56,0.36,62.17,0.2,0.3,2
16.25,100,1.54,1009,16.26,19.04,401.78,6.02,52.92,5.21,4.18,2
15.34,81,0.17,1010,18.0,20.37,424.37,3.09,74.05,2.4,7.65,2
20.23,91,1.09,1008,20.22,23.05,422.12,5.52,65.13,4.96,6.53,2
19.39,46,2.24,1031,0.68,1.73,71.01,0.11,58.75,0.05,0.03,1
15.11,47,1.54,1037,0.9,3.63,63.37,0.14,52.34,0.14,0.07,1
13.72,67,7.72,1037,1.37,5.07,63.73,0.22,52.13,0.19,0.04,1
30.99,29,1.03,1004,45.09,141.58,113.52,1.6,60.41,0.85,0.25,4
31.05,29,1.03,1004,42.26,135.35,113.16,2.44,59.47,1.2,0.36,4
31.0,29,1.03,1004,44.25,138.4,113.43,1.86,60.06,0.94,0.27,4
27.78,89,3.09,1007,1.32,1.68,142.67,0.75,34.99,0.35,0.77,1
26.02,97,3.09,1007,1.2,1.56,144.89,0.84,32.27,0.42,0.73,1
26.3,96,3.09,1007,1.2,1.56,144.89,0.84,32.27,0.42,0.73,1
22.17,76,2.06,1009,7.91,20.75,73.52,0.05,58.47,0.33,0.0,2
20.1,77,2.06,1009,7.91,20.75,73.52,0.05,58.47,0.33,0.0,2
16.12,47,0.0,1013,12.37,22.0,82.87,0.68,71.73,1.52,0.0,2
31.9,62,7.72,1012,1.94,4.34,61.86,0.11,28.23,0.1,0.0,1
31.96,62,7.72,1012,1.91,4.18,61.4,0.08,26.52,0.08,0.0,1
31.8,62,7.72,1012,1.64,3.6,60.94,0.06,24.49,0.06,0.0,1
26.99,76,2.3,1012,2.19,6.53,62.44,0.05,40.86,0.14,0.0,1
24.28,80,2.36,1013,1.73,2.35,38.14,0.04,3.26,0.04,0.01,1
30.21,69,2.06,1012,1.19,2.33,66.31,0.07,6.18,3.57,0.0,1
30.02,61,0.45,1012,6.02,9.12,209.11,6.32,35.91,5.44,2.07,1
28.05,74,3.09,1011,11.73,14.9,308.17,5.81,47.11,1.66,12.12,2
30.51,62,0.45,1012,5.31,8.35,181.88,5.72,39.89,5.63,1.53,1
23.99,64,1.03,1003,21.18,33.95,388.47,6.21,62.15,3.97,35.86,2
27.09,83,2.57,1003,36.52,85.78,118.03,0.12,98.34,0.79,0.0,3
22.08,64,0.0,1004,11.67,30.11,304.25,4.22,42.04,0.38,29.62,2
0.95,74,0.0,1030,5.46,8.81,194.35,7.48,48.54,3.14,20.57,1
-0.9,70,0.51,1030,3.92,4.94,153.68,2.59,79.15,2.05,9.39,2
-0.86,80,1.03,1032,3.58,5.36,158.76,4.02,62.69,1.47,14.99,2
27.0,81,4.63,1013,2.08,8.21,98.02,0.21,48.27,0.22,0.0,1
26.97,83,4.63,1013,1.97,7.43,98.67,0.24,48.71,0.22,0.0,1
26.6,82,4.63,1013,1.88,6.98,98.47,0.25,48.73,0.22,0.0,1
16.82,84,0.53,1015,18.16,44.7,120.01,1.91,80.26,0.73,6.45,2
16.86,83,0.95,1015,16.51,40.73,116.58,0.99,80.8,0.7,3.98,2
16.75,84,0.48,1015,18.16,44.7,120.01,1.91,80.26,0.73,6.45,2
14.87,86,1.54,1014,1.19,2.72,116.01,0.71,100.59,0.6,0.06,3
15.73,88,3.09,1013,9.29,15.13,131.87,1.35,110.45,0.94,0.92,3
13.97,83,1.44,1013,9.12,14.45,130.47,1.14,110.87,0.88,0.82,3
21.79,83,0.0,1013,7.97,9.7,103.1,1.86,28.09,0.35,0.29,1
19.33,94,1.03,1015,13.6,15.05,261.29,4.95,18.68,0.36,0.4,2
21.7,83,0.0,1013,8.44,10.2,104.92,2.02,28.19,0.44,0.25,1
26.95,61,4.12,1006,52.49,170.52,157.94,6.09,85.75,13.94,0.0,4
26.89,61,4.12,1006,52.49,170.52,157.94,6.09,85.75,13.94,0.0,4
27.03,61,4.12,1006,51.06,160.0,162.21,6.59,85.37,14.25,0.0,4
22.81,88,3.09,1015,1.72,2.68,71.54,0.22,35.39,0.08,0.0,1
22.57,79,3.0,1015,1.3,2.35,67.67,0.17,35.17,0.08,0.0,1
24.82,78,3.09,1016,1.32,2.69,66.46,0.13,35.69,0.08,0.0,1
9.97,70,7.72,1021,2.81,3.82,133.29,1.93,67.89,0.53,2.44,2
6.37,66,1.03,1025,0.73,0.88,135.79,0.43,101.99,0.47,2.16,3
9.55,89,1.89,1021,1.85,2.77,125.78,0.61,101.27,0.68,0.38,3
9.69,74,3.6,1023,5.94,6.1,124.47,0.99,98.11,3.24,0.73,2
9.99,93,5.14,1021,4.8,6.37,131.28,2.36,75.46,1.31,1.77,2
10.34,85,3.89,1023,5.33,5.73,124.64,1.01,80.78,1.81,1.49,2
1.35,79,2.15,1022,0.5,0.5,149.86,1.77,57.31,0.31,0.34,1
1.11,76,0.0,1021,0.52,0.93,145.21,0.9,75.49,0.32,0.46,2
6.87,53,4.0,1025,2.14,2.64,137.98,1.43,64.43,0.33,0.38,2
19.71,83,1.54,1014,23.56,39.22,666.44,3.2,1.21,0.34,0.8,2
17.16,92,1.4,1014,14.5,21.77,463.51,3.2,8.23,0.71,3.62,2
14.16,96,0.58,1016,17.33,25.56,500.03,3.5,5.98,0.52,2.51,2
23.0,41,5.5,1009,10.14,28.03,109.62,2.43,99.85,7.64,0.08,2
23.5,48,3.87,1010,7.0,15.43,103.93,0.52,64.63,0.6,0.05,2
23.04,41,2.76,1009,19.33,48.28,124.98,19.65,70.76,69.51,0.0,2
30.65,69,4.57,1011,1.36,4.81,63.88,0.02,14.38,0.12,0.0,1
30.53,68,3.76,1011,1.36,4.81,63.88,0.02,14.38,0.12,0.0,1
30.59,67,5.75,1011,1.27,4.46,63.59,0.02,14.9,0.11,0.0,1
27.0,78,3.6,1009,0.59,1.89,74.67,0.04,12.23,0.04,0.0,1
27.48,12,5.71,1009,19.09,88.75,104.16,0.16,86.46,0.51,0.84,3
27.23,12,5.75,1009,18.55,84.95,104.3,0.16,88.03,0.54,0.9,3
27.25,12,5.74,1009,18.55,84.95,104.3,0.16,88.03,0.54,0.9,3
7.69,69,1.03,1026,0.5,0.82,135.61,1.05,60.7,0.12,0.51,2
4.9,40,2.12,1030,4.99,6.52,154.04,3.47,72.78,0.54,3.33,2
7.93,74,3.95,1031,8.81,9.54,168.75,9.36,67.74,1.5,6.54,2
26.97,89,1.54,1010,4.98,5.62,154.08,2.88,9.31,1.34,1.71,1
26.97,89,1.54,1010,4.98,5.62,154.08,2.88,9.31,1.34,1.71,1
27.0,89,1.54,1010,4.98,5.62,154.08,2.88,9.31,1.34,1.71,1
4.72,95,2.06,1026,5.8,5.98,144.18,0.95,116.24,0.34,1.38,3
5.8,53,3.6,1028,12.7,13.95,155.34,3.59,63.29,0.42,1.23,2
3.43,94,1.89,1027,8.4,8.92,145.13,1.62,96.13,0.58,1.48,2
4.81,47,4.12,1029,6.94,8.02,154.48,2.19,104.36,3.76,6.14,3
3.03,47,6.69,1028,2.03,2.54,140.3,1.01,98.15,1.51,5.13,2
4.91,48,4.12,1029,6.94,8.02,154.48,2.19,104.36,3.76,6.14,3
24.86,79,2.06,1012,14.4,44.74,98.7,0.52,71.78,0.59,0.0,2
24.93,91,0.3,1012,14.11,30.42,105.7,0.71,42.88,0.4,0.01,2
23.94,95,0.53,1012,11.16,21.45,118.02,0.6,38.4,0.23,0.2,2
20.7,88,4.12,1013,5.84,20.24,103.87,0.76,82.39,1.17,0.0,2
20.54,56,6.51,1012,7.64,30.9,135.06,1.64,77.69,1.43,0.73,2
20.67,88,4.12,1013,5.98,20.09,103.9,1.05,84.73,1.36,0.0,2
28.02,80,6.75,1009,0.84,3.42,65.62,0.02,20.67,0.07,0.0,1
20.91,77,0.96,1011,3.12,6.36,123.08,0.88,22.02,0.09,3.85,1
23.59,63,2.65,1010,1.17,3.29,96.8,0.32,22.19,0.03,1.47,1
26.95,83,2.57,1010,1.14,1.34,115.33,1.27,22.8,0.47,0.0,1
26.96,83,2.57,1010,1.03,1.26,113.21,0.66,17.9,0.27,0.0,1
22.42,88,2.59,1009,5.58,8.19,172.69,0.89,11.33,0.11,0.7,1
30.18,15,2.8,1007,18.58,55.96,110.63,0.79,24.37,0.06,1.71,3
20.26,93,2.32,1010,7.23,10.04,169.03,0.41,5.92,0.06,0.13,1
26.9,82,1.72,1011,0.76,1.25,94.6,0.06,21.29,0.03,0.0,1
25.6,78,5.66,1009,19.37,22.31,110.22,0.2,54.33,1.6,0.0,2
25.94,78,5.66,1010,19.37,22.31,110.22,0.2,54.33,1.6,0.0,2
30.81,74,2.57,1007,27.55,31.93,122.38,0.33,68.42,5.38,0.0,3
14.82,88,3.43,1014,19.54,30.12,121.5,1.88,64.0,2.44,6.16,2
16.18,56,2.1,1014,22.32,36.45,174.59,20.69,51.65,4.6,15.32,2
13.81,74,2.64,1015,24.76,33.93,151.62,5.67,96.44,12.37,59.57,2
16.06,81,0.98,1022,7.06,10.27,99.6,1.33,35.37,0.95,0.28,1
12.3,90,1.09,1023,9.24,12.4,119.03,3.46,31.92,2.36,0.24,1
25.45,81,7.38,1014,1.6,4.68,106.27,0.28,51.49,0.21,0.0,1
29.98,9,3.6,1007,14.73,41.52,241.01,1.86,22.29,0.53,2.25,2
28.08,52,1.99,1007,6.71,17.02,110.21,0.32,12.12,0.03,1.23,1
26.85,13,6.57,1009,14.9,49.09,105.79,0.23,69.81,0.09,0.44,2
28.06,74,1.54,1011,0.85,1.32,110.24,0.75,21.4,0.27,0.39,1
23.23,84,1.33,1012,8.26,11.48,235.18,3.03,20.56,0.54,5.1,1
24.88,78,1.86,1012,5.75,7.55,182.4,1.99,12.08,0.13,1.16,1
28.96,70,3.31,1010,9.4,11.15,233.75,2.98,17.27,0.7,2.91,1
29.99,79,3.6,1010,8.39,10.08,210.81,2.33,19.31,0.57,2.02,1
28.97,84,3.09,1010,9.78,11.74,256.09,3.27,17.09,0.71,2.66,1
17.06,88,1.0,1011,10.88,33.59,389.15,2.5,54.68,0.37,13.19,2
18.96,45,0.61,1010,8.22,14.36,106.85,0.68,57.1,0.91,12.04,1
16.8,54,0.75,1010,4.07,7.53,109.69,0.6,70.34,0.91,15.08,2
27.41,74,0.49,1013,1.9,4.11,90.12,0.57,26.86,0.2,0.17,1
25.88,82,1.5,1013,2.03,4.75,105.21,1.03,29.43,0.36,0.31,1
26.15,81,1.54,1013,1.82,5.32,68.13,0.17,35.09,0.16,0.05,1
15.92,77,4.12,1014,15.28,41.69,159.87,5.62,61.33,1.37,9.45,2
15.99,59,2.06,1008,31.32,139.58,109.31,0.99,64.41,0.62,4.3,4
20.97,56,6.17,1010,32.09,110.87,123.11,0.2,98.77,0.14,1.74,4
18.8,88,4.63,1012,16.1,34.39,124.7,3.29,50.77,0.28,2.24,2
20.08,83,3.09,1014,26.75,97.56,163.44,1.62,85.94,0.41,0.6,3
18.88,94,6.17,1012,25.5,78.16,134.9,1.43,88.8,0.88,0.4,3
28.18,78,5.66,1014,1.83,6.98,63.87,0.02,42.6,0.05,0.0,1
10.54,71,4.63,1017,28.43,33.75,180.61,10.86,49.13,5.1,24.4,3
6.8,66,0.79,1015,3.83,4.91,114.84,1.75,62.93,0.44,29.17,2
7.65,69,0.68,1017,13.17,16.21,126.59,3.57,72.32,1.77,29.59,2
25.71,79,6.17,1010,2.02,8.38,107.61,0.22,29.64,0.08,0.28,1
25.6,79,3.89,1010,2.02,8.22,110.56,0.26,28.79,0.08,0.31,1
25.57,79,3.89,1010,2.02,8.22,110.56,0.26,28.79,0.08,0.31,1
19.95,90,4.12,1015,7.04,8.71,257.38,18.26,25.88,5.73,3.49,1
19.96,90,4.12,1015,7.04,8.71,257.38,18.26,25.88,5.73,3.49,1
21.17,87,5.66,1014,19.21,26.26,372.58,33.36,27.23,15.81,5.76,2
23.04,96,3.56,1012,1.39,2.03,71.29,0.36,12.13,0.03,0.06,1
19.74,86,2.33,1012,3.74,5.98,170.46,1.09,2.89,0.07,0.23,1
17.68,93,2.46,1014,1.36,2.32,84.71,0.56,13.06,0.04,0.16,1
2.31,80,2.29,1026,0.5,1.55,137.84,1.38,54.01,0.1,4.99,1
2.87,73,1.99,1023,0.71,1.9,145.85,2.5,48.44,0.35,4.5,1
7.9,61,3.07,1023,1.96,2.29,132.81,0.58,104.86,1.08,1.78,3
17.57,95,0.77,1012,3.54,5.1,164.65,1.84,20.43,0.13,4.72,1
17.31,96,0.84,1012,3.54,5.1,164.65,1.84,20.43,0.13,4.72,1
17.53,97,0.72,1012,3.06,4.36,154.08,1.63,25.56,0.11,4.86,1
10.72,82,4.63,1011,1.82,2.61,136.33,2.55,102.33,0.54,0.08,3
22.27,49,5.66,1014,7.2,20.4,124.11,0.29,103.08,1.18,0.02,3
10.38,84,4.47,1011,2.06,3.07,136.26,2.06,100.8,0.49,0.04,3
18.68,74,4.66,1013,9.92,44.66,81.5,0.62,41.12,0.06,0.15,2
16.95,67,1.54,1015,10.23,15.39,200.51,4.01,30.89,0.27,0.53,2
16.53,86,1.82,1015,13.33,19.01,163.31,2.32,38.8,0.35,0.14,2
21.26,48,1.6,1009,4.69,9.99,119.76,1.12,54.68,0.16,9.29,1
17.17,59,1.88,1010,2.82,3.9,82.71,0.18,66.11,0.12,2.98,2
18.88,54,1.69,1009,5.17,10.25,100.7,0.98,70.96,0.26,7.79,2
25.48,75,3.92,1012,2.79,13.33,101.36,0.53,41.56,0.44,0.0,1
26.04,74,4.4,1012,2.68,12.63,99.92,0.44,41.47,0.4,0.0,1
21.67,89,2.06,1011,2.76,3.73,156.75,2.72,22.54,0.23,7.52,1
28.49,72,4.68,1007,3.7,3.88,198.94,2.43,28.78,0.14,3.6,1
26.78,87,2.58,1010,1.92,2.72,138.79,1.15,26.53,0.09,4.41,1
26.75,78,3.09,1013,1.64,5.49,96.62,0.22,48.88,0.21,0.0,1
27.85,74,3.6,1013,1.87,7.0,97.32,0.24,51.35,0.25,0.0,1
28.01,89,3.09,1010,33.2,42.44,823.83,14.14,22.5,3.59,6.63,3
22.0,63,4.02,1016,67.07,76.64,763.77,15.01,15.38,5.56,21.05,4
22.99,53,2.57,1016,52.14,62.18,660.3,14.83,57.79,9.24,14.44,4
28.1,83,6.17,1015,5.19,18.85,61.53,0.02,33.59,5.82,0.0,1
30.51,72,4.46,1011,1.0,5.31,61.66,0.01,30.14,0.04,0.0,1
8.59,78,4.47,1020,13.95,16.23,121.59,3.31,66.65,1.03,11.64,2
9.83,90,1.21,1019,18.34,21.49,131.81,5.68,63.65,1.49,14.38,2
8.76,86,2.33,1020,15.11,17.33,124.96,3.74,73.73,1.48,9.3,2
18.56,56,1.01,1013,30.51,68.31,105.0,2.82,65.3,9.87,6.2,3
28.56,73,2.5,1007,33.24,54.16,112.57,0.57,86.41,1.39,0.0,3
23.04,70,1.0,1011,41.61,76.12,112.29,2.04,82.7,2.66,0.03,3
27.89,83,3.09,1011,3.41,8.0,72.94,0.04,29.78,0.1,0.06,1
27.84,83,3.09,1011,3.41,8.0,72.94,0.04,29.78,0.1,0.06,1
27.76,83,3.09,1011,3.41,8.0,72.94,0.04,29.78,0.1,0.06,1
13.73,89,0.51,1020,14.22,16.21,216.4,6.68,41.97,2.99,0.31,2
15.24,79,6.71,1016,0.65,2.29,62.82,0.07,53.24,0.13,0.0,1
18.63,66,0.45,1021,5.55,8.89,145.91,3.71,39.72,1.45,0.34,1
14.14,77,0.0,1017,2.35,3.22,116.73,0.55,28.56,0.23,0.53,1
14.26,78,1.43,1017,1.96,3.05,95.75,0.58,26.48,0.4,0.31,1
13.3,79,2.43,1017,1.53,2.35,84.25,0.42,28.05,0.32,0.26,1
13.56,87,2.48,1020,0.58,0.66,78.89,0.4,26.47,0.12,0.08,1
16.39,80,5.73,1020,1.23,1.85,73.35,0.33,34.15,0.16,0.05,1
13.08,96,2.53,1020,0.5,0.52,73.96,0.39,25.55,0.11,0.08,1
12.26,95,0.45,1021,10.51,21.13,125.97,3.47,76.49,0.41,6.73,2
12.48,95,0.45,1021,10.51,21.13,125.97,3.47,76.49,0.41,6.73,2
28.84,63,2.55,1007,39.05,113.51,176.09,4.44,106.91,1.42,0.34,4
28.02,65,2.06,1007,43.49,152.96,179.35,0.6,135.71,0.62,0.15,4
29.0,58,3.09,1007,37.13,108.07,175.26,5.19,98.99,1.71,0.61,4
14.29,51,0.85,1011,4.65,9.75,301.65,2.3,55.43,0.13,3.62,1
14.55,73,4.54,1012,25.03,140.94,135.97,0.39,81.9,0.06,0.61,4
23.67,34,1.71,1011,7.0,19.83,102.28,0.34,63.09,0.09,2.44,2
25.66,78,2.57,1013,1.53,5.04,103.78,1.15,54.78,0.98,0.0,1
12.51,38,2.06,1018,7.08,7.95,129.0,1.6,93.45,1.15,1.79,2
13.23,62,4.93,1017,4.06,5.13,134.91,1.29,104.91,1.16,1.38,3
12.4,85,2.25,1016,5.44,9.79,130.67,1.11,110.51,1.19,0.72,3
12.09,58,2.57,1015,4.55,5.11,113.24,2.95,81.33,1.49,65.36,2
4.84,75,1.54,1018,4.35,5.54,112.69,4.08,57.68,1.51,71.36,1
6.12,88,1.56,1018,3.94,4.71,109.38,3.33,73.88,1.36,68.92,2
24.0,88,2.57,1011,14.02,46.51,71.06,0.04,37.89,0.26,0.0,2
15.92,94,2.06,1016,27.09,118.84,68.84,0.34,27.35,0.12,0.13,4
17.89,94,1.54,1015,4.11,4.83,107.88,1.45,17.6,0.08,0.22,1
17.81,78,3.6,1012,20.3,36.87,285.0,15.72,49.61,6.48,0.53,2
18.73,53,3.6,1009,8.7,13.78,168.72,3.51,43.86,0.24,0.28,1
19.07,83,0.89,1010,20.52,28.77,241.81,4.28,67.21,1.07,0.34,2
6.11,57,2.57,1029,9.46,11.63,199.87,7.94,50.98,0.87,12.0,1
2.53,70,1.03,1029,9.63,13.0,185.73,8.69,58.29,0.63,8.68,1
3.98,61,1.03,1030,6.11,7.17,158.67,5.21,61.79,0.64,13.64,2
19.15,84,4.12,1029,6.16,9.94,89.33,3.13,22.97,1.95,0.13,1
21.61,55,8.75,1024,6.25,8.94,102.09,2.94,54.75,1.87,0.8,1
21.36,78,3.6,1025,0.85,1.48,64.82,0.19,44.62,0.05,0.01,1
27.8,80,9.26,1008,4.2,14.07,130.13,2.73,52.3,2.37,0.77,1
27.77,81,9.26,1008,4.2,14.07,130.13,2.73,52.3,2.37,0.77,1
27.64,82,9.26,1008,4.2,14.07,130.13,2.73,52.3,2.37,0.77,1
12.03,87,3.09,1020,2.68,5.33,128.54,0.32,103.98,0.18,1.18,3
11.75,85,6.09,1020,3.16,6.36,128.99,0.52,91.65,0.18,2.06,2
10.48,100,2.06,1019,4.78,5.66,98.41,1.24,61.36,0.08,21.73,2
-0.05,100,1.54,1028,1.44,2.06,133.41,0.95,106.82,2.89,3.96,3
1.74,80,2.57,1028,1.95,2.5,129.29,0.74,102.19,1.11,6.48,3
2.43,80,1.38,1028,1.65,2.34,138.21,1.39,95.47,2.27,5.31,2
26.27,78,3.6,1012,1.52,7.27,90.91,0.05,48.93,0.11,0.0,1
23.99,94,2.06,1008,4.71,6.56,158.82,2.33,21.7,4.14,2.62,1
22.96,92,3.96,1009,1.6,2.98,119.03,0.07,27.7,0.95,0.04,1
24.0,94,2.06,1008,5.31,7.39,170.85,3.05,20.96,3.66,3.02,1
8.69,52,3.65,1025,3.78,4.39,140.65,2.17,111.54,2.42,11.31,3
11.25,41,3.6,1025,3.7,4.39,142.7,3.38,111.65,2.19,12.39,3
12.17,44,3.97,1024,4.67,5.44,144.03,2.89,113.06,2.38,14.26,3
33.19,31,2.69,1009,15.03,38.6,215.03,2.58,23.67,0.18,3.04,2
29.25,70,0.51,1010,6.91,11.15,205.16,2.23,9.45,0.14,4.42,1
31.94,41,3.15,1009,17.57,43.02,248.54,2.28,20.56,0.36,3.61,2
2.83,87,2.06,1026,0.82,1.07,131.99,1.24,76.14,0.55,0.65,2
6.11,81,3.09,1025,0.65,0.7,131.88,0.95,67.96,0.18,0.82,2
5.66,88,5.14,1023,1.65,1.69,129.82,0.68,100.39,0.38,0.27,3
25.98,53,5.66,1009,33.46,124.49,158.39,11.27,91.51,30.08,0.28,4
25.97,53,5.66,1009,34.69,135.16,154.17,11.85,88.77,29.89,0.37,4
25.79,53,5.88,1009,36.02,145.1,154.23,12.27,85.54,32.2,0.32,4
21.6,88,0.82,1013,2.56,3.41,124.35,0.61,9.06,0.07,0.32,1
14.75,96,1.57,1015,2.85,3.96,147.13,1.45,17.54,0.19,1.16,1
13.45,97,0.98,1015,12.98,18.25,373.05,4.61,14.32,0.86,4.63,2
27.64,80,3.46,1010,0.5,0.88,97.83,0.09,18.81,0.04,0.04,1
27.03,81,2.53,1010,0.5,0.87,97.06,0.09,19.69,0.04,0.05,1
26.82,82,2.22,1010,0.5,0.93,98.0,0.08,18.58,0.03,0.04,1
27.03,89,2.06,1010,1.24,1.33,114.3,0.39,5.83,0.14,1.87,1
26.99,89,2.06,1010,1.24,1.33,114.3,0.39,5.83,0.14,1.87,1
27.0,89,2.06,1010,1.01,1.09,95.81,0.23,5.07,0.08,1.06,1
8.99,81,3.6,1020,1.57,3.02,56.52,0.73,50.39,0.16,0.16,1
23.01,78,3.09,1009,1.37,1.6,94.29,0.56,11.26,0.04,0.2,1
19.84,42,2.06,1013,1.79,2.3,74.17,1.4,40.56,0.27,0.45,1
19.62,88,4.12,1020,4.74,6.31,140.08,1.16,52.76,0.19,0.09,1
25.94,81,5.14,1017,1.64,4.06,95.51,0.15,50.65,0.07,0.06,1
20.44,83,0.0,1019,5.0,7.24,97.24,3.65,43.31,0.96,1.0,1
26.99,69,2.57,1013,1.33,4.52,106.91,0.08,62.6,0.06,0.08,2
26.96,69,4.63,1011,1.82,5.58,105.93,0.33,67.48,0.24,0.11,2
26.97,69,4.63,1011,1.82,5.58,105.93,0.33,67.48,0.24,0.11,2
6.55,95,0.56,1014,20.78,25.15,483.52,5.61,26.53,1.4,10.33,2
19.83,88,1.92,1010,23.25,26.06,388.36,4.61,27.91,1.46,6.98,2
16.69,85,1.6,1011,22.21,25.51,382.25,4.78,28.06,1.29,7.31,2
15.95,100,1.54,1015,2.63,2.85,85.83,1.01,33.1,0.21,0.03,1
16.47,89,2.43,1016,1.18,1.57,68.04,0.35,29.4,0.28,0.04,1
15.86,100,1.54,1015,2.63,2.85,85.83,1.01,33.1,0.21,0.03,1
4.49,82,2.74,1024,1.12,1.51,140.92,0.97,84.05,0.23,3.66,2
3.99,70,2.0,1024,0.92,1.69,138.92,2.09,42.42,0.26,3.45,1
8.63,70,2.6,1026,3.61,4.96,145.44,2.87,65.37,1.37,16.78,2
29.45,1,3.6,1008,3.33,6.37,125.36,0.24,37.41,0.13,0.16,1
28.02,78,7.32,1008,3.37,7.43,125.46,0.18,37.95,0.13,0.07,1
28.84,64,5.02,1008,6.35,8.6,137.28,0.62,41.68,0.24,0.53,1
9.11,47,6.17,1013,0.86,1.24,148.56,5.59,81.77,1.88,1.18,2
8.73,69,5.14,1009,0.5,0.5,131.61,0.71,71.82,0.08,0.19,2
20.79,19,1.54,1014,0.78,1.16,100.73,0.18,92.54,0.12,0.22,2
27.2,78,1.54,1011,3.53,6.7,144.76,0.76,2.72,0.18,0.62,1
13.86,81,1.8,1016,6.72,9.59,188.29,0.89,16.13,1.25,0.13,1
22.94,84,0.25,1011,2.69,3.62,102.28,0.26,5.79,0.02,0.04,1
25.1,88,0.0,1010,3.28,9.73,73.09,0.06,1.62,0.01,0.1,1
24.96,88,0.0,1010,3.28,9.73,73.09,0.06,1.62,0.01,0.1,1
24.72,88,0.0,1010,3.26,9.8,75.39,0.1,1.5,0.01,0.17,1
27.2,78,1.54,1011,3.53,6.7,144.76,0.76,2.72,0.18,0.62,1
25.04,100,4.63,1011,11.97,34.15,73.91,0.14,30.21,0.18,0.0,2
22.43,98,1.53,1012,11.48,22.46,102.2,0.86,26.15,0.39,0.24,2
8.09,42,3.6,1025,10.23,10.89,155.58,2.93,95.45,1.58,17.18,2
12.19,62,0.51,1023,4.88,5.92,136.93,4.41,56.46,0.48,14.18,1
8.9,40,3.09,1025,8.7,9.9,158.5,6.1,59.51,1.13,7.65,1
27.72,89,2.06,1010,0.5,1.22,82.48,0.3,23.58,0.15,0.02,1
27.31,89,2.06,1010,0.68,2.36,87.9,0.28,25.06,0.15,0.15,1
26.22,61,1.02,1010,10.2,17.28,222.31,2.19,3.94,0.32,0.76,2
18.12,70,0.89,1014,17.84,25.96,263.58,10.27,35.51,0.73,2.88,2
18.58,55,1.32,1014,20.47,27.21,289.07,11.91,37.84,0.77,2.61,2
18.43,66,2.09,1014,17.84,25.96,263.58,10.27,35.51,0.73,2.88,2
25.95,94,0.51,1011,0.5,0.61,93.48,0.04,15.97,0.02,0.06,1
20.74,88,2.06,1013,1.9,2.04,92.88,0.56,8.04,0.28,0.01,1
18.56,92,1.51,1015,5.56,8.91,186.26,1.49,3.94,0.3,1.42,1
15.92,59,3.0,1017,83.74,105.77,536.21,29.06,35.94,22.22,3.07,5
18.94,27,3.59,1011,122.52,148.94,441.82,20.88,42.1,16.34,22.51,5
22.91,76,1.68,1015,23.05,30.59,300.5,6.43,63.74,9.85,0.0,2
15.26,62,1.83,1014,1.54,2.28,153.59,4.78,10.39,0.47,5.83,1
27.03,61,4.63,1008,4.03,4.53,116.05,2.29,17.2,1.13,4.74,1
22.99,78,2.57,1011,8.08,8.63,132.56,2.78,10.03,4.24,2.49,1
21.66,84,7.72,1012,3.64,4.94,107.53,0.31,43.09,0.46,0.0,1
29.93,74,3.6,1008,2.41,2.95,129.1,1.61,42.52,0.3,5.61,1
25.14,72,7.72,1010,5.33,6.86,109.59,0.36,46.04,0.77,0.0,1
29.24,58,3.6,1011,3.85,6.82,113.98,0.27,58.29,0.44,0.28,1
28.16,74,2.57,1012,7.17,9.84,129.79,0.31,65.16,0.29,0.14,2
29.19,58,6.69,1011,17.93,21.87,113.33,0.3,66.97,2.68,0.0,2
22.27,73,5.14,1016,3.28,14.46,100.47,0.19,62.44,0.44,0.0,2
21.75,68,7.72,1017,2.47,11.34,99.71,0.14,70.19,0.36,0.0,2
21.02,78,5.66,1016,2.51,10.72,100.95,0.15,64.2,0.42,0.0,2
27.53,76,6.17,1009,5.46,10.44,154.68,1.93,53.93,1.08,1.51,1
27.61,76,6.17,1009,5.46,10.44,154.68,1.93,53.93,1.08,1.51,1
13.76,100,3.09,1013,11.3,20.27,116.48,0.26,111.35,0.73,0.47,3
14.96,72,1.54,1013,8.28,16.04,114.64,0.12,116.47,0.57,0.5,3
16.33,84,2.57,1013,10.62,19.4,115.86,0.36,111.44,0.77,0.45,3
6.73,63,2.57,1030,8.83,10.98,172.44,7.93,55.66,1.44,16.52,1
4.71,61,0.51,1029,6.61,8.82,213.32,10.38,58.95,1.79,10.73,1
6.27,65,2.06,1029,11.45,13.98,178.37,5.65,68.88,2.53,13.71,2
7.26,84,0.51,1030,10.46,13.14,186.18,14.99,50.22,2.77,64.99,2
7.35,80,0.51,1030,6.52,8.67,155.97,7.05,66.31,1.28,25.12,2
4.82,58,4.31,1028,12.71,13.44,171.84,4.11,101.84,0.73,31.89,3
29.07,77,2.95,1008,18.45,38.72,141.23,0.84,43.02,0.22,4.22,2
24.93,76,2.46,1010,13.14,26.31,215.9,1.63,32.43,0.24,5.95,2
27.72,64,4.22,1009,15.87,35.82,201.23,1.42,40.95,0.33,6.47,2
9.15,69,3.09,1029,14.02,15.0,164.37,7.32,79.56,1.18,7.81,2
8.15,70,2.91,1030,9.76,11.99,161.74,7.92,42.12,0.35,23.57,1
6.65,74,1.84,1030,19.65,21.92,186.06,14.55,44.3,1.19,39.46,2
23.01,79,4.0,1013,2.81,12.09,104.14,1.84,63.51,1.5,0.05,2
23.16,93,0.45,1012,1.42,4.63,95.38,0.16,42.54,0.14,0.0,1
26.76,74,2.06,1013,10.02,12.44,181.32,4.31,82.43,2.16,22.41,2
23.71,100,0.0,1012,1.42,4.63,95.38,0.16,42.54,0.14,0.0,1
17.37,88,2.06,1016,7.88,18.06,133.25,8.3,37.29,0.32,0.84,1
17.93,88,1.54,1018,4.74,10.92,127.18,4.25,75.79,0.79,0.51,2
18.67,77,5.66,1016,9.58,35.65,117.73,5.71,62.35,0.5,1.04,2
13.53,90,0.59,1013,6.23,7.23,348.3,11.16,1.52,1.44,2.51,1
29.93,66,2.06,1007,10.85,38.5,80.35,0.49,47.58,0.41,0.0,2
17.95,59,3.6,1015,5.91,8.68,251.17,11.21,9.74,1.27,0.93,1
5.19,93,2.57,1022,0.64,0.92,124.01,1.1,73.58,0.23,0.2,2
6.14,93,4.12,1022,2.45,3.01,145.71,2.69,49.9,0.07,0.22,1
5.09,92,0.72,1022,1.44,1.98,141.52,1.84,54.21,0.13,0.39,1
19.42,63,5.14,1014,26.84,52.78,135.89,5.4,106.26,16.81,26.18,3
14.9,82,1.03,1015,12.26,26.85,118.75,0.87,85.19,1.9,1.98,2
19.41,59,3.03,1014,26.84,52.78,135.89,5.4,106.26,16.81,26.18,3
17.98,68,6.17,1019,8.03,52.51,105.29,0.19,82.38,0.33,0.12,3
19.01,82,6.69,1017,4.8,22.93,105.05,0.29,79.34,0.57,0.0,2
18.12,80,7.37,1018,3.67,16.61,104.87,0.23,81.5,0.4,0.01,2
15.79,67,1.21,1014,17.41,33.2,228.4,3.11,35.88,0.32,13.48,2
22.12,54,2.6,1011,14.37,39.89,140.42,1.5,48.76,0.3,8.64,2
29.61,22,2.26,1007,13.25,46.09,106.31,0.46,66.31,0.23,1.08,2
15.04,64,1.54,1017,0.86,1.87,100.37,0.88,50.29,0.02,8.66,1
17.23,71,6.69,1020,15.84,30.87,122.79,0.42,94.53,0.45,0.0,2
18.69,80,3.09,1019,15.33,28.22,139.04,5.81,67.06,0.39,4.91,2
15.11,74,0.97,1015,35.93,50.92,702.95,6.3,23.2,0.89,20.21,3
17.71,88,1.73,1014,1.24,3.38,103.11,0.88,10.49,0.06,4.71,1
18.38,43,1.46,1013,25.15,56.5,371.16,5.01,36.85,0.66,21.33,3
8.46,75,6.26,1021,0.77,1.19,127.56,2.4,66.67,0.52,0.28,2
8.28,77,4.02,1021,0.74,1.1,126.28,2.48,68.09,0.61,0.26,2
5.91,84,1.03,1021,0.74,1.31,129.64,1.61,64.43,0.27,0.97,2
27.94,89,4.63,1013,1.58,6.55,63.23,0.01,40.79,0.07,0.0,1
27.99,89,4.63,1013,1.58,6.55,63.23,0.01,40.79,0.07,0.0,1
27.83,74,1.03,1012,1.55,5.53,62.96,0.01,39.6,0.08,0.0,1
15.37,39,3.6,1021,6.67,8.92,133.61,2.76,58.39,0.38,14.96,1
15.95,67,1.89,1021,9.18,20.31,147.55,0.6,124.85,0.84,2.85,3
14.87,74,2.24,1021,7.12,8.54,143.01,1.95,84.93,0.61,16.96,2
28.01,83,2.57,1011,2.66,3.34,89.81,0.18,22.36,0.07,0.03,1
26.98,89,2.06,1011,1.6,2.69,86.28,0.07,24.56,0.05,0.0,1
23.12,91,0.89,1011,4.86,5.03,136.35,0.13,5.97,0.01,0.02,1
11.86,68,3.6,1021,9.5,11.34,150.1,7.07,104.62,4.38,8.7,3
9.03,61,0.45,1021,15.66,17.14,149.55,6.53,96.79,4.32,12.1,2
9.9,73,3.09,1022,16.3,17.76,144.34,4.14,112.51,3.0,6.55,3
13.08,76,3.09,1020,2.37,2.91,102.79,2.13,69.43,0.2,20.31,2
8.99,87,3.09,1016,8.01,8.84,114.56,4.39,78.6,1.77,39.44,2
7.33,83,3.26,1016,14.33,15.21,135.54,5.69,85.28,1.37,34.68,2
26.99,89,3.09,1011,0.54,0.57,97.7,0.05,5.03,0.02,0.01,1
26.99,89,3.09,1011,0.54,0.57,97.7,0.05,5.03,0.02,0.01,1
23.89,95,1.09,1011,0.54,0.56,102.86,0.1,5.98,0.04,0.02,1
15.61,82,4.12,1019,8.79,11.12,135.54,2.29,43.62,0.35,3.75,1
24.1,82,1.62,1011,3.69,5.44,128.13,1.48,13.02,0.71,0.07,1
29.23,84,1.54,1010,0.86,1.22,98.65,0.22,23.83,0.2,0.0,1
31.26,47,2.64,1009,10.99,16.39,227.31,3.39,22.1,0.28,4.75,2
17.22,71,6.69,1018,2.84,6.6,108.11,2.81,62.51,0.62,1.53,2
23.08,60,3.6,1012,9.64,27.03,138.02,1.86,87.11,2.75,0.15,2
23.02,60,3.6,1011,9.9,27.02,134.92,1.75,89.63,2.71,0.09,2
23.01,60,3.6,1012,9.64,27.03,138.02,1.86,87.11,2.75,0.15,2
27.04,69,2.06,1011,9.93,22.79,102.8,0.68,90.15,1.01,0.0,2
27.05,69,2.06,1011,9.93,22.79,102.8,0.68,90.15,1.01,0.0,2
23.24,70,0.49,1012,6.23,10.87,172.74,0.73,3.61,0.15,0.27,1
25.82,73,2.57,1013,1.49,5.37,101.85,0.76,51.84,0.64,0.0,1
25.94,73,2.57,1013,1.49,5.37,101.85,0.76,51.84,0.64,0.0,1
26.02,73,2.57,1013,1.49,5.37,101.85,0.76,51.84,0.64,0.0,1
26.73,82,0.08,1011,0.91,1.66,97.97,0.04,21.2,0.02,0.05,1
24.95,100,1.54,1012,0.52,0.91,97.83,0.04,15.71,0.02,0.07,1
20.04,99,0.42,1013,3.12,3.38,102.84,0.31,6.61,0.05,0.03,1
15.68,73,7.72,1015,15.86,19.01,121.44,2.45,89.53,1.91,1.33,2
10.46,71,4.02,1020,4.08,4.19,128.68,1.69,72.59,7.29,1.14,2
18.81,59,0.69,1014,16.34,19.6,118.26,0.44,112.55,1.36,0.29,3
20.04,100,3.13,1010,14.03,16.58,144.54,0.37,46.76,1.29,1.87,2
21.36,100,3.58,1010,12.76,14.76,133.64,0.25,48.06,0.98,0.94,2
17.8,100,3.13,1010,11.9,14.22,138.12,0.29,45.18,1.0,1.27,2
28.94,68,6.17,1012,1.69,6.69,91.59,0.06,50.52,0.11,0.02,1
28.83,69,6.17,1012,1.69,6.69,91.59,0.06,50.52,0.11,0.02,1
29.4,68,6.17,1012,1.76,7.4,91.17,0.06,51.54,0.12,0.03,1
24.06,69,2.57,1011,13.92,33.32,136.56,0.62,91.9,1.31,0.01,2
25.04,47,3.15,1011,15.25,35.88,144.1,0.38,66.07,0.34,0.18,2
25.3,54,2.86,1011,14.75,35.25,138.91,0.42,75.14,0.55,0.1,2
26.99,83,3.09,1010,1.18,1.46,113.82,0.84,12.61,0.34,0.04,1
24.66,95,1.51,1011,1.15,1.33,98.83,0.26,8.48,0.02,0.04,1
25.49,89,1.79,1011,0.98,1.11,109.23,0.3,14.22,0.08,0.06,1
22.25,73,2.68,1015,20.45,27.94,282.83,3.84,72.0,5.4,0.0,2
22.4,73,2.68,1015,20.45,27.94,282.83,3.84,72.0,5.4,0.0,2
22.82,73,3.09,1015,25.55,33.97,304.01,5.91,71.57,8.86,0.0,3
30.25,40,3.09,1010,20.91,22.73,148.19,0.92,75.21,11.45,1.31,2
30.69,62,6.69,1008,8.65,11.07,232.87,4.01,40.82,0.68,11.34,1
29.9,79,5.66,1008,4.32,5.0,150.71,1.3,50.08,0.33,1.94,1
7.16,60,1.54,1028,4.45,5.14,135.99,1.3,96.02,0.8,4.65,2
12.06,28,7.2,1023,1.7,2.85,132.56,0.61,116.2,2.21,2.74,3
10.51,34,2.06,1027,2.48,3.28,133.73,0.93,114.63,1.03,3.49,3
28.93,74,4.12,1012,4.22,9.31,101.24,0.34,55.08,0.36,0.0,1
28.43,74,4.12,1012,4.22,9.31,101.24,0.34,55.08,0.36,0.0,1
26.41,82,7.95,1012,11.64,14.32,180.79,0.55,76.18,0.47,1.39,2
6.95,48,0.89,1028,3.22,5.61,142.79,2.51,58.75,0.38,21.84,1
4.88,45,3.09,1027,1.73,2.76,143.23,0.82,87.71,0.4,12.45,2
3.92,52,3.55,1027,1.53,2.56,137.97,1.85,82.09,0.44,8.89,2
25.78,91,0.45,1011,19.99,21.54,517.99,2.12,57.08,0.59,0.92,2
25.01,95,1.03,1011,2.33,3.26,157.41,1.84,34.62,0.29,0.58,1
25.25,94,0.0,1011,19.99,21.54,517.99,2.12,57.08,0.59,0.92,2
14.14,69,3.09,1017,17.1,18.44,147.05,2.38,85.49,0.77,2.13,2
10.87,100,5.14,1016,5.2,7.3,142.56,0.54,123.13,0.46,0.71,3
11.97,95,1.58,1016,12.38,14.45,141.6,1.55,70.56,0.48,2.65,2
13.17,86,0.45,1013,11.04,30.47,115.78,2.16,75.32,0.59,8.96,2
17.66,81,2.57,1013,15.09,41.43,119.87,10.49,74.01,1.92,113.81,2
17.77,81,2.54,1013,9.5,19.44,115.62,0.82,100.51,1.28,3.05,3
11.88,71,7.72,1020,18.66,19.94,149.6,3.25,107.91,2.12,3.75,3
29.01,79,3.09,1009,25.46,58.37,109.15,0.07,57.14,0.16,0.05,3
24.03,60,4.12,1004,59.93,83.15,472.0,6.13,68.5,4.51,41.27,4
22.59,80,4.92,1012,28.0,35.01,384.04,11.36,37.6,3.63,12.37,3
19.95,60,0.0,1012,35.77,166.17,186.61,4.33,80.51,3.03,1.11,4
16.23,90,1.34,1013,22.59,100.65,195.81,5.48,65.6,2.64,7.77,4
13.85,94,0.51,1013,22.57,54.44,316.09,12.02,53.68,2.07,3.71,3
13.99,51,4.12,1013,6.66,9.03,167.2,6.1,78.96,2.96,11.68,2
12.08,87,2.06,1017,25.93,137.07,122.19,1.51,74.06,0.35,3.07,4
8.77,34,3.68,1012,16.14,25.13,193.67,8.54,80.95,2.08,21.86,2
4.81,74,3.09,1008,0.53,0.98,131.46,0.07,101.62,0.08,0.0,3
4.83,75,3.09,1008,0.53,0.98,131.46,0.07,101.62,0.08,0.0,3
4.93,75,3.09,1008,0.53,0.98,131.46,0.07,101.62,0.08,0.0,3
14.8,61,4.12,1020,4.21,7.22,135.46,0.57,113.76,0.53,2.65,3
12.7,58,3.09,1026,10.82,12.17,165.08,2.26,106.47,0.9,9.28,3
14.11,47,4.12,1020,4.04,7.25,141.38,1.05,108.1,0.7,2.42,3
15.43,77,1.54,1019,10.05,12.83,136.56,1.43,57.19,0.28,5.18,2
29.53,66,3.09,1012,3.19,8.15,102.46,0.26,46.5,0.27,0.0,1
27.02,84,3.09,1011,3.61,8.57,104.12,0.23,47.85,0.26,0.0,1
27.19,84,3.09,1011,3.61,8.57,104.12,0.23,47.85,0.26,0.0,1
17.05,42,2.57,1014,10.22,26.29,120.4,3.27,82.83,1.09,6.3,2
17.95,42,2.57,1013,11.38,29.56,126.31,5.49,83.15,1.45,8.35,2
13.77,74,2.12,1013,13.43,31.87,146.28,13.75,67.38,2.69,11.06,2
11.4,95,5.66,1006,3.94,6.4,168.01,10.91,63.76,3.22,0.08,2
11.72,96,5.66,1005,3.5,6.96,145.18,5.8,57.51,2.0,0.04,1
17.19,84,7.2,1001,2.28,3.83,141.19,1.23,90.08,0.64,0.04,2
16.62,100,4.63,1015,0.5,0.55,93.9,0.55,24.38,0.07,0.22,1
15.59,91,1.67,1013,18.4,24.38,571.41,5.98,18.43,0.47,7.55,2
26.23,83,4.12,1012,4.18,6.58,151.39,1.38,21.11,0.35,0.49,1
17.11,59,2.1,1011,9.05,13.87,99.79,1.4,93.72,0.51,4.13,2
16.51,72,3.0,1014,1.72,3.05,76.5,0.23,56.98,0.23,3.16,1
11.94,83,2.69,1014,2.35,4.05,93.28,1.33,53.95,0.13,3.22,1
28.58,65,4.52,1011,80.37,86.36,1413.63,21.35,38.22,3.31,6.91,5
28.58,64,3.39,1011,16.27,18.87,328.82,3.31,64.14,1.09,1.85,2
27.91,70,1.39,1010,35.13,36.3,516.24,2.9,7.36,0.36,0.43,3
32.0,70,4.63,1008,0.5,1.03,68.91,0.01,6.15,0.03,0.0,1
26.17,77,1.17,1013,3.63,6.53,76.4,0.06,31.24,0.08,0.01,1
26.52,80,2.29,1012,2.51,3.74,74.58,0.06,24.33,0.04,0.03,1
27.79,73,3.31,1012,3.24,6.17,75.21,0.07,27.68,0.08,0.02,1
16.7,35,3.79,1009,54.56,59.99,254.88,1.87,94.29,2.54,2.22,4
16.09,49,3.15,1006,52.2,57.97,318.19,8.94,72.17,15.88,2.09,4
14.93,44,3.94,1010,49.75,55.06,226.81,0.67,97.84,0.93,0.55,3
14.76,55,4.12,1009,52.54,60.71,215.65,4.5,113.59,2.84,0.87,4
11.95,71,3.09,1009,28.29,33.8,175.65,2.63,136.1,5.38,0.97,3
14.95,55,4.12,1009,57.95,67.07,217.53,0.8,117.98,2.16,0.34,4
27.31,45,4.02,1011,40.23,176.28,145.35,3.84,86.96,8.59,0.66,4
27.67,38,2.24,1011,37.44,177.36,144.76,4.72,81.39,9.86,0.99,4
27.59,38,2.24,1011,37.44,177.36,144.76,4.72,81.39,9.86,0.99,4
29.01,70,5.14,1010,7.27,13.15,115.77,0.2,57.15,0.62,0.0,1
29.01,70,5.14,1010,7.27,13.15,115.77,0.2,57.15,0.62,0.0,1
12.28,67,0.0,1012,11.25,12.71,88.05,1.37,70.3,1.21,2.97,2
17.33,63,3.0,1010,7.24,14.35,133.32,4.82,56.24,0.58,6.81,1
7.05,93,5.0,1013,4.25,4.26,196.74,0.8,83.05,0.08,0.09,2
23.97,78,1.03,1011,49.48,50.64,914.9,14.24,8.32,2.15,27.57,3
25.17,71,2.53,1012,43.11,49.85,560.09,7.52,53.02,1.89,11.44,3
26.49,70,1.21,1012,23.02,24.42,548.88,3.71,8.25,0.61,2.79,2
18.19,77,0.19,1013,10.52,21.31,117.66,2.34,100.7,1.46,3.23,3
17.59,75,0.52,1013,22.65,34.51,171.39,6.32,83.89,6.04,15.85,2
18.52,82,1.15,1013,10.57,22.67,117.03,2.69,100.15,1.68,1.97,3
27.93,69,3.09,1012,1.95,9.2,93.85,0.4,56.28,0.4,0.02,1
27.07,69,3.09,1012,1.77,8.84,92.88,0.27,54.83,0.27,0.0,1
26.16,92,4.11,1010,0.5,1.15,86.33,0.65,10.53,0.38,0.0,1
26.15,92,0.89,1010,0.5,1.15,86.33,0.65,10.53,0.38,0.0,1
26.08,92,0.89,1010,0.5,1.15,86.33,0.65,10.53,0.38,0.0,1
26.37,85,1.82,1011,0.68,1.27,84.59,0.31,30.33,0.13,0.0,1
23.29,80,1.22,1012,2.44,4.46,118.45,0.94,29.11,0.29,0.49,1
26.18,84,3.01,1011,0.5,0.8,83.03,0.26,25.62,0.09,0.0,1
11.57,95,3.98,1014,2.7,2.84,122.83,1.79,32.32,0.14,0.29,1
11.27,96,0.85,1016,2.94,3.16,122.05,1.7,35.07,0.19,0.26,1
10.63,96,1.0,1014,0.83,0.91,90.56,1.24,34.68,0.06,0.23,1
6.35,62,2.06,1024,3.55,4.28,145.67,3.83,68.68,1.43,3.64,2
7.18,57,2.06,1025,5.51,6.56,150.16,3.59,60.69,0.97,6.8,2
1.01,85,2.21,1026,11.21,12.02,163.0,7.95,45.62,1.31,1.57,2
10.38,34,3.6,1025,3.87,4.63,142.89,2.71,100.35,2.07,12.54,3
10.42,40,2.68,1025,4.33,5.03,141.67,2.24,101.65,1.81,12.94,3
10.69,38,3.6,1025,4.26,4.97,142.44,2.38,100.73,1.83,12.91,3
5.57,85,1.54,1024,3.92,4.8,143.74,2.52,63.93,0.33,0.85,2
5.19,94,1.88,1024,3.16,4.06,144.29,2.73,65.84,0.44,0.98,2
-0.05,93,0.51,1026,4.16,4.74,142.79,3.02,57.0,0.44,0.13,1
18.94,72,2.57,1014,20.33,68.8,196.87,3.57,73.5,0.88,0.48,3
21.77,55,4.4,1012,18.18,48.23,235.88,3.91,94.39,0.57,0.12,2
19.76,72,3.1,1014,27.56,121.28,174.17,2.05,80.71,0.12,0.05,4
16.99,77,1.54,1019,4.06,11.08,112.03,2.41,83.65,3.08,0.6,2
11.23,100,0.0,1019,3.19,6.49,111.07,3.55,77.28,3.31,0.76,2
16.08,88,0.51,1019,2.4,3.6,99.44,2.13,41.85,0.18,0.7,1
16.9,63,3.09,1023,8.17,14.46,150.3,0.92,129.46,1.42,4.44,3
1.69,57,4.12,1026,0.5,1.14,139.3,0.86,85.97,0.37,5.88,2
4.84,63,2.8,1025,0.53,0.96,134.4,0.86,79.22,0.7,5.0,2
3.51,64,2.24,1026,0.76,1.57,140.42,0.91,84.02,0.33,9.55,2
11.88,32,6.17,1022,2.09,4.28,135.45,0.54,116.34,3.33,2.53,3
1.26,62,3.39,1024,1.85,3.37,133.92,0.54,118.77,3.52,2.33,3
12.48,28,4.63,1021,1.73,3.25,134.71,0.64,117.61,2.91,1.94,3
17.98,100,2.57,1019,1.1,2.45,85.53,0.48,25.32,0.09,0.26,1
23.0,94,3.09,1016,1.57,2.06,75.44,0.28,26.66,0.07,0.07,1
14.9,92,1.74,1020,0.5,0.65,66.75,0.21,37.48,0.02,0.11,1
29.98,74,6.69,1009,1.44,3.29,95.3,0.01,36.55,0.09,0.0,1
2.9,87,2.57,1024,1.09,1.31,122.78,0.43,92.22,0.76,1.1,2
2.31,89,3.0,1025,1.4,1.71,123.33,0.62,88.31,0.94,1.73,2
3.76,85,1.83,1024,3.52,3.78,118.98,0.8,80.48,1.16,1.48,2
32.3,43,4.63,1011,6.11,14.62,179.11,0.97,19.86,0.1,1.27,1
29.5,46,0.73,1011,5.81,9.3,174.58,1.52,11.49,0.09,4.14,1
31.63,38,2.06,1011,5.77,9.79,179.38,0.82,14.39,0.09,2.64,1
24.98,88,0.0,1010,5.19,7.69,305.22,4.1,20.75,0.49,1.52,1
26.01,64,1.68,1009,3.65,6.65,212.79,1.86,50.88,0.29,5.52,1
25.64,59,2.38,1010,15.87,20.31,580.67,10.73,16.23,1.29,8.69,2
0.07,51,1.0,1024,1.25,2.29,119.81,1.94,70.97,5.88,0.41,2
4.7,37,1.25,1023,0.5,0.5,113.85,0.67,56.26,0.07,1.31,1
8.82,41,1.66,1023,0.56,0.67,115.84,0.78,59.81,0.21,1.48,1
21.85,78,4.12,1015,35.75,46.02,346.3,10.06,70.71,15.78,0.0,3
21.96,78,4.12,1015,28.28,37.58,306.58,1.5,82.81,4.26,0.0,3
21.82,78,4.12,1015,28.28,37.58,306.58,1.5,82.81,4.26,0.0,3
28.08,74,7.2,1013,2.4,8.88,95.42,0.09,43.4,0.14,0.01,1
24.97,83,2.06,1013,2.36,9.91,97.63,0.74,67.41,0.82,0.0,2
24.95,83,2.06,1013,2.3,9.78,97.77,0.71,65.97,0.78,0.02,2
25.03,83,2.06,1013,2.3,9.78,97.77,0.71,65.97,0.78,0.02,2
19.96,79,6.41,1014,14.55,70.48,109.62,0.27,67.85,0.89,0.04,3
18.93,82,7.2,1016,4.83,17.01,103.82,1.03,79.88,1.38,0.0,2
31.79,15,3.74,1010,33.92,126.67,129.51,0.23,41.39,0.08,0.33,4
18.34,88,5.66,1016,15.95,39.3,116.88,0.17,89.91,0.49,0.02,2
18.22,88,5.66,1016,15.95,39.3,116.88,0.17,89.91,0.49,0.02,2
17.99,88,5.66,1016,15.95,39.3,116.88,0.17,89.91,0.49,0.02,2
25.23,87,4.6,1015,2.12,7.28,66.47,0.05,43.19,0.15,0.0,1
22.7,86,1.34,1015,2.16,7.69,66.85,0.05,45.88,0.15,0.0,1
23.65,86,1.34,1015,2.16,7.69,66.85,0.05,45.88,0.15,0.0,1
29.97,79,5.14,1009,0.5,1.26,113.26,0.03,23.35,0.04,0.0,1
15.14,82,0.77,1017,3.21,4.76,93.6,0.34,35.43,0.1,0.15,1
15.59,94,1.38,1017,4.8,15.54,75.8,0.36,47.65,0.22,0.03,1
14.23,94,0.44,1016,2.45,3.52,82.12,0.62,38.47,0.05,0.26,1
30.53,10,7.72,1004,11.91,13.47,129.03,1.42,99.88,1.5,2.07,2
18.84,68,6.17,1012,6.2,24.49,126.6,0.27,114.31,1.03,0.0,3
30.97,11,7.72,1005,11.55,13.1,125.19,1.11,102.2,1.42,1.45,3
26.4,88,0.51,1009,8.37,8.71,236.98,1.57,29.61,0.72,0.6,1
27.13,89,0.51,1010,5.96,6.5,161.32,1.49,9.91,0.79,0.73,1
26.62,88,0.51,1009,8.04,8.41,236.32,0.93,22.11,0.25,0.74,1
22.33,83,5.66,1014,4.13,8.82,98.03,1.06,41.11,0.84,0.17,1
21.97,83,5.66,1014,4.13,8.82,98.03,1.06,41.11,0.84,0.17,1
20.97,88,3.09,1016,5.31,17.27,71.58,0.25,29.81,0.07,0.05,1
29.29,71,3.45,1016,1.68,5.1,61.59,0.04,45.66,0.12,0.0,1
29.43,71,3.08,1016,1.68,5.1,61.59,0.04,45.66,0.12,0.0,1
29.22,71,1.95,1017,1.74,5.28,61.44,0.04,45.39,0.13,0.0,1
36.16,21,2.06,1008,44.22,137.93,206.21,1.15,27.48,0.29,1.71,4
28.19,11,2.09,1009,64.05,162.61,500.55,4.18,32.98,1.73,4.78,4
26.48,11,2.15,1010,55.82,189.16,327.33,4.22,55.93,1.34,5.09,4
28.13,89,1.54,1010,0.5,1.17,96.79,0.08,18.17,0.04,0.03,1
30.89,10,2.79,1009,30.96,63.29,485.9,4.91,32.99,1.21,5.62,3
24.2,92,1.41,1010,24.82,48.59,581.15,4.96,11.78,1.62,6.19,2
30.8,56,4.02,1006,2.81,4.46,97.08,0.21,34.6,7.03,0.18,1
29.95,59,2.96,1006,10.13,11.56,123.05,0.41,52.07,6.63,0.0,2
30.89,55,4.02,1006,1.83,3.42,94.88,0.17,31.78,3.17,0.37,1
12.56,52,4.12,1026,3.75,4.79,152.83,6.88,108.15,3.07,15.22,3
12.83,48,4.47,1026,3.79,5.15,156.8,9.03,102.68,4.22,14.53,3
13.5,51,4.12,1026,3.97,5.17,158.74,8.64,106.84,3.69,17.48,3
6.98,89,1.06,1024,2.3,3.1,127.4,3.91,79.39,1.49,1.16,2
4.27,100,0.0,1028,1.61,2.65,127.73,2.0,90.43,1.26,0.46,2
7.29,82,1.34,1024,0.5,0.55,115.06,0.25,72.65,0.24,0.42,2
15.25,100,1.03,1010,40.08,51.23,632.38,9.03,57.59,6.04,6.0,3
15.59,70,1.62,1011,37.87,48.05,543.88,6.11,62.44,4.3,14.52,3
20.12,93,0.72,1009,46.7,56.35,567.51,7.76,68.2,6.93,10.83,3
16.72,64,2.57,1036,1.54,6.93,63.34,0.24,58.81,0.22,0.15,1
15.51,65,3.6,1035,1.24,3.13,66.39,0.89,38.27,0.38,0.43,1
13.2,66,3.6,1036,1.42,5.12,63.75,0.56,46.21,0.38,0.09,1
30.99,33,1.03,1006,39.72,124.65,110.47,2.56,58.46,1.55,0.44,4
31.05,33,1.03,1006,41.27,132.82,112.0,2.29,63.48,1.36,0.57,4
31.0,33,1.03,1006,39.7,123.15,109.02,2.13,56.67,1.31,0.48,4
27.08,87,5.14,1007,2.36,2.67,128.6,1.15,45.08,0.32,0.95,1
27.13,89,5.14,1007,2.27,2.53,125.61,1.09,42.02,0.34,0.82,1
27.39,88,5.14,1007,2.27,2.53,125.61,1.09,42.02,0.34,0.82,1
23.83,71,2.06,1010,8.76,19.62,74.81,0.05,58.34,0.27,0.0,1
21.1,78,2.06,1010,8.76,19.62,74.81,0.05,58.34,0.27,0.0,1
16.12,55,3.09,1015,13.99,22.96,79.09,0.77,75.83,1.9,0.0,2
30.9,66,7.72,1012,1.41,3.57,60.1,0.09,34.61,0.09,0.0,1
30.96,66,7.72,1012,1.39,3.41,59.89,0.07,32.52,0.08,0.0,1
30.8,66,7.72,1012,1.44,3.56,59.68,0.05,31.07,0.06,0.0,1
27.47,79,1.09,1012,3.0,6.83,64.52,0.09,24.24,0.13,0.0,1
28.57,57,0.47,1013,0.91,1.31,39.59,0.05,4.21,0.05,0.06,1
30.81,66,1.74,1011,6.62,6.88,65.75,0.12,7.35,8.11,0.0,1
29.09,69,2.06,1012,6.43,9.27,185.16,4.65,35.66,3.95,1.79,1
28.05,83,3.09,1011,24.73,26.71,457.57,9.05,47.12,1.63,11.68,2
29.25,71,2.06,1012,6.28,9.24,161.11,4.21,41.46,4.21,1.21,1
24.99,69,0.0,1004,27.53,41.58,299.03,3.77,78.41,5.89,42.99,3
28.09,78,5.14,1003,39.75,113.66,107.48,0.11,75.45,0.56,0.0,4
23.08,64,2.06,1006,15.97,38.54,280.83,3.67,46.78,0.49,31.74,2
8.65,50,1.54,1027,8.44,11.41,186.9,6.7,50.02,2.07,19.21,1
7.1,53,1.03,1029,16.37,18.65,190.11,6.41,67.03,3.44,19.23,2
9.1,67,2.57,1029,7.03,9.64,169.94,5.48,49.4,1.26,14.11,1
25.6,91,3.6,1013,1.5,4.9,96.54,0.24,54.27,0.17,0.0,1
25.35,93,3.6,1013,1.25,4.13,96.24,0.23,53.47,0.15,0.0,1
25.77,89,3.6,1013,1.29,4.16,96.68,0.24,53.55,0.16,0.0,1
15.99,83,1.65,1014,12.7,38.48,114.42,1.66,79.82,0.78,8.3,2
16.13,81,1.72,1014,11.57,34.42,111.74,0.93,78.47,0.74,4.39,2
15.9,84,1.64,1014,12.7,38.48,114.42,1.66,79.82,0.78,8.3,2
15.17,83,1.54,1019,0.5,1.06,108.87,1.26,90.66,0.88,0.0,2
13.73,94,1.03,1019,1.49,3.1,118.38,2.7,94.91,1.63,0.78,2
13.42,85,1.35,1020,2.04,4.16,120.94,2.08,102.27,1.46,0.65,3
25.79,78,2.06,1010,9.31,10.41,159.63,1.42,26.11,0.28,0.24,1
23.33,83,1.54,1013,7.47,8.31,222.2,3.55,22.77,0.3,0.4,1
25.7,78,2.06,1011,9.16,10.01,156.29,1.36,24.75,0.32,0.21,1
27.14,40,7.2,1009,34.96,137.9,168.34,6.75,92.52,25.01,0.13,4
27.64,38,7.2,1009,34.96,137.9,168.34,6.75,92.52,25.01,0.13,4
28.03,36,6.69,1009,33.88,127.65,168.81,7.39,93.42,25.36,0.14,4
24.81,78,7.2,1016,1.88,7.62,66.63,0.08,55.87,0.16,0.0,1
22.57,81,2.78,1017,2.04,8.85,65.6,0.09,57.26,0.17,0.0,1
23.82,78,2.57,1017,1.95,8.57,65.05,0.08,57.22,0.16,0.0,1
4.45,90,2.68,1026,1.75,2.53,136.49,1.64,66.52,0.13,2.1,2
2.77,67,2.68,1026,0.68,1.38,138.48,0.91,84.6,0.41,8.39,2
7.45,69,4.48,1024,0.91,1.01,133.16,0.48,111.46,0.51,0.31,3
7.14,55,3.09,1026,1.77,2.94,128.8,1.73,82.11,0.79,4.26,2
5.99,75,0.0,1026,4.68,7.02,157.95,3.84,53.63,0.76,3.27,1
7.56,43,2.22,1026,1.69,3.14,126.85,1.92,54.09,0.22,5.36,1
1.22,70,1.53,1022,0.81,1.24,154.46,3.17,48.97,0.51,0.41,1
4.44,92,1.78,1020,1.02,1.24,140.17,1.07,50.49,0.06,0.1,1
7.87,46,1.0,1020,1.89,2.49,134.23,1.45,54.33,0.16,0.69,1
16.71,100,3.6,1014,20.62,34.52,635.54,3.39,2.91,0.36,0.81,2
18.1,93,1.33,1014,14.73,21.62,465.87,3.45,12.7,0.91,3.73,2
15.57,98,0.6,1016,16.79,26.32,490.17,4.45,8.02,0.75,3.48,2
23.0,39,4.45,1009,12.68,34.57,104.8,2.25,108.61,4.9,0.09,3
23.85,30,3.63,1012,48.55,159.62,140.78,0.55,149.55,7.92,0.0,4
23.77,36,2.18,1009,25.04,56.78,124.98,16.8,73.53,67.34,0.0,3
29.55,70,4.23,1012,1.02,3.12,62.86,0.02,18.68,0.1,0.0,1
29.48,69,3.5,1012,1.02,3.12,62.86,0.02,18.68,0.1,0.0,1
28.88,73,4.69,1012,0.9,2.73,62.74,0.03,18.77,0.09,0.0,1
29.0,79,4.12,1009,0.5,1.45,76.44,0.03,11.8,0.03,0.0,1
28.31,10,6.2,1008,21.04,93.73,101.53,0.13,86.81,0.67,0.88,3
28.04,10,6.19,1009,20.39,89.56,101.94,0.12,87.59,0.67,0.89,3
28.06,10,6.2,1009,20.39,89.56,101.94,0.12,87.59,0.67,0.89,3
5.64,87,1.79,1024,1.73,2.21,128.95,1.06,73.44,0.24,0.86,2
5.67,64,3.09,1027,1.47,2.28,135.38,2.16,81.66,0.56,4.39,2
9.93,81,3.65,1029,12.16,13.07,157.02,7.51,79.24,1.45,6.3,2
27.68,90,1.03,1010,4.65,5.27,150.3,1.18,11.14,0.54,0.97,1
28.13,88,2.24,1010,4.65,5.27,150.3,1.18,11.14,0.54,0.97,1
28.22,88,2.24,1010,4.65,5.27,150.3,1.18,11.14,0.54,0.97,1
1.54,84,2.06,1029,4.45,5.06,141.23,1.03,115.07,0.93,3.3,3
2.82,67,1.03,1029,6.54,8.01,145.37,3.03,76.18,0.54,4.21,2
2.35,77,1.3,1029,5.28,6.07,138.57,1.34,102.57,0.96,3.58,3
6.51,55,2.72,1029,9.93,11.74,178.3,6.09,74.14,1.65,17.08,2
2.17,61,1.54,1028,3.82,5.4,147.6,1.77,70.64,0.79,16.4,2
6.61,55,2.57,1029,9.93,11.74,178.3,6.09,74.14,1.65,17.08,2
25.79,76,2.56,1011,10.86,28.1,98.96,0.71,71.11,0.66,0.0,2
24.5,89,0.89,1012,5.04,6.85,125.83,0.75,40.57,0.32,0.03,1
24.0,84,0.82,1012,5.85,8.01,150.8,0.94,38.46,0.41,0.94,1
21.25,88,5.14,1013,7.06,22.9,106.09,1.25,79.56,1.58,0.0,2
23.68,34,6.28,1012,13.78,55.44,130.03,1.67,68.31,0.94,0.91,3
21.22,88,5.14,1013,7.24,22.99,109.18,1.69,79.17,1.91,0.0,2
27.95,80,5.22,1010,0.76,2.66,62.05,0.02,23.76,0.06,0.0,1
19.96,70,1.77,1012,1.8,4.58,121.16,1.18,13.94,0.12,6.94,1
22.18,59,2.76,1012,1.14,3.37,92.62,0.46,13.57,0.05,2.3,1
26.95,83,3.09,1011,0.89,0.95,95.23,0.37,4.38,0.22,0.01,1
26.96,83,3.09,1011,0.79,0.85,95.07,0.23,4.02,0.12,0.01,1
23.08,76,2.47,1009,7.88,10.67,248.38,0.84,13.15,0.09,0.52,1
28.45,15,2.41,1008,14.11,44.94,109.0,0.89,26.94,0.1,1.8,2
19.85,93,1.44,1010,6.95,8.62,189.61,0.39,4.36,0.07,0.18,1
27.02,89,2.06,1012,2.4,3.13,87.64,0.04,23.19,0.02,0.0,1
26.72,75,5.66,1008,23.1,25.21,126.86,0.25,65.09,1.57,0.0,2
27.94,65,5.66,1009,23.1,25.21,126.86,0.25,65.09,1.57,0.0,2
33.81,52,4.12,1006,29.93,33.6,133.75,0.36,71.59,5.08,0.0,3
15.89,72,1.41,1013,16.63,25.2,114.74,2.64,39.65,1.69,9.94,2
18.4,40,1.14,1013,15.35,28.07,149.86,14.38,61.08,2.55,6.54,2
15.84,59,1.46,1013,40.29,50.85,175.47,6.74,98.64,19.29,75.64,3
15.61,86,1.82,1014,9.82,11.75,85.25,26.52,16.23,33.52,0.0,2
12.49,91,2.37,1016,8.57,10.48,85.77,24.59,17.73,32.0,0.0,2
25.78,75,2.57,1012,2.03,6.33,106.19,0.29,59.31,0.22,0.0,1
29.98,10,3.6,1007,30.39,94.43,325.89,3.19,33.27,1.2,3.87,3
29.58,37,2.01,1008,5.27,11.4,113.32,0.37,10.09,0.02,0.67,1
27.37,10,5.94,1009,13.87,45.86,110.21,0.37,57.03,0.12,0.57,2
29.06,79,0.51,1010,0.63,0.97,97.95,0.15,24.08,0.07,0.04,1
25.85,62,0.66,1010,15.36,21.63,238.61,1.76,11.04,0.2,2.52,2
28.56,51,1.41,1010,12.35,16.41,191.87,1.59,10.07,0.1,1.17,2
29.88,70,2.16,1010,6.2,8.4,207.81,2.45,23.5,0.73,3.45,1
30.59,61,2.72,1010,5.6,7.98,183.79,1.93,22.48,0.6,2.38,1
30.56,85,2.0,1010,7.38,9.77,243.49,2.85,20.28,0.85,3.07,1
14.06,88,1.0,1013,7.8,22.47,227.99,1.14,54.73,0.37,10.18,2
20.87,43,1.46,1011,6.49,9.52,103.42,0.55,51.78,0.58,7.91,1
17.78,39,3.34,1012,3.74,6.09,101.95,0.53,69.89,0.69,12.8,2
27.56,71,0.26,1013,1.04,2.66,102.64,1.03,24.17,0.27,0.28,1
25.9,82,2.08,1013,0.92,2.81,108.21,0.78,30.79,0.32,0.33,1
26.14,81,2.01,1013,0.66,3.23,66.25,0.13,35.93,0.1,0.05,1
14.92,72,2.06,1020,3.53,7.82,127.87,3.19,64.56,0.37,5.27,2
19.99,56,8.23,1014,66.72,388.31,121.0,0.21,92.61,0.21,0.97,5
14.97,82,4.12,1017,18.06,104.84,119.6,0.11,88.72,0.01,1.02,4
16.8,94,3.09,1018,29.57,54.23,168.13,2.83,73.28,1.18,1.12,3
20.49,69,8.08,1015,35.61,131.14,145.65,0.77,87.36,0.51,0.0,4
18.88,94,2.06,1017,23.67,78.29,130.09,1.24,90.69,0.63,0.44,3
27.18,83,3.6,1013,1.32,7.7,64.05,0.02,47.59,0.05,0.0,1
12.05,79,7.72,1017,8.18,9.44,143.41,4.5,79.71,3.42,2.18,2
11.8,62,0.99,1011,4.72,5.67,109.23,1.77,69.1,0.51,21.61,2
8.36,87,1.15,1016,21.04,24.34,126.01,2.59,63.87,1.82,19.85,2
25.71,77,4.63,1011,1.79,5.54,104.69,0.39,32.73,0.08,0.33,1
25.6,77,2.95,1011,2.01,5.65,108.0,0.44,30.93,0.07,0.36,1
25.57,77,2.95,1011,2.01,5.65,108.0,0.44,30.93,0.07,0.36,1
19.47,77,5.66,1017,8.01,11.93,298.92,20.5,28.74,6.67,4.84,1
19.61,77,5.66,1016,8.01,11.93,298.92,20.5,28.74,6.67,4.84,1
20.62,81,4.63,1015,26.0,34.81,301.77,19.32,67.42,27.43,0.18,3
23.85,89,3.23,1012,3.42,4.62,75.36,0.36,11.2,0.03,0.08,1
20.5,83,3.01,1012,3.59,5.44,136.01,1.02,6.68,0.08,0.26,1
17.82,85,3.0,1014,1.13,2.04,76.51,0.37,19.29,0.04,0.19,1
3.6,63,1.97,1025,0.59,1.34,138.69,0.86,68.4,0.17,4.58,2
2.69,72,1.67,1023,0.5,1.05,144.83,1.53,51.98,0.19,1.54,1
6.83,60,4.61,1024,0.5,0.6,134.59,0.64,94.67,0.8,2.58,2
17.2,95,1.32,1013,10.53,14.11,250.12,3.32,17.54,0.22,5.55,2
17.22,95,1.19,1013,10.53,14.11,250.12,3.32,17.54,0.22,5.55,2
17.24,97,0.95,1013,9.13,11.84,244.12,2.77,25.11,0.19,5.53,1
15.41,55,6.17,1008,2.19,2.98,163.1,5.89,97.99,1.4,0.91,2
21.53,64,6.69,1010,8.33,27.7,128.24,0.24,114.7,1.35,0.0,3
15.32,55,6.17,1008,3.02,3.89,169.33,6.37,90.17,1.12,0.73,2
17.66,72,2.57,1014,15.12,33.35,134.51,1.02,70.58,2.83,0.09,2
15.95,82,2.57,1012,8.57,12.28,144.85,2.19,47.82,0.35,0.54,1
16.23,77,3.77,1013,14.04,18.89,165.68,2.11,47.43,0.2,0.23,2
21.63,45,2.14,1010,3.3,5.64,113.76,1.02,54.63,0.19,12.32,1
17.78,63,3.73,1012,2.38,3.5,82.31,0.18,63.5,0.19,4.66,2
19.98,56,2.94,1012,5.07,8.21,102.36,1.1,74.21,0.56,14.08,2
26.93,74,2.06,1012,1.85,9.42,96.9,0.61,49.75,0.43,0.02,1
26.78,74,2.06,1012,1.61,8.15,95.37,0.48,49.77,0.37,0.02,1
21.67,89,2.06,1011,13.98,17.74,275.13,3.19,42.6,0.37,7.12,2
28.46,73,5.18,1007,5.68,8.43,151.29,1.7,45.94,0.39,4.21,1
27.63,77,1.08,1010,5.33,6.54,231.6,1.87,28.41,0.1,5.74,1
26.75,74,2.57,1013,1.06,3.27,96.2,0.18,47.5,0.13,0.0,1
27.85,69,3.09,1013,1.77,5.21,98.12,0.29,52.74,0.26,0.0,1
29.01,65,2.57,1010,22.42,30.27,582.05,11.65,27.28,3.06,6.01,2
22.0,80,2.93,1013,57.48,69.1,536.29,7.12,20.52,1.78,13.28,4
22.99,78,1.54,1013,31.84,41.9,364.42,5.41,87.6,3.25,10.84,3
29.1,74,5.14,1014,5.36,11.28,62.52,0.01,40.49,6.02,0.0,1
31.62,77,6.36,1010,0.8,4.38,61.45,0.01,25.61,0.04,0.0,1
3.43,89,0.51,1025,3.18,4.3,138.3,1.86,67.77,0.33,2.77,2
3.92,86,2.56,1025,2.46,3.32,137.74,1.74,74.82,0.25,2.41,2
2.65,87,2.71,1026,3.36,4.55,140.78,1.88,77.32,1.01,2.68,2
18.24,58,1.74,1014,32.54,64.37,108.88,3.5,66.86,13.39,7.47,3
28.63,76,2.26,1008,33.82,51.22,112.4,0.18,79.99,0.86,0.0,3
23.24,63,0.57,1012,35.44,72.76,111.37,1.89,80.77,2.32,0.0,3
25.89,94,1.03,1012,2.05,3.17,72.58,0.04,22.63,0.03,0.03,1
25.84,94,1.03,1012,2.05,3.17,72.58,0.04,22.63,0.03,0.03,1
25.76,94,1.03,1012,2.05,3.17,72.58,0.04,22.63,0.03,0.03,1
13.43,91,0.45,1016,2.39,3.76,101.13,3.11,34.92,2.85,0.22,1
13.26,80,3.09,1016,1.28,6.91,64.28,0.06,59.82,0.24,0.0,1
21.41,69,3.69,1011,11.14,12.83,205.85,3.04,40.52,0.91,0.29,2
14.14,82,1.03,1017,2.26,2.95,93.58,0.52,29.64,0.08,0.32,1
13.44,80,0.91,1017,2.37,3.48,99.68,0.79,21.96,0.2,0.31,1
13.04,79,1.74,1017,2.23,3.23,93.18,0.67,24.46,0.22,0.27,1
13.3,94,2.47,1019,3.07,4.44,128.26,2.01,26.83,0.73,0.25,1
14.42,92,2.14,1018,6.41,7.14,87.36,0.98,25.32,0.31,0.1,1
13.23,95,2.67,1019,1.69,2.44,111.52,1.31,28.92,0.46,0.23,1
13.56,83,1.79,1024,20.67,26.68,122.74,1.9,84.91,0.63,2.16,2
13.78,83,1.79,1024,20.67,26.68,122.74,1.9,84.91,0.63,2.16,2
29.84,52,3.54,1007,30.07,106.8,167.73,4.48,91.08,1.28,0.83,4
28.02,51,0.51,1007,40.51,165.0,161.15,0.69,114.0,0.57,0.35,4
30.0,51,3.09,1006,27.86,93.59,168.06,4.65,95.13,1.66,1.18,3
14.8,51,0.48,1008,4.66,10.08,176.28,1.66,63.94,0.1,2.92,2
12.61,78,1.48,1013,12.17,61.86,120.38,0.32,78.54,0.02,0.34,3
17.55,70,3.46,1015,7.09,20.37,121.51,0.79,57.39,0.08,0.75,2
25.66,77,2.57,1015,2.59,9.51,108.45,1.27,60.84,1.07,0.11,2
9.51,37,0.51,1020,1.03,1.22,126.39,1.09,105.26,3.85,0.65,3
10.23,53,3.2,1020,0.89,1.16,126.01,1.46,106.35,2.84,0.69,3
11.26,61,2.81,1018,1.41,2.47,128.0,0.79,102.16,2.1,0.42,3
11.09,66,1.54,1011,6.41,7.12,110.94,3.25,78.67,1.08,30.16,2
5.84,81,0.0,1013,3.39,4.63,103.32,2.83,60.87,0.89,72.05,2
7.95,82,1.63,1013,4.56,5.36,106.64,3.39,60.25,0.83,41.65,2
25.0,88,2.57,1011,10.72,30.92,76.41,0.05,38.42,0.14,0.0,2
15.92,88,2.06,1016,22.12,100.42,71.05,0.35,28.19,0.12,0.11,4
15.89,100,3.09,1015,3.75,4.72,111.14,2.34,17.21,0.24,0.47,1
20.09,75,1.03,1012,14.01,19.86,154.04,0.96,50.32,0.13,0.88,2
19.95,57,3.6,1016,8.36,16.69,114.0,0.81,49.55,0.1,0.32,1
22.22,71,3.58,1012,14.77,23.48,160.32,1.12,55.97,0.13,0.66,2
11.59,64,1.54,1026,5.14,6.71,148.5,7.4,39.95,0.42,12.01,1
8.29,74,1.03,1026,8.08,11.05,150.0,9.7,53.97,1.0,22.82,1
8.38,70,1.03,1027,6.1,6.83,134.16,6.13,55.7,0.45,25.62,1
19.84,86,2.57,1025,7.75,11.02,96.19,3.93,22.5,2.05,0.23,1
20.58,56,6.69,1019,3.9,6.68,82.12,3.82,57.28,1.88,1.08,1
23.18,76,4.63,1022,1.34,3.73,63.37,0.2,43.15,0.08,0.01,1
27.8,78,9.77,1009,4.04,14.39,122.67,2.5,56.72,2.17,0.25,1
27.77,80,9.77,1009,4.04,14.39,122.67,2.5,56.72,2.17,0.25,1
27.64,81,9.77,1009,4.04,14.39,122.67,2.5,56.72,2.17,0.25,1
14.03,88,6.17,1013,2.24,4.15,123.53,0.28,97.11,0.1,0.56,2
12.6,89,5.83,1012,2.51,5.09,123.92,0.85,82.64,0.11,2.57,2
14.48,77,2.06,1013,4.3,4.89,103.5,1.21,60.02,0.18,12.29,2
6.95,70,1.03,1026,2.49,3.11,131.94,0.95,101.33,2.13,2.84,3
3.74,81,1.03,1026,3.26,3.9,128.22,1.43,81.88,0.64,5.11,2
5.14,82,1.16,1027,2.73,3.4,136.83,1.93,80.85,1.4,3.19,2
27.27,74,6.17,1014,1.44,6.93,90.65,0.04,45.63,0.09,0.0,1
24.99,88,2.06,1006,10.42,13.96,194.98,4.12,25.77,1.29,2.03,2
22.33,89,4.18,1007,1.76,3.82,87.8,0.08,22.35,0.93,0.12,1
24.0,88,2.06,1006,12.67,16.47,215.29,4.81,26.69,1.56,2.09,2
11.79,62,3.6,1020,7.38,8.65,132.82,3.07,55.39,0.14,6.54,1
11.15,69,1.54,1020,7.03,8.11,137.42,3.49,72.93,0.53,15.32,2
14.63,60,2.93,1020,13.43,14.49,158.61,4.89,71.99,0.51,4.21,2
33.06,49,1.03,1006,27.11,80.71,216.01,2.4,25.59,0.22,9.09,3
30.25,54,1.03,1007,27.47,81.61,188.99,2.05,15.67,0.18,3.82,3
35.63,27,2.86,1006,27.61,75.03,240.85,2.51,26.15,0.39,7.75,3
-0.17,93,1.03,1026,1.14,1.59,129.87,1.71,57.15,0.07,1.37,1
4.11,93,2.57,1025,0.54,0.73,124.74,0.67,71.08,0.08,1.54,2
5.21,81,2.06,1024,1.03,1.46,132.62,1.41,66.16,0.28,0.51,2
25.98,50,1.54,1008,40.97,139.37,277.7,9.07,75.28,16.96,0.49,4
25.97,50,1.54,1008,42.71,153.74,272.8,10.81,71.0,17.84,0.53,4
25.79,53,4.1,1008,45.71,163.69,269.33,8.99,77.05,19.38,0.38,4
21.17,88,1.84,1015,2.22,3.1,127.46,0.53,7.76,0.05,0.32,1
14.84,95,0.98,1016,3.19,4.69,164.02,1.63,21.92,0.28,3.61,1
14.02,99,0.71,1016,10.16,15.92,352.62,4.1,16.16,0.92,9.25,2
28.99,84,5.14,1009,0.64,2.26,95.41,0.06,14.28,0.08,0.04,1
28.92,84,5.14,1009,0.62,2.36,95.01,0.06,14.4,0.08,0.03,1
28.9,86,3.18,1009,0.69,2.6,94.88,0.06,14.34,0.09,0.04,1
26.03,89,2.57,1009,0.5,0.5,72.56,0.23,3.79,0.08,0.57,1
25.99,89,2.57,1009,0.5,0.5,72.56,0.23,3.79,0.08,0.57,1
26.0,89,2.57,1009,0.5,0.5,61.56,0.14,2.95,0.05,0.44,1
9.99,71,0.0,1019,0.85,1.35,53.45,1.08,50.86,0.14,0.23,1
26.01,83,6.17,1009,0.58,0.76,84.01,0.66,6.56,0.06,0.36,1
18.84,39,3.09,1013,0.97,1.62,63.88,1.79,55.77,0.42,0.44,1
23.31,85,2.06,1019,4.37,8.17,142.53,3.33,29.74,0.81,0.14,1
24.95,92,1.54,1017,2.43,9.2,87.89,0.11,48.28,0.06,0.0,1
22.44,60,2.57,1021,4.96,7.12,114.99,4.51,42.22,0.94,0.45,1
26.99,69,4.12,1013,2.11,8.53,105.22,0.07,53.93,0.09,0.0,1
26.96,65,3.09,1012,2.39,7.03,107.73,0.28,61.97,0.25,0.08,2
26.97,65,3.09,1012,2.39,7.03,107.73,0.28,61.97,0.25,0.08,2
6.96,97,0.41,1012,24.45,25.37,571.95,9.21,29.65,1.16,3.37,2
19.8,92,1.4,1008,11.0,12.45,371.54,9.01,16.18,1.69,6.02,2
15.73,98,0.92,1010,17.22,18.49,475.92,8.09,22.04,1.29,4.49,2
11.95,100,1.03,1016,3.86,7.52,126.29,3.37,18.89,0.31,0.09,1
19.94,54,1.8,1015,2.92,3.93,88.82,0.98,18.43,0.05,0.05,1
11.86,100,1.03,1016,3.86,7.52,126.29,3.37,18.89,0.31,0.09,1
8.64,77,2.69,1024,2.34,3.21,128.58,4.52,41.87,0.17,32.99,1
1.99,93,3.0,1025,1.95,2.54,132.94,1.96,44.09,0.14,8.81,1
8.07,83,3.35,1025,4.58,5.48,134.23,3.55,47.68,0.49,7.71,1
29.45,1,3.09,1006,5.33,9.6,124.95,0.32,39.42,0.2,0.31,1
28.62,82,9.7,1007,3.69,9.01,110.71,0.24,35.29,0.15,0.22,1
28.94,69,4.86,1007,5.1,7.85,126.29,0.51,46.96,0.23,0.73,1
8.14,60,5.14,1012,5.77,6.27,166.44,11.28,67.18,2.83,4.09,2
10.41,40,5.14,1011,0.5,0.5,134.1,1.56,68.34,0.06,0.69,2
20.53,24,4.63,1012,0.94,1.26,100.19,0.16,97.41,0.08,0.62,2
25.2,83,2.06,1011,4.27,6.17,158.0,0.78,3.5,0.17,0.59,1
13.63,84,1.14,1016,6.35,9.0,152.64,0.63,16.34,0.91,0.16,1
21.13,93,0.72,1012,2.05,2.37,100.39,0.24,5.18,0.03,0.12,1
23.16,77,1.71,1009,1.31,3.12,88.75,0.02,3.76,0.0,0.06,1
22.86,78,1.73,1009,1.31,3.12,88.75,0.02,3.76,0.0,0.06,1
23.05,75,1.72,1009,1.41,3.32,89.71,0.03,3.67,0.0,0.08,1
25.2,83,2.06,1011,4.27,6.17,158.0,0.78,3.5,0.17,0.59,1
24.64,94,2.42,1011,10.69,29.14,80.69,0.2,34.23,0.15,0.0,2
23.04,98,1.15,1012,14.12,29.53,117.94,1.16,25.84,0.37,0.28,2
9.27,72,0.0,1024,22.95,23.84,159.62,2.11,125.09,1.68,35.58,3
13.19,82,0.51,1024,6.23,7.62,127.4,1.83,58.41,0.33,3.47,1
11.67,59,0.45,1023,9.08,9.94,143.23,6.5,52.37,0.72,15.84,1
28.72,84,3.6,1010,0.65,2.51,96.33,0.13,14.22,0.12,0.01,1
28.31,84,3.6,1010,0.65,2.41,97.85,0.13,14.8,0.11,0.01,1
25.39,81,3.46,1010,6.05,9.15,173.18,1.23,15.02,0.22,0.4,1
16.62,72,0.77,1019,10.63,15.91,178.59,5.16,48.27,0.35,1.55,2
15.98,61,0.55,1019,12.24,17.44,229.3,8.57,39.94,0.61,2.77,2
16.52,77,1.1,1019,10.63,15.91,178.59,5.16,48.27,0.35,1.55,2
27.95,94,1.03,1009,0.79,1.48,104.09,0.02,16.62,0.05,0.07,1
21.74,88,1.54,1011,0.87,1.05,94.02,0.5,6.15,0.07,0.04,1
19.33,87,0.49,1013,6.5,10.65,189.52,1.14,3.23,0.13,0.23,1
17.92,59,4.0,1011,63.51,72.78,288.54,14.33,88.68,14.9,3.11,4
14.94,27,1.9,1008,88.59,99.28,351.67,16.44,75.81,11.77,21.85,5
25.09,85,3.5,1012,8.89,15.61,202.14,0.74,90.19,0.51,0.0,2
17.73,59,2.57,1015,1.01,1.49,142.79,3.92,10.64,0.29,1.88,1
27.03,61,3.6,1010,4.77,5.27,123.4,2.84,16.49,1.32,2.03,1
23.99,64,3.09,1012,5.94,6.39,138.23,3.13,8.74,4.23,1.65,1
21.72,87,2.57,1013,2.33,2.69,108.55,0.5,36.17,0.21,0.0,1
27.93,78,1.03,1008,2.34,2.58,130.85,2.0,37.22,0.25,4.39,1
23.63,84,2.68,1012,3.03,3.44,108.63,0.55,39.22,0.25,0.0,1
29.24,65,4.12,1011,3.81,6.62,109.78,0.17,51.58,0.29,0.12,1
28.16,74,2.06,1013,9.88,13.35,145.85,0.4,69.56,0.32,0.32,2
30.19,54,5.66,1012,11.77,15.45,107.36,0.17,57.21,1.03,0.0,2
22.27,68,5.66,1016,5.53,25.25,100.06,0.23,65.87,0.38,0.0,2
21.75,78,10.29,1017,4.4,20.82,99.49,0.16,62.38,0.31,0.0,2
21.02,88,6.17,1017,4.91,21.85,98.81,0.2,66.6,0.38,0.0,2
27.53,76,7.2,1010,6.92,15.15,139.59,1.91,51.98,1.04,0.71,1
27.61,76,7.2,1010,6.92,15.15,139.59,1.91,51.98,1.04,0.71,1
11.76,94,0.0,1011,9.11,15.51,113.38,0.2,105.76,0.67,0.28,3
17.96,82,3.09,1011,9.51,16.56,113.66,0.13,103.93,0.56,0.2,3
17.03,83,1.03,1011,8.24,14.88,111.41,0.28,104.02,0.57,0.25,3
9.17,66,2.06,1026,9.19,10.84,139.05,4.67,54.43,0.83,23.26,1
8.12,69,0.51,1026,4.54,5.47,148.5,7.15,52.69,0.92,10.27,1
8.04,82,1.26,1026,5.6,7.12,138.04,4.13,60.94,0.74,13.49,2
12.61,68,1.82,1025,9.52,10.58,139.5,6.02,62.76,1.15,24.38,2
13.16,59,2.24,1023,5.4,6.3,131.84,3.94,83.61,1.46,21.51,2
6.11,74,2.46,1025,11.72,12.17,144.79,4.15,104.56,0.55,71.02,3
29.13,74,1.67,1008,17.5,38.56,135.66,0.64,33.63,0.09,2.38,2
25.33,71,2.4,1009,16.67,31.29,272.27,2.43,25.62,0.21,4.85,2
28.13,62,2.83,1008,15.63,34.29,198.49,1.33,35.34,0.21,4.02,2
9.15,75,2.06,1023,11.22,11.85,131.61,8.22,66.95,1.41,11.97,2
12.14,72,3.33,1021,11.41,12.1,139.05,4.69,83.5,1.14,26.27,2
9.86,76,4.43,1022,6.17,7.11,137.87,5.73,85.71,2.33,28.92,2
25.01,74,3.35,1015,2.03,8.61,99.78,1.51,58.03,1.15,0.02,1
26.84,81,5.14,1013,1.77,8.53,91.9,0.13,43.79,0.17,0.0,1
28.76,74,5.14,1014,11.07,13.64,148.45,3.85,52.72,1.81,13.51,2
28.71,74,5.14,1013,1.77,8.53,91.9,0.13,43.79,0.17,0.0,1
14.37,100,1.03,1021,4.85,6.36,140.33,9.88,43.44,0.39,0.66,1
17.93,94,2.57,1019,7.46,12.31,123.66,5.6,62.0,0.38,0.5,2
13.26,97,1.75,1022,4.26,8.07,130.39,5.34,54.72,0.21,0.23,1
13.53,77,1.1,1015,3.82,5.25,310.84,11.89,4.79,1.15,2.59,1
30.93,62,3.6,1008,13.17,40.86,85.78,0.6,49.89,0.45,0.0,2
15.95,63,4.63,1018,4.24,6.12,234.85,11.75,16.28,1.18,0.86,1
9.19,71,2.06,1015,4.75,5.46,129.77,1.48,81.04,0.39,0.34,2
10.14,66,3.09,1017,1.98,2.99,118.84,1.83,56.06,0.2,0.5,1
7.05,84,2.35,1016,0.99,1.42,120.57,0.82,72.39,0.12,0.81,2
20.42,56,4.63,1011,21.21,48.34,165.54,10.86,93.38,18.17,13.47,2
15.9,82,2.06,1011,17.76,32.64,131.64,4.81,85.93,16.35,2.29,2
20.42,46,4.45,1011,21.21,48.34,165.54,10.86,93.38,18.17,13.47,2
17.98,82,6.17,1019,9.18,58.29,105.66,0.18,83.7,0.4,0.11,3
19.01,88,8.23,1018,10.06,40.4,101.32,0.35,79.69,0.55,0.0,2
18.18,82,8.05,1019,4.87,23.04,102.17,0.24,82.97,0.52,0.0,2
17.41,53,1.47,1013,18.43,32.52,261.95,3.9,32.77,0.43,16.62,2
22.57,54,2.94,1011,13.59,36.33,139.2,1.31,45.3,0.27,7.58,2
29.74,20,2.23,1007,11.82,37.63,104.23,0.51,67.11,0.23,1.04,2
16.97,72,4.92,1019,1.61,3.12,100.53,1.05,67.71,0.11,13.73,2
17.23,68,3.09,1024,18.39,21.96,120.17,0.8,92.93,0.88,0.0,2
17.92,89,2.06,1022,6.74,12.51,131.59,3.6,72.09,0.26,2.15,2
15.49,63,1.03,1015,31.28,46.09,687.38,6.91,24.47,0.97,30.16,3
18.99,75,1.97,1013,1.7,4.44,92.5,0.74,11.85,0.04,2.6,1
19.92,41,0.52,1012,24.85,47.83,349.71,4.67,27.51,0.54,11.73,2
5.68,83,5.81,1013,4.82,5.56,130.65,1.75,74.8,0.47,0.4,2
5.42,86,1.34,1013,4.55,5.27,129.77,2.23,76.86,0.65,0.36,2
8.81,63,1.34,1013,6.11,7.42,134.78,2.42,70.02,0.52,1.02,2
27.94,83,5.14,1012,1.73,5.13,63.41,0.01,44.34,0.06,0.0,1
27.99,83,5.14,1012,1.73,5.13,63.41,0.01,44.34,0.06,0.0,1
29.83,66,2.57,1011,1.87,5.4,63.2,0.02,43.02,0.07,0.0,1
15.99,90,1.54,1020,1.85,2.34,114.18,2.79,26.96,0.05,2.52,1
14.39,71,0.86,1025,6.12,11.42,142.78,0.48,136.58,1.28,1.59,3
16.38,49,5.14,1023,5.83,8.16,131.59,1.08,98.6,0.43,4.01,2
28.01,83,4.12,1010,4.63,7.42,88.39,0.12,22.33,0.12,0.02,1
26.98,89,3.6,1010,5.83,12.14,84.17,0.05,24.77,0.16,0.0,1
22.27,94,1.06,1011,2.59,2.78,94.08,0.11,4.22,0.0,0.03,1
15.0,73,4.02,1019,15.54,18.96,150.47,17.12,105.71,9.2,0.22,3
11.13,89,1.83,1019,5.83,7.89,152.15,8.24,62.89,0.98,4.0,2
10.12,89,1.03,1015,5.3,7.43,144.56,5.15,91.52,1.49,1.52,2
13.08,82,2.06,1014,2.25,2.58,100.06,2.99,68.8,0.16,20.21,2
10.99,93,0.51,1017,2.57,2.83,100.92,2.89,71.5,0.43,22.76,2
9.33,96,2.35,1016,6.85,7.3,132.54,6.44,73.73,0.68,18.53,2
26.99,83,2.06,1012,0.66,0.67,98.33,0.08,5.58,0.02,0.01,1
26.99,83,2.06,1012,0.66,0.67,98.33,0.08,5.58,0.02,0.01,1
23.64,97,0.97,1012,0.57,0.58,95.95,0.07,5.31,0.02,0.01,1
11.61,87,1.03,1021,14.04,17.91,136.88,3.16,55.88,0.65,5.67,2
24.25,90,2.53,1010,1.19,2.36,111.71,0.67,10.61,0.1,0.08,1
29.23,84,3.6,1009,0.63,2.12,100.27,0.16,15.54,0.19,0.03,1
33.58,39,3.73,1006,17.41,28.41,227.4,2.53,29.35,0.31,1.08,2
18.33,86,5.66,1019,7.26,11.6,108.63,3.31,81.28,1.56,0.42,2
24.08,60,4.63,1010,27.87,92.68,122.62,1.96,74.07,1.84,0.19,3
24.02,60,4.63,1010,26.89,90.81,118.86,1.86,76.22,1.78,0.12,3
24.01,60,4.63,1010,27.87,92.68,122.62,1.96,74.07,1.84,0.19,3
27.04,74,2.06,1011,15.24,45.33,123.47,0.9,93.59,1.04,0.0,2
27.05,74,2.06,1011,15.24,45.33,123.47,0.9,93.59,1.04,0.0,2
24.48,78,2.6,1012,4.48,5.72,131.15,0.65,15.2,0.14,0.24,1
25.82,73,2.06,1015,1.82,9.04,97.83,0.39,61.44,0.41,0.01,2
25.94,73,2.06,1015,1.82,9.04,97.83,0.39,61.44,0.41,0.01,2
26.02,73,2.06,1015,1.82,9.04,97.83,0.39,61.44,0.41,0.01,2
26.92,100,2.57,1010,1.99,2.94,95.62,0.16,22.48,0.1,0.05,1
25.95,100,1.54,1010,1.17,2.58,102.67,0.03,17.31,0.07,0.05,1
21.35,99,0.88,1011,1.85,2.09,84.72,0.14,3.49,0.04,0.07,1
11.75,72,7.72,1018,0.86,1.94,129.16,0.84,98.52,0.76,0.17,2
9.32,83,3.09,1023,0.91,1.31,126.15,1.26,56.09,0.62,2.5,1
12.7,76,8.82,1018,0.64,1.34,127.17,0.44,98.55,0.82,0.08,2
20.6,90,8.94,1010,7.24,9.59,121.56,0.25,44.83,0.72,0.58,1
21.36,89,8.94,1011,6.98,9.15,116.51,0.21,46.24,0.48,0.29,1
18.28,82,8.94,1011,6.45,8.65,118.51,0.22,44.16,0.62,0.39,1
29.11,71,8.23,1011,2.44,6.47,98.96,0.04,39.16,0.08,0.0,1
28.94,71,8.23,1011,2.44,6.47,98.96,0.04,39.16,0.08,0.0,1
29.57,71,8.23,1011,2.32,6.33,99.77,0.04,37.86,0.08,0.0,1
25.06,78,3.09,1010,25.72,107.2,139.19,0.74,90.28,1.38,0.06,4
28.6,44,2.72,1010,25.32,104.82,147.35,0.44,66.32,0.28,0.48,4
27.54,48,2.88,1010,25.75,105.47,142.92,0.51,76.13,0.54,0.22,4
27.99,83,5.14,1011,1.12,1.36,116.8,0.72,9.46,0.19,0.03,1
23.5,94,1.4,1012,0.61,0.62,104.2,0.29,6.38,0.01,0.02,1
24.2,92,1.27,1012,0.82,0.87,112.81,0.28,7.89,0.06,0.1,1
24.19,82,7.6,1012,8.97,15.79,200.26,0.82,89.31,0.56,0.0,2
24.37,82,7.6,1012,8.97,15.79,200.26,0.82,89.31,0.56,0.0,2
25.06,82,7.72,1012,8.54,15.73,194.18,0.87,86.5,0.6,0.04,2
28.03,58,3.6,1011,24.37,25.79,148.56,0.74,60.58,3.59,1.37,2
31.69,58,8.23,1007,11.78,13.06,200.78,2.94,40.13,1.12,2.35,2
29.9,74,4.12,1007,3.22,4.04,134.75,1.39,48.07,0.58,1.64,1
12.16,59,2.06,1026,6.06,6.82,131.35,2.93,61.6,0.35,3.81,2
14.06,33,3.6,1024,1.39,2.14,124.97,0.44,116.61,1.52,1.56,3
14.51,41,3.6,1026,6.36,8.02,136.71,1.77,121.14,2.04,3.1,3
29.93,70,2.06,1013,3.0,10.89,96.37,0.2,51.71,0.27,0.0,1
29.43,70,2.06,1013,3.0,10.89,96.37,0.2,51.71,0.27,0.0,1
26.89,83,7.59,1013,16.87,21.34,201.51,0.77,86.04,0.64,3.25,2
11.39,53,1.79,1025,6.92,9.17,140.78,3.58,52.77,0.46,15.63,1
10.88,50,2.57,1025,3.42,5.19,142.42,2.97,50.24,0.2,16.65,1
10.03,61,2.24,1025,4.35,6.42,143.04,6.7,53.67,0.39,12.28,1
26.11,90,0.45,1010,2.97,5.49,94.11,0.74,32.82,0.29,1.03,1
25.57,95,1.03,1010,2.16,3.35,98.68,0.75,36.25,0.19,0.93,1
24.75,100,0.0,1010,2.97,5.49,94.11,0.74,32.82,0.29,1.03,1
11.46,82,4.63,1017,2.5,5.56,124.96,0.46,111.66,0.46,1.41,3
11.87,100,4.12,1017,1.71,2.92,131.71,0.44,119.37,0.44,0.15,3
10.97,95,2.55,1017,1.28,1.85,132.65,0.48,107.9,0.28,1.38,3
10.95,68,2.18,1013,13.3,38.66,112.27,1.98,81.12,0.85,13.26,2
14.89,80,1.03,1012,17.2,47.2,123.7,7.79,65.45,1.44,33.53,2
15.99,78,0.45,1013,8.06,15.94,115.85,1.89,94.4,2.99,2.96,2
9.88,93,3.09,1017,2.48,5.35,133.38,1.07,118.4,0.9,0.5,3
29.01,79,2.57,1007,26.11,67.72,104.39,0.07,53.96,0.17,0.0,3
26.03,69,3.09,1001,84.46,113.26,492.71,4.52,101.37,5.64,56.22,5
21.86,82,8.05,1010,43.55,51.6,472.78,11.44,35.04,2.31,10.82,3
23.95,53,5.14,1010,26.86,91.49,244.66,7.1,99.06,6.78,1.24,3
16.79,83,3.58,1012,15.05,58.74,129.22,1.22,96.15,1.37,1.43,3
15.85,88,5.14,1012,21.63,52.5,199.1,5.86,90.84,11.28,1.34,3
17.62,25,2.06,1013,7.51,10.89,202.54,10.62,69.51,2.64,5.21,2
12.08,82,2.06,1017,17.06,85.01,135.48,2.71,64.58,0.44,4.77,3
8.77,22,2.61,1011,15.5,21.11,187.21,8.41,84.62,1.5,14.88,2
0.81,55,5.14,1021,0.5,0.67,139.46,0.07,101.93,0.22,0.0,3
0.84,55,5.14,1021,0.5,0.67,139.46,0.07,101.93,0.22,0.0,3
0.93,55,5.14,1021,0.5,0.67,139.46,0.07,101.93,0.22,0.0,3
12.41,38,3.09,1024,1.86,3.2,125.66,0.31,126.35,0.53,1.71,3
12.8,64,1.03,1026,16.51,18.36,185.24,7.31,86.52,1.52,28.2,2
13.0,38,1.54,1023,1.65,3.1,129.04,0.51,124.81,0.97,1.74,3
13.25,71,2.06,1020,12.78,16.19,132.41,3.67,45.31,0.5,5.04,2
28.53,79,6.69,1012,3.33,15.19,94.02,0.25,39.06,0.32,0.0,1
27.02,84,6.69,1012,3.39,15.58,94.03,0.23,39.32,0.31,0.0,1
27.19,84,6.69,1012,3.39,15.58,94.03,0.23,39.32,0.31,0.0,1
15.05,29,2.57,1013,10.72,28.56,118.08,3.32,91.47,1.47,8.23,2
15.95,29,2.57,1013,8.81,23.75,122.64,5.12,95.79,2.33,7.51,2
12.67,75,2.3,1013,12.61,28.98,140.35,12.53,75.39,3.93,8.49,2
20.87,43,6.69,1004,2.33,4.13,147.88,1.6,121.44,1.59,0.35,3
20.47,52,6.69,1005,2.67,5.55,148.74,1.67,127.08,1.55,0.34,3
16.69,61,3.6,1012,27.8,33.93,185.48,4.7,115.9,4.06,1.52,3
16.35,95,0.57,1015,0.8,1.09,103.14,0.64,29.22,0.1,0.25,1
15.73,94,1.44,1014,12.42,17.0,505.87,4.09,18.4,0.35,3.47,2
25.23,94,2.57,1012,3.55,5.11,152.57,1.32,21.58,0.28,0.46,1
13.11,59,2.12,1015,5.09,7.55,96.13,1.28,83.93,0.44,4.83,2
14.51,88,0.0,1015,1.47,2.5,74.73,0.32,47.76,0.13,3.78,1
11.61,68,0.45,1015,2.89,6.11,90.99,0.84,57.23,0.13,2.59,1
29.3,62,2.71,1010,31.55,34.46,662.52,11.07,30.49,1.64,2.54,3
28.95,64,2.38,1010,6.65,7.93,224.86,2.7,39.32,0.56,0.76,1
26.58,79,1.31,1010,30.53,31.33,439.87,3.99,9.82,0.45,1.28,3
26.0,94,3.09,1009,0.5,0.5,69.4,0.01,5.57,0.01,0.0,1
26.0,89,1.03,1013,2.23,4.33,75.35,0.1,28.61,0.09,0.02,1
27.75,73,2.88,1012,2.51,5.1,73.7,0.1,31.25,0.11,0.05,1
27.82,75,2.49,1012,2.99,5.86,75.89,0.08,32.21,0.11,0.04,1
17.28,46,2.11,1011,117.65,128.78,332.83,2.18,104.78,1.15,7.57,5
18.99,35,1.65,1009,101.86,109.19,274.59,4.76,77.24,7.7,5.56,5
16.94,47,2.39,1011,113.7,125.12,308.17,0.85,122.54,0.5,0.5,5
15.76,77,3.09,1012,122.33,136.11,306.9,7.28,133.32,1.03,2.66,5
15.95,44,1.54,1013,103.56,117.41,268.29,2.0,157.23,3.28,0.32,5
15.95,77,3.09,1013,121.66,135.45,296.56,1.42,143.6,0.68,0.34,5
26.75,35,2.55,1008,44.77,167.58,137.65,1.31,128.61,6.7,0.0,4
27.11,41,1.34,1008,47.37,177.66,139.95,1.53,129.25,7.88,0.0,4
27.03,41,1.34,1008,47.37,177.66,139.95,1.53,129.25,7.88,0.0,4
29.01,70,5.14,1011,8.82,15.37,145.61,0.32,61.15,0.54,0.02,2
29.01,70,5.14,1011,8.82,15.37,145.61,0.32,61.15,0.54,0.02,2
16.28,55,3.0,1015,8.1,14.18,85.4,1.14,63.67,0.33,4.54,2
16.33,88,5.0,1015,7.34,16.54,128.25,3.59,53.99,0.62,3.51,1
5.05,81,2.0,1021,1.52,2.01,128.77,0.42,53.96,0.04,1.24,1
24.97,78,1.03,1010,38.62,40.38,775.41,6.76,8.54,0.85,3.14,3
26.67,77,1.12,1010,66.76,71.39,1377.32,20.67,18.48,2.31,10.87,4
27.67,79,2.01,1011,23.56,24.52,449.76,2.98,18.85,0.32,1.08,2
15.97,75,2.96,1013,7.34,14.75,115.39,5.22,95.49,1.59,2.63,2
16.69,73,3.56,1013,10.79,18.07,130.92,5.6,79.51,2.92,7.88,2
16.3,67,1.74,1013,8.07,14.76,120.17,4.31,93.96,1.31,4.01,2
27.93,69,3.6,1014,1.56,6.39,94.87,0.42,46.16,0.31,0.01,1
26.96,79,3.6,1014,1.54,6.93,93.92,0.28,46.39,0.22,0.0,1
26.72,91,2.22,1009,0.51,1.84,103.96,0.55,16.42,0.32,0.0,1
26.71,91,0.89,1009,0.51,1.84,103.96,0.55,16.42,0.32,0.0,1
26.64,91,0.89,1009,0.51,1.84,103.96,0.55,16.42,0.32,0.0,1
26.85,85,2.18,1011,0.5,0.99,86.91,0.24,22.75,0.12,0.02,1
23.8,95,1.6,1012,1.0,2.26,99.58,0.67,29.07,0.27,0.36,1
27.27,85,2.62,1011,0.5,1.06,89.67,0.18,25.02,0.08,0.07,1
7.83,81,0.62,1019,2.44,3.77,115.64,2.63,24.62,0.26,0.35,1
7.43,84,1.06,1020,4.99,7.56,164.67,3.7,22.58,0.54,0.74,1
8.34,81,1.44,1019,0.86,1.77,80.54,1.09,34.35,0.07,0.19,1
7.3,80,3.09,1023,3.7,4.31,131.41,5.1,50.4,0.85,4.38,1
8.18,76,3.09,1023,3.71,5.03,131.83,4.37,34.54,0.33,4.85,1
4.01,87,4.57,1022,15.26,16.41,160.77,7.0,79.37,3.16,4.56,2
10.33,56,2.06,1022,5.84,6.9,120.29,2.63,53.16,0.13,5.82,1
8.97,72,1.63,1022,5.88,7.08,115.77,3.09,42.85,0.1,6.15,1
9.83,62,2.06,1022,5.77,6.86,117.58,3.08,47.31,0.11,6.57,1
10.03,62,2.06,1019,4.19,4.93,128.72,1.8,80.46,0.45,2.04,2
7.36,88,3.0,1022,1.98,2.89,123.39,2.88,57.87,0.4,1.82,1
4.95,93,1.03,1021,7.28,7.99,143.23,2.48,87.96,0.88,0.44,2
17.83,85,7.96,1017,8.3,13.81,207.15,3.95,73.74,0.29,0.02,2
18.15,78,7.46,1013,12.08,23.51,142.5,1.46,94.76,0.86,0.09,2
17.93,84,8.63,1014,13.37,29.16,139.69,1.28,71.93,0.12,0.09,2
16.99,82,1.03,1019,4.44,11.47,109.66,2.49,85.05,3.24,0.2,2
12.23,100,0.0,1019,3.58,7.34,108.09,3.28,80.51,3.96,0.14,2
15.08,94,1.54,1018,4.22,6.53,94.62,2.62,49.4,0.24,1.32,1
15.92,63,2.06,1026,7.92,11.25,152.05,0.84,137.59,1.52,2.52,3
9.46,45,2.57,1024,1.86,3.42,142.77,3.78,44.52,0.31,8.44,1
6.82,71,1.79,1024,1.67,2.47,137.37,2.44,54.06,0.37,6.17,1
7.55,73,2.7,1024,2.64,3.02,135.43,1.12,80.24,0.33,2.51,2
12.88,35,4.12,1023,0.95,2.53,128.57,0.33,115.43,1.33,0.77,3
4.49,62,3.32,1024,1.52,3.18,128.22,0.41,116.24,2.44,0.99,3
11.47,37,1.54,1022,1.33,3.45,127.55,0.45,117.4,2.1,0.81,3
15.98,100,1.54,1019,3.81,6.81,138.76,1.33,12.78,0.08,0.28,1
21.28,92,1.2,1017,2.6,4.69,88.55,0.65,20.37,0.12,0.34,1
13.81,96,1.6,1021,2.06,2.74,96.21,0.74,11.58,0.03,0.12,1
30.98,74,1.54,1009,0.5,0.79,93.99,0.01,26.49,0.01,0.0,1
1.9,80,1.03,1025,0.64,0.86,117.85,0.84,95.77,3.0,0.88,2
1.31,75,1.96,1025,0.67,1.0,119.74,1.12,86.12,2.84,1.28,2
3.84,78,1.42,1024,1.93,2.08,119.22,1.64,84.4,5.58,1.13,2
34.3,29,2.06,1009,37.76,121.04,166.3,0.81,23.2,0.13,9.08,4
32.34,33,1.24,1008,23.88,74.17,167.7,1.09,21.32,0.11,3.36,3
33.44,21,3.04,1007,28.07,91.22,168.36,0.72,20.87,0.11,3.29,3
25.98,94,1.03,1010,11.95,14.5,469.51,6.14,18.56,0.73,3.63,2
26.13,72,5.82,1007,2.28,3.74,191.73,2.07,24.88,0.2,1.51,1
24.59,77,2.93,1009,22.16,25.77,748.12,13.48,2.12,1.24,6.06,2
2.07,55,1.0,1021,0.62,1.06,117.65,0.11,65.71,0.28,1.04,2
5.68,58,1.44,1021,0.61,1.64,110.15,0.53,49.74,0.06,3.63,1
9.7,53,0.89,1020,0.79,1.3,116.62,0.37,51.6,0.07,3.86,1
24.85,88,6.69,1012,7.68,15.6,182.02,0.97,80.88,0.69,0.11,2
24.96,88,6.69,1012,7.61,15.42,179.97,0.4,80.99,0.28,0.0,2
24.82,88,6.69,1012,7.61,15.42,179.97,0.4,80.99,0.28,0.0,2
27.08,78,9.77,1012,3.75,16.93,96.25,0.08,45.45,0.15,0.0,1
25.97,78,3.6,1014,1.71,6.3,98.71,0.86,54.43,0.65,0.01,1
25.95,78,3.6,1014,1.65,6.33,98.29,0.77,52.8,0.6,0.02,1
26.03,78,3.6,1014,1.65,6.33,98.29,0.77,52.8,0.6,0.02,1
20.95,73,7.88,1013,26.65,113.2,106.48,0.26,61.8,0.58,0.07,4
19.93,73,8.75,1016,11.49,47.23,100.13,1.21,80.94,1.14,0.0,2
36.12,17,2.59,1009,15.91,55.09,168.26,0.22,30.33,0.05,0.34,3
16.34,72,5.14,1019,5.83,17.51,124.67,0.26,119.57,1.75,0.77,3
16.22,72,5.14,1019,5.83,17.51,124.67,0.26,119.57,1.75,0.77,3
15.99,72,5.14,1019,5.83,17.51,124.67,0.26,119.57,1.75,0.77,3
23.57,92,4.16,1016,2.34,6.13,62.7,0.05,50.94,0.15,0.0,1
21.04,92,0.45,1016,2.4,6.42,62.57,0.05,51.03,0.14,0.0,1
21.99,92,0.45,1015,2.4,6.42,62.57,0.05,51.03,0.14,0.0,1
29.97,84,4.12,1009,0.5,1.21,122.63,0.02,31.81,0.03,0.0,1
18.11,94,2.06,1017,3.15,5.04,91.09,0.36,19.52,0.02,0.08,1
19.34,73,3.6,1016,3.81,9.34,82.52,0.78,27.76,0.24,0.18,1
14.58,97,1.55,1017,2.41,3.86,82.77,0.34,38.57,0.03,0.12,1
27.75,28,5.14,1006,18.11,19.88,163.53,1.81,104.62,1.61,2.41,3
20.49,68,4.63,1012,6.18,23.11,124.51,0.21,105.16,0.61,0.0,3
27.97,28,5.14,1006,18.98,20.95,166.31,1.59,110.05,1.74,1.79,3
24.73,94,1.54,1009,9.47,9.82,261.01,2.1,26.06,0.64,0.22,1
25.52,89,1.03,1009,7.24,7.72,142.31,1.26,15.06,0.63,0.93,1
24.95,94,1.54,1009,9.05,9.43,240.78,1.14,21.94,0.36,0.3,1
21.77,87,5.66,1015,9.69,11.52,157.62,1.36,46.36,0.64,0.09,1
21.97,94,5.66,1015,9.69,11.52,157.62,1.36,46.36,0.64,0.09,1
21.97,94,0.0,1016,2.96,9.48,70.37,0.27,27.4,0.05,0.1,1
28.18,72,2.85,1014,0.91,2.86,62.8,0.03,39.92,0.05,0.0,1
28.32,72,2.34,1014,0.91,2.86,62.8,0.03,39.92,0.05,0.0,1
28.11,72,1.67,1014,0.94,2.97,62.87,0.03,39.74,0.05,0.0,1
34.16,15,1.54,1007,62.59,215.36,188.74,0.99,43.08,0.29,7.4,5
29.55,10,4.11,1008,52.65,146.12,393.58,3.43,60.62,1.59,19.97,4
28.6,12,3.73,1008,57.52,173.58,635.22,9.42,39.53,2.73,40.57,4
28.4,82,5.58,1009,0.74,2.74,94.41,0.06,14.22,0.09,0.03,1
28.76,11,3.36,1008,66.91,152.04,796.42,10.27,48.24,3.07,27.19,4
25.86,86,2.17,1010,1.73,6.52,129.63,0.78,13.88,0.4,0.82,1
30.3,64,5.14,1007,4.63,6.06,99.14,0.2,40.29,5.11,0.13,1
29.88,63,2.63,1007,12.22,14.98,108.8,0.26,45.28,5.87,0.0,2
29.53,66,4.92,1007,6.58,8.18,105.09,0.35,43.59,3.12,0.06,1
12.03,70,1.03,1020,7.59,8.97,153.38,7.88,82.78,1.54,24.12,2
13.48,57,1.34,1020,7.77,9.06,171.2,19.14,74.71,3.4,26.1,2
13.02,65,0.89,1019,8.36,10.04,157.52,7.83,85.69,1.65,28.59,2
9.65,66,2.88,1015,15.62,17.7,140.91,2.54,115.69,2.3,1.57,3
8.27,76,3.6,1016,20.82,25.91,144.19,1.67,118.79,2.39,1.3,3
9.11,73,1.84,1011,1.45,1.61,113.49,0.21,103.97,0.32,1.19,3
15.25,100,1.03,1007,45.37,50.92,595.71,9.31,52.38,5.57,6.69,3
16.5,78,0.84,1008,42.29,49.05,610.43,7.04,53.8,2.91,9.77,3
19.83,83,1.16,1006,57.59,63.74,632.24,9.59,53.74,5.81,9.14,4
17.56,63,2.68,1034,2.98,6.63,63.57,0.26,59.66,2.92,0.0,1
13.2,74,4.12,1032,2.54,5.23,80.87,1.82,32.66,0.37,0.23,1
13.94,75,9.26,1033,1.95,3.26,87.12,1.56,32.67,0.22,0.24,1
33.99,20,2.57,1006,37.42,108.41,116.78,1.96,59.88,1.41,0.36,4
34.05,20,2.57,1006,34.66,102.53,115.14,2.52,64.65,1.73,0.51,4
34.0,20,2.57,1006,34.37,97.59,112.92,1.96,57.8,1.28,0.39,3
26.64,95,5.14,1007,0.8,1.06,136.68,1.58,31.54,0.23,1.17,1
26.17,94,5.14,1008,0.95,1.31,150.38,2.1,30.84,0.42,1.27,1
26.4,94,5.14,1008,0.95,1.31,150.38,2.1,30.84,0.42,1.27,1
23.28,74,5.14,1011,6.97,18.58,69.59,0.04,58.41,0.41,0.0,1
21.1,78,5.14,1011,6.97,18.58,69.59,0.04,58.41,0.41,0.0,1
16.12,51,1.03,1015,17.23,28.7,81.83,0.66,70.99,1.33,0.0,2
30.9,62,7.6,1011,1.3,4.1,59.97,0.06,32.31,0.08,0.0,1
30.96,62,7.6,1011,1.35,4.61,59.73,0.05,31.31,0.08,0.0,1
30.8,62,7.6,1011,1.19,3.99,59.62,0.03,30.91,0.06,0.0,1
27.53,80,2.09,1010,2.59,8.9,63.89,0.05,19.61,0.11,0.0,1
28.41,61,0.1,1011,0.99,1.34,35.31,0.02,2.08,0.02,0.02,1
28.92,73,4.38,1009,1.52,2.62,63.26,0.05,17.11,2.95,0.0,1
31.05,64,1.79,1011,5.87,10.63,160.17,5.57,42.16,3.72,3.51,1
27.05,94,3.09,1010,16.02,17.28,539.42,13.08,11.76,1.8,41.58,2
31.17,66,1.54,1011,5.68,10.38,138.23,4.37,46.88,3.58,2.4,1
25.99,61,4.12,1000,42.41,56.05,501.91,6.73,69.28,4.61,62.89,3
30.09,54,3.09,1002,39.62,96.13,113.79,0.11,99.09,1.11,0.0,3
24.08,57,4.12,1002,24.67,51.35,325.2,8.45,50.02,1.07,115.43,3
10.2,78,1.92,1025,5.31,7.81,144.38,6.2,38.77,1.18,21.36,1
7.55,79,0.51,1025,22.17,24.63,163.32,6.88,50.99,3.45,24.35,2
7.22,82,1.03,1026,5.44,7.11,131.85,4.5,50.67,0.86,19.92,1
26.97,84,6.17,1014,2.06,8.09,98.69,0.28,46.75,0.25,0.0,1
26.09,90,5.14,1015,2.07,7.54,99.85,0.32,47.39,0.25,0.0,1
26.53,83,6.17,1014,2.13,7.69,100.01,0.34,46.75,0.26,0.0,1
16.26,73,1.66,1013,14.85,45.3,112.24,2.37,75.38,1.22,11.1,2
16.35,73,1.89,1013,13.11,39.66,108.37,1.47,76.9,1.1,5.67,2
16.18,73,1.65,1013,14.85,45.3,112.24,2.37,75.38,1.22,11.1,2
15.78,83,2.57,1019,1.22,3.27,107.97,1.12,97.2,0.95,0.0,2
13.73,88,1.54,1018,1.3,2.63,108.33,3.1,88.68,1.85,1.28,2
13.97,76,0.95,1019,1.5,3.08,109.52,2.34,95.11,1.76,0.26,2
29.12,76,1.54,1010,1.42,1.61,104.8,1.4,18.78,0.21,0.14,1
26.33,78,2.57,1012,14.2,14.89,216.25,2.58,43.55,0.23,0.36,2
28.61,75,1.54,1010,1.71,1.98,110.11,1.67,20.2,0.29,0.17,1
26.95,39,4.12,1008,47.7,159.47,262.39,5.0,98.82,8.75,0.46,4
26.89,39,4.12,1008,47.7,159.47,262.39,5.0,98.82,8.75,0.46,4
27.03,39,3.09,1008,46.61,150.96,267.75,4.88,99.02,8.2,0.47,4
24.81,73,5.66,1016,1.85,5.86,62.52,0.05,52.44,0.14,0.0,1
20.91,80,0.05,1017,1.93,6.11,61.99,0.05,51.99,0.14,0.0,1
22.82,78,3.09,1016,2.21,7.95,61.91,0.04,51.92,0.16,0.0,1
8.93,56,3.09,1024,1.89,3.31,135.98,2.62,51.83,0.17,3.08,1
8.32,67,3.09,1024,1.81,2.56,136.95,1.97,58.65,0.23,4.13,1
3.8,75,4.13,1024,0.93,1.36,136.65,1.28,83.51,0.78,1.08,2
6.89,66,1.54,1025,3.86,5.07,129.54,2.92,63.58,0.72,3.28,2
7.99,76,0.51,1025,1.32,2.37,135.65,2.48,65.06,0.41,2.68,2
9.23,50,1.41,1025,3.95,5.43,122.53,2.65,50.9,0.32,8.19,1
3.73,68,2.43,1022,0.59,0.72,137.59,1.69,62.36,0.17,0.37,2
7.04,76,2.55,1014,1.52,1.9,112.68,0.83,43.74,0.05,0.15,1
13.87,30,5.0,1007,1.94,3.21,134.23,0.67,74.08,0.24,1.97,2
17.07,100,1.54,1016,27.72,42.92,597.22,3.04,2.05,0.34,0.98,3
16.85,97,0.85,1017,19.32,26.77,456.11,2.9,12.26,0.84,3.05,2
13.66,99,0.37,1016,18.86,28.4,446.67,3.08,9.12,0.6,2.37,2
24.0,30,3.56,1008,14.45,32.81,102.46,3.33,102.73,4.64,0.03,3
26.37,26,5.47,1009,44.16,165.28,112.91,0.36,113.87,4.58,0.0,4
25.47,23,2.3,1009,24.62,55.73,136.16,12.0,83.25,51.29,0.0,3
30.46,65,3.78,1010,1.02,2.73,63.25,0.02,23.61,0.06,0.0,1
30.5,63,3.23,1010,1.02,2.73,63.25,0.02,23.61,0.06,0.0,1
30.08,65,4.2,1010,0.98,2.63,62.82,0.02,23.29,0.06,0.0,1
28.0,83,2.06,1009,0.5,1.07,62.51,0.02,18.65,0.03,0.0,1
29.5,10,3.61,1008,22.5,100.57,100.63,0.22,67.97,0.2,0.82,4
29.48,10,3.59,1008,21.88,96.43,100.77,0.19,69.13,0.2,0.77,3
29.55,10,3.58,1008,21.88,96.43,100.77,0.19,69.13,0.2,0.77,3
14.01,46,2.24,1016,2.94,3.3,127.18,0.76,112.86,0.95,3.59,3
8.49,76,3.6,1021,10.15,10.78,141.78,2.99,92.64,0.83,5.44,2
9.93,75,3.2,1023,11.3,11.93,130.97,9.48,57.13,1.56,11.92,2
25.97,89,1.03,1009,6.46,6.92,135.46,1.18,10.68,0.52,0.97,1
25.97,89,1.03,1009,6.46,6.92,135.46,1.18,10.68,0.52,0.97,1
26.0,89,1.03,1009,6.46,6.92,135.46,1.18,10.68,0.52,0.97,1
5.43,87,1.54,1028,8.58,9.86,148.17,5.44,62.79,0.81,7.03,2
8.04,76,0.0,1026,6.22,7.57,127.68,4.4,43.7,0.17,3.43,1
7.71,78,2.07,1027,5.44,6.52,133.45,4.06,64.35,0.59,2.97,2
11.01,67,0.51,1025,6.22,7.49,149.03,7.0,44.69,0.53,12.95,1
7.82,66,1.03,1025,4.98,6.89,136.44,3.03,51.82,0.76,23.31,1
10.4,69,0.51,1025,6.22,7.49,149.03,7.0,44.69,0.53,12.95,1
25.61,73,3.1,1011,11.34,29.91,109.92,0.81,73.66,0.72,0.0,2
24.94,86,0.51,1012,5.62,11.7,101.43,0.5,49.63,0.34,0.0,1
24.65,88,0.99,1012,3.95,7.29,115.96,0.66,39.51,0.33,0.5,1
21.81,87,5.14,1012,23.89,105.74,100.53,1.27,73.34,1.05,0.0,4
26.32,36,7.32,1010,43.99,180.94,119.89,1.18,67.93,0.75,0.82,4
21.78,87,5.14,1012,25.55,105.22,101.2,1.71,72.51,1.27,0.0,4
26.95,82,5.5,1010,0.6,2.67,62.76,0.02,23.46,0.06,0.0,1
22.28,64,3.28,1011,5.0,9.6,172.06,1.99,11.13,0.16,5.41,1
24.71,58,2.89,1010,1.45,4.26,90.94,0.45,13.25,0.03,1.53,1
25.95,83,0.0,1012,0.73,0.74,105.91,0.62,8.52,0.14,0.01,1
25.96,83,0.0,1012,0.66,0.67,99.84,0.42,6.85,0.08,0.01,1
24.93,69,1.89,1009,5.83,7.76,246.29,0.89,12.1,0.1,0.83,1
28.98,20,1.59,1008,12.58,33.83,113.3,0.73,24.77,0.09,2.19,2
19.06,97,3.21,1012,7.86,9.06,175.78,0.27,2.79,0.04,0.11,1
27.81,80,3.25,1010,3.46,7.16,81.34,0.04,22.93,0.11,0.0,1
27.83,65,5.66,1009,9.55,10.9,112.19,0.12,46.18,0.4,0.0,1
28.94,58,5.66,1009,9.55,10.9,112.19,0.12,46.18,0.4,0.0,1
31.24,61,2.44,1007,19.75,21.38,127.27,0.14,51.89,0.82,0.0,2
14.09,91,4.25,1011,14.44,20.02,118.1,1.58,61.94,2.41,2.28,2
15.63,55,2.18,1012,19.21,31.82,166.27,24.72,43.91,3.76,14.68,2
13.09,84,4.41,1012,23.97,30.36,151.72,6.46,69.75,8.21,38.91,2
16.42,89,1.69,1017,8.24,11.15,164.22,5.35,21.17,1.61,2.22,1
12.67,93,1.69,1018,7.58,9.61,149.48,4.76,23.66,1.22,1.36,1
26.64,82,3.6,1013,1.92,6.79,103.0,0.28,50.39,0.23,0.02,1
30.05,16,3.38,1007,30.38,76.69,326.44,2.88,30.64,1.0,10.4,3
30.1,27,1.81,1007,12.48,36.09,110.15,0.37,18.56,0.04,3.89,2
28.38,13,4.98,1008,13.33,45.07,116.33,0.46,67.45,0.21,1.76,2
29.06,79,3.6,1010,0.56,1.93,98.25,0.14,14.17,0.11,0.07,1
26.31,62,1.08,1009,8.44,13.91,206.3,1.43,18.54,0.25,0.66,1
29.76,49,1.62,1009,13.04,19.18,204.6,1.12,24.51,0.15,0.71,2
28.96,68,2.51,1009,9.76,10.95,232.73,3.2,24.36,0.78,5.69,1
29.47,68,3.61,1009,9.46,10.73,209.86,2.42,25.76,0.6,3.88,1
30.56,99,2.72,1009,11.34,12.99,267.42,3.69,21.85,0.81,5.4,2
14.06,88,2.0,1015,18.03,77.66,162.03,0.98,73.18,0.22,11.43,3
15.53,78,3.72,1015,2.68,3.07,106.09,0.32,74.62,0.27,6.98,2
12.46,92,2.44,1017,2.6,4.55,109.36,0.8,55.86,0.47,22.62,1
27.07,59,0.35,1012,0.77,1.7,95.0,0.83,20.36,0.21,0.28,1
25.95,70,1.57,1012,1.04,2.85,107.52,0.89,23.76,0.35,0.51,1
26.31,75,0.98,1012,0.9,3.16,74.89,0.34,27.74,0.16,0.19,1
11.92,100,1.03,1015,7.66,10.31,180.85,6.0,60.3,0.85,8.46,2
12.99,100,3.09,1016,32.66,166.47,125.84,1.1,42.65,0.05,3.86,4
13.97,72,2.06,1018,20.97,106.65,129.82,0.89,58.6,0.13,8.27,4
15.8,77,3.6,1023,16.86,22.24,142.12,2.28,88.5,2.22,0.05,2
18.08,88,4.12,1020,14.95,27.64,121.88,0.28,111.2,0.71,0.0,3
17.88,63,8.23,1021,28.6,45.16,132.32,0.95,100.47,3.35,0.0,3
27.18,65,4.63,1013,2.15,11.5,65.45,0.02,47.44,0.08,0.0,1
9.2,67,5.14,1021,0.89,1.25,135.05,1.83,97.77,1.98,0.69,2
6.18,75,1.34,1015,0.88,1.02,127.87,1.58,81.18,0.8,1.12,2
7.43,84,2.22,1020,0.74,0.95,124.03,1.35,80.9,0.79,0.76,2
25.71,78,0.45,1012,1.83,7.94,101.32,0.15,28.98,0.06,0.31,1
25.6,78,3.04,1012,1.79,7.5,105.43,0.25,27.71,0.06,0.32,1
25.57,78,3.04,1012,1.79,7.5,105.43,0.25,27.71,0.06,0.32,1
23.08,45,1.79,1013,28.73,33.69,548.9,15.16,13.47,3.99,4.29,3
23.13,46,1.79,1013,28.73,33.69,548.9,15.16,13.47,3.99,4.29,3
23.95,81,0.45,1014,53.17,67.18,352.63,14.34,90.62,24.02,0.01,4
22.62,97,2.54,1013,2.91,3.41,83.68,0.3,8.83,0.02,0.06,1
18.71,80,2.17,1014,4.61,6.91,176.75,1.36,3.92,0.11,0.45,1
18.56,83,3.47,1014,1.35,2.29,83.92,0.38,18.89,0.03,0.16,1
6.76,76,0.45,1026,1.76,2.8,133.66,1.55,52.24,0.16,3.95,1
2.99,67,1.97,1025,0.72,1.25,143.33,1.76,57.5,0.27,1.53,1
7.81,65,3.75,1023,1.17,1.42,134.79,0.47,100.36,1.62,1.55,3
17.39,100,0.74,1014,2.99,4.26,173.56,1.96,19.44,0.1,1.12,1
17.4,100,0.74,1014,2.99,4.26,173.56,1.96,19.44,0.1,1.12,1
17.72,100,0.74,1014,1.9,2.61,172.42,1.58,26.97,0.08,1.12,1
13.62,64,6.17,1011,4.8,5.72,168.99,5.47,105.16,2.0,1.49,3
22.47,63,6.17,1012,8.32,22.22,135.19,0.24,111.25,0.83,0.0,3
12.86,68,9.26,1011,4.74,5.52,165.42,4.36,106.38,1.75,1.13,3
18.21,87,1.54,1011,10.74,13.58,148.57,3.3,46.11,0.73,0.06,2
19.23,97,1.03,1011,11.17,13.92,191.6,3.11,36.26,0.23,0.36,2
18.75,94,2.06,1013,10.8,12.89,166.53,2.43,28.49,0.26,0.41,2
17.18,69,2.99,1014,7.34,21.12,115.35,0.25,86.47,0.05,2.4,2
15.46,70,2.81,1014,1.99,3.01,79.53,0.27,54.08,0.09,5.4,1
16.8,70,2.61,1013,2.43,4.58,92.08,0.32,69.47,0.14,7.38,2
26.93,78,1.54,1013,1.63,8.15,94.95,0.48,45.05,0.34,0.02,1
26.78,78,1.54,1013,1.57,7.92,94.39,0.41,44.96,0.32,0.02,1
28.79,73,1.4,1012,3.62,4.43,158.67,1.71,34.91,0.2,2.02,1
29.3,71,5.16,1007,9.0,13.19,182.8,3.25,37.91,0.43,5.72,1
29.16,75,1.46,1011,9.45,10.01,286.15,1.97,31.98,0.19,2.82,1
26.75,74,4.12,1014,1.29,4.08,98.29,0.24,48.14,0.16,0.0,1
27.85,69,4.12,1014,1.94,6.73,99.33,0.31,48.38,0.27,0.0,1
29.01,79,4.12,1010,13.53,17.96,449.39,9.33,25.94,2.39,5.84,2
24.0,81,0.93,1009,38.94,45.77,441.01,4.6,20.77,1.36,8.24,3
25.99,83,2.06,1009,45.57,57.59,397.43,3.29,88.82,1.47,3.59,3
29.1,74,5.14,1011,5.88,9.44,62.52,0.01,34.09,5.96,0.0,1
30.51,75,3.45,1010,0.53,1.48,65.58,0.02,12.33,0.03,0.03,1
5.65,75,1.03,1024,0.82,1.56,127.15,1.48,67.38,0.13,3.72,2
4.75,72,2.3,1025,0.72,1.47,129.84,1.98,74.52,0.4,4.58,2
3.58,78,2.98,1025,0.97,1.68,128.3,1.47,75.89,0.43,3.23,2
19.76,46,1.46,1014,32.18,57.22,112.24,3.64,54.34,7.66,10.21,3
28.86,68,2.32,1008,24.85,45.23,112.93,0.54,76.65,1.19,0.0,2
23.64,72,1.05,1011,36.71,62.92,116.12,1.74,79.94,3.02,0.0,3
27.89,83,3.09,1012,3.37,6.7,78.68,0.11,35.34,0.13,0.09,1
27.84,83,3.09,1012,3.37,6.7,78.68,0.11,35.34,0.13,0.09,1
27.76,83,3.09,1012,3.37,6.7,78.68,0.11,35.34,0.13,0.09,1
10.53,90,1.13,1018,5.85,8.23,174.25,5.86,17.21,0.65,1.01,1
15.01,74,8.23,1015,3.3,11.39,63.34,0.1,54.17,0.35,0.0,1
16.51,79,2.03,1015,11.05,15.85,211.0,4.23,38.74,1.81,0.22,2
14.14,88,0.51,1017,2.47,3.31,86.9,0.5,29.65,0.09,0.18,1
12.62,79,1.51,1017,3.89,5.38,107.3,0.78,28.91,0.31,0.32,1
12.49,81,1.72,1017,3.49,4.66,93.98,0.61,31.61,0.26,0.26,1
14.9,80,2.0,1018,10.88,14.35,196.39,3.35,20.37,0.9,0.72,2
15.75,63,1.55,1017,13.72,15.66,141.2,3.08,16.85,0.28,0.18,2
13.66,74,1.97,1018,7.57,9.9,156.48,2.45,19.67,0.57,0.5,1
7.8,91,2.51,1019,6.23,12.16,123.02,1.91,91.28,0.44,3.74,2
6.94,86,2.81,1019,6.23,12.16,123.02,1.91,91.28,0.44,3.74,2
28.73,45,2.04,1006,32.91,135.04,175.86,12.0,60.96,3.37,1.11,4
28.64,60,2.71,1006,46.55,205.42,135.87,1.94,82.28,2.13,0.0,5
28.43,47,2.4,1006,31.98,125.69,168.74,9.46,65.17,3.22,1.46,4
12.88,70,0.7,1008,5.42,14.08,189.63,1.71,71.31,0.1,2.31,2
13.54,61,1.62,1014,10.13,37.39,146.0,0.47,77.97,0.05,0.66,2
18.78,62,5.0,1013,3.66,7.25,128.46,0.95,45.05,0.06,0.75,1
26.34,72,8.22,1016,1.51,5.86,99.92,0.92,46.17,0.7,0.06,1
10.43,68,1.83,1019,1.91,2.64,120.52,0.53,112.76,1.65,1.17,3
12.2,70,2.52,1018,2.77,4.1,122.03,0.77,112.46,1.65,1.2,3
12.48,70,1.31,1018,2.85,5.51,121.16,0.73,111.79,1.76,1.22,3
13.58,69,2.02,1013,2.2,2.78,107.88,2.06,72.6,0.38,21.18,2
8.98,90,1.54,1015,1.67,2.12,103.59,3.03,38.82,0.17,13.68,1
8.96,86,0.64,1015,2.64,3.16,107.39,2.17,78.26,0.53,39.79,2
24.18,89,1.9,1011,10.0,25.31,81.98,0.07,41.53,0.17,0.0,2
15.21,87,0.6,1018,20.98,96.35,75.88,0.33,27.16,0.09,0.14,3
14.93,93,0.4,1017,1.71,1.9,93.91,0.91,21.89,0.04,0.07,1
12.51,49,3.1,1027,1.09,3.75,81.13,1.02,38.87,0.06,1.5,1
14.41,35,2.31,1027,4.64,19.25,97.1,1.88,43.98,0.07,0.74,1
10.46,48,1.59,1027,3.55,8.19,168.6,4.07,32.29,0.21,1.43,1
11.12,64,1.53,1018,8.03,9.89,134.69,5.83,57.91,0.74,16.42,1
9.14,74,1.22,1020,11.88,14.78,132.64,7.72,55.42,1.02,24.46,2
10.27,63,1.84,1019,6.7,7.61,123.97,5.8,44.42,0.19,22.06,1
21.56,71,5.78,1022,3.47,5.68,77.73,4.04,46.27,2.69,0.02,1
19.52,73,8.01,1010,1.01,1.6,74.03,1.72,46.87,0.65,0.28,1
22.25,78,2.92,1021,1.23,3.09,63.46,0.26,39.86,0.05,0.02,1
27.54,79,10.52,1010,3.6,10.67,108.32,2.13,44.85,1.78,0.26,1
27.62,79,10.54,1010,3.6,10.67,108.32,2.13,44.85,1.78,0.26,1
27.54,79,10.52,1010,3.6,10.67,108.32,2.13,44.85,1.78,0.26,1
11.22,83,11.99,1017,2.44,5.42,126.12,1.23,82.66,0.38,0.63,2
10.92,87,10.2,1018,2.53,6.29,124.75,1.26,78.72,0.45,1.02,2
13.33,96,2.34,1015,5.29,6.07,108.07,0.96,62.69,0.14,9.98,2
6.86,89,0.27,1022,3.95,4.87,124.81,1.65,64.58,0.88,2.35,2
9.37,79,1.96,1021,5.69,6.67,123.38,2.26,56.01,0.44,6.16,1
7.69,84,1.17,1022,4.59,5.39,126.27,2.25,54.19,0.45,3.2,1
26.45,74,8.06,1015,1.92,9.62,96.91,0.04,37.65,0.1,0.0,1
21.72,89,4.43,1006,9.76,19.78,152.58,2.33,31.39,2.56,1.18,1
22.28,92,7.02,1008,4.96,7.88,107.96,0.06,32.07,1.34,0.18,1
20.71,94,4.2,1006,9.96,18.99,161.07,3.05,27.65,2.57,1.42,1
13.95,90,4.06,1013,3.73,5.41,123.95,2.74,54.75,0.16,17.79,1
13.88,92,2.46,1012,2.9,4.37,128.0,4.05,53.66,0.27,12.45,1
14.24,92,2.68,1012,2.93,3.75,144.09,4.67,58.72,0.35,5.56,1
35.77,19,2.72,1007,22.25,56.03,184.01,1.21,42.51,0.14,4.73,3
28.38,56,4.36,1008,5.14,7.3,181.9,1.11,24.88,0.07,0.81,1
34.81,27,2.73,1007,20.52,44.05,190.58,0.72,38.23,0.13,3.39,2
4.27,88,1.47,1022,0.63,0.89,119.41,1.12,73.09,0.29,3.96,2
5.9,95,2.19,1022,0.53,0.71,124.91,0.99,75.96,0.15,3.59,2
6.44,86,3.67,1021,1.07,1.36,129.42,0.91,84.39,0.5,0.36,2
26.89,53,1.29,1006,46.06,197.86,157.18,6.34,89.13,9.79,0.09,4
26.96,51,1.13,1006,51.07,221.03,150.99,3.4,97.5,7.96,0.03,5
27.09,48,0.85,1006,51.8,231.07,145.15,2.56,96.86,5.8,0.02,5
20.89,85,1.16,1015,2.5,3.23,101.16,0.39,12.31,0.03,0.18,1
14.42,94,1.33,1016,4.59,6.15,149.74,1.4,29.55,0.26,4.2,1
13.89,97,0.89,1016,7.39,11.1,280.5,3.19,27.44,0.8,9.69,1
28.6,79,6.36,1009,1.37,3.62,99.67,0.08,17.11,0.14,0.14,1
28.21,78,4.91,1009,1.44,3.7,98.48,0.09,17.35,0.15,0.17,1
28.13,79,4.34,1009,1.42,3.82,99.82,0.07,17.27,0.14,0.17,1
27.93,92,1.29,1010,0.53,0.59,64.39,0.23,3.39,0.11,0.64,1
27.82,91,1.44,1010,0.53,0.59,64.39,0.23,3.39,0.11,0.64,1
27.6,91,1.65,1010,0.52,0.55,59.6,0.13,3.43,0.06,0.4,1
6.29,75,4.74,1023,1.49,1.85,67.24,0.87,43.09,0.1,0.24,1
22.82,86,4.6,1017,1.72,1.87,90.82,0.26,18.61,0.1,0.08,1
16.59,62,0.83,1021,1.47,1.92,69.62,0.54,37.06,0.13,0.44,1
23.2,68,1.93,1021,13.57,17.48,121.2,2.35,24.77,0.14,0.04,2
25.82,70,0.73,1015,66.69,78.85,335.78,1.33,158.94,2.32,0.0,4
22.46,63,1.54,1020,6.5,7.99,119.8,7.15,35.05,0.36,0.63,1
26.67,84,6.85,1014,2.57,8.39,103.38,0.1,52.22,0.22,0.0,1
29.2,75,9.3,1012,10.09,18.7,118.94,0.6,65.26,1.04,0.0,2
30.13,66,9.63,1011,10.09,18.7,118.94,0.6,65.26,1.04,0.0,2
7.31,97,0.47,1012,18.38,20.84,535.71,9.37,10.69,1.41,6.16,2
20.03,88,0.55,1009,14.73,17.93,423.25,12.23,5.35,1.16,6.79,2
15.9,96,1.25,1010,17.19,20.07,501.87,10.86,5.88,1.28,8.38,2
17.28,57,1.37,1019,4.92,9.19,128.43,3.27,25.59,0.85,0.34,1
20.81,57,3.27,1018,5.77,6.96,93.7,1.32,18.42,0.26,0.04,1
17.13,58,1.32,1019,4.92,9.19,128.43,3.27,25.59,0.85,0.34,1
11.16,71,2.98,1018,3.1,3.64,114.32,1.84,45.04,0.09,4.74,1
8.57,75,5.17,1020,1.38,1.78,128.52,1.08,65.86,1.01,2.45,2
10.85,68,3.31,1018,5.71,7.15,127.53,3.4,61.57,1.36,31.16,2
29.28,80,6.64,1008,10.94,16.89,142.17,0.42,52.99,0.41,0.4,2
28.7,84,10.22,1008,8.11,15.69,124.3,0.37,45.51,0.46,0.27,1
29.12,71,5.07,1007,14.81,18.73,158.17,0.68,65.28,1.57,0.42,2
6.38,47,2.75,1014,0.76,0.9,134.61,2.35,87.77,1.11,2.4,2
7.42,72,2.7,1011,0.5,0.5,129.77,0.42,81.25,0.07,0.28,2
19.82,35,3.32,1012,0.81,1.06,97.76,0.17,91.66,0.07,1.29,2
24.84,81,0.42,1011,4.29,7.07,136.8,0.57,3.02,0.12,0.32,1
14.05,79,1.32,1017,4.75,6.91,134.41,0.56,19.79,1.33,0.18,1
21.5,92,0.86,1012,2.96,4.71,90.91,0.3,5.3,0.05,0.2,1
24.31,68,1.07,1009,2.9,7.03,68.56,0.08,1.72,0.0,0.07,1
23.74,70,0.8,1009,2.9,7.03,68.56,0.08,1.72,0.0,0.07,1
24.14,67,1.25,1009,3.02,7.34,71.31,0.1,2.16,0.01,0.12,1
25.63,77,0.41,1011,4.29,7.07,136.8,0.57,3.02,0.12,0.32,1
24.55,94,2.26,1011,10.43,21.81,90.21,0.34,39.18,0.2,0.0,2
22.79,97,0.91,1012,11.31,19.27,136.69,1.13,29.27,0.32,0.22,2
13.99,77,1.78,1017,12.73,13.51,133.09,1.43,73.47,0.2,9.9,2
14.54,66,2.37,1018,3.55,4.34,112.05,1.02,88.64,0.51,4.13,2
14.62,79,1.44,1017,7.27,8.13,132.19,4.44,56.51,0.55,16.29,1
27.44,85,3.2,1011,0.71,2.29,97.61,0.12,14.62,0.12,0.12,1
26.73,85,2.59,1011,0.71,2.25,97.51,0.13,14.46,0.12,0.15,1
24.04,91,2.69,1012,1.6,3.18,121.17,0.9,8.68,0.14,0.28,1
20.78,37,1.29,1015,12.7,17.13,240.53,7.7,43.5,0.18,3.05,2
19.34,38,0.97,1015,16.89,21.57,265.48,8.97,48.5,0.5,3.93,2
20.15,38,1.15,1015,12.7,17.13,240.53,7.7,43.5,0.18,3.05,2
25.47,90,0.41,1010,2.74,3.67,98.14,0.06,24.47,0.07,0.04,1
20.97,97,1.15,1012,1.62,1.81,89.87,0.74,2.91,0.06,0.06,1
19.0,90,1.3,1014,4.35,6.94,154.58,0.75,3.42,0.09,0.27,1
15.75,92,3.25,1009,43.52,44.69,467.23,28.09,36.42,10.24,0.96,3
13.36,53,1.49,1010,32.21,43.42,289.34,14.28,30.76,7.87,19.33,3
26.33,86,2.21,1011,5.47,9.21,172.2,0.91,59.31,0.64,0.0,1
15.4,87,1.26,1018,6.4,7.02,175.75,6.37,20.2,0.93,6.43,1
20.47,92,1.33,1012,5.54,5.94,124.93,2.37,17.11,2.08,1.74,1
21.78,88,0.71,1014,6.1,6.55,130.57,2.65,12.37,4.25,1.99,1
21.42,90,2.52,1015,1.36,1.89,101.65,0.58,27.61,0.24,0.0,1
27.18,90,1.74,1011,0.9,1.1,108.92,1.44,20.07,0.22,2.19,1
22.97,92,1.78,1013,2.02,2.51,105.6,0.51,31.49,0.22,0.0,1
28.83,65,6.38,1013,6.91,10.04,134.95,0.21,54.46,0.26,0.1,1
24.61,92,1.24,1014,3.62,12.91,97.45,0.3,48.31,0.32,0.14,1
27.5,61,3.45,1013,10.06,14.18,139.2,0.16,62.14,0.19,0.36,2
22.3,81,7.87,1015,6.8,31.33,100.04,0.25,56.68,0.38,0.0,2
21.71,80,8.63,1017,5.72,27.49,102.08,0.19,39.7,0.33,0.0,2
21.24,85,8.38,1016,5.72,26.41,99.0,0.23,46.89,0.4,0.0,2
27.73,75,9.02,1011,4.15,9.39,116.9,1.82,37.85,0.7,0.41,1
27.66,75,8.74,1011,4.15,9.39,116.9,1.82,37.85,0.7,0.41,1
13.17,80,4.75,1008,5.57,7.65,111.84,0.45,111.24,0.91,0.4,3
14.4,79,2.71,1008,5.96,8.01,111.63,0.3,114.03,1.17,0.46,3
15.42,75,0.79,1008,6.79,10.95,112.17,0.62,103.94,1.0,0.41,3
10.58,57,1.66,1018,3.5,4.45,117.16,3.36,51.86,0.84,20.13,1
9.88,67,1.12,1020,6.95,8.04,148.24,7.31,58.38,1.6,11.16,1
9.67,69,1.72,1020,8.88,10.19,127.42,4.23,54.28,0.76,17.44,1
11.67,63,2.94,1015,4.87,5.76,126.52,5.4,66.75,1.57,24.33,2
13.74,89,0.92,1014,4.14,5.91,137.67,7.74,39.15,0.59,27.39,1
10.96,66,1.04,1017,11.68,12.07,129.93,2.36,102.6,0.32,68.22,3
29.0,73,2.83,1009,10.84,27.91,171.76,1.28,23.39,0.07,3.8,2
24.63,71,2.65,1011,10.32,22.12,349.94,2.92,15.27,0.18,5.52,2
27.83,60,3.52,1010,10.02,21.47,255.89,2.22,19.31,0.16,6.53,2
11.51,71,3.73,1012,24.84,26.04,156.49,6.13,100.28,1.56,15.48,3
10.89,89,4.06,1012,34.74,37.28,151.54,2.25,77.63,0.56,7.42,3
10.77,92,3.75,1013,33.52,35.84,148.66,4.36,55.37,0.4,16.67,3
25.19,73,4.77,1016,2.15,10.93,95.8,1.16,54.81,0.9,0.03,1
27.18,80,1.68,1014,2.52,11.37,96.7,0.17,50.98,0.22,0.0,1
28.41,80,5.39,1014,3.09,7.05,103.03,1.32,33.04,0.38,2.6,1
27.16,79,1.24,1015,2.52,11.37,96.7,0.17,50.98,0.22,0.0,1
19.95,58,1.62,1014,4.98,9.59,110.97,1.84,68.43,0.11,0.93,2
17.75,97,1.91,1015,4.69,10.34,114.57,3.31,65.9,0.53,0.65,2
14.87,63,1.97,1020,11.34,53.02,118.64,0.8,91.45,0.16,0.46,3
12.53,77,1.42,1016,4.7,5.99,264.43,9.76,5.81,0.94,2.54,1
24.37,91,2.31,1010,13.09,35.13,91.7,0.61,49.45,0.44,0.0,2
12.95,94,0.55,1018,3.11,3.84,213.4,10.11,11.72,0.94,0.91,1
8.06,73,5.28,1007,7.7,8.18,124.11,0.71,117.94,0.88,1.32,3
11.46,57,3.53,1011,2.2,2.74,118.48,0.94,98.87,0.5,2.67,2
9.03,67,3.72,1009,3.02,3.43,121.32,0.66,102.08,0.41,3.38,3
20.06,61,6.23,1008,15.86,53.05,127.57,5.6,87.72,8.47,11.19,3
18.85,77,4.04,1009,14.3,29.42,117.93,2.68,71.94,2.61,1.0,2
20.31,60,6.54,1008,15.86,53.05,127.57,5.6,87.72,8.47,11.19,3
18.01,73,5.91,1018,16.8,109.97,103.18,0.18,82.22,0.36,0.23,4
18.39,86,8.71,1016,7.44,34.43,101.41,0.33,80.78,0.6,0.0,2
18.5,81,9.09,1017,8.0,41.06,101.69,0.23,86.0,0.57,0.0,2
16.98,55,0.33,1014,12.21,23.62,172.51,2.44,47.3,0.35,12.63,2
23.25,49,2.57,1011,11.9,22.0,136.97,1.2,46.99,0.28,7.9,2
32.42,25,2.27,1006,11.6,29.63,115.33,1.13,41.57,0.25,1.58,2
14.71,82,1.65,1015,1.54,2.36,98.39,0.99,53.71,0.02,12.04,1
17.14,85,2.56,1019,5.4,13.05,122.52,0.63,112.06,1.09,0.92,3
18.65,88,2.74,1017,7.78,11.74,129.58,2.78,55.39,0.12,3.22,1
14.33,83,0.99,1017,24.03,34.79,523.18,4.7,18.47,0.47,15.1,2
17.15,89,3.07,1016,0.9,2.57,88.81,0.72,11.82,0.03,2.6,1
19.8,44,0.63,1013,16.58,30.02,245.22,2.64,38.98,0.46,9.54,2
7.48,77,5.37,1005,7.99,8.51,124.62,0.99,114.99,0.89,1.24,3
6.42,81,3.77,1006,8.44,8.99,125.33,1.35,116.24,1.0,1.1,3
5.84,64,2.26,1005,6.07,6.85,128.89,1.54,107.23,0.93,2.32,3
26.75,77,4.1,1012,2.2,4.69,64.66,0.04,46.17,0.07,0.0,1
27.3,76,4.98,1012,2.2,4.69,64.66,0.04,46.17,0.07,0.0,1
28.89,66,1.64,1011,1.42,3.25,64.03,0.04,46.89,0.08,0.0,1
15.88,74,3.57,1013,3.93,4.08,119.82,1.02,69.24,0.06,1.37,2
13.85,63,5.68,1020,6.01,14.07,125.15,0.22,113.77,0.85,1.05,3
15.99,41,6.01,1018,4.18,6.76,121.17,1.22,97.39,0.71,1.85,2
26.45,90,3.69,1010,9.44,19.48,97.89,0.17,30.12,0.2,0.02,1
26.46,87,6.22,1010,7.4,21.51,93.66,0.07,29.91,0.24,0.0,2
23.81,83,1.26,1011,2.38,2.53,88.34,0.04,3.68,0.0,0.04,1
12.89,88,1.9,1010,5.58,6.24,133.47,22.39,47.44,6.35,0.35,1
11.6,95,3.24,1010,6.16,6.62,125.19,8.07,42.18,0.66,7.47,1
10.56,90,2.93,1014,4.18,5.31,128.75,3.58,82.81,0.64,3.33,2
15.77,78,1.14,1015,1.61,2.03,97.85,2.53,65.47,0.13,21.36,2
10.7,97,1.65,1016,1.63,1.76,100.17,1.93,69.78,0.19,20.95,2
9.36,96,0.86,1016,5.4,5.75,121.53,5.55,67.14,0.65,22.0,2
26.07,87,4.84,1013,0.94,1.12,106.67,0.07,8.57,0.02,0.01,1
24.01,94,2.34,1013,0.94,1.12,106.67,0.07,8.57,0.02,0.01,1
23.93,94,1.1,1013,0.71,0.82,105.36,0.07,8.98,0.03,0.01,1
12.38,92,3.76,1011,4.99,6.0,121.25,1.7,49.82,0.22,6.02,1
24.33,91,2.62,1011,1.2,2.36,111.29,0.77,7.26,0.09,0.1,1
28.18,79,4.65,1010,1.08,2.55,94.98,0.17,17.8,0.2,0.11,1
31.47,49,5.96,1008,2.75,5.78,160.59,1.36,24.02,0.29,0.83,1
16.09,91,1.2,1017,4.72,9.79,108.93,2.28,84.69,1.25,0.37,2
20.3,84,5.2,1009,46.86,121.07,136.02,1.91,72.77,1.19,0.18,4
22.14,72,4.1,1010,43.84,118.93,133.76,2.01,73.88,1.11,0.11,4
20.39,83,5.11,1009,46.86,121.07,136.02,1.91,72.77,1.19,0.18,4
26.01,79,3.67,1012,9.82,31.23,106.79,0.46,47.58,0.4,0.0,2
26.02,79,3.72,1012,9.82,31.23,106.79,0.46,47.58,0.4,0.0,2
22.01,97,0.52,1014,4.41,5.59,145.21,0.61,3.39,0.12,0.31,1
25.75,70,4.65,1016,2.15,10.76,97.09,0.38,49.35,0.33,0.01,1
25.47,72,4.28,1016,2.15,10.76,97.09,0.38,49.35,0.33,0.01,1
25.95,70,4.85,1016,2.15,10.76,97.09,0.38,49.35,0.33,0.01,1
26.51,86,0.84,1010,3.97,5.28,100.44,0.2,26.44,0.12,0.06,1
27.51,82,1.42,1011,3.26,5.52,99.22,0.05,23.61,0.09,0.02,1
21.01,98,0.84,1012,0.81,1.02,75.63,0.08,1.36,0.02,0.05,1
10.3,73,4.32,1017,0.58,1.3,125.95,0.41,104.53,0.4,0.76,3
10.08,77,0.9,1019,1.19,1.74,121.55,1.55,57.55,0.61,10.19,1
11.45,55,1.72,1018,0.5,0.79,121.41,0.22,111.62,0.42,0.69,3
22.07,65,3.99,1011,4.02,6.18,113.01,0.26,39.36,0.7,0.73,1
22.39,70,2.81,1012,3.81,5.61,108.89,0.19,40.12,0.41,0.37,1
17.71,66,3.41,1011,3.84,5.85,111.58,0.22,39.23,0.58,0.49,1
27.08,74,8.0,1011,3.15,17.72,91.74,0.06,51.68,0.13,0.02,1
26.8,74,8.06,1011,3.15,17.72,91.74,0.06,51.68,0.13,0.02,1
27.83,73,7.9,1011,3.3,18.55,91.6,0.06,52.11,0.14,0.02,1
24.3,73,5.47,1010,32.57,90.63,110.66,0.79,75.43,0.74,0.0,3
25.83,56,4.41,1009,29.19,121.49,108.47,0.31,78.22,0.34,0.0,4
25.53,63,4.29,1010,28.53,105.63,106.82,0.35,78.36,0.45,0.0,4
28.23,85,3.34,1012,1.85,3.83,120.75,0.91,17.69,0.41,0.05,1
25.09,88,1.68,1013,0.96,1.12,114.89,0.31,16.39,0.05,0.03,1
26.1,87,2.46,1013,1.84,4.35,120.67,0.36,22.15,0.14,0.16,1
26.24,86,2.04,1011,5.31,9.17,168.4,0.81,57.47,0.57,0.0,1
26.58,83,2.08,1010,5.31,9.17,168.4,0.81,57.47,0.57,0.0,1
24.59,88,2.76,1011,6.14,10.48,169.45,0.9,58.62,0.66,0.01,1
25.35,73,0.86,1013,15.45,16.47,132.51,0.7,47.48,4.57,1.27,2
30.19,68,2.35,1008,7.92,9.47,216.17,3.64,32.22,0.69,5.21,1
29.91,74,1.63,1009,5.88,7.45,208.89,4.02,48.02,0.63,4.26,1
9.66,79,0.66,1020,9.35,10.29,122.98,2.79,78.72,0.73,7.02,2
13.39,62,3.92,1020,6.55,9.35,128.42,1.91,117.2,1.85,1.73,3
12.22,70,2.21,1021,8.16,9.25,137.99,4.33,102.92,1.88,2.03,3
28.98,71,0.92,1014,2.96,13.41,96.61,0.15,47.13,0.2,0.0,1
28.72,71,1.01,1014,2.96,13.41,96.61,0.15,47.13,0.2,0.0,1
27.47,83,5.03,1013,12.21,16.99,165.99,0.62,73.77,0.51,2.6,2
9.38,59,3.28,1021,3.76,4.88,122.74,1.87,54.83,0.18,10.36,1
9.75,63,3.95,1022,1.39,2.25,125.31,2.43,51.51,0.1,10.68,1
7.73,66,1.82,1021,4.43,5.78,128.23,4.24,49.19,0.23,5.77,1
28.66,88,1.16,1009,3.54,6.91,126.65,1.29,31.0,0.39,1.69,1
28.03,91,0.65,1010,1.59,2.58,92.72,0.74,33.99,0.18,1.05,1
28.62,86,1.12,1010,3.54,6.91,126.65,1.29,31.0,0.39,1.69,1
11.93,93,1.21,1011,7.93,8.94,130.44,1.79,86.0,0.47,3.28,2
10.91,97,0.68,1011,1.92,2.44,141.05,0.36,102.16,0.2,0.53,3
11.57,97,0.3,1011,1.91,2.38,131.1,1.46,59.87,0.55,14.6,1
18.99,36,1.14,1006,19.04,70.83,107.52,2.46,85.1,4.59,5.79,3
19.86,68,3.96,1004,12.94,32.83,115.78,5.51,88.82,2.0,18.5,2
20.0,74,6.2,1006,8.59,14.89,119.44,4.0,107.21,2.8,2.58,3
11.27,93,0.87,1012,4.76,5.35,135.41,4.2,96.35,1.0,0.54,2
27.92,78,3.69,1008,30.02,61.67,115.24,0.06,63.94,0.2,0.0,3
32.13,32,3.63,1000,70.54,102.81,448.41,5.63,83.45,4.46,54.55,4
21.96,72,3.98,1010,20.72,27.65,272.84,8.28,28.42,1.94,10.28,2
26.35,37,3.68,1006,31.17,108.54,161.34,2.38,97.7,2.19,0.77,4
18.22,78,7.46,1011,30.95,92.07,267.95,4.64,86.77,2.05,2.33,3
20.35,56,2.07,1010,19.33,46.16,240.77,5.77,78.84,1.65,2.44,2
19.8,22,2.07,1013,8.41,14.67,161.24,5.7,69.5,2.13,3.99,2
15.31,59,0.71,1015,8.83,23.23,141.67,2.85,80.14,1.04,5.84,2
18.59,26,2.42,1013,16.83,30.59,149.29,5.71,89.39,1.57,13.61,2
2.46,60,8.97,1014,1.54,6.29,134.45,0.09,101.84,0.57,0.0,3
2.76,59,8.89,1014,1.54,6.29,134.45,0.09,101.84,0.57,0.0,3
4.26,65,8.3,1013,1.54,6.29,134.45,0.09,101.84,0.57,0.0,3
12.74,69,1.54,1023,2.52,4.35,122.05,0.32,117.83,0.63,1.06,3
14.4,62,0.57,1021,6.1,7.18,137.4,3.36,74.86,0.71,2.16,2
11.88,64,1.48,1022,4.25,7.78,127.1,0.45,125.28,1.16,1.4,3
12.51,91,3.9,1010,6.57,7.58,126.35,0.95,74.65,0.33,2.68,2
26.22,75,2.19,1013,2.83,12.55,95.98,0.25,51.95,0.26,0.0,1
26.57,77,1.05,1013,2.98,14.12,94.86,0.23,52.63,0.26,0.0,1
26.76,76,2.45,1013,2.98,14.12,94.86,0.23,52.63,0.26,0.0,1
19.15,33,1.19,1007,16.69,56.58,114.11,2.84,85.55,4.33,3.82,3
20.39,33,1.33,1007,14.88,47.22,119.52,3.14,94.89,5.89,3.7,2
19.96,34,3.12,1006,13.99,39.95,125.35,5.16,99.48,7.06,4.56,2
20.23,61,0.85,1012,36.79,46.37,246.17,17.81,94.78,11.12,0.51,3
18.18,68,2.64,1012,35.49,45.55,223.98,12.35,97.44,8.51,0.36,3
20.33,59,1.11,1011,41.7,60.81,175.96,1.23,151.9,4.83,0.0,4
15.09,94,0.1,1017,0.84,1.11,93.73,0.58,27.0,0.09,0.31,1
15.98,93,2.36,1016,6.48,10.83,249.2,3.8,10.8,0.4,5.03,1
25.0,89,5.13,1013,2.77,3.31,148.13,1.36,14.12,0.19,0.24,1
13.53,86,0.5,1014,42.26,171.95,85.92,1.86,65.38,0.39,11.29,4
14.17,88,1.23,1013,1.9,3.39,78.97,0.24,53.07,0.15,5.29,1
11.63,79,1.35,1013,6.71,22.82,93.13,0.39,68.13,0.15,3.1,2
28.67,68,3.76,1010,35.35,37.66,817.16,15.77,23.39,2.43,6.22,3
28.37,69,1.46,1010,6.2,6.8,247.75,3.04,42.49,0.47,0.91,1
27.53,75,0.59,1010,22.12,22.72,388.22,2.55,10.23,0.33,0.91,2
29.06,74,4.72,1009,0.5,0.61,66.11,0.01,6.87,0.01,0.0,1
26.5,80,1.05,1014,4.2,12.02,72.39,0.06,34.86,0.17,0.01,1
26.55,82,0.77,1013,3.98,10.16,73.06,0.07,34.06,0.14,0.03,1
27.49,82,2.92,1013,4.95,13.81,73.79,0.05,35.61,0.18,0.02,1
12.42,83,0.92,1004,92.68,94.52,359.43,2.21,71.0,0.85,3.58,5
13.72,77,1.5,1003,88.64,89.92,287.43,2.31,71.99,1.03,1.85,5
12.17,80,1.02,1004,88.5,89.46,364.83,0.94,90.81,0.36,0.4,5
13.22,83,2.0,1003,86.21,86.91,329.49,14.81,98.27,2.5,1.53,5
13.05,97,3.2,1003,32.31,33.94,182.6,0.84,155.13,0.95,0.0,4
13.47,83,2.9,1003,82.71,83.28,324.03,9.93,104.94,2.47,1.14,5
26.34,37,3.41,1007,39.13,147.58,148.7,1.33,102.95,2.4,0.04,4
27.77,35,3.53,1007,39.05,152.29,150.48,1.19,104.47,1.33,0.06,4
27.85,33,3.68,1007,39.05,152.29,150.48,1.19,104.47,1.33,0.06,4
28.33,78,5.49,1012,3.4,17.89,91.9,0.13,39.39,0.23,0.0,1
28.29,78,5.28,1012,3.4,17.89,91.9,0.13,39.39,0.23,0.0,1
15.34,70,1.63,1012,43.53,198.44,82.45,0.59,63.97,0.09,4.22,4
15.05,89,1.4,1013,7.76,9.53,156.52,6.71,17.64,0.33,8.18,1
10.02,73,4.69,1020,5.11,15.82,119.79,0.32,71.97,0.08,0.52,2
26.71,75,1.03,1009,25.04,27.47,633.03,6.26,7.57,0.99,3.15,3
28.42,66,1.51,1009,48.9,52.86,1335.75,18.94,11.04,2.04,11.14,3
28.88,78,1.22,1009,48.08,51.32,1220.67,13.49,7.94,1.55,5.66,3
19.83,72,8.26,1005,14.62,23.94,134.0,3.02,108.87,4.56,2.7,3
18.95,70,4.93,1006,12.89,18.83,145.09,3.91,90.7,5.09,6.74,2
19.98,68,4.6,1006,11.77,20.65,123.69,3.32,112.23,3.3,2.86,3
26.38,68,6.81,1015,2.18,10.76,90.32,0.35,47.96,0.37,0.02,1
26.27,68,6.26,1015,2.21,11.38,91.24,0.24,45.81,0.27,0.0,1
27.72,82,3.57,1009,0.65,2.05,113.87,0.46,21.69,0.25,0.0,1
27.09,85,2.66,1009,0.65,2.05,113.87,0.46,21.69,0.25,0.0,1
26.37,87,2.39,1009,0.65,2.05,113.87,0.46,21.69,0.25,0.0,1
26.77,89,3.04,1012,0.74,1.31,96.31,0.27,31.55,0.09,0.06,1
23.46,97,1.17,1013,1.13,1.95,113.69,0.75,23.89,0.21,0.34,1
26.74,88,2.28,1012,0.52,1.06,96.91,0.25,23.03,0.09,0.05,1
8.88,62,0.97,1022,5.66,7.96,123.71,2.91,25.16,0.66,1.21,1
8.37,66,0.54,1023,8.96,12.61,174.17,4.19,31.87,1.95,3.99,1
9.62,59,1.35,1022,2.98,5.18,86.12,1.26,36.11,0.09,0.25,1
9.02,64,2.0,1017,3.3,4.23,117.76,4.72,37.96,0.47,9.78,1
9.64,74,3.64,1017,4.68,5.71,121.74,3.22,55.81,0.77,21.75,1
9.82,84,4.42,1015,3.25,4.2,122.7,2.76,86.93,2.03,15.1,2
12.1,71,1.68,1015,3.25,3.72,119.56,0.86,101.35,0.38,5.42,3
12.4,69,1.81,1015,3.1,3.55,118.86,0.86,100.14,0.39,5.05,3
12.09,69,1.82,1015,3.42,3.94,120.27,0.87,101.66,0.44,5.39,3
12.14,54,3.88,1013,2.21,2.56,116.23,1.22,88.03,0.35,4.83,2
9.06,72,2.45,1016,1.73,2.54,112.34,2.1,61.95,0.17,3.38,2
8.87,65,5.57,1014,3.28,3.85,128.07,2.85,86.87,1.03,3.83,2
16.34,64,4.12,1023,9.18,14.8,142.44,1.4,98.26,2.14,0.0,2
15.99,61,9.26,1017,1.83,5.82,126.57,0.32,104.91,0.61,0.01,3
16.42,55,7.35,1022,13.06,31.46,154.15,1.87,102.95,4.72,0.0,3
17.01,77,1.57,1018,3.35,9.71,107.36,1.75,82.15,2.48,0.18,2
16.55,79,0.78,1018,2.7,5.78,107.27,2.44,82.98,3.15,0.14,2
16.0,68,2.29,1018,5.01,7.89,94.84,2.13,55.42,0.37,1.64,1
11.53,53,0.81,1021,4.64,7.54,127.93,0.68,119.91,1.07,1.32,3
6.51,66,1.05,1024,0.6,1.29,136.19,2.03,53.55,0.2,3.23,1
5.79,69,1.22,1024,0.68,0.93,134.92,0.75,65.75,0.31,1.62,2
4.97,62,0.52,1024,1.19,2.52,138.47,2.91,57.83,0.36,13.26,1
12.3,66,3.45,1019,1.37,2.08,120.93,0.52,101.06,0.92,1.31,3
8.97,85,2.82,1021,2.97,4.78,123.37,0.94,100.95,1.48,1.26,3
14.35,78,4.07,1019,5.03,8.53,125.35,1.43,107.68,1.84,1.05,3
13.06,94,1.56,1020,7.06,9.76,149.67,1.58,11.62,0.08,0.28,1
22.7,87,1.95,1017,2.5,6.55,87.14,0.87,31.07,0.18,0.62,1
12.62,85,1.37,1021,5.11,7.17,111.55,1.05,19.6,0.2,1.61,1
26.32,86,7.88,1010,0.5,1.11,95.13,0.01,26.54,0.01,0.0,1
7.93,77,0.79,1020,0.7,1.08,111.53,0.78,81.32,0.45,3.06,2
7.51,79,2.01,1020,0.62,0.98,113.01,0.93,74.77,0.44,1.48,2
5.67,81,1.18,1020,0.85,1.29,110.62,1.2,60.64,0.31,4.04,2
32.33,41,6.76,1008,23.14,77.08,156.98,0.32,32.74,0.06,3.68,3
27.72,57,3.72,1009,6.87,10.66,156.72,0.61,23.2,0.04,1.04,1
32.44,38,6.16,1008,16.98,37.87,163.18,0.48,27.19,0.05,1.92,2
27.74,72,1.84,1010,6.05,8.16,295.9,4.17,22.73,0.46,1.92,1
26.54,64,4.48,1008,3.32,6.29,204.34,2.82,17.73,0.36,3.54,1
23.13,82,1.84,1010,19.68,24.0,725.43,11.72,1.74,1.34,7.72,2
8.44,38,1.72,1012,1.15,3.03,106.91,0.17,70.61,0.27,1.0,2
10.18,29,1.63,1011,0.5,0.92,99.61,0.51,55.61,0.03,3.51,1
11.74,35,2.12,1011,0.93,1.13,111.12,0.27,57.45,0.08,2.54,1
26.12,87,3.1,1011,7.8,13.11,171.54,1.08,60.94,0.84,0.02,2
26.41,94,3.2,1010,7.56,13.06,166.7,0.43,60.14,0.38,0.0,2
25.16,88,3.22,1010,7.56,13.06,166.7,0.43,60.14,0.38,0.0,2
27.11,78,9.2,1012,1.8,9.1,94.13,0.09,54.21,0.11,0.05,1
25.27,71,4.65,1015,2.19,10.62,92.52,0.62,54.89,0.59,0.03,1
25.55,71,4.59,1015,2.09,10.14,92.27,0.55,54.02,0.53,0.03,1
25.35,72,4.92,1015,2.09,10.14,92.27,0.55,54.02,0.53,0.03,1
22.58,64,9.33,1010,21.75,78.42,101.63,0.25,70.29,0.72,0.05,3
18.87,83,9.29,1014,10.31,38.24,99.83,1.06,82.94,1.08,0.0,2
35.72,14,4.59,1007,53.31,198.15,132.92,0.2,37.08,0.05,0.25,4
15.78,55,1.02,1023,4.82,10.09,121.26,0.25,118.11,7.44,0.0,3
14.49,56,0.9,1023,4.82,10.09,121.26,0.25,118.11,7.44,0.0,3
14.62,56,0.89,1023,4.82,10.09,121.26,0.25,118.11,7.44,0.0,3
23.01,82,4.58,1017,2.28,11.54,60.85,0.05,56.12,0.18,0.0,1
20.11,84,3.7,1017,2.19,11.25,60.81,0.04,56.97,0.17,0.0,1
21.1,84,3.78,1017,2.19,11.25,60.81,0.04,56.97,0.17,0.0,1
29.23,74,4.02,1009,0.5,1.44,119.22,0.03,30.77,0.04,0.0,1
17.08,83,0.79,1018,3.88,6.13,84.78,0.36,17.84,0.04,0.11,1
19.26,83,1.5,1017,3.75,8.65,74.9,0.42,29.54,0.18,0.13,1
15.37,93,0.27,1017,2.28,3.42,89.14,0.64,26.11,0.03,0.16,1
26.74,27,3.93,1007,11.49,13.92,134.26,1.46,78.79,1.41,2.53,2
20.07,67,3.96,1011,3.67,10.86,121.92,0.19,113.02,0.33,0.06,3
26.27,29,4.75,1007,12.29,14.74,140.97,1.17,85.1,1.4,1.91,2
25.21,84,0.72,1008,8.23,8.74,274.46,3.9,24.21,0.74,1.92,1
29.03,88,1.49,1009,10.87,11.47,200.64,3.46,15.21,1.61,0.58,2
26.26,91,0.6,1009,7.72,8.1,248.73,1.86,26.91,0.39,2.71,1
20.99,91,1.63,1018,28.83,34.29,208.55,3.54,32.64,2.2,1.15,3
20.37,94,1.22,1018,28.83,34.29,208.55,3.54,32.64,2.2,1.15,3
19.29,98,1.13,1017,2.81,7.24,68.13,0.2,26.07,0.03,0.06,1
25.41,71,1.76,1013,1.15,2.08,62.55,0.03,38.19,0.04,0.0,1
26.82,66,1.71,1013,1.15,2.08,62.55,0.03,38.19,0.04,0.0,1
27.14,65,1.56,1013,1.44,2.49,63.12,0.1,38.2,0.25,0.0,1
34.82,9,2.9,1006,32.05,92.63,170.01,0.67,47.32,0.18,5.72,3
30.05,11,3.02,1007,53.57,113.38,387.43,2.58,47.41,1.26,17.88,4
29.74,11,4.38,1008,85.05,185.02,999.5,12.66,36.85,4.72,53.85,5
28.83,77,5.64,1010,1.15,2.97,100.55,0.06,17.29,0.1,0.14,1
30.04,10,2.45,1007,60.8,110.74,629.3,7.08,37.81,2.14,31.07,4
24.83,92,2.83,1010,2.44,6.92,138.85,0.76,15.54,0.38,0.84,1
29.55,51,4.28,1008,11.49,12.97,99.76,0.31,43.47,11.38,0.0,2
29.86,63,3.43,1008,21.08,23.28,112.11,0.45,50.85,6.89,0.0,2
29.42,50,2.98,1008,7.69,8.58,100.91,0.32,41.01,5.82,0.09,1
13.8,92,2.74,1012,3.54,4.55,150.62,10.51,51.24,0.94,7.15,1
13.64,93,2.95,1012,3.87,4.59,156.68,14.71,50.6,1.46,5.1,1
13.49,91,3.3,1012,4.22,5.05,160.31,12.49,52.59,1.22,6.25,1
10.02,84,2.78,1008,13.72,14.96,144.93,3.47,91.6,1.26,0.93,2
6.0,86,3.06,1012,1.4,6.19,133.61,0.65,97.0,1.39,0.02,2
3.05,74,3.64,1015,0.64,1.16,121.77,0.27,77.63,0.3,0.34,2
15.3,95,1.35,1008,26.05,29.94,459.02,6.36,52.73,4.5,7.66,3
15.94,81,1.03,1008,24.13,26.13,412.12,3.46,74.15,2.1,8.3,2
20.68,96,0.41,1007,29.9,34.17,451.89,6.55,57.94,4.93,13.04,3
15.61,62,1.25,1034,2.68,5.7,63.67,0.26,64.0,0.68,0.0,2
14.17,56,3.86,1032,3.09,5.14,89.83,2.54,40.33,0.61,0.3,1
13.48,81,5.43,1033,2.54,4.63,72.22,1.16,39.6,0.42,0.2,1
33.03,20,4.08,1005,34.42,102.97,115.84,1.29,70.45,1.21,0.24,4
32.76,32,5.08,1005,30.94,91.08,114.51,1.21,80.08,1.36,0.29,3
33.03,20,4.08,1005,33.31,97.42,113.85,1.21,69.18,1.08,0.26,3
26.32,93,2.01,1010,0.91,1.05,132.48,1.56,27.75,0.26,0.95,1
25.9,94,2.18,1011,1.12,1.44,162.12,2.32,26.02,0.4,1.7,1
26.12,94,2.49,1011,1.12,1.44,162.12,2.32,26.02,0.4,1.7,1
21.99,78,3.36,1012,6.24,16.74,67.28,0.04,51.14,0.37,0.0,1
19.94,87,4.1,1012,6.24,16.74,67.28,0.04,51.14,0.37,0.0,1
18.42,52,1.73,1014,14.87,25.36,80.07,0.6,67.78,1.37,0.0,2
27.55,78,6.86,1011,1.32,4.35,59.6,0.02,28.4,0.06,0.0,1
27.5,79,7.08,1011,1.41,4.75,59.59,0.01,28.55,0.06,0.0,1
27.62,76,6.44,1011,1.4,4.79,59.47,0.01,28.34,0.06,0.0,1
28.35,77,2.12,1009,3.5,9.97,63.54,0.06,20.04,0.13,0.0,1
28.32,63,0.33,1011,0.51,0.63,37.94,0.03,1.52,0.03,0.04,1
30.77,66,1.56,1010,2.92,3.75,62.91,0.06,15.6,7.29,0.0,1
31.51,65,0.5,1011,4.4,8.4,164.56,5.08,33.25,4.18,3.48,1
28.37,89,2.1,1011,21.99,23.35,579.0,11.19,13.59,1.85,44.5,2
31.4,66,0.56,1011,4.12,8.28,147.22,4.68,34.95,4.3,2.62,1
26.23,47,4.06,1001,35.31,49.89,326.28,3.32,105.37,6.68,55.39,3
27.58,79,4.96,1002,37.09,91.76,123.21,0.12,112.05,1.29,0.0,3
23.02,52,2.08,1003,12.03,21.67,249.11,4.35,67.74,0.43,38.74,2
10.75,59,3.04,1019,4.75,6.07,125.33,1.98,76.71,1.08,16.4,2
8.96,73,1.76,1020,3.5,4.15,113.12,2.41,46.78,0.34,7.67,1
9.29,64,3.26,1019,12.54,14.38,140.54,3.26,72.4,1.75,16.03,2
25.73,81,4.44,1015,2.52,11.29,95.21,0.19,51.91,0.29,0.0,1
25.28,85,3.14,1016,2.47,11.41,94.98,0.18,53.13,0.27,0.0,1
25.29,85,3.71,1016,2.47,11.31,94.86,0.19,53.2,0.28,0.0,1
20.1,78,4.86,1005,14.19,43.35,113.42,2.03,83.83,1.47,6.46,2
19.93,77,4.06,1005,14.9,47.17,113.66,1.43,83.53,1.1,5.8,2
20.08,77,4.87,1005,14.19,43.35,113.42,2.03,83.83,1.47,6.46,2
14.42,86,2.27,1016,1.05,3.44,117.45,0.87,96.0,0.81,0.0,2
13.92,87,4.2,1015,0.62,1.3,117.94,1.23,87.07,0.65,0.21,2
11.69,96,1.12,1015,0.56,1.11,118.18,1.08,90.18,0.65,0.1,2
21.81,86,5.05,1019,10.38,12.25,130.32,0.71,53.81,0.5,0.06,2
21.14,98,3.17,1019,5.65,6.34,138.82,1.54,43.16,0.33,0.36,1
21.26,86,5.26,1019,10.37,12.17,129.87,0.7,53.24,0.47,0.06,2
27.9,43,3.13,1005,31.67,135.88,132.53,1.29,83.96,0.75,0.11,4
28.03,39,3.46,1006,31.67,135.88,132.53,1.29,83.96,0.75,0.11,4
27.87,45,2.38,1006,29.96,124.33,135.45,1.86,81.57,0.94,0.16,4
24.31,82,4.55,1017,1.93,8.65,61.32,0.05,53.18,0.14,0.0,1
24.03,85,0.21,1017,1.9,8.86,61.14,0.06,52.97,0.14,0.0,1
24.09,81,3.76,1018,1.87,8.89,60.99,0.05,54.3,0.13,0.0,1
5.39,83,2.78,1023,1.52,2.31,130.67,1.81,49.11,0.15,0.66,1
5.06,58,0.9,1024,0.74,1.61,132.58,2.05,57.86,0.16,6.31,1
4.74,78,5.83,1021,1.01,1.3,133.49,0.56,99.95,0.89,0.35,2
7.68,74,4.23,1021,4.87,5.81,114.23,1.57,62.73,1.48,2.0,2
8.46,75,2.54,1021,2.33,3.61,128.02,3.13,44.75,0.49,2.12,1
7.69,65,1.64,1021,4.66,5.84,106.96,1.6,33.01,0.25,2.53,1
8.56,71,3.83,1016,1.15,1.32,127.75,0.93,70.02,0.28,0.71,2
10.94,77,2.16,1007,3.34,3.65,120.97,0.37,101.15,0.35,2.65,3
7.76,57,4.75,1018,0.83,1.12,139.44,0.49,70.81,0.05,1.26,2
14.69,97,0.51,1016,13.5,22.28,465.42,2.6,5.06,0.23,0.68,2
17.95,92,0.84,1016,11.45,17.21,312.39,1.45,7.97,0.25,0.86,2
14.71,98,0.78,1018,9.15,14.83,310.89,1.89,9.71,0.23,0.85,1
29.44,35,2.77,1008,20.7,48.32,99.74,3.47,108.5,3.86,0.0,3
27.46,19,2.1,1010,9.7,24.78,98.16,1.47,65.94,1.32,0.21,2
27.53,26,1.57,1008,30.3,63.29,127.35,5.75,90.74,16.6,0.0,3
30.31,64,2.19,1010,0.86,3.01,63.68,0.02,24.13,0.07,0.0,1
30.39,63,2.07,1010,0.86,3.01,63.68,0.02,24.13,0.07,0.0,1
30.06,65,2.67,1010,0.91,3.06,63.36,0.02,24.17,0.07,0.0,1
28.15,75,1.66,1010,0.5,0.76,64.26,0.02,16.54,0.01,0.0,1
32.11,9,3.11,1007,24.49,113.7,101.64,0.34,56.16,0.19,1.15,4
32.41,9,3.32,1007,24.19,110.15,101.99,0.31,54.18,0.19,1.03,4
32.41,9,3.32,1007,24.19,110.15,101.99,0.31,54.18,0.19,1.03,4
13.31,58,3.7,1007,6.44,6.87,129.46,0.57,118.55,1.2,5.13,3
11.76,83,3.85,1009,35.21,37.21,157.94,1.79,100.36,0.93,4.68,3
11.41,80,4.03,1012,12.88,13.69,140.08,7.67,87.53,1.89,16.24,2
27.83,90,3.19,1008,8.55,9.11,160.75,2.56,12.95,1.2,0.64,1
27.58,90,3.05,1008,8.55,9.11,160.75,2.56,12.95,1.2,0.64,1
27.39,90,3.0,1008,8.55,9.11,160.75,2.56,12.95,1.2,0.64,1
9.57,82,0.95,1021,9.12,10.19,136.95,3.68,82.71,1.26,6.49,2
8.43,77,1.42,1020,9.7,11.1,115.31,4.3,57.53,0.62,9.12,1
9.85,81,1.35,1021,13.27,14.94,131.49,4.57,81.99,1.41,8.28,2
10.15,69,1.99,1020,9.88,11.85,136.15,5.88,47.56,0.47,19.18,1
8.1,66,2.34,1023,0.77,1.28,123.9,0.88,73.67,0.26,7.11,2
10.62,69,1.88,1020,9.88,11.85,136.15,5.88,47.56,0.47,19.18,1
26.29,85,2.84,1012,4.06,11.78,103.8,0.59,31.03,0.36,0.0,1
24.73,96,0.6,1013,1.23,2.32,99.12,0.51,31.95,0.21,0.15,1
24.19,97,1.5,1011,1.09,1.74,100.31,0.5,31.76,0.17,0.18,1
20.63,81,7.22,1010,29.07,90.72,100.32,1.39,71.99,1.16,0.02,3
28.3,29,4.72,1008,58.2,170.43,129.9,1.44,54.44,0.57,0.86,4
20.9,80,8.2,1009,31.17,92.73,101.59,1.88,69.84,1.39,0.03,3
27.9,81,5.33,1011,0.5,1.5,82.64,0.04,13.83,0.04,0.01,1
19.29,77,3.32,1014,2.85,5.2,141.83,1.64,10.08,0.1,4.08,1
18.84,79,7.75,1015,0.79,2.58,85.9,0.46,13.26,0.03,1.94,1
25.34,89,4.01,1013,1.58,2.29,112.93,0.7,22.91,0.34,0.01,1
23.99,92,0.82,1013,1.25,1.84,109.96,0.42,18.41,0.23,0.01,1
23.83,73,2.38,1010,2.54,3.64,214.96,0.69,19.38,0.08,0.84,1
30.96,28,1.76,1007,9.75,24.04,129.45,0.24,29.45,0.05,1.4,2
20.24,83,1.1,1012,5.23,6.52,169.84,0.25,2.6,0.03,0.09,1
27.05,85,4.01,1011,4.85,13.93,94.56,0.03,24.11,0.19,0.0,1
26.98,66,1.9,1010,5.04,7.0,105.4,0.19,40.35,0.21,0.0,1
28.12,64,2.28,1011,5.04,7.0,105.4,0.19,40.35,0.21,0.0,1
30.22,64,2.88,1009,8.13,9.27,111.92,0.18,41.05,0.51,0.0,1
16.96,62,2.87,1008,8.94,11.49,109.65,2.15,40.77,1.32,2.4,1
15.88,36,1.99,1008,12.97,24.41,143.07,11.62,69.94,4.89,10.53,2
18.85,48,5.51,1006,12.4,15.36,136.64,5.73,63.66,3.33,12.21,2
15.43,60,2.02,1020,7.27,10.65,167.89,5.7,21.27,1.73,3.8,1
12.39,57,2.17,1021,5.79,7.96,143.03,4.25,24.68,1.17,2.08,1
27.14,81,7.74,1014,4.34,14.42,96.08,0.43,51.37,0.5,0.06,1
32.97,14,1.75,1006,24.6,56.08,251.58,1.82,29.61,0.57,8.58,3
28.56,50,2.45,1008,7.91,19.08,107.04,0.26,18.08,0.03,3.22,1
28.25,10,2.6,1008,14.93,48.23,114.26,0.4,47.41,0.13,1.33,2
28.52,77,6.19,1009,1.44,3.26,97.66,0.21,17.52,0.17,0.19,1
26.14,70,2.0,1009,2.34,4.21,156.33,1.4,15.64,0.22,0.57,1
28.63,59,2.73,1009,3.55,5.71,155.67,1.2,16.03,0.14,0.55,1
28.09,75,3.65,1009,9.6,10.79,188.22,1.64,16.93,0.31,0.75,1
29.31,75,4.76,1009,7.65,8.81,166.35,1.35,18.6,0.27,0.57,1
27.72,81,3.38,1009,10.92,12.41,226.49,2.37,17.37,0.5,3.21,2
13.42,94,1.19,1014,10.1,39.02,216.85,1.86,49.06,0.14,17.72,2
14.4,77,2.29,1013,2.03,2.2,118.42,0.47,62.29,0.28,9.45,2
11.73,90,0.72,1015,2.21,3.21,117.96,0.79,63.31,0.59,33.06,2
27.08,53,0.84,1013,1.9,3.65,179.31,1.76,9.49,0.45,0.54,1
25.46,73,1.37,1013,1.46,3.49,128.22,1.14,26.42,0.4,0.58,1
26.95,67,1.69,1013,0.92,2.74,76.3,0.34,32.71,0.14,0.18,1
20.3,46,1.54,1014,4.71,6.27,162.08,5.26,62.78,0.57,14.3,2
17.08,69,3.51,1015,46.37,233.72,122.86,0.74,45.77,0.04,4.32,5
17.02,56,3.15,1017,29.41,157.1,127.49,0.21,82.9,0.01,4.29,4
12.83,77,1.82,1022,4.07,10.77,127.52,1.76,88.39,0.47,0.8,2
16.63,55,2.38,1023,6.24,16.25,126.11,0.47,105.91,0.59,0.1,3
15.65,58,1.52,1022,6.99,26.38,135.68,1.75,91.52,0.39,0.76,2
24.93,64,9.15,1015,1.49,7.55,61.8,0.03,57.86,0.07,0.0,1
9.57,79,7.1,1016,0.7,0.85,134.77,1.73,98.02,1.52,0.71,2
4.86,91,2.53,1011,0.53,0.57,118.08,1.03,77.92,0.14,0.91,2
8.63,87,1.8,1014,1.17,1.42,124.21,1.19,77.38,0.66,0.86,2
25.12,76,3.63,1013,1.5,6.11,116.66,0.22,24.64,0.06,0.35,1
25.27,72,3.1,1013,1.46,5.8,119.82,0.22,23.63,0.05,0.33,1
25.27,72,3.1,1013,1.46,5.8,119.82,0.22,23.63,0.05,0.33,1
25.86,79,0.47,1008,33.69,37.81,320.76,12.5,20.41,3.9,4.15,3
26.76,75,0.74,1009,28.26,32.81,351.01,16.11,22.21,6.24,4.7,3
27.8,73,2.76,1011,5.07,17.52,135.45,8.3,39.51,4.26,1.37,1
23.49,95,2.75,1013,1.38,1.6,75.42,0.31,7.21,0.02,0.06,1
19.88,81,2.64,1014,3.53,5.51,140.92,1.03,5.23,0.07,0.21,1
17.94,88,3.15,1016,0.53,0.87,75.0,0.23,19.47,0.02,0.11,1
6.88,57,2.16,1023,1.85,2.64,131.88,1.16,58.98,0.68,5.56,1
5.53,54,0.98,1024,3.83,4.49,145.03,1.39,61.8,0.43,9.28,2
8.03,65,3.38,1023,0.59,0.68,136.78,0.29,104.07,0.66,0.2,3
17.85,91,1.19,1014,2.05,2.63,114.12,1.05,26.68,0.07,0.78,1
17.89,90,1.13,1014,2.05,2.63,114.12,1.05,26.68,0.07,0.78,1
18.22,91,1.1,1014,1.95,2.31,114.71,0.87,31.98,0.05,0.67,1
13.49,38,4.08,1010,2.53,3.2,162.04,6.38,85.41,1.59,1.33,2
19.45,65,4.64,1011,4.24,13.26,123.15,0.18,108.77,0.51,0.0,3
13.39,42,2.54,1010,3.47,4.17,171.69,7.25,75.55,1.18,0.95,2
14.02,47,7.26,1025,0.64,2.61,66.81,0.28,48.28,0.08,0.12,1
9.84,59,3.52,1027,2.64,5.83,122.08,2.26,39.58,0.28,1.02,1
8.65,61,2.9,1027,1.59,3.83,114.67,2.62,33.09,0.49,1.08,1
15.88,76,1.08,1014,2.99,5.3,126.07,1.51,38.44,0.09,10.06,1
16.66,72,1.23,1012,1.5,2.44,83.49,0.2,57.57,0.09,6.3,1
16.85,68,1.19,1011,1.28,2.71,97.85,0.61,62.76,0.2,13.43,2
25.77,75,6.05,1014,2.04,10.45,99.84,0.34,38.16,0.28,0.02,1
26.28,75,6.7,1014,1.93,9.88,99.41,0.28,37.87,0.25,0.02,1
30.55,80,0.95,1013,1.63,2.13,139.53,1.47,22.16,0.08,1.74,1
28.05,77,4.61,1008,5.67,6.99,175.99,1.82,40.97,0.16,2.25,1
26.95,68,1.88,1011,3.09,3.46,183.18,1.81,13.63,0.12,2.52,1
25.18,73,5.47,1015,2.16,9.99,94.42,0.18,59.61,0.26,0.0,1
26.97,73,7.29,1016,2.42,10.74,94.93,0.2,56.55,0.28,0.0,1
28.86,79,2.5,1009,23.03,26.49,645.81,11.47,32.08,2.48,5.86,2
25.76,93,0.83,1009,27.96,31.59,644.67,4.81,4.92,1.23,8.79,3
27.91,86,2.7,1009,36.12,45.63,663.31,7.13,27.33,2.04,11.72,3
28.4,74,3.62,1011,4.76,6.46,63.75,0.02,35.61,2.18,0.0,1
28.63,74,4.08,1009,0.56,2.06,64.2,0.02,10.99,0.05,0.0,1
8.65,86,1.8,1020,1.32,1.95,115.78,1.24,73.0,0.65,5.66,2
9.45,83,0.98,1020,1.68,2.74,121.15,2.45,66.89,0.47,5.62,2
8.89,86,1.79,1020,1.59,2.38,117.78,1.81,67.81,0.63,5.39,2
20.21,32,0.8,1015,30.06,55.15,111.21,3.28,56.67,8.3,16.16,3
28.73,70,2.42,1009,16.04,34.53,119.8,0.38,75.43,0.75,0.0,2
23.63,73,0.37,1012,21.4,45.72,121.69,1.5,72.57,2.12,0.0,2
27.19,77,1.94,1013,3.93,9.87,73.58,0.05,33.15,0.16,0.04,1
27.16,77,1.7,1013,3.93,9.87,73.58,0.05,33.15,0.16,0.04,1
27.11,77,2.01,1013,3.93,9.87,73.58,0.05,33.15,0.16,0.04,1
13.17,41,0.78,1021,11.95,14.99,197.42,5.97,21.06,0.78,1.41,2
16.65,79,3.44,1016,2.92,7.91,63.09,0.14,47.99,0.29,0.0,1
19.8,73,1.87,1018,24.44,31.56,263.28,4.95,48.78,4.62,0.78,2
16.5,79,2.33,1017,2.93,4.85,83.38,0.56,27.35,0.06,0.34,1
16.73,80,0.8,1017,3.0,4.27,97.82,0.48,28.1,0.27,0.22,1
18.33,71,2.35,1016,2.83,4.0,90.91,0.37,29.01,0.22,0.16,1
16.03,72,2.14,1020,5.27,6.44,98.79,0.67,39.67,0.34,0.32,1
16.28,70,1.61,1019,14.41,15.91,101.32,0.63,24.91,0.18,0.06,2
15.74,72,2.44,1020,5.42,6.6,98.01,0.67,38.24,0.31,0.27,1
11.89,89,3.58,1014,3.55,5.38,118.86,2.24,81.34,0.28,6.05,2
12.11,89,3.58,1014,3.55,5.38,118.86,2.24,81.34,0.28,6.05,2
29.84,47,1.7,1005,50.51,192.47,166.82,8.78,64.39,2.63,0.64,4
30.02,58,1.03,1005,63.47,282.22,135.22,1.45,76.46,1.43,0.05,5
30.0,39,2.06,1005,47.59,179.34,164.26,7.47,70.5,2.84,1.04,4
11.32,51,1.05,1013,2.95,5.08,253.62,2.05,52.64,0.04,1.64,1
14.76,51,3.98,1013,13.22,52.76,133.8,0.43,87.56,0.04,1.07,3
18.79,43,2.78,1016,6.01,20.48,119.95,0.99,58.58,0.1,1.82,2
25.66,79,3.6,1016,1.75,6.69,100.57,0.86,52.0,0.62,0.07,1
10.51,71,1.03,1019,4.02,5.14,127.32,1.95,106.29,2.37,2.24,3
11.23,63,2.91,1019,5.9,7.97,141.35,4.88,95.16,3.26,1.83,2
13.16,64,1.38,1019,4.69,7.66,127.06,2.12,100.7,2.33,1.16,3
12.09,88,2.06,1009,3.74,6.67,107.51,1.07,58.97,1.18,5.07,1
7.84,93,1.03,1010,2.09,3.08,111.97,1.45,52.35,0.5,11.54,1
9.06,93,2.46,1010,2.45,4.03,113.66,0.97,79.11,0.46,2.64,2
25.0,78,2.57,1011,12.76,45.56,70.51,0.05,40.29,0.25,0.0,2
15.92,94,2.06,1013,8.34,32.14,76.44,0.4,29.45,0.09,0.22,2
16.89,67,2.06,1017,3.85,5.0,95.51,1.9,14.05,0.16,0.41,1
13.24,61,6.32,1017,4.74,8.38,153.68,6.53,52.43,3.17,1.31,1
15.96,51,4.12,1013,5.39,12.07,125.92,3.11,39.55,0.14,0.89,1
9.95,66,3.09,1016,6.13,11.45,130.18,2.55,60.34,1.14,0.73,2
16.02,52,7.2,1014,6.63,8.13,125.38,4.45,56.11,0.43,10.06,1
11.73,76,1.03,1016,7.52,9.96,122.7,7.14,44.72,0.76,14.62,1
17.24,48,3.6,1014,5.17,6.08,122.64,3.71,48.8,0.08,11.37,1
18.93,87,0.45,1018,7.21,8.04,93.24,7.65,23.99,1.96,0.07,1
15.89,72,2.68,1011,0.99,3.12,65.4,0.95,41.99,0.71,0.5,1
22.37,81,3.09,1019,0.89,1.55,53.89,0.56,20.01,0.04,0.05,1
27.8,78,10.29,1011,3.66,16.22,113.5,1.75,40.1,1.69,0.21,1
27.77,79,10.29,1011,3.66,16.22,113.5,1.75,40.1,1.69,0.21,1
27.64,80,10.29,1011,3.66,16.22,113.5,1.75,40.1,1.69,0.21,1
10.03,93,2.06,1014,2.41,6.15,129.34,1.0,83.43,0.32,0.5,2
10.52,89,3.13,1014,2.63,7.02,130.55,1.63,76.54,0.52,0.95,2
12.48,94,3.09,1012,1.83,2.28,107.66,1.09,39.42,0.13,3.45,1
6.95,76,2.06,1021,6.07,8.46,123.19,1.46,86.06,0.98,2.9,2
6.74,87,0.51,1019,5.92,7.04,125.01,3.1,77.1,1.08,13.95,2
7.4,85,1.2,1020,5.47,6.7,124.83,2.74,68.09,0.86,5.59,2
26.27,78,4.63,1015,2.29,12.44,95.79,0.03,38.04,0.11,0.01,1
24.99,88,5.14,1009,7.56,11.86,185.97,4.56,14.73,1.42,2.13,1
22.91,94,1.54,1010,3.06,4.04,105.18,0.06,29.48,0.44,0.33,1
25.0,88,5.14,1009,8.09,12.19,205.93,5.86,10.59,1.86,2.51,1
13.53,92,3.09,1012,1.81,2.05,121.95,2.48,33.94,0.08,6.26,1
12.33,96,2.24,1011,2.04,2.48,130.89,3.75,42.44,0.27,5.31,1
11.9,96,1.02,1011,3.11,3.86,149.35,6.55,27.39,0.3,5.0,1
33.06,49,2.57,1008,6.17,14.54,159.13,0.94,30.38,0.11,5.41,1
31.25,55,2.06,1010,2.89,4.81,166.7,2.13,8.89,0.12,3.53,1
34.62,33,3.9,1008,4.63,10.06,161.46,0.92,23.02,0.15,4.77,1
2.83,70,2.06,1022,1.11,1.54,129.21,1.3,63.34,0.14,4.62,2
6.11,65,3.09,1020,0.83,1.17,126.74,0.92,72.44,0.22,4.42,2
6.0,77,4.63,1017,2.06,2.44,130.31,0.92,85.0,1.22,0.48,2
27.98,65,2.06,1007,69.44,279.58,322.94,4.96,122.55,23.64,0.0,5
27.97,65,2.06,1007,72.1,294.95,326.82,6.07,118.79,25.56,0.0,5
27.79,53,3.72,1007,77.13,308.25,308.64,5.33,119.6,25.66,0.0,5
19.98,89,1.41,1014,3.56,4.36,105.76,0.38,16.06,0.04,0.19,1
14.81,92,1.36,1016,4.4,6.45,136.47,1.3,26.79,0.29,4.26,1
13.36,96,1.26,1016,9.13,14.77,255.84,2.65,22.86,0.87,9.46,1
27.96,78,3.75,1011,1.02,2.77,85.53,0.09,19.55,0.1,0.01,1
27.89,78,3.75,1011,0.99,2.73,83.09,0.09,19.57,0.1,0.03,1
28.43,77,4.48,1011,0.99,2.89,86.38,0.08,19.3,0.09,0.01,1
27.03,89,2.06,1010,1.0,1.14,75.0,0.52,2.21,0.17,0.88,1
26.99,89,2.06,1010,1.0,1.14,75.0,0.52,2.21,0.17,0.88,1
27.0,89,2.06,1010,0.75,0.82,61.53,0.28,1.74,0.09,0.55,1
13.99,32,2.57,1018,1.06,1.26,60.65,0.81,48.76,0.11,0.31,1
24.01,73,3.6,1012,2.97,3.34,103.6,0.46,29.05,0.05,0.19,1
20.84,40,0.0,1014,1.72,2.21,74.08,1.63,42.66,0.33,0.55,1
15.09,95,5.14,1023,3.43,19.25,60.67,0.73,36.73,0.08,0.03,1
20.94,92,4.63,1022,3.64,21.53,61.55,0.08,57.84,0.07,0.0,2
22.44,73,3.09,1019,2.8,5.32,108.76,4.19,44.05,2.31,0.13,1
27.99,69,2.06,1014,6.05,7.86,117.94,0.22,54.16,0.14,0.0,1
23.96,88,3.6,1014,3.58,4.54,131.87,2.13,67.03,0.47,0.01,2
23.97,88,3.6,1014,3.58,4.54,131.87,2.13,67.03,0.47,0.01,2
6.95,97,0.28,1017,19.84,23.65,459.94,7.95,28.01,1.6,5.75,2
20.96,86,1.51,1012,27.24,29.89,426.96,7.74,28.2,1.09,7.01,3
16.72,94,1.64,1014,25.85,29.19,498.58,9.01,15.98,1.15,7.5,3
13.95,100,0.0,1017,7.09,11.0,133.53,3.01,26.66,0.52,0.06,1
19.82,64,2.86,1018,8.2,10.02,88.43,0.48,30.26,0.39,0.02,1
13.86,100,0.0,1017,7.09,11.0,133.53,3.01,26.66,0.52,0.06,1
10.14,72,3.51,1014,3.23,3.73,112.5,1.42,67.32,0.29,13.78,2
12.99,58,5.0,1015,3.27,4.06,111.3,2.07,36.83,0.53,2.06,1
11.76,66,4.47,1014,2.98,3.79,122.51,1.96,87.61,1.85,14.51,2
29.45,1,3.6,1011,13.59,15.67,169.47,0.68,36.34,0.18,0.18,2
28.83,81,8.29,1011,11.44,14.66,140.52,0.55,21.31,0.18,0.16,2
28.41,83,5.15,1011,20.18,20.81,233.96,1.15,38.31,0.13,1.0,2
11.02,71,6.69,1008,4.22,4.64,136.07,3.57,122.58,1.93,3.36,3
11.5,30,4.63,1007,0.61,0.71,126.49,0.71,97.33,0.27,0.72,2
20.08,29,9.77,1009,0.57,0.84,94.16,0.13,89.69,0.03,0.49,2
26.2,78,4.12,1011,3.95,6.07,138.83,0.56,2.93,0.11,0.33,1
16.49,85,2.31,1016,3.22,5.22,136.79,0.62,18.91,1.15,0.11,1
23.06,77,1.22,1011,3.93,5.54,93.03,0.35,7.22,0.04,0.19,1
26.1,89,0.0,1009,2.25,4.64,77.55,0.08,2.53,0.01,0.11,1
25.96,89,0.0,1009,2.25,4.64,77.55,0.08,2.53,0.01,0.11,1
25.72,89,0.0,1009,2.26,4.54,80.33,0.11,2.73,0.01,0.17,1
26.2,78,4.12,1011,3.95,6.07,138.83,0.56,2.93,0.11,0.33,1
26.04,94,2.06,1012,7.32,18.76,84.1,0.19,36.31,0.16,0.0,1
22.85,98,1.19,1012,8.55,19.49,95.0,0.63,32.66,0.24,0.11,1
13.43,77,1.54,1016,3.96,4.32,104.03,1.26,79.97,0.21,4.97,2
12.19,82,1.03,1016,2.58,3.2,110.0,1.06,83.84,0.2,3.71,2
12.98,69,1.03,1015,5.6,6.35,125.51,4.8,55.79,0.63,15.68,1
27.72,89,3.6,1012,0.82,1.84,84.45,0.15,16.35,0.1,0.01,1
27.31,89,3.6,1012,0.78,1.78,87.15,0.14,15.82,0.09,0.02,1
24.94,84,2.62,1012,1.17,2.65,115.08,0.72,10.23,0.14,0.29,1
20.35,35,4.63,1016,14.32,19.44,265.14,9.91,42.11,0.78,4.71,2
19.31,37,1.16,1016,17.05,22.34,296.19,11.46,41.85,0.9,5.31,2
20.49,32,4.63,1016,14.32,19.44,265.14,9.91,42.11,0.78,4.71,2
26.95,89,1.03,1011,2.5,2.99,106.37,0.06,26.86,0.03,0.02,1
21.6,95,1.75,1012,2.16,2.28,96.83,0.48,9.47,0.11,0.03,1
18.34,95,1.64,1015,6.94,10.57,181.43,1.84,10.85,0.45,2.15,1
16.92,72,2.0,1018,73.63,89.03,553.67,29.69,23.36,15.15,5.32,4
10.94,14,0.71,1014,27.1,39.29,275.47,16.05,50.04,18.68,20.76,3
22.42,82,2.54,1015,27.05,37.18,348.44,31.45,47.09,43.83,0.28,3
15.56,83,3.6,1017,2.68,3.13,143.25,4.26,7.79,0.59,2.35,1
27.03,61,4.12,1011,5.83,6.26,127.93,2.99,20.49,2.04,2.22,1
25.99,57,2.57,1014,7.5,7.94,125.43,1.45,11.38,2.38,0.57,1
19.63,93,2.06,1015,0.58,0.75,86.93,0.42,24.41,0.18,0.0,1
26.93,89,1.54,1011,0.79,0.93,109.14,1.57,28.85,0.17,4.63,1
20.8,96,2.06,1014,0.71,0.93,91.55,0.44,28.0,0.21,0.0,1
25.24,88,3.6,1014,2.43,8.38,98.1,0.35,32.77,0.24,0.3,1
29.16,79,3.09,1015,4.79,12.2,103.11,0.31,52.35,0.51,0.08,1
28.19,78,3.09,1013,3.66,8.14,101.17,0.16,47.12,0.14,0.08,1
23.27,68,5.14,1014,8.27,35.04,98.52,0.33,54.08,0.41,0.0,2
21.75,78,8.23,1015,5.88,26.54,99.53,0.19,54.28,0.33,0.0,2
22.02,83,5.66,1015,7.26,28.58,96.79,0.22,62.24,0.39,0.0,2
27.53,75,6.17,1011,4.68,11.3,118.01,1.05,41.98,0.55,0.41,1
27.61,75,6.17,1011,4.68,11.3,118.01,1.05,41.98,0.55,0.41,1
10.76,71,4.63,1008,1.46,7.19,123.31,0.2,106.94,0.55,0.06,3
15.96,55,11.32,1009,1.57,8.2,123.69,0.19,107.66,0.54,0.09,3
13.88,68,4.12,1009,1.53,7.48,123.65,0.21,107.39,0.57,0.08,3
15.77,51,3.09,1013,5.15,6.27,120.16,3.06,65.47,1.07,23.88,2
11.9,51,4.63,1016,5.78,6.64,120.58,2.54,84.89,1.65,7.2,2
11.31,53,1.54,1016,2.52,3.49,118.38,1.79,80.63,1.07,7.55,2
18.63,32,2.76,1011,1.86,2.45,118.82,3.1,85.24,1.15,17.51,2
14.93,83,5.14,1010,2.96,3.79,127.16,3.84,76.77,1.31,11.76,2
14.94,63,2.85,1016,3.29,3.66,117.73,2.69,76.76,0.2,43.92,2
29.65,65,1.26,1008,8.77,25.9,144.38,0.88,24.75,0.08,3.22,2
26.87,57,2.06,1009,9.76,20.18,300.22,2.84,20.99,0.67,13.03,2
29.3,51,2.0,1008,9.44,21.59,315.15,2.62,21.43,0.46,9.63,2
12.61,96,2.57,1006,30.99,31.3,158.04,9.99,68.99,1.59,5.77,3
10.89,94,3.12,1007,11.63,11.85,139.1,3.08,61.94,0.19,6.26,2
11.6,96,2.42,1007,8.25,8.44,137.78,4.37,57.28,0.54,5.47,1
26.01,76,4.82,1016,1.61,8.87,92.81,1.08,53.0,0.8,0.03,1
28.16,80,2.57,1014,2.48,9.33,96.0,0.22,49.27,0.19,0.0,1
29.76,58,3.09,1014,4.31,10.87,112.88,2.24,28.5,0.42,5.61,1
28.71,79,2.57,1015,2.48,9.33,96.0,0.22,49.27,0.19,0.0,1
22.37,56,1.54,1014,6.16,18.71,104.06,0.85,92.67,0.16,0.64,2
17.93,94,4.12,1014,6.53,18.04,128.93,6.07,65.75,0.78,0.83,2
13.67,82,1.54,1018,14.23,57.32,119.24,2.68,81.96,0.32,0.53,3
11.53,99,0.4,1013,4.55,4.99,248.83,9.76,19.6,1.03,3.93,1
29.93,62,1.54,1009,10.01,21.56,92.93,0.79,48.8,0.41,0.0,2
15.95,67,3.6,1019,2.77,3.53,189.8,7.98,22.21,0.76,1.0,1
7.84,83,1.03,1008,5.61,6.08,130.79,1.6,58.23,0.13,0.72,1
12.14,62,3.6,1008,4.74,4.96,127.38,0.91,80.53,0.09,0.67,2
8.29,89,1.14,1008,8.04,8.49,128.61,0.92,85.74,0.17,1.34,2
16.42,55,5.14,1017,4.18,22.63,122.26,0.94,110.19,1.25,2.86,3
14.9,63,3.09,1016,2.15,10.61,124.17,0.4,101.01,0.26,0.25,3
16.42,51,4.84,1017,4.18,22.63,122.26,0.94,110.19,1.25,2.86,3
17.98,82,6.69,1017,17.7,117.66,107.91,0.18,79.6,0.38,0.21,4
18.01,88,9.26,1015,7.86,41.06,100.64,0.25,61.84,0.48,0.0,2
18.45,80,8.73,1016,10.81,57.6,104.93,0.19,81.86,0.47,0.0,3
14.87,73,2.79,1016,8.75,14.49,131.79,1.75,51.46,0.28,11.0,1
24.77,45,1.27,1011,9.39,17.78,106.18,0.85,51.75,0.24,6.65,1
30.81,30,4.26,1007,16.36,36.76,130.37,1.08,39.59,0.2,2.15,2
14.93,61,2.57,1012,0.5,0.9,103.82,0.59,65.78,0.04,6.52,2
15.63,77,1.54,1014,3.93,5.51,120.24,0.58,114.61,0.45,0.07,3
17.8,83,1.03,1013,8.2,16.79,127.42,3.81,69.95,0.3,2.97,2
12.85,90,2.02,1019,25.39,36.16,578.59,6.64,21.4,1.05,34.25,3
19.35,69,0.44,1013,2.4,4.8,117.32,1.12,9.15,0.09,5.54,1
19.0,37,1.4,1012,17.84,37.34,248.24,3.03,40.83,0.58,9.31,2
10.57,68,2.06,1007,2.81,3.42,128.96,3.2,48.62,0.44,0.99,1
10.47,71,1.79,1007,1.65,2.15,132.21,3.72,56.66,0.66,0.56,1
2.03,65,0.51,1007,0.5,0.78,135.7,1.11,64.33,0.28,5.98,2
28.94,74,3.6,1012,2.86,5.91,60.94,0.03,52.58,0.09,0.0,1
28.99,74,3.6,1012,2.86,5.91,60.94,0.03,52.58,0.09,0.0,1
27.83,61,7.2,1011,2.13,4.86,61.68,0.04,52.16,0.09,0.0,1
14.4,92,1.54,1012,0.92,1.21,108.64,1.9,21.02,0.04,2.94,1
18.0,42,6.06,1016,4.95,7.54,122.56,0.34,99.5,0.72,0.01,2
15.19,56,5.14,1014,3.12,3.93,117.34,0.73,107.17,0.39,1.01,3
28.01,78,2.57,1011,6.58,10.1,97.09,0.16,26.83,0.12,0.05,1
26.98,83,4.12,1012,5.62,13.78,91.46,0.07,28.79,0.16,0.0,1
22.87,92,1.1,1011,2.07,2.17,73.91,0.02,1.35,0.01,0.03,1
14.37,80,4.12,1011,11.13,11.85,133.95,16.04,74.67,7.16,0.12,2
10.83,89,3.6,1012,7.46,8.05,122.04,8.52,30.24,0.75,6.39,1
8.57,84,1.03,1015,1.39,1.79,128.53,3.69,72.16,0.77,4.52,2
11.08,100,2.06,1013,0.72,1.05,105.85,1.52,48.25,0.15,3.74,1
10.99,93,2.57,1004,1.38,1.47,106.84,1.61,72.61,0.28,8.72,2
16.33,65,10.18,1005,1.11,1.22,109.62,2.85,69.44,0.35,11.68,2
27.99,78,2.57,1013,0.58,0.96,109.39,0.1,11.14,0.04,0.01,1
27.99,78,2.57,1013,0.58,0.96,109.39,0.1,11.14,0.04,0.01,1
23.48,98,1.15,1013,1.45,1.58,104.55,0.09,9.32,0.03,0.01,1
10.61,93,1.54,1012,2.09,4.7,125.91,3.0,43.73,0.44,21.59,1
23.72,95,1.91,1012,1.27,2.27,97.98,0.79,7.03,0.2,0.11,1
28.23,89,3.6,1012,0.76,1.9,77.46,0.18,21.16,0.12,0.0,1
30.29,49,6.0,1010,2.11,3.46,139.45,1.43,22.71,0.39,0.73,1
17.22,80,7.72,1016,1.49,3.91,110.75,1.83,63.71,0.41,0.77,2
23.08,73,3.09,1012,27.52,79.01,108.66,1.95,70.85,0.92,0.0,3
23.02,73,3.09,1012,27.6,81.69,105.07,1.95,70.17,0.98,0.0,3
23.01,73,3.09,1012,27.52,79.01,108.66,1.95,70.85,0.92,0.0,3
27.04,78,3.09,1013,2.43,4.76,106.44,0.8,27.96,0.36,0.0,1
27.05,78,3.09,1013,2.43,4.76,106.44,0.8,27.96,0.36,0.0,1
22.42,97,0.57,1014,3.03,4.76,140.68,0.59,3.87,0.11,0.28,1
25.82,73,3.09,1016,2.03,10.03,97.08,0.45,53.82,0.4,0.01,1
25.94,73,3.09,1016,2.03,10.03,97.08,0.45,53.82,0.4,0.01,1
26.02,73,3.09,1016,2.03,10.03,97.08,0.45,53.82,0.4,0.01,1
27.55,82,0.71,1011,6.66,8.03,123.83,0.38,29.87,0.29,0.12,1
25.95,100,2.57,1011,4.76,6.11,107.0,0.07,29.17,0.05,0.02,1
20.88,100,1.12,1012,1.33,1.45,101.44,0.07,3.51,0.01,0.06,1
10.52,61,3.09,1019,0.5,0.63,126.69,0.37,98.69,0.43,0.38,2
10.8,59,0.89,1019,1.96,2.49,127.2,1.57,72.21,1.93,11.23,2
7.14,56,1.17,1020,0.66,0.77,120.14,0.29,116.18,0.93,0.33,3
22.76,87,1.34,1013,8.26,12.29,146.38,0.77,40.12,2.08,3.87,1
24.13,82,1.79,1013,5.89,9.24,128.29,0.44,36.42,1.15,2.0,1
21.54,75,1.34,1013,6.58,10.59,135.88,0.55,38.54,1.53,2.6,1
28.21,84,8.23,1012,2.61,6.3,95.96,0.05,36.37,0.08,0.0,1
28.0,84,8.23,1012,2.61,6.3,95.96,0.05,36.37,0.08,0.0,1
28.67,83,8.23,1012,2.61,5.96,95.95,0.06,36.75,0.08,0.0,1
27.06,74,2.06,1013,20.0,59.58,98.16,0.55,47.9,0.28,0.0,3
26.53,61,5.24,1013,18.03,54.51,103.89,0.21,47.78,0.1,0.11,3
25.61,67,4.79,1013,18.63,58.0,100.15,0.23,50.89,0.15,0.02,3
25.73,89,2.73,1012,2.73,3.34,120.32,1.12,17.57,0.45,0.06,1
24.62,94,1.13,1013,0.96,1.02,115.89,0.38,14.03,0.08,0.02,1
24.72,94,1.72,1013,2.05,2.63,118.58,0.32,20.24,0.1,0.12,1
22.72,73,2.68,1015,29.21,40.14,347.76,25.64,46.24,35.22,0.14,3
22.79,73,2.68,1015,29.21,40.14,347.76,25.64,46.24,35.22,0.14,3
22.32,79,3.09,1015,30.23,40.88,354.21,28.47,43.15,35.43,0.28,3
26.92,57,2.57,1013,23.69,24.94,128.2,0.98,47.44,10.76,0.97,2
30.69,66,7.72,1010,2.87,4.21,228.32,3.82,26.44,0.37,5.06,1
29.9,79,2.57,1011,2.2,2.84,147.32,1.89,37.7,0.29,1.81,1
9.82,81,2.06,1017,6.81,7.54,117.45,2.66,86.37,0.54,9.63,2
15.06,58,2.06,1018,7.22,8.64,130.5,4.68,92.89,1.88,1.56,2
13.51,76,3.09,1017,7.78,8.99,136.24,5.07,93.8,2.02,1.51,2
28.25,83,1.1,1016,2.25,10.75,91.17,0.11,54.37,0.19,0.0,1
27.99,83,0.99,1016,2.25,10.75,91.17,0.11,54.37,0.19,0.0,1
27.51,77,0.99,1014,6.94,12.51,141.43,0.51,62.72,0.38,2.42,2
13.67,50,0.45,1019,4.14,5.03,122.94,1.7,71.37,1.09,6.63,2
7.88,66,0.0,1019,2.67,3.9,132.35,2.65,53.72,0.2,15.83,1
12.25,55,1.75,1020,4.21,5.82,127.58,4.57,52.11,2.03,4.49,1
25.76,91,1.54,1010,7.99,9.22,208.9,1.11,41.94,0.35,1.48,1
26.68,93,1.54,1011,1.36,2.84,111.78,1.05,34.99,0.31,1.6,1
25.36,100,1.54,1010,7.99,9.22,208.9,1.11,41.94,0.35,1.48,1
10.51,90,4.12,1014,5.05,5.58,124.11,2.45,61.48,0.83,6.94,2
10.87,100,1.54,1014,2.16,2.36,130.21,1.2,89.33,0.38,1.3,2
10.97,96,2.21,1015,1.62,1.81,118.93,1.39,50.81,0.35,4.97,1
10.4,89,4.02,1014,3.68,17.12,118.02,0.61,95.05,0.6,2.79,2
16.83,58,3.6,1014,3.35,16.54,122.03,1.37,102.47,1.16,12.3,3
17.16,61,0.89,1014,1.63,7.19,120.6,0.24,114.39,0.71,0.2,3
8.88,81,6.69,1014,4.28,5.06,148.78,4.08,88.09,1.54,0.82,2
29.01,79,3.6,1007,25.49,54.45,108.03,0.06,62.53,0.2,0.0,3
23.03,68,5.14,1003,65.28,84.17,371.14,3.16,106.06,4.12,36.68,4
23.88,87,2.57,1010,23.06,44.48,236.71,7.63,27.47,2.38,8.96,2
30.95,27,11.32,1007,54.39,263.07,107.99,0.3,75.64,0.38,0.45,5
19.56,67,4.92,1008,118.0,615.47,116.71,0.32,106.28,0.98,2.28,5
20.85,60,3.09,1008,204.11,1060.53,117.85,2.55,92.72,6.38,1.7,5
22.62,27,2.06,1013,15.96,34.19,157.68,6.5,80.22,2.59,3.84,2
15.08,58,2.06,1016,9.95,39.09,114.68,1.47,76.34,0.22,3.74,2
14.77,26,4.28,1012,27.54,54.82,160.98,5.37,79.1,1.51,10.61,3
3.81,45,4.12,1014,0.5,1.82,134.16,0.1,114.67,0.28,0.02,3
3.84,45,4.12,1014,0.5,1.82,134.16,0.1,114.67,0.28,0.02,3
3.93,45,4.12,1014,0.5,1.82,134.16,0.1,114.67,0.28,0.02,3
14.14,81,2.06,1020,4.91,8.77,119.49,0.27,113.02,1.16,0.56,3
17.4,54,2.58,1018,4.47,6.64,129.17,1.82,104.34,0.84,0.9,3
14.93,57,1.54,1020,3.38,5.42,119.84,0.39,115.24,0.73,0.86,3
12.14,86,2.06,1012,0.99,3.59,122.58,2.12,34.76,0.08,8.51,1
28.53,74,5.66,1014,2.81,14.71,88.54,0.17,59.23,0.25,0.0,1
28.79,74,5.66,1014,2.93,15.29,88.47,0.15,58.94,0.24,0.0,1
28.96,74,5.66,1014,2.93,15.29,88.47,0.15,58.94,0.24,0.0,1
12.05,71,6.17,1015,3.39,14.95,123.81,0.59,108.77,0.68,2.88,3
12.95,71,6.17,1015,2.61,10.96,126.97,0.53,115.27,0.67,1.72,3
11.92,69,7.0,1014,2.63,11.77,126.48,2.44,104.26,1.12,3.71,3
20.22,92,14.4,998,4.77,6.84,157.19,4.09,70.97,1.53,0.04,2
21.99,88,14.4,999,5.31,8.21,150.91,2.97,70.58,1.31,0.02,2
19.08,60,5.66,1006,4.18,5.37,218.84,3.38,78.47,1.33,0.32,2
15.6,96,0.97,1017,0.5,0.57,86.98,0.55,18.95,0.07,0.21,1
16.55,88,1.58,1015,11.63,18.9,272.69,3.73,14.82,0.46,5.49,2
25.23,88,4.12,1013,5.6,7.6,200.29,1.89,16.81,0.31,0.56,1
14.11,89,0.88,1017,6.78,26.46,92.45,1.02,76.82,0.21,6.51,2
12.51,88,2.0,1017,0.7,1.02,98.04,0.19,55.58,0.1,4.76,1
12.72,42,0.89,1017,0.65,1.15,116.71,0.83,58.69,0.1,3.89,1
28.26,73,2.62,1010,45.1,48.09,1031.21,13.26,29.55,3.35,7.65,3
28.12,74,1.78,1010,13.0,13.67,374.97,2.84,50.6,0.93,1.25,2
27.73,76,1.7,1010,31.15,32.02,404.0,3.67,5.88,0.4,1.15,3
32.0,70,3.09,1009,0.54,1.15,81.24,0.01,7.54,0.02,0.0,1
26.88,75,3.02,1013,5.92,18.13,74.82,0.05,42.86,0.26,0.01,1
27.67,73,5.39,1013,4.93,11.35,79.27,0.07,37.88,0.16,0.04,1
27.94,77,7.27,1013,5.61,16.89,74.58,0.05,43.18,0.24,0.01,1
14.39,40,5.32,1010,19.33,23.19,193.31,5.09,92.74,6.77,2.58,2
13.62,54,1.84,1007,8.17,10.16,204.6,5.96,78.91,14.01,2.38,2
14.09,44,6.55,1011,13.85,18.64,152.44,3.48,102.07,3.87,1.16,3
12.76,71,3.09,1010,15.72,21.85,154.22,3.45,107.31,4.25,1.89,3
14.95,41,5.66,1010,4.77,9.2,156.69,2.48,107.21,2.54,2.23,3
12.95,71,3.09,1010,14.47,21.16,146.68,1.76,111.22,3.13,1.15,3
30.09,26,1.55,1007,39.72,208.93,109.87,1.96,61.42,0.25,0.15,5
30.45,33,1.34,1007,42.83,228.92,106.38,1.03,65.07,0.27,0.15,5
30.37,33,1.34,1007,42.83,228.92,106.38,1.03,65.07,0.27,0.15,5
29.01,79,3.6,1013,2.29,6.77,92.91,0.15,44.03,0.14,0.0,1
29.01,79,3.6,1013,2.29,6.77,92.91,0.15,44.03,0.14,0.0,1
14.28,94,2.0,1016,27.88,114.76,86.23,1.41,72.49,0.27,7.96,4
15.33,88,2.0,1016,2.54,3.25,132.64,3.87,32.69,0.44,4.79,1
13.05,82,2.0,1012,10.64,27.63,116.8,0.31,45.22,0.04,0.37,2
22.97,83,2.06,1011,35.88,38.62,638.03,11.02,25.91,2.15,12.26,3
25.18,79,3.08,1011,76.26,81.12,1527.75,22.79,7.66,2.49,9.17,5
24.06,88,2.25,1011,68.1,70.63,1146.96,14.71,5.95,1.4,3.24,4
13.19,72,10.12,1012,1.51,6.89,121.34,0.75,113.22,0.82,0.2,3
15.95,67,11.54,1012,1.48,6.31,119.21,1.03,107.14,0.89,0.43,3
13.52,60,7.83,1013,1.57,7.18,121.31,0.5,114.05,0.84,0.26,3
26.93,74,3.09,1015,1.85,9.71,91.82,0.35,46.23,0.37,0.02,1
26.13,82,3.09,1015,1.92,10.3,92.3,0.22,44.61,0.27,0.01,1
26.16,92,4.5,1009,0.95,2.89,127.8,1.11,27.03,0.52,0.0,1
26.15,92,3.75,1009,0.95,2.89,127.8,1.11,27.03,0.52,0.0,1
26.08,92,3.02,1009,0.95,2.89,127.8,1.11,27.03,0.52,0.0,1
26.37,87,1.55,1013,0.5,0.94,91.96,0.24,26.63,0.08,0.06,1
22.71,99,1.08,1013,1.52,3.24,128.34,0.9,19.1,0.23,0.52,1
26.59,85,0.42,1013,0.5,0.78,97.0,0.17,23.94,0.05,0.12,1
11.55,48,2.75,1020,8.54,10.1,124.58,1.91,48.15,0.59,0.51,1
10.25,55,1.48,1021,10.17,12.31,159.79,2.22,43.49,0.56,0.92,2
11.56,47,2.45,1020,7.28,8.81,103.29,1.14,55.47,0.54,0.33,1
12.81,55,0.89,1012,2.2,2.78,116.89,2.27,82.0,1.74,14.77,2
11.18,62,1.54,1011,6.1,7.01,125.33,2.01,82.95,1.77,17.93,2
9.01,85,3.01,1010,8.41,9.31,126.94,4.03,80.84,2.19,12.69,2
9.14,90,2.06,1014,1.41,1.71,109.46,1.16,70.02,0.08,6.16,2
9.32,90,1.79,1014,1.36,1.68,109.62,1.26,67.16,0.1,5.45,2
9.84,88,2.06,1014,1.45,1.79,110.3,1.1,76.07,0.12,6.06,2
14.45,81,2.57,1008,7.55,8.19,118.65,1.13,89.6,0.49,8.02,2
12.04,73,2.37,1011,6.43,7.21,120.96,2.18,73.38,0.64,10.61,2
8.95,81,0.51,1009,17.35,18.33,139.4,2.38,90.69,1.37,3.44,2
16.77,54,6.63,1021,4.07,13.66,131.25,0.56,106.76,0.23,0.05,3
16.46,57,4.68,1021,1.88,4.81,124.0,0.37,108.81,0.75,0.1,3
16.08,56,3.89,1022,5.61,31.15,139.17,1.15,85.21,0.07,0.04,2
18.04,77,2.57,1017,2.45,8.18,110.95,1.76,75.62,2.84,0.15,2
13.23,100,0.0,1017,1.92,3.84,108.95,2.43,71.11,2.58,0.2,2
17.08,88,3.09,1016,2.93,4.53,90.64,1.73,41.89,0.16,0.47,1
15.47,78,2.57,1018,5.82,8.42,131.16,0.62,117.05,0.84,0.68,3
7.24,63,1.03,1018,1.64,3.19,133.3,3.12,43.46,0.19,4.32,1
7.95,58,0.83,1018,1.58,2.44,127.5,2.23,40.68,0.14,2.2,1
9.34,60,1.21,1018,1.26,2.55,128.84,2.32,57.81,0.21,6.63,1
10.88,71,3.6,1020,6.81,10.56,126.13,1.08,105.04,2.08,1.17,3
6.23,76,2.0,1020,7.58,11.51,126.81,1.82,109.79,2.24,1.23,3
7.48,93,1.03,1019,8.52,12.36,130.91,3.74,112.28,3.0,1.23,3
14.98,100,2.06,1020,6.14,9.95,152.25,1.53,12.63,0.08,0.28,1
21.0,94,2.06,1018,2.47,5.56,77.75,0.37,22.13,0.06,0.09,1
12.33,86,2.12,1022,3.09,4.14,89.39,0.52,17.68,0.03,0.17,1
29.98,74,12.86,1010,2.05,4.76,81.39,0.01,58.85,0.07,0.0,1
2.9,75,1.03,1022,0.95,1.7,113.85,1.57,61.59,0.11,5.12,2
2.31,73,2.34,1022,0.93,1.71,114.67,1.67,54.4,0.11,4.21,1
5.32,66,1.1,1021,1.07,1.57,112.63,1.32,70.78,0.42,7.17,2
35.3,36,4.12,1009,14.21,45.18,153.98,0.39,31.55,0.05,5.58,2
28.76,55,2.7,1011,1.5,2.38,139.32,0.77,15.68,0.05,2.46,1
34.26,29,2.94,1009,3.63,9.34,143.64,0.46,20.04,0.04,2.37,1
26.98,94,1.54,1010,18.65,21.86,606.77,6.79,17.56,1.67,11.92,2
26.68,69,1.89,1010,10.15,14.45,285.02,3.59,33.87,0.4,5.21,2
25.26,73,1.02,1010,36.98,43.86,1064.24,10.9,0.47,1.72,10.3,3
4.07,38,1.0,1002,1.91,7.37,89.81,0.22,82.54,0.09,0.72,2
8.82,64,7.25,1005,1.49,3.32,96.52,0.56,61.9,0.04,2.17,2
10.67,63,9.55,1008,1.36,3.02,96.33,0.65,82.36,0.2,1.5,2
22.85,73,6.17,1015,32.26,42.36,367.11,34.12,36.97,35.84,0.55,3
22.96,73,6.17,1015,36.14,48.0,379.13,34.77,33.09,36.59,0.0,3
22.82,73,6.17,1015,36.14,48.0,379.13,34.77,33.09,36.59,0.0,3
27.08,89,9.26,1013,3.34,8.64,96.11,0.17,42.82,0.11,0.0,1
26.97,74,3.6,1016,1.62,8.56,91.62,0.5,50.42,0.44,0.03,1
26.95,74,3.6,1016,1.58,8.38,91.54,0.45,49.42,0.4,0.04,1
27.03,74,3.6,1016,1.58,8.38,91.54,0.45,49.42,0.4,0.04,1
25.96,64,7.62,1009,28.37,96.19,102.28,0.26,62.68,0.62,0.04,3
20.93,68,8.44,1012,16.57,56.14,99.42,1.3,64.68,1.1,0.0,3
35.31,15,4.59,1007,51.93,207.62,145.02,0.25,52.51,0.17,0.88,5
15.32,77,2.57,1021,6.11,9.49,119.46,0.19,116.32,3.57,0.0,3
15.2,77,2.57,1021,6.11,9.49,119.46,0.19,116.32,3.57,0.0,3
14.97,77,2.57,1021,6.11,9.49,119.46,0.19,116.32,3.57,0.0,3
21.9,92,4.85,1016,1.38,5.89,61.01,0.07,53.36,0.14,0.0,1
19.37,92,0.45,1016,1.3,5.29,61.05,0.06,53.55,0.12,0.0,1
20.32,92,0.45,1016,1.3,5.29,61.05,0.06,53.55,0.12,0.0,1
28.97,89,6.69,1009,0.54,1.41,102.86,0.05,20.11,0.04,0.0,1
16.97,94,1.98,1018,2.0,3.46,78.17,0.28,24.05,0.07,0.14,1
18.79,81,1.84,1017,2.28,6.06,67.94,0.29,35.01,0.12,0.05,1
15.69,96,1.8,1018,1.03,1.38,74.6,0.4,20.36,0.02,0.12,1
19.97,52,10.29,1012,11.27,13.57,157.34,3.92,70.42,1.35,3.74,2
19.95,54,6.17,1012,1.03,3.27,114.67,0.14,104.09,0.16,0.0,3
17.97,63,10.29,1013,10.71,12.87,144.43,2.42,79.5,1.17,2.48,2
22.9,65,0.0,1010,6.27,6.7,275.51,2.51,21.18,0.47,0.49,1
25.46,94,0.51,1009,5.63,6.0,160.18,0.57,6.82,0.19,0.57,1
25.75,94,0.0,1010,4.48,4.88,231.77,1.05,19.08,0.19,0.54,1
24.55,90,0.51,1017,11.82,18.16,115.42,0.54,48.0,0.41,0.0,2
24.97,94,0.51,1018,11.82,18.16,115.42,0.54,48.0,0.41,0.0,2
19.09,100,1.89,1017,3.83,10.13,64.41,0.18,25.04,0.05,0.03,1
25.39,99,1.69,1013,1.1,4.25,65.32,0.03,40.49,0.09,0.0,1
28.87,70,0.88,1013,1.1,4.25,65.32,0.03,40.49,0.09,0.0,1
28.66,70,1.14,1013,1.0,3.64,65.0,0.03,39.99,0.09,0.0,1
36.16,32,2.57,1007,21.9,65.58,158.28,0.51,46.16,0.14,4.43,3
31.79,19,3.04,1008,43.15,91.58,364.46,2.5,35.11,0.92,16.04,3
31.17,12,2.99,1008,83.37,186.58,990.24,13.12,35.39,4.23,73.08,5
25.13,83,1.54,1011,0.82,2.17,90.02,0.06,19.18,0.06,0.01,1
30.78,15,3.03,1008,14.19,28.3,306.0,2.91,31.67,1.25,9.48,2
25.38,88,2.79,1011,6.82,16.91,243.44,2.25,14.7,0.61,1.49,1
33.09,42,5.81,1008,17.46,19.1,121.67,0.47,50.54,8.45,0.0,2
31.17,60,1.65,1009,14.98,16.3,110.95,0.33,41.94,6.52,0.0,2
33.43,41,5.81,1008,17.56,19.39,124.85,0.59,51.08,4.58,0.0,2
13.08,96,2.06,1011,2.89,3.96,147.48,9.22,43.52,0.86,6.06,1
13.42,85,3.09,1011,3.78,4.54,152.78,15.04,38.35,1.59,5.99,1
13.75,94,2.57,1011,3.43,5.1,154.68,11.74,41.79,0.93,7.51,1
7.18,61,1.17,1005,5.51,8.87,128.73,4.09,85.37,2.61,0.54,2
2.27,87,1.03,1010,0.67,2.54,128.39,0.43,104.71,0.88,0.06,3
2.22,84,0.45,1003,0.5,0.96,115.52,0.23,73.1,0.15,0.68,2
16.25,100,1.03,1012,31.67,37.44,432.71,7.29,63.45,6.56,10.69,3
16.89,84,0.64,1012,22.51,26.41,412.15,4.1,69.37,2.86,14.84,2
20.37,90,1.21,1009,35.59,42.13,462.14,6.97,67.93,6.56,14.65,3
18.31,68,2.68,1034,3.73,6.24,66.34,0.48,61.11,0.87,0.01,2
8.11,93,2.57,1031,4.63,7.31,81.59,1.06,44.46,0.38,0.09,1
15.01,75,10.29,1033,4.25,6.38,92.8,1.53,38.81,0.36,0.31,1
34.99,17,2.57,1004,35.43,112.09,121.42,1.66,77.4,2.06,0.19,4
35.05,17,2.57,1004,33.84,106.84,116.3,1.34,89.22,2.19,0.3,4
35.0,17,2.57,1004,35.89,114.24,119.51,1.41,78.17,1.91,0.24,4
26.86,85,2.57,1010,1.49,1.67,127.91,0.89,37.71,0.28,0.73,1
26.75,88,2.06,1010,1.72,2.0,137.76,1.33,36.88,0.5,0.83,1
27.02,87,2.06,1010,1.72,2.0,137.76,1.33,36.88,0.5,0.83,1
23.28,75,3.6,1012,6.06,15.29,69.51,0.05,52.12,0.38,0.0,1
20.1,83,3.6,1012,6.06,15.29,69.51,0.05,52.12,0.38,0.0,1
17.12,44,1.54,1015,14.1,22.6,76.6,0.53,74.95,1.46,0.0,2
30.9,66,6.71,1011,0.72,3.04,59.5,0.08,40.75,0.08,0.0,1
30.96,66,6.71,1011,0.83,3.8,59.43,0.08,40.4,0.08,0.0,1
30.8,66,6.71,1011,0.79,3.67,59.28,0.06,39.56,0.07,0.0,1
28.32,76,3.74,1010,2.88,8.93,62.66,0.05,25.85,0.14,0.0,1
27.75,67,1.3,1011,0.57,0.78,33.88,0.02,1.11,0.02,0.02,1
28.04,73,1.28,1010,3.0,3.78,62.82,0.06,17.92,6.39,0.0,1
29.09,63,1.54,1012,6.08,9.44,179.28,6.06,34.13,4.36,3.34,1
27.05,94,1.03,1011,20.93,22.6,443.79,9.28,22.13,1.87,35.32,2
29.25,64,1.54,1012,5.57,9.12,154.41,5.42,36.75,4.58,2.52,1
24.99,65,2.06,1003,69.38,87.29,450.21,4.14,97.51,5.69,65.63,4
30.09,45,2.06,1001,35.11,94.52,130.57,0.25,105.16,0.59,0.03,3
22.08,64,2.06,1005,18.56,34.77,270.8,6.37,65.53,1.41,73.14,2
14.56,54,3.92,1014,6.87,8.96,148.89,5.23,69.18,4.26,19.89,2
10.1,62,1.03,1016,1.77,2.32,105.97,2.18,38.13,0.26,8.81,1
13.93,55,4.13,1013,2.67,3.38,114.51,1.41,86.38,0.86,7.8,2
28.52,66,4.63,1016,1.92,9.37,94.45,0.17,51.28,0.22,0.0,1
27.77,70,1.79,1016,2.05,10.22,94.38,0.15,51.03,0.21,0.0,1
26.92,76,4.63,1016,2.02,10.15,94.1,0.15,51.32,0.21,0.0,1
16.48,59,5.68,1015,5.66,30.51,122.61,0.74,97.58,0.98,1.05,2
16.54,59,4.97,1015,6.26,34.69,121.64,0.66,99.24,1.15,0.8,2
16.39,60,5.68,1015,5.66,30.51,122.61,0.74,97.58,0.98,1.05,2
13.04,76,3.13,1016,0.65,1.74,123.74,0.65,108.46,0.51,0.0,3
13.73,77,3.6,1015,0.51,1.23,120.93,0.86,103.71,0.56,0.15,3
9.39,97,1.01,1016,0.5,1.16,121.31,0.75,105.93,0.57,0.05,3
18.01,97,0.89,1014,4.35,6.05,85.49,1.14,31.03,0.28,0.21,1
21.26,100,1.03,1016,7.38,8.48,203.18,3.5,24.1,0.33,0.57,1
17.93,97,0.89,1014,4.77,6.48,88.74,1.15,32.48,0.33,0.22,1
28.74,36,4.63,1006,70.33,247.53,209.48,5.02,106.35,11.05,0.02,5
29.51,34,4.63,1006,70.33,247.53,209.48,5.02,106.35,11.05,0.02,5
30.03,30,2.57,1006,71.47,251.72,227.52,7.12,106.74,12.96,0.04,5
22.84,74,3.6,1016,1.39,6.72,60.05,0.05,54.68,0.08,0.0,1
23.08,72,0.84,1017,1.45,6.89,59.34,0.05,53.03,0.09,0.0,1
21.82,64,3.09,1016,1.41,6.65,59.85,0.04,53.59,0.07,0.0,1
7.16,71,3.6,1019,2.07,2.77,132.14,1.45,61.8,0.37,1.43,2
10.3,50,2.06,1018,1.11,1.92,126.29,1.71,61.21,0.2,5.3,2
5.7,67,6.28,1017,2.63,3.13,133.54,1.07,96.46,2.2,0.59,2
9.31,66,2.06,1020,2.06,3.29,119.15,4.07,40.81,0.22,2.44,1
3.99,81,2.06,1022,2.37,4.07,135.81,3.61,60.71,1.06,8.1,2
9.67,63,1.19,1019,3.38,4.42,107.17,2.12,38.48,0.61,3.51,1
13.54,52,3.45,1011,3.17,3.39,119.65,0.93,53.51,0.26,0.43,1
9.95,85,0.74,1007,5.49,5.93,116.9,1.29,41.52,0.1,0.95,1
3.87,56,3.0,1019,1.07,1.42,138.29,0.47,83.48,0.12,1.58,2
17.07,100,1.79,1017,28.13,34.6,512.54,2.51,1.26,0.3,0.91,3
16.97,98,1.08,1017,7.04,11.76,232.8,1.16,6.0,0.15,0.44,1
14.08,96,1.63,1016,7.98,12.49,262.77,1.62,8.57,0.18,0.63,1
28.0,41,2.86,1008,27.73,51.2,97.08,2.26,93.53,5.18,0.0,3
25.12,17,2.46,1011,13.91,32.42,123.89,10.02,67.27,30.97,0.38,2
28.36,31,0.64,1009,41.79,67.5,107.32,4.36,109.64,8.83,0.0,3
30.37,69,2.69,1010,0.69,2.05,62.89,0.01,22.9,0.04,0.0,1
30.48,66,2.45,1011,0.69,2.05,62.89,0.01,22.9,0.04,0.0,1
30.08,69,3.26,1010,0.61,1.71,62.42,0.01,22.95,0.03,0.0,1
28.0,78,1.54,1010,0.5,0.53,70.47,0.06,17.23,0.03,0.0,1
33.4,8,3.9,1007,26.98,115.24,100.4,0.29,57.73,0.13,1.05,4
33.23,8,4.31,1007,26.53,114.28,100.88,0.25,57.69,0.13,0.98,4
33.29,8,4.31,1007,26.53,114.28,100.88,0.25,57.69,0.13,0.98,4
6.22,80,1.75,1007,2.33,2.78,132.97,2.23,71.39,0.52,0.15,2
10.4,64,2.57,1006,5.06,5.4,136.04,2.2,76.05,0.42,1.76,2
12.93,94,7.79,1006,26.81,27.21,146.94,8.98,75.98,1.75,4.96,3
25.97,91,1.03,1009,4.62,5.01,146.05,0.61,7.7,0.19,0.64,1
25.97,89,1.03,1010,4.62,5.01,146.05,0.61,7.7,0.19,0.64,1
26.0,89,1.03,1010,4.62,5.01,146.05,0.61,7.7,0.19,0.64,1
7.75,83,1.03,1018,5.8,6.75,122.67,3.74,62.21,0.71,8.41,2
11.44,70,1.8,1017,6.6,7.71,108.48,3.36,55.4,0.35,5.21,1
10.82,77,1.17,1018,7.53,8.62,117.93,4.09,80.62,1.21,6.4,2
10.89,56,1.54,1016,4.56,5.27,117.18,1.49,72.81,0.43,6.9,2
8.61,52,1.54,1019,2.86,4.05,124.57,2.24,38.74,0.2,13.89,1
11.06,57,1.54,1017,4.56,5.27,117.18,1.49,72.81,0.43,6.9,2
26.23,87,2.12,1013,0.68,1.4,95.67,0.77,24.01,0.34,0.04,1
24.66,93,0.96,1014,0.68,1.24,99.26,0.89,24.17,0.33,0.13,1
24.57,93,0.8,1014,1.08,1.92,107.86,0.68,23.55,0.17,0.32,1
22.92,85,1.34,1012,17.86,64.3,97.89,1.15,67.87,0.57,0.0,3
24.96,49,4.85,1011,39.42,141.34,167.56,1.33,75.26,0.76,0.54,4
22.89,85,1.34,1012,19.17,66.49,97.9,1.59,67.13,0.71,0.0,3
27.26,81,5.02,1010,0.57,1.89,63.77,0.03,15.67,0.05,0.01,1
21.3,70,1.94,1012,6.31,12.08,186.52,2.17,9.45,0.2,7.17,1
22.63,64,1.35,1011,1.38,2.98,94.72,0.6,11.47,0.03,1.09,1
27.95,78,1.54,1013,2.22,2.49,113.09,0.98,17.08,0.33,0.01,1
27.96,78,1.54,1013,1.66,1.83,107.51,0.65,14.99,0.21,0.01,1
24.55,67,1.77,1009,3.32,4.92,146.41,0.74,15.93,0.1,1.11,1
30.8,40,2.53,1007,9.86,21.16,133.32,0.35,25.74,0.05,1.53,2
20.88,75,1.3,1011,6.48,7.84,136.35,0.35,5.38,0.04,0.15,1
30.02,84,6.17,1012,4.03,11.52,93.68,0.04,25.76,0.17,0.0,1
25.05,79,2.06,1012,3.43,4.31,105.05,0.12,36.85,0.12,0.0,1
24.94,83,2.06,1013,3.43,4.31,105.05,0.12,36.85,0.12,0.0,1
29.15,72,2.38,1009,21.13,22.3,117.36,0.36,47.91,5.17,0.0,2
12.22,65,8.71,1009,1.19,3.72,121.19,0.69,108.08,1.7,0.49,3
12.85,52,2.24,1012,1.88,6.65,124.1,3.5,93.0,1.69,2.76,2
12.69,54,9.48,1010,0.94,2.86,110.18,2.44,96.32,1.48,1.33,2
18.04,92,2.04,1019,26.75,28.46,149.1,2.27,51.28,2.85,0.0,3
14.38,97,2.14,1021,30.8,33.56,164.87,4.37,52.97,4.51,0.34,3
27.67,86,4.69,1015,11.97,17.44,127.74,0.55,74.92,0.68,0.32,2
33.98,33,2.06,1006,18.63,34.91,206.92,1.24,37.12,0.27,5.13,2
31.32,20,2.42,1007,6.77,15.54,105.03,0.31,15.78,0.03,3.39,1
28.48,12,1.45,1008,14.79,43.45,116.86,0.39,34.04,0.12,0.8,2
29.06,84,3.09,1010,0.66,1.28,82.84,0.21,20.7,0.11,0.09,1
25.43,78,1.43,1011,1.71,2.95,137.1,1.31,13.17,0.17,0.5,1
29.47,57,2.52,1010,1.86,2.95,138.82,1.17,18.43,0.15,0.62,1
27.96,68,3.32,1009,7.3,8.3,191.89,2.25,17.4,0.4,0.97,1
32.25,63,2.06,1009,6.05,6.98,170.31,1.88,18.91,0.37,0.71,1
27.97,83,2.57,1009,8.26,9.59,226.58,2.92,17.72,0.57,2.36,1
13.06,82,3.0,1018,8.73,30.87,244.66,1.76,50.39,0.16,10.85,2
15.78,65,0.98,1015,1.35,3.04,127.85,0.2,67.8,0.07,3.5,2
12.8,87,0.55,1017,1.12,1.74,135.2,0.49,59.14,0.21,12.0,1
27.77,67,0.77,1012,2.23,4.65,197.27,1.82,11.18,0.6,0.65,1
26.42,76,1.67,1013,1.53,4.18,130.86,1.08,20.69,0.41,0.5,1
27.11,74,1.21,1013,1.04,3.64,74.88,0.28,24.03,0.14,0.19,1
17.92,59,2.06,1013,9.12,23.52,157.49,3.93,74.91,1.24,7.98,2
14.99,77,3.09,1015,32.38,180.55,117.36,0.73,59.22,0.12,12.95,4
16.97,55,4.12,1016,33.17,175.74,141.5,0.42,96.85,0.08,4.87,4
19.8,60,2.57,1017,14.22,34.89,119.56,0.91,98.16,1.65,0.35,2
18.08,72,4.12,1020,16.05,59.45,174.24,1.25,120.81,3.59,0.07,3
16.88,67,6.57,1019,12.52,32.4,138.51,0.67,122.27,2.58,0.0,3
25.18,73,3.6,1014,1.07,6.25,61.2,0.03,50.36,0.05,0.0,1
10.28,68,6.17,1013,2.52,3.47,130.98,0.82,110.92,2.73,0.78,3
6.12,87,0.45,1004,0.71,0.79,120.88,1.2,71.45,0.17,0.89,2
8.16,85,3.26,1012,1.14,1.26,121.94,0.98,91.33,0.95,0.44,2
25.71,79,3.09,1014,1.59,6.56,110.42,0.28,28.15,0.06,0.35,1
25.6,79,2.39,1013,1.61,6.47,112.39,0.25,27.5,0.06,0.32,1
25.57,79,2.39,1013,1.61,6.47,112.39,0.25,27.5,0.06,0.32,1
19.2,89,5.66,1018,8.09,9.81,281.44,14.22,41.51,9.16,2.2,1
20.42,66,5.66,1018,8.09,9.81,281.44,14.22,41.51,9.16,2.2,1
24.5,73,6.17,1014,27.74,35.46,297.73,15.85,60.31,25.47,0.01,3
23.24,96,2.42,1013,2.01,2.37,72.4,0.28,10.41,0.03,0.06,1
20.83,75,3.78,1013,2.71,4.59,121.35,1.04,6.15,0.07,0.24,1
18.78,81,3.28,1015,0.5,0.5,71.4,0.18,17.44,0.02,0.1,1
11.2,66,2.65,1018,2.33,2.94,118.45,1.29,48.94,0.29,2.36,1
8.1,52,0.81,1019,2.2,3.03,130.8,1.45,48.94,0.2,4.77,1
9.74,48,4.33,1017,2.37,2.68,129.93,0.56,82.12,1.03,1.07,2
17.31,96,0.39,1014,8.56,11.71,184.53,3.15,18.88,0.29,4.06,1
17.32,96,0.39,1014,8.56,11.71,184.53,3.15,18.88,0.29,4.06,1
17.64,96,0.39,1014,7.83,10.15,172.43,2.59,25.59,0.26,3.82,1
15.74,28,6.17,1010,1.65,2.4,153.5,6.59,89.98,1.92,1.51,2
17.99,66,6.17,1012,1.51,4.03,116.11,0.16,105.9,0.3,0.0,3
15.58,28,7.72,1011,1.56,2.21,153.43,6.23,89.05,1.66,1.28,2
12.66,67,2.57,1018,3.09,5.67,78.85,0.74,59.19,1.32,0.22,1
12.7,70,2.06,1016,2.06,3.68,111.43,1.85,39.12,0.24,0.78,1
9.96,72,3.51,1017,3.05,4.62,102.89,1.51,40.84,0.16,0.79,1
15.55,83,2.89,1016,2.18,3.22,132.12,1.93,32.78,0.17,13.52,1
15.15,74,0.98,1016,0.59,0.86,109.01,0.16,61.8,0.07,4.95,2
15.45,82,1.49,1015,0.86,2.12,117.13,0.65,62.47,0.11,8.23,2
26.93,74,5.14,1015,2.02,11.12,97.33,0.3,38.63,0.26,0.02,1
26.78,74,5.14,1015,1.89,10.3,96.85,0.26,38.8,0.24,0.02,1
22.72,78,2.06,1013,2.79,4.26,147.67,1.44,26.97,0.35,2.02,1
28.31,77,4.87,1010,3.72,4.1,170.58,1.43,39.55,0.16,1.48,1
26.96,90,2.07,1012,3.82,4.6,173.04,1.39,13.39,0.1,2.13,1
26.75,78,4.12,1016,1.81,9.08,94.17,0.11,51.71,0.18,0.0,1
27.1,77,7.07,1016,1.8,8.31,95.11,0.18,52.44,0.23,0.0,1
29.01,81,3.09,1010,32.92,38.68,869.2,15.11,18.23,4.04,7.52,3
21.0,82,3.99,1017,12.5,13.24,364.62,4.69,37.18,1.4,2.08,2
19.99,94,2.06,1016,13.77,15.41,365.71,12.7,41.45,5.69,3.5,2
29.1,79,5.14,1011,6.72,8.73,63.37,0.01,36.85,5.34,0.0,1
28.84,65,1.22,1009,0.5,0.5,63.45,0.02,15.21,0.01,0.0,1
3.47,73,0.51,1022,1.29,2.36,119.91,1.97,72.67,0.27,8.73,2
5.71,60,1.54,1022,1.53,2.87,126.25,3.51,65.29,0.28,8.0,2
4.23,72,1.63,1022,1.34,2.46,124.34,2.33,73.61,0.31,6.9,2
19.98,31,1.16,1015,23.05,40.67,113.65,3.24,48.27,5.88,9.51,2
28.38,57,2.32,1008,12.02,26.53,106.74,0.61,66.07,0.92,0.0,2
24.3,62,1.12,1012,17.3,40.15,114.04,1.94,67.74,2.86,0.0,2
25.89,78,1.54,1013,3.3,7.72,75.43,0.05,38.91,0.12,0.05,1
25.84,78,1.54,1013,3.3,7.72,75.43,0.05,38.91,0.12,0.05,1
25.76,78,1.54,1013,3.3,7.72,75.43,0.05,38.91,0.12,0.05,1
13.84,85,0.21,1019,23.16,28.06,288.19,7.8,31.84,1.55,1.04,2
16.66,93,6.17,1012,1.21,2.76,63.23,0.06,50.63,0.15,0.0,1
21.41,93,2.24,1014,24.18,35.55,202.97,3.01,47.73,2.54,0.05,2
16.77,79,2.38,1017,3.52,5.7,90.3,0.56,22.6,0.08,0.24,1
15.94,84,1.48,1017,2.82,4.28,91.45,0.54,24.65,0.22,0.17,1
15.0,85,2.24,1017,2.7,4.0,85.58,0.43,25.54,0.22,0.15,1
16.01,82,4.14,1019,4.02,5.75,95.02,0.71,37.16,0.34,0.28,1
16.77,68,3.57,1019,8.21,9.88,97.36,0.59,27.71,0.26,0.08,1
16.48,78,3.83,1019,4.1,5.86,92.64,0.67,35.37,0.29,0.19,1
9.67,89,1.79,1013,0.83,1.91,111.14,1.97,64.28,0.07,5.44,2
9.89,89,1.79,1013,0.83,1.91,111.14,1.97,64.28,0.07,5.44,2
26.84,57,3.53,1004,55.24,183.6,147.37,3.57,110.19,2.42,0.0,4
28.02,65,1.54,1005,65.52,236.93,145.04,1.59,139.51,6.08,0.0,5
27.0,61,2.57,1004,52.69,168.43,156.31,6.49,99.51,3.15,0.64,4
13.13,39,1.31,1014,4.58,8.04,346.59,3.47,68.33,0.2,6.21,2
17.61,25,1.36,1011,8.85,28.87,219.05,1.09,71.1,0.04,0.55,2
20.6,35,0.72,1012,3.78,11.58,110.37,0.97,63.86,0.09,1.48,2
26.21,77,2.57,1015,2.37,10.94,96.51,0.66,47.07,0.59,0.03,1
10.53,62,2.06,1019,7.11,10.18,121.8,3.25,111.48,2.53,1.83,3
11.23,67,2.73,1019,10.41,14.12,134.73,3.96,99.62,2.2,0.93,2
13.6,74,1.94,1019,54.61,59.79,124.97,1.68,102.42,15.39,0.0,4
13.09,44,4.12,1009,0.94,1.49,112.87,1.19,85.97,0.07,2.69,2
5.84,75,0.51,1011,0.66,0.82,105.83,1.3,71.97,0.14,12.15,2
7.26,70,2.27,1009,0.83,1.32,107.74,1.46,68.53,0.1,6.52,2
26.0,89,2.06,1013,11.51,39.9,70.13,0.04,36.61,0.15,0.0,2
15.92,88,0.0,1017,16.58,69.12,76.42,0.38,32.74,0.14,0.15,3
17.89,72,2.06,1017,3.88,5.18,101.24,2.45,18.58,0.17,0.34,1
16.94,74,3.02,1011,10.02,16.2,166.24,4.51,35.61,0.38,1.15,2
20.39,66,1.34,1009,10.24,18.54,174.87,4.18,50.91,0.2,1.23,2
17.91,78,1.54,1007,12.35,20.25,213.94,5.09,46.04,0.46,1.03,2
15.99,58,5.14,1010,5.78,7.26,124.79,4.89,69.91,1.0,12.04,2
11.65,73,0.51,1012,8.4,10.17,125.61,4.99,70.24,0.65,6.23,2
18.24,55,4.12,1011,3.59,4.19,116.01,3.61,54.25,0.06,6.02,1
18.16,60,7.72,1019,0.9,2.96,63.47,0.41,41.35,0.13,0.16,1
14.35,78,5.66,1019,1.07,3.85,65.4,0.08,54.39,0.08,0.01,1
22.25,86,4.63,1018,1.27,2.05,55.91,0.63,13.32,0.12,0.19,1
27.97,74,12.07,1009,4.19,14.38,115.85,1.85,48.98,1.92,0.2,1
27.83,79,12.07,1009,4.19,14.38,115.85,1.85,48.98,1.92,0.2,1
27.89,74,12.07,1009,4.19,14.38,115.85,1.85,48.98,1.92,0.2,1
10.03,93,5.14,1008,3.78,9.96,133.47,2.71,77.87,0.97,0.57,2
11.33,91,7.52,1009,4.02,11.59,132.69,2.55,73.39,0.85,1.3,2
11.48,100,3.09,1008,2.69,6.76,100.06,1.17,74.37,0.11,4.52,2
8.95,71,1.54,1018,3.25,4.49,125.46,1.83,86.78,0.49,1.98,2
8.74,76,2.06,1016,9.52,12.45,128.1,4.44,78.53,0.86,10.65,2
9.89,81,1.81,1018,5.63,8.07,130.09,3.18,65.14,0.46,2.19,2
26.27,78,4.12,1014,2.67,11.3,107.85,0.04,34.64,0.1,0.07,1
22.99,88,1.54,1010,10.78,15.86,308.94,7.28,2.43,1.24,4.81,2
24.09,91,2.78,1010,2.46,5.58,99.86,0.13,24.78,0.1,0.24,1
23.0,88,1.54,1010,12.85,18.66,349.25,8.19,0.79,1.42,5.14,2
13.33,93,2.57,1011,3.86,4.32,129.23,5.17,13.0,0.19,7.92,1
13.41,94,3.09,1012,9.73,10.27,158.0,14.86,22.82,1.06,10.57,1
12.01,91,3.08,1012,10.94,11.64,155.24,8.54,50.04,1.13,3.55,2
30.06,51,4.12,1009,8.76,21.47,162.4,1.32,36.08,0.13,5.06,2
25.25,69,2.06,1010,5.13,8.89,188.14,2.31,14.76,0.22,4.26,1
36.33,26,1.6,1009,9.7,24.82,178.29,1.33,32.41,0.29,5.61,2
5.83,81,2.06,1018,1.67,2.48,113.35,2.52,55.2,0.38,8.3,1
12.11,76,3.09,1016,2.83,3.43,112.74,1.22,66.85,0.82,6.84,2
5.96,70,1.03,1015,4.39,5.01,123.51,1.7,60.26,0.38,1.76,2
28.98,45,1.03,1004,78.69,216.38,241.05,6.31,166.41,64.88,0.0,5
28.97,45,1.03,1004,79.27,219.64,235.4,6.71,165.37,64.63,0.0,5
28.79,45,4.07,1004,77.31,232.62,205.85,5.32,157.03,55.9,0.0,5
21.47,87,1.48,1014,2.52,3.52,104.26,0.53,10.4,0.05,0.31,1
14.56,95,1.34,1016,4.28,6.43,162.7,1.97,17.09,0.41,4.66,1
13.42,97,0.99,1016,8.92,14.65,346.9,4.84,11.7,1.08,10.23,1
28.54,81,4.83,1010,1.17,2.24,95.63,0.07,20.19,0.05,0.01,1
28.04,82,3.78,1010,1.1,2.19,91.13,0.07,20.17,0.06,0.01,1
27.94,82,3.33,1010,1.39,3.32,94.15,0.07,19.78,0.08,0.0,1
24.03,100,2.06,1009,0.56,0.58,79.57,0.27,2.81,0.06,0.56,1
23.99,100,2.06,1009,0.56,0.58,79.57,0.27,2.81,0.06,0.56,1
24.0,100,2.06,1009,0.53,0.54,72.26,0.16,2.39,0.04,0.37,1
13.99,47,2.57,1017,2.1,2.8,62.9,1.11,54.11,0.17,0.32,1
25.01,78,7.2,1010,1.4,1.61,89.7,0.41,18.29,0.04,0.29,1
21.84,37,2.06,1011,1.87,2.55,66.35,1.5,55.1,0.38,0.47,1
18.77,92,3.09,1022,7.25,20.25,109.81,2.69,45.09,1.21,0.23,2
22.94,71,4.63,1019,3.03,15.51,64.15,0.1,55.33,0.08,0.03,1
20.64,73,3.09,1023,3.42,6.45,108.99,5.04,39.8,0.72,0.34,1
26.99,69,3.6,1013,3.33,4.85,131.22,0.23,59.32,0.08,0.02,1
24.96,73,7.72,1014,4.39,7.31,138.06,0.69,104.27,0.61,0.01,3
24.97,73,7.72,1014,4.39,7.31,138.06,0.69,104.27,0.61,0.01,3
7.65,91,0.94,1017,42.66,45.54,688.61,11.47,32.58,1.78,9.96,3
20.67,81,2.57,1012,24.56,26.64,354.07,6.68,39.73,1.04,6.65,2
15.07,93,2.15,1015,29.2,32.12,532.63,10.95,20.0,1.61,9.0,3
20.02,63,2.01,1012,5.51,7.14,118.7,3.13,28.08,0.45,0.1,1
22.16,51,3.08,1014,5.66,7.18,87.32,0.61,27.83,0.36,0.03,1
19.82,63,1.78,1012,5.51,7.14,118.7,3.13,28.08,0.45,0.1,1
10.89,65,2.49,1010,3.8,4.29,114.68,1.23,80.48,0.57,11.71,2
13.99,47,4.0,1011,3.04,3.5,112.0,1.45,56.09,1.09,4.85,1
13.64,83,1.77,1012,6.88,8.39,127.39,3.8,65.1,1.84,23.58,2
29.45,1,4.12,1010,3.23,5.46,103.15,0.22,32.37,0.14,0.08,1
29.04,80,5.63,1011,3.01,6.61,98.68,0.23,33.44,0.18,0.08,1
31.12,59,4.6,1010,2.91,4.0,114.17,0.28,33.7,0.18,0.38,1
19.56,36,8.75,1000,5.44,5.83,144.38,4.69,113.94,1.87,2.91,3
15.92,62,4.63,1003,2.19,2.31,126.78,0.64,107.78,0.53,1.71,3
12.87,27,9.26,1014,0.5,0.5,108.08,0.13,91.01,0.03,0.94,2
27.2,78,1.03,1012,3.93,7.22,154.75,0.67,3.42,0.13,0.3,1
16.74,77,0.52,1015,3.22,4.64,142.36,0.72,8.16,0.55,0.09,1
23.01,78,0.76,1011,4.0,5.14,113.01,0.51,7.83,0.05,0.08,1
23.1,94,0.0,1009,1.83,2.51,82.02,0.04,2.34,0.0,0.05,1
22.96,94,0.0,1009,1.83,2.51,82.02,0.04,2.34,0.0,0.05,1
22.72,94,0.0,1009,1.86,2.56,81.29,0.06,2.25,0.01,0.09,1
27.2,78,1.03,1011,3.93,7.22,154.75,0.67,3.42,0.13,0.3,1
24.58,91,1.72,1012,6.29,13.27,87.98,0.2,35.39,0.06,0.0,1
23.09,97,1.47,1012,6.35,9.38,144.43,1.83,26.89,0.46,0.6,1
10.66,88,1.03,1012,1.14,1.3,102.85,0.94,83.93,0.13,3.63,2
11.19,100,0.51,1013,3.68,4.28,116.91,5.22,30.98,0.27,11.55,1
12.48,94,0.51,1012,5.38,6.0,140.54,8.18,53.25,0.89,14.39,1
28.72,84,3.09,1011,0.99,2.63,85.9,0.21,17.62,0.14,0.0,1
28.31,84,3.09,1011,0.9,2.47,85.51,0.2,18.0,0.13,0.0,1
26.22,67,1.13,1011,2.7,5.93,151.93,1.45,7.73,0.27,0.51,1
18.39,40,2.57,1014,24.9,32.59,405.32,16.89,40.88,0.58,6.4,2
17.93,39,0.83,1014,24.3,30.89,408.76,16.31,36.79,0.59,4.92,2
18.42,39,2.57,1014,24.9,32.59,405.32,16.89,40.88,0.58,6.4,2
26.95,94,1.54,1010,4.12,4.63,116.29,0.03,26.04,0.03,0.11,1
23.74,94,2.06,1012,1.95,2.07,106.4,0.54,10.8,0.15,0.04,1
18.99,85,0.58,1014,4.51,6.46,179.23,1.51,8.45,0.23,0.23,1
19.92,64,3.0,1016,67.91,80.22,392.07,20.27,25.14,11.74,6.39,4
16.94,51,1.12,1006,127.63,144.42,370.78,20.28,55.12,24.55,19.23,5
20.96,91,3.05,1014,22.45,28.38,285.39,2.38,94.89,3.87,0.0,2
15.47,73,1.71,1016,5.29,5.83,153.78,3.82,16.86,0.51,2.34,1
27.03,61,4.12,1009,4.86,5.27,119.85,1.68,22.8,0.91,1.59,1
25.99,61,4.12,1015,12.24,12.83,142.3,2.78,18.11,4.98,1.74,2
20.56,94,1.34,1015,0.71,0.95,88.77,0.36,32.64,0.25,0.0,1
28.93,84,4.63,1010,1.88,2.13,113.17,1.2,40.19,0.2,3.95,1
21.1,94,1.03,1016,0.79,1.03,90.49,0.34,30.37,0.21,0.0,1
27.24,83,2.06,1013,2.23,5.82,93.88,0.21,43.91,0.24,0.18,1
29.16,70,3.09,1013,3.08,6.45,102.91,0.23,52.72,0.2,0.37,1
23.19,88,2.57,1014,5.66,6.91,114.39,0.08,49.03,0.1,0.04,1
24.27,73,1.54,1014,10.54,41.07,95.88,0.31,58.32,0.35,0.0,2
22.75,78,4.63,1015,6.81,23.9,97.48,0.27,57.3,0.28,0.0,2
22.02,88,6.17,1014,7.74,29.98,95.65,0.29,60.55,0.37,0.0,2
28.08,76,7.2,1010,6.38,13.79,126.98,1.52,53.18,1.33,0.53,1
28.16,76,7.2,1010,6.38,13.79,126.98,1.52,53.18,1.33,0.53,1
11.76,82,0.0,1010,2.73,7.8,123.65,0.3,117.64,1.59,0.23,3
12.96,88,2.57,1010,4.54,13.69,121.98,0.28,123.03,2.37,0.29,3
14.16,72,3.09,1010,3.19,9.27,123.35,0.29,119.91,1.68,0.19,3
15.47,78,4.63,1011,2.92,3.92,126.02,4.28,60.84,0.7,29.43,2
14.83,49,5.14,1011,4.87,5.94,125.93,4.48,87.01,1.82,8.37,2
14.29,67,1.45,1013,2.63,3.24,110.35,1.53,92.25,1.83,6.64,2
14.76,81,2.57,1012,2.08,2.77,128.97,7.37,45.18,0.75,16.71,1
10.27,86,2.57,1013,3.48,4.07,132.37,4.61,68.97,1.16,6.97,2
14.01,77,2.76,1011,3.96,4.42,114.21,3.29,68.11,0.16,23.53,2
29.41,67,1.53,1007,11.86,31.19,133.82,0.87,32.11,0.12,3.7,2
25.94,58,2.51,1009,15.17,30.39,252.87,2.14,33.36,0.3,5.7,2
28.85,47,3.44,1008,14.09,33.52,210.3,1.64,39.71,0.33,5.28,2
8.06,81,2.06,1012,2.59,5.24,130.67,3.6,92.0,1.25,7.01,2
6.02,86,3.31,1012,1.44,3.34,128.75,2.01,85.7,0.42,9.4,2
7.07,89,3.05,1013,2.02,4.32,126.74,2.8,78.18,0.6,10.59,2
26.01,74,4.98,1015,2.7,13.4,97.54,1.31,56.04,1.05,0.05,1
28.81,72,2.57,1014,2.06,10.1,92.1,0.1,54.22,0.17,0.0,1
30.76,62,3.09,1013,3.0,8.6,104.86,1.8,31.4,0.45,4.9,1
29.71,70,2.57,1014,2.06,10.1,92.1,0.1,54.22,0.17,0.0,1
17.37,94,5.14,1015,4.53,6.06,136.32,9.44,55.06,0.59,0.71,1
15.93,88,2.57,1015,1.53,2.6,118.93,7.67,62.57,0.98,0.88,2
14.67,82,1.03,1017,18.41,78.19,118.2,4.59,84.06,0.56,0.67,3
11.53,89,0.61,1014,3.31,3.6,212.92,6.9,18.36,1.07,1.42,1
29.93,70,2.57,1008,10.46,21.62,107.24,1.15,53.8,0.6,0.0,2
14.95,77,3.6,1018,4.67,5.53,253.9,13.32,13.57,1.1,0.95,1
8.19,93,4.12,1003,10.54,10.8,138.64,0.98,92.22,0.28,0.29,2
10.14,87,4.63,1006,3.35,3.75,134.21,1.03,90.84,0.26,0.56,2
7.51,88,2.44,1004,5.82,6.08,128.22,0.56,100.18,0.19,0.85,3
16.42,59,3.09,1017,3.25,17.68,124.75,1.24,107.24,2.18,2.99,3
15.9,63,3.09,1018,2.04,9.5,124.1,0.56,100.91,0.51,0.35,3
16.42,58,4.59,1017,3.25,17.68,124.75,1.24,107.24,2.18,2.99,3
17.98,88,6.69,1016,20.54,133.72,108.02,0.22,78.15,0.39,0.4,4
18.9,85,7.21,1013,12.98,53.34,108.35,0.36,74.14,0.65,0.0,3
19.03,81,9.51,1015,12.62,58.93,107.27,0.22,79.55,0.58,0.01,3
16.83,58,1.42,1015,11.45,17.46,188.06,2.84,46.63,0.37,12.43,2
24.12,52,2.34,1011,8.43,14.22,135.18,1.38,50.4,0.3,8.31,1
32.37,29,9.57,1005,15.42,38.78,128.74,0.62,44.2,0.23,2.74,2
12.71,59,3.6,1013,0.5,0.71,107.95,0.49,85.64,0.08,4.35,2
14.41,71,2.06,1012,7.22,16.25,115.56,0.94,99.91,1.01,0.06,2
17.44,83,1.79,1012,2.46,6.1,118.57,4.06,67.78,0.37,4.86,2
14.58,64,1.96,1016,33.58,54.14,598.84,7.36,24.4,1.36,32.82,3
18.82,67,1.17,1013,2.05,4.83,94.09,0.62,17.02,0.04,3.25,1
19.75,47,3.01,1013,14.33,26.52,243.66,2.9,43.86,0.35,5.65,2
6.3,93,4.47,1001,9.85,10.1,134.62,1.38,86.64,0.37,0.32,2
6.16,96,4.47,1001,9.68,9.95,134.69,1.76,85.14,0.48,0.3,2
6.48,94,4.12,1000,5.75,6.07,136.27,2.05,81.11,0.4,0.93,2
26.94,74,2.57,1013,0.94,2.18,62.98,0.03,51.82,0.04,0.0,1
26.99,74,2.57,1013,0.94,2.18,62.98,0.03,51.82,0.04,0.0,1
28.83,61,1.54,1012,0.81,2.08,62.78,0.03,55.43,0.05,0.0,1
14.39,96,2.57,1011,3.18,3.78,137.85,4.59,23.22,0.18,2.07,1
15.23,88,2.68,1010,4.71,6.35,122.26,0.44,96.09,0.47,0.01,2
12.23,98,1.79,1012,1.35,1.4,114.67,0.8,93.67,0.13,0.34,2
27.01,89,1.54,1011,5.24,12.53,90.66,0.16,24.57,0.14,0.02,1
26.98,89,3.09,1011,3.51,9.53,89.63,0.05,26.47,0.12,0.0,1
22.09,97,0.33,1012,3.36,3.58,90.07,0.11,3.17,0.01,0.04,1
12.67,81,4.63,1014,9.06,10.7,137.98,22.8,61.28,8.19,0.35,2
9.6,92,2.63,1015,3.48,4.15,133.47,7.72,55.38,1.05,3.09,1
8.77,81,2.57,1015,0.54,0.88,130.12,1.33,88.79,0.59,1.17,2
12.08,87,5.14,1008,1.28,2.65,105.71,1.82,70.21,0.1,3.39,2
10.99,93,2.06,1010,2.39,2.81,108.73,4.7,66.44,0.98,46.32,2
9.33,96,1.79,1009,6.13,6.57,127.62,5.71,85.79,1.04,38.08,2
26.99,83,1.54,1012,0.52,0.67,119.09,0.08,16.15,0.03,0.01,1
26.99,83,1.54,1012,0.52,0.67,119.09,0.08,16.15,0.03,0.01,1
24.37,91,1.59,1012,0.5,0.53,121.83,0.14,18.41,0.05,0.02,1
11.61,93,3.09,1013,7.27,9.34,131.13,2.01,74.33,0.91,2.83,2
24.09,92,2.07,1012,6.77,9.09,118.16,1.41,16.13,0.66,0.03,1
28.23,89,2.06,1011,1.02,1.94,87.77,0.13,21.63,0.14,0.0,1
27.41,64,3.47,1010,7.38,14.45,159.76,2.46,18.97,0.26,1.62,1
16.67,78,4.63,1016,1.73,4.5,116.25,2.13,86.61,0.59,0.68,2
20.62,95,1.74,1014,23.07,81.98,95.37,1.63,47.68,0.55,0.0,3
22.1,85,2.35,1013,23.29,81.6,95.09,1.54,45.53,0.55,0.0,3
20.59,95,1.12,1014,23.07,81.98,95.37,1.63,47.68,0.55,0.0,3
26.04,94,5.14,1014,1.12,1.88,104.57,0.47,37.48,0.32,0.0,1
26.05,94,5.14,1014,1.12,1.88,104.57,0.47,37.48,0.32,0.0,1
23.96,79,1.55,1013,4.55,6.76,157.32,0.71,6.95,0.16,0.34,1
26.82,74,3.6,1015,2.53,12.58,93.91,0.63,56.12,0.63,0.01,1
26.94,74,3.6,1015,2.53,12.58,93.91,0.63,56.12,0.63,0.01,1
27.02,74,3.6,1015,2.53,12.58,93.91,0.63,56.12,0.63,0.01,1
25.71,89,1.33,1011,5.0,8.56,103.15,0.1,28.14,0.09,0.02,1
24.95,100,1.03,1011,4.33,5.95,110.66,0.04,24.43,0.05,0.05,1
21.29,99,0.38,1012,4.89,5.31,123.62,0.7,8.85,0.14,0.06,1
12.54,66,1.54,1017,2.57,3.38,114.73,1.22,88.44,1.63,0.6,2
13.88,61,0.89,1017,8.17,8.91,116.3,1.88,83.97,5.55,10.09,2
13.81,79,0.87,1018,18.99,22.14,119.11,0.43,111.48,4.49,0.0,3
23.62,100,1.79,1011,13.56,17.11,151.96,0.69,48.08,2.22,3.77,2
23.03,100,2.24,1011,9.63,12.17,132.06,0.43,42.26,1.34,1.89,1
20.39,100,1.09,1011,11.53,14.71,145.53,0.53,47.82,1.75,2.51,2
29.11,71,7.72,1012,3.04,16.33,94.07,0.06,56.31,0.11,0.0,1
28.94,71,7.72,1012,3.04,16.33,94.07,0.06,56.31,0.11,0.0,1
29.54,71,7.72,1012,3.08,16.3,94.37,0.06,56.56,0.12,0.0,1
26.06,73,2.06,1014,14.83,35.73,101.13,0.61,60.38,0.47,0.0,2
27.41,66,4.24,1012,6.66,14.05,112.75,0.17,31.85,0.03,0.13,1
26.6,73,4.17,1012,8.2,17.76,109.12,0.16,37.04,0.06,0.04,1
27.99,78,3.09,1012,1.16,1.38,118.86,1.23,17.04,0.44,0.07,1
25.37,82,2.47,1012,0.74,0.78,113.44,0.35,16.46,0.04,0.05,1
25.26,86,2.01,1012,1.75,2.0,118.77,0.46,18.93,0.14,0.17,1
20.0,91,7.15,1014,24.26,30.31,286.71,1.73,100.98,2.27,0.0,3
20.13,91,7.15,1014,24.26,30.31,286.71,1.73,100.98,2.27,0.0,3
20.95,89,7.2,1014,24.54,29.12,299.35,3.06,98.22,2.4,0.03,2
30.81,33,2.06,1011,28.61,32.25,148.4,0.79,65.65,12.35,0.35,3
30.69,66,8.75,1010,2.24,3.44,158.65,2.53,24.33,0.37,3.83,1
29.9,74,3.09,1011,1.55,2.21,119.72,0.85,42.28,0.24,1.05,1
12.88,67,2.06,1015,8.75,9.87,119.63,3.4,64.6,0.21,2.48,2
13.06,82,1.54,1018,9.67,13.8,136.85,3.7,110.32,2.13,1.35,3
13.51,94,1.03,1017,11.18,14.09,133.26,4.53,105.3,2.19,1.16,3
28.03,77,1.6,1014,2.4,12.69,90.49,0.09,53.34,0.19,0.0,1
27.76,76,1.34,1014,2.4,12.69,90.49,0.09,53.34,0.19,0.0,1
27.37,78,2.33,1013,6.82,11.53,136.82,0.52,60.09,0.34,2.49,2
15.81,45,1.34,1014,3.41,4.29,114.67,1.79,83.65,1.92,5.66,2
10.9,58,0.0,1016,5.09,7.27,135.54,3.91,72.54,0.53,19.32,2
13.92,48,2.8,1016,6.15,7.97,120.87,5.43,62.47,3.67,4.41,2
24.92,97,0.0,1011,6.46,7.38,265.47,2.39,30.71,0.56,1.27,1
26.68,95,1.03,1010,4.12,7.78,165.63,2.26,27.45,0.71,3.38,1
24.33,100,0.0,1011,6.46,7.38,265.47,2.39,30.71,0.56,1.27,1
7.57,88,2.06,1017,1.83,2.91,125.33,2.36,73.3,0.86,4.64,2
9.87,76,4.63,1018,1.09,2.03,124.64,0.9,91.35,0.54,2.36,2
9.97,90,1.53,1018,0.84,1.93,124.8,0.88,87.37,0.55,3.99,2
10.95,81,4.02,1014,3.98,20.62,114.44,0.65,106.01,1.0,2.93,3
17.03,56,5.14,1014,3.45,16.75,119.67,0.69,114.07,1.24,4.51,3
16.74,62,0.89,1013,3.03,12.46,122.3,0.23,122.41,1.07,0.08,3
7.88,81,2.06,1017,0.97,2.08,128.09,2.34,106.98,1.41,0.55,3
29.01,74,2.57,1008,24.41,50.69,112.77,0.06,61.91,0.15,0.09,3
24.03,73,5.66,1008,48.42,62.65,500.65,5.98,80.83,2.98,46.22,3
23.59,75,8.05,1011,26.48,37.8,373.86,12.83,36.34,3.88,15.38,3
20.95,35,4.63,1008,32.55,166.72,152.59,3.44,98.43,1.86,0.58,4
16.23,76,0.45,1010,46.82,274.29,118.07,0.89,99.99,0.29,2.56,5
12.85,71,2.06,1011,26.25,133.25,134.41,3.94,95.15,5.85,2.38,4
19.84,40,2.06,1014,9.67,28.25,173.92,11.23,47.14,1.77,5.55,2
16.08,63,2.06,1011,8.76,26.8,133.69,2.69,88.97,0.54,4.63,2
13.77,29,1.0,1012,27.21,75.93,174.47,10.45,63.47,1.56,13.61,3
0.81,55,4.12,1025,0.5,0.83,140.77,0.14,108.83,0.54,0.03,3
0.84,55,4.12,1025,0.5,0.83,140.77,0.14,108.83,0.54,0.03,3
0.93,55,4.12,1026,0.5,0.83,140.77,0.14,108.83,0.54,0.03,3
16.78,62,1.54,1018,9.05,13.88,118.71,0.25,112.79,1.48,0.0,3
16.15,66,2.57,1015,4.49,5.6,116.29,1.82,80.15,0.66,1.0,2
14.78,74,0.51,1019,5.74,8.59,116.62,0.46,108.61,1.39,0.33,3
12.14,83,3.09,1011,10.19,11.32,133.4,3.66,73.71,1.04,2.43,2
28.53,70,7.2,1014,3.04,10.59,89.36,0.18,50.84,0.24,0.0,1
28.79,70,7.2,1015,2.84,9.57,90.15,0.17,50.42,0.22,0.0,1
28.96,70,7.2,1014,2.84,9.57,90.15,0.17,50.42,0.22,0.0,1
10.05,71,5.66,1015,3.8,18.76,119.78,0.66,114.41,1.15,2.95,3
10.95,71,5.66,1015,3.6,17.31,122.47,0.68,119.66,1.21,1.9,3
12.62,68,7.25,1014,4.2,19.5,124.42,3.1,110.35,1.72,3.54,3
17.46,32,7.72,1020,1.14,2.64,194.89,9.33,95.58,8.99,0.83,2
17.65,35,7.72,1019,1.03,2.81,191.82,7.88,97.06,8.29,0.74,2
14.09,55,1.54,1021,1.77,2.65,191.32,5.37,88.97,2.04,0.59,2
14.62,100,2.06,1016,0.99,1.34,106.58,0.72,23.62,0.09,0.23,1
16.49,90,1.74,1014,8.91,15.57,356.14,3.01,14.04,0.25,2.23,1
24.23,88,2.06,1012,7.2,8.62,229.35,1.86,18.95,0.28,0.41,1
11.11,93,1.98,1016,4.55,6.17,99.19,1.44,80.81,0.52,8.69,2
11.51,94,2.0,1015,1.45,2.62,110.46,0.22,55.43,0.25,7.68,1
14.38,70,0.45,1015,1.67,3.54,119.59,1.25,54.31,0.12,6.79,1
27.49,76,0.6,1009,18.6,20.06,537.19,8.98,23.92,1.25,1.69,2
27.53,74,1.62,1009,3.12,3.79,175.39,2.07,37.99,0.42,0.48,1
26.44,79,2.55,1010,17.52,17.92,416.15,3.43,7.64,0.3,0.81,2
26.0,89,2.57,1009,0.5,0.91,76.87,0.01,6.18,0.02,0.0,1
25.43,77,1.35,1014,2.11,6.21,67.81,0.05,45.44,0.11,0.01,1
25.91,77,1.02,1013,1.61,4.91,63.99,0.05,43.89,0.08,0.01,1
27.66,68,3.1,1012,1.96,5.56,66.65,0.05,46.12,0.09,0.01,1
13.15,49,3.99,1017,11.49,17.45,144.97,0.56,116.22,1.12,1.87,3
13.67,46,2.56,1013,34.69,38.76,185.78,4.28,74.1,3.25,3.0,3
13.0,55,3.62,1017,10.69,16.19,141.38,0.36,120.79,1.23,1.15,3
12.76,82,2.57,1019,21.94,26.94,169.31,8.93,90.8,1.04,3.25,2
12.95,50,1.03,1020,22.01,25.81,164.62,5.4,107.73,3.95,2.0,3
12.95,82,2.57,1019,16.14,21.43,143.25,0.65,109.18,0.97,0.8,3
31.2,28,4.65,1006,61.34,207.64,146.11,1.4,127.12,13.96,0.0,5
31.56,38,1.79,1005,63.65,215.79,151.45,1.63,128.07,13.46,0.0,5
31.48,38,1.79,1006,63.65,215.79,151.45,1.63,128.07,13.46,0.0,5
28.01,78,3.09,1013,2.66,8.88,95.8,0.13,48.57,0.15,0.0,1
28.01,78,3.09,1013,2.66,8.88,95.8,0.13,48.57,0.15,0.0,1
8.28,87,2.0,1017,5.02,6.95,93.98,2.1,58.87,1.72,5.29,1
14.33,77,2.0,1014,2.36,4.42,151.27,6.86,20.55,0.32,5.51,1
11.05,93,2.0,1010,1.78,1.88,127.85,0.5,51.16,0.18,0.2,1
24.97,78,2.06,1011,43.55,44.35,690.63,5.24,21.89,0.58,2.08,3
24.19,83,2.59,1011,12.46,13.66,458.31,6.68,35.45,0.78,2.89,2
23.06,87,1.45,1012,9.03,10.24,341.97,3.42,46.04,0.65,1.7,1
13.19,68,10.61,1013,3.21,9.31,121.07,0.71,120.5,1.17,0.16,3
15.21,73,10.8,1012,2.73,6.19,120.83,1.03,112.38,1.21,0.37,3
13.52,75,8.67,1014,3.4,12.73,121.2,0.44,122.57,1.22,0.22,3
27.93,69,3.09,1014,2.69,12.26,102.19,0.45,47.07,0.46,0.06,1
27.07,69,3.09,1014,2.54,11.94,103.65,0.3,43.03,0.31,0.05,1
26.16,91,4.77,1009,0.93,2.55,125.33,0.9,29.22,0.36,0.03,1
26.15,91,0.89,1009,0.93,2.55,125.33,0.9,29.22,0.36,0.03,1
26.08,91,0.89,1009,0.93,2.55,125.33,0.9,29.22,0.36,0.03,1
26.81,89,2.69,1012,0.5,0.84,90.55,0.19,19.33,0.07,0.04,1
23.74,95,1.34,1013,1.26,2.9,119.7,0.79,19.77,0.24,0.52,1
27.0,88,2.42,1012,0.5,1.02,87.83,0.25,16.06,0.08,0.04,1
13.07,90,3.71,1014,2.25,2.42,98.02,1.22,40.75,0.23,0.1,1
12.9,90,2.58,1014,2.11,2.33,100.43,1.01,43.6,0.2,0.12,1
12.98,87,2.14,1013,2.39,2.45,92.89,1.12,37.57,0.12,0.11,1
14.84,75,1.54,1009,5.57,6.5,123.6,4.1,59.98,0.91,15.7,1
13.18,41,3.6,1010,4.65,5.39,125.16,2.62,54.64,0.45,7.29,1
6.01,90,4.89,1010,10.89,11.58,154.82,7.25,62.04,2.03,2.02,2
12.23,88,1.54,1011,2.38,2.56,110.77,1.53,58.71,0.05,1.67,1
11.21,91,1.34,1011,2.35,2.52,110.44,1.68,56.85,0.05,1.73,1
11.97,85,1.54,1011,2.6,2.77,109.8,1.78,54.38,0.05,1.76,1
11.68,86,2.57,1006,2.29,2.48,132.15,0.68,91.6,0.28,1.06,2
12.26,86,3.8,1009,4.15,5.1,126.86,2.31,69.87,0.28,2.51,2
6.95,93,4.12,1009,4.55,5.08,137.1,1.68,102.87,0.91,0.78,3
17.94,52,3.6,1017,4.37,17.89,130.01,0.9,107.93,0.11,0.05,3
16.99,65,4.18,1021,20.98,28.64,141.15,1.64,113.93,5.9,0.0,3
17.23,66,7.24,1019,6.64,33.9,157.92,2.03,99.22,0.22,0.07,2
17.03,63,2.57,1018,2.6,8.25,116.86,2.14,95.82,4.35,0.18,2
11.23,93,0.0,1018,2.06,4.88,115.59,2.41,92.83,3.35,0.17,2
15.08,77,2.57,1017,2.44,4.18,98.06,2.17,57.73,0.42,1.2,1
15.27,87,2.06,1014,5.9,7.8,122.53,0.53,104.08,0.63,0.0,3
8.91,68,3.09,1015,3.56,4.91,123.92,3.58,40.56,0.32,4.32,1
11.46,58,1.17,1016,5.26,6.04,123.58,1.48,53.32,0.48,2.7,1
14.4,54,2.11,1015,4.06,6.78,127.78,4.95,53.11,0.79,19.3,1
12.88,67,1.03,1019,9.59,12.24,125.6,1.31,115.68,1.65,0.78,3
7.89,77,1.47,1019,8.15,10.73,127.21,1.8,116.43,2.02,0.71,3
7.48,93,0.0,1019,11.62,15.29,134.97,3.76,115.69,3.32,0.58,3
13.98,100,2.06,1019,4.08,5.76,132.3,1.06,17.66,0.08,0.22,1
23.0,94,1.03,1016,3.11,5.4,93.39,0.76,20.22,0.12,0.4,1
13.19,91,1.69,1020,0.87,1.21,77.17,0.28,30.44,0.03,0.1,1
30.98,70,8.75,1010,1.6,4.11,88.27,0.01,31.54,0.07,0.0,1
5.9,81,0.51,1018,2.73,4.02,109.0,2.86,61.86,0.31,7.74,2
5.31,74,1.32,1018,2.03,3.22,107.39,2.55,59.42,0.35,6.84,1
8.94,65,0.78,1019,1.54,2.2,102.34,1.53,67.84,0.46,8.97,2
28.3,54,2.06,1010,16.16,49.82,152.23,0.55,27.36,0.1,6.82,2
30.0,45,1.13,1011,4.71,8.57,156.17,0.97,19.18,0.09,2.99,1
33.2,35,2.93,1010,9.53,25.64,159.08,0.65,20.79,0.1,3.87,2
26.98,94,3.09,1009,6.48,8.42,338.07,5.65,12.0,0.58,2.42,1
26.81,67,1.58,1009,30.33,41.34,698.9,13.15,23.53,1.05,14.25,3
25.54,56,1.02,1009,24.39,29.87,767.15,16.56,1.88,1.68,11.76,2
6.07,39,3.0,1008,0.59,0.7,118.74,0.7,78.37,0.76,0.43,2
1.07,92,3.92,1015,0.57,0.68,120.54,0.21,94.63,0.23,0.52,2
4.45,76,5.21,1015,0.62,0.67,132.64,0.8,93.33,0.46,0.73,2
20.85,94,6.69,1014,25.1,26.72,324.67,5.7,92.71,2.67,0.08,3
20.96,94,6.69,1014,20.58,22.06,282.14,0.76,108.37,0.33,0.0,3
20.82,94,6.69,1014,20.58,22.06,282.14,0.76,108.37,0.33,0.0,3
28.08,70,9.77,1013,2.65,10.66,94.4,0.12,50.61,0.12,0.01,1
26.97,69,2.57,1015,2.84,13.54,99.41,0.69,53.04,0.58,0.06,1
26.95,69,2.57,1015,2.81,13.41,98.93,0.62,51.86,0.54,0.07,1
27.03,69,2.57,1015,2.81,13.41,98.93,0.62,51.86,0.54,0.07,1
20.96,85,4.59,1011,22.94,108.15,98.49,0.72,67.65,0.44,0.0,4
20.93,73,4.12,1012,23.53,82.49,102.13,1.84,74.81,1.18,0.0,3
36.74,17,3.39,1008,54.54,234.93,138.15,0.23,44.62,0.08,0.78,5
16.43,82,2.06,1020,3.38,10.37,116.53,0.17,107.64,0.98,0.0,3
16.31,82,2.06,1020,3.38,10.37,116.53,0.17,107.64,0.98,0.0,3
16.08,82,2.06,1020,3.38,10.37,116.53,0.17,107.64,0.98,0.0,3
20.79,90,3.25,1016,0.89,3.46,62.18,0.06,53.87,0.09,0.0,1
18.26,91,0.45,1016,0.84,3.2,62.28,0.05,53.35,0.07,0.0,1
19.21,91,0.45,1016,0.84,3.2,62.28,0.05,53.35,0.07,0.0,1
28.97,89,5.14,1008,1.0,3.05,77.07,0.04,20.37,0.08,0.0,1
16.52,76,0.62,1017,3.07,4.61,84.01,0.48,16.05,0.03,0.1,1
17.68,73,1.52,1016,3.48,8.13,77.15,0.5,28.59,0.21,0.1,1
14.78,92,0.41,1017,2.4,3.46,86.32,0.72,30.93,0.04,0.2,1
26.64,36,7.72,1007,14.29,16.52,174.24,3.69,104.05,1.74,6.97,3
18.77,60,5.66,1014,0.64,2.1,106.78,0.13,93.69,0.15,0.0,2
26.97,36,7.72,1008,14.7,16.75,161.29,2.31,100.52,1.5,4.23,3
23.0,65,1.54,1008,7.49,8.1,315.64,3.26,25.15,0.79,0.6,1
24.88,94,0.51,1009,3.42,3.77,156.49,0.4,9.19,0.13,0.99,1
24.97,94,1.54,1008,6.84,7.36,273.08,1.1,23.01,0.24,0.72,1
25.11,73,5.14,1011,13.67,18.24,138.03,3.96,35.81,5.69,0.21,2
24.97,69,5.14,1011,13.67,18.24,138.03,3.96,35.81,5.69,0.21,2
22.97,83,2.06,1016,3.5,9.36,81.13,0.29,21.66,0.05,0.11,1
25.39,99,2.48,1015,1.51,5.46,62.83,0.02,48.37,0.1,0.0,1
28.87,69,3.22,1015,1.51,5.46,62.83,0.02,48.37,0.1,0.0,1
25.32,99,1.29,1015,1.48,5.22,62.75,0.02,47.9,0.1,0.0,1
35.16,36,5.66,1007,21.74,65.79,148.49,0.45,46.88,0.15,4.33,3
32.48,17,2.34,1007,40.14,104.7,366.8,2.77,38.82,1.2,22.11,4
31.75,15,3.28,1008,85.04,210.46,1077.41,15.38,28.8,5.0,73.53,5
28.95,77,4.98,1010,1.64,4.52,96.99,0.07,19.36,0.11,0.0,1
33.62,18,2.95,1007,35.62,75.26,467.12,5.31,38.96,1.18,12.41,3
24.89,92,2.14,1011,5.56,14.67,221.09,1.87,15.56,0.77,1.88,1
32.81,54,8.05,1007,2.63,3.77,104.67,0.23,45.83,6.5,0.28,1
32.17,57,5.23,1007,8.55,11.51,113.24,0.45,55.91,11.18,0.08,1
33.36,53,8.05,1007,3.61,5.0,111.59,0.29,46.23,3.29,0.52,1
12.02,88,4.12,1013,16.39,17.24,171.07,23.61,33.89,1.94,5.95,2
11.11,81,4.63,1013,13.51,14.41,170.4,29.35,31.62,2.05,4.72,2
11.81,86,4.12,1013,20.27,21.4,163.16,21.2,45.67,2.2,5.16,2
3.35,65,4.59,1006,0.5,0.5,131.58,0.55,96.87,0.28,0.23,2
0.27,93,2.06,1012,0.5,1.15,134.04,0.29,98.22,0.66,0.0,2
0.78,92,0.45,1006,0.5,0.5,124.16,0.12,84.14,0.14,0.1,2
14.25,100,0.0,1012,37.24,44.45,537.3,8.58,65.6,6.52,7.1,3
16.23,71,2.55,1013,32.58,39.28,598.05,7.5,50.8,3.52,11.59,3
21.47,88,0.48,1010,46.39,54.41,588.92,8.6,64.24,6.58,9.21,3
18.76,66,3.58,1032,6.69,8.39,68.08,0.91,51.24,2.05,0.0,1
10.51,81,0.89,1028,6.98,8.84,90.09,2.04,43.34,0.61,0.28,1
13.94,72,8.75,1031,2.73,3.74,98.54,2.74,35.79,0.29,0.58,1
30.99,30,1.03,1003,35.47,128.16,110.41,0.88,96.0,1.29,0.12,4
31.05,30,1.03,1004,34.61,124.21,112.63,1.28,105.72,1.81,0.16,4
31.0,30,1.03,1003,33.85,122.16,110.95,1.06,104.2,1.48,0.17,4
28.33,88,2.06,1008,2.83,3.38,123.32,0.72,58.2,0.52,0.41,1
28.71,86,2.06,1009,2.97,3.61,136.64,1.16,56.18,0.83,0.62,1
28.9,86,2.06,1009,2.97,3.61,136.64,1.16,56.18,0.83,0.62,1
21.14,73,1.54,1012,8.59,18.81,68.61,0.05,53.95,0.27,0.0,1
22.1,73,1.54,1012,8.59,18.81,68.61,0.05,53.95,0.27,0.0,1
15.12,51,4.63,1015,13.35,23.15,73.9,0.64,73.55,2.58,0.0,2
30.9,70,2.57,1013,0.57,1.82,59.75,0.07,39.08,0.06,0.0,1
30.96,70,2.57,1013,0.54,1.67,59.92,0.08,39.52,0.06,0.0,1
30.8,70,2.57,1013,0.6,1.89,59.63,0.07,39.21,0.05,0.0,1
26.35,84,2.15,1011,2.61,10.78,60.82,0.04,41.79,0.15,0.0,1
27.23,68,1.05,1012,0.57,0.72,31.99,0.02,0.59,0.02,0.02,1
29.88,71,0.42,1011,5.26,5.56,63.3,0.18,17.65,8.02,0.0,1
29.3,73,1.34,1011,3.9,5.5,129.52,4.67,35.83,3.34,2.07,1
28.05,78,2.06,1010,35.69,37.47,615.53,11.19,23.37,2.32,53.35,3
29.59,74,1.34,1011,3.76,5.41,121.91,4.39,37.17,3.4,1.63,1
19.99,83,2.06,1009,37.83,48.33,422.31,4.56,97.04,6.41,53.43,3
29.09,37,1.54,1003,32.6,87.03,123.26,0.07,101.07,0.51,0.0,3
22.08,56,4.12,1011,27.81,52.91,383.02,8.77,57.9,0.79,66.78,3
15.49,64,1.03,1011,6.16,8.48,156.01,6.55,73.91,6.12,19.28,2
13.05,58,1.03,1011,2.64,3.57,106.41,2.21,66.54,0.59,8.78,2
12.34,82,1.03,1012,6.22,7.75,123.98,4.17,64.2,1.06,14.77,2
28.71,71,3.6,1015,2.65,10.97,93.42,0.22,38.34,0.23,0.0,1
28.35,73,3.6,1015,2.65,11.94,92.88,0.18,38.16,0.21,0.0,1
27.84,74,3.6,1015,2.62,11.52,93.08,0.19,37.66,0.22,0.0,1
16.4,57,8.34,1015,5.41,30.09,119.13,0.75,106.36,1.25,1.08,3
16.47,55,7.97,1016,6.55,37.4,118.5,0.8,103.48,1.32,0.76,3
16.31,58,8.26,1015,5.41,30.09,119.13,0.75,106.36,1.25,1.08,3
12.72,74,2.68,1018,0.68,2.19,115.83,0.88,102.39,0.78,0.0,3
11.73,87,2.06,1017,0.5,1.27,120.62,0.79,97.33,0.52,0.15,2
9.35,94,0.43,1018,0.5,1.22,121.13,0.7,98.1,0.51,0.04,2
23.79,83,1.54,1011,4.96,5.47,121.65,1.47,20.9,0.24,0.19,1
22.33,88,2.06,1014,13.12,15.22,182.12,2.83,39.47,0.32,0.54,2
23.7,83,1.54,1011,5.5,6.2,125.48,1.79,21.42,0.34,0.23,1
32.97,22,4.12,1004,78.16,252.62,189.57,4.49,150.95,34.92,0.0,5
32.9,22,4.12,1004,78.16,252.62,189.57,4.49,150.95,34.92,0.0,5
33.03,22,3.6,1004,77.35,244.24,194.68,5.95,150.42,40.37,0.0,5
22.28,77,3.6,1016,0.72,1.73,61.74,0.05,48.42,0.05,0.0,1
22.52,77,0.55,1017,0.8,1.65,61.67,0.06,47.02,0.05,0.0,1
22.82,68,2.57,1017,1.48,3.42,63.72,0.05,47.25,0.08,0.0,1
12.4,70,1.03,1015,2.1,3.17,116.28,2.03,51.89,0.22,2.2,1
14.49,49,1.03,1015,3.11,5.0,119.43,3.7,52.46,0.59,14.4,1
7.35,70,1.87,1016,5.95,6.87,132.28,3.24,76.47,1.31,0.44,2
11.67,71,2.21,1015,2.66,4.47,108.4,5.15,49.01,0.25,6.13,1
9.99,71,2.06,1018,4.02,6.9,142.36,6.51,70.49,2.72,13.01,2
15.34,46,2.33,1016,1.87,3.0,99.73,2.53,38.19,0.13,3.73,1
16.72,47,3.5,1008,5.08,5.41,117.26,1.34,59.24,0.32,0.79,1
8.33,88,4.0,1001,6.01,6.25,128.32,0.62,93.2,0.21,0.78,2
4.87,75,4.0,1019,1.26,1.54,131.33,0.63,52.95,0.16,2.17,1
19.71,94,1.03,1015,21.08,35.98,624.89,4.07,0.73,0.41,1.09,2
17.35,90,1.68,1016,10.69,17.11,255.49,1.6,6.26,0.24,0.66,2
14.22,98,0.7,1017,10.36,17.95,305.83,2.54,6.33,0.29,0.97,2
27.0,61,7.93,1008,32.25,101.53,112.62,1.92,98.56,2.12,0.0,4
28.45,11,5.26,1007,28.42,87.95,99.05,1.1,60.23,1.03,0.08,3
26.2,51,4.07,1008,36.6,109.74,122.08,8.64,78.61,29.48,0.0,4
30.55,65,1.77,1010,0.77,2.21,62.27,0.02,21.51,0.04,0.0,1
30.64,64,1.76,1010,0.77,2.21,62.27,0.02,21.51,0.04,0.0,1
30.23,65,1.99,1010,0.75,2.12,62.29,0.02,21.38,0.04,0.0,1
27.0,94,1.54,1008,0.5,1.07,67.38,0.02,12.61,0.02,0.0,1
34.47,9,6.89,1005,27.95,121.19,102.05,0.25,67.19,0.2,0.7,4
33.33,10,9.03,1006,27.44,114.68,101.94,0.24,64.38,0.18,0.68,4
33.37,10,8.91,1006,27.44,114.68,101.94,0.24,64.38,0.18,0.68,4
9.63,54,4.12,1002,0.81,1.53,129.57,0.96,101.27,0.77,1.51,3
8.48,68,5.14,1009,1.51,3.87,128.59,0.92,96.4,0.77,2.38,2
8.93,86,3.07,1012,3.23,5.95,132.67,5.42,81.81,1.6,6.44,2
26.25,90,1.03,1009,3.36,3.8,151.03,0.53,7.34,0.15,0.86,1
26.51,91,3.13,1009,3.36,3.8,151.03,0.53,7.34,0.15,0.86,1
26.47,92,3.13,1009,3.36,3.8,151.03,0.53,7.34,0.15,0.86,1
13.11,71,0.51,1015,11.9,14.42,128.43,2.5,102.13,1.14,1.61,3
13.8,50,3.39,1013,8.43,9.56,113.05,3.64,44.8,0.08,2.64,1
9.56,59,2.0,1014,9.72,11.04,121.11,3.5,71.3,0.49,2.19,2
14.93,50,3.6,1011,5.79,7.05,123.15,2.84,89.04,0.96,8.03,2
10.97,49,0.51,1016,3.54,4.4,120.11,1.42,67.42,0.62,9.6,2
15.13,50,3.6,1012,6.18,7.45,124.21,2.52,87.92,0.99,8.29,2
26.59,84,3.35,1012,0.73,1.29,100.49,0.51,34.43,0.28,0.01,1
24.77,94,1.08,1013,0.84,1.74,96.48,0.48,31.1,0.2,0.14,1
24.51,93,1.08,1013,1.76,3.36,115.67,0.7,28.6,0.28,0.77,1
22.92,91,2.68,1013,15.87,89.16,95.71,0.87,48.92,0.39,0.0,3
24.5,66,3.55,1012,23.7,76.91,123.87,1.27,60.46,0.32,0.09,3
22.89,91,2.68,1013,16.28,85.86,95.89,1.25,47.45,0.54,0.0,3
28.49,79,8.08,1009,0.9,1.95,63.85,0.03,27.65,0.06,0.01,1
20.49,59,1.8,1011,6.8,12.75,167.45,1.75,17.29,0.2,7.28,1
24.0,64,1.22,1011,1.53,4.07,95.78,0.49,16.09,0.04,1.57,1
26.95,78,4.12,1013,1.15,1.53,123.76,1.29,19.38,0.47,0.01,1
26.96,78,4.12,1013,0.98,1.24,119.41,0.84,18.4,0.28,0.01,1
24.41,71,2.15,1008,3.41,5.28,162.82,0.9,14.79,0.13,2.25,1
32.12,29,1.81,1005,11.52,25.83,134.75,0.46,26.3,0.07,1.81,2
21.55,80,1.71,1009,6.5,10.1,155.13,0.42,3.23,0.06,0.3,1
26.64,85,2.8,1011,2.99,8.69,87.27,0.04,26.56,0.14,0.0,1
27.27,78,5.66,1011,21.19,25.37,125.95,0.26,48.12,3.03,0.0,2
27.94,74,5.66,1011,21.19,25.37,125.95,0.26,48.12,3.03,0.0,2
30.92,66,2.43,1008,17.8,22.7,136.66,0.31,60.62,5.95,0.0,2
10.67,89,2.19,1011,1.18,1.82,123.75,1.17,86.59,1.75,0.55,2
10.63,59,0.45,1012,3.66,14.86,124.31,4.18,100.79,2.32,2.82,3
11.55,76,4.18,1011,1.81,3.1,112.3,2.41,96.26,1.54,1.68,2
18.99,65,2.0,1011,11.44,15.13,155.25,9.39,40.87,11.91,0.89,2
15.91,71,2.68,1014,12.72,16.7,157.93,15.08,33.91,16.99,0.53,2
27.67,81,1.34,1014,11.76,15.63,137.71,0.54,70.1,0.53,0.31,2
31.98,35,1.54,1006,25.45,56.36,355.54,3.83,26.83,0.84,8.89,3
31.19,29,1.75,1006,2.63,3.82,107.53,0.3,16.62,0.03,3.3,1
28.85,13,2.26,1006,15.65,45.78,116.51,0.43,38.07,0.12,0.94,2
28.06,83,0.51,1010,1.18,1.98,93.4,0.17,21.1,0.09,0.07,1
24.03,84,1.07,1011,5.46,8.91,177.13,1.77,16.18,0.29,0.98,1
26.81,66,1.95,1010,3.57,5.7,147.29,1.72,14.35,0.15,0.74,1
27.68,68,0.95,1010,7.38,8.85,244.3,3.86,27.4,1.18,7.88,1
28.36,68,0.95,1010,6.61,7.84,212.32,2.89,25.64,0.86,5.34,1
29.44,86,1.09,1010,8.82,10.7,269.84,3.83,24.1,1.02,6.32,1
12.06,82,1.0,1016,6.89,27.04,194.41,1.5,58.28,0.4,19.35,2
16.5,62,0.53,1014,1.91,4.29,113.28,0.65,50.91,0.25,9.44,1
14.71,61,1.58,1014,2.52,6.53,127.67,0.82,60.58,0.66,25.77,2
28.19,63,0.29,1012,1.68,3.1,163.23,1.92,9.11,0.47,0.38,1
26.4,76,1.36,1012,1.38,3.15,119.79,1.14,14.92,0.34,0.29,1
27.29,71,1.7,1012,1.15,3.11,73.85,0.34,19.56,0.13,0.11,1
18.92,59,2.06,1007,10.56,18.31,162.2,5.0,84.66,1.13,10.3,2
16.99,63,1.03,1011,24.64,115.09,111.5,0.34,75.21,0.1,9.25,4
15.97,59,3.09,1011,32.92,175.69,110.0,0.22,88.15,0.06,4.58,4
18.8,77,4.12,1016,12.96,41.43,130.21,1.2,100.1,0.73,0.64,3
19.08,77,2.57,1017,19.26,58.22,210.51,1.82,128.95,6.53,0.0,3
19.88,77,5.66,1017,12.63,33.9,149.15,0.7,123.56,1.46,0.04,3
26.18,83,7.2,1013,3.63,11.67,62.61,0.03,53.74,0.1,0.0,1
11.92,59,2.06,1015,4.82,6.51,128.22,2.81,46.39,0.66,9.31,1
3.89,88,0.45,1011,1.77,1.83,123.65,1.12,95.63,0.5,0.53,2
9.57,81,2.15,1016,3.17,3.87,123.41,1.18,79.93,0.6,2.53,2
26.26,77,2.57,1013,1.96,6.98,118.57,0.42,24.77,0.07,0.4,1
26.15,77,3.39,1013,1.88,6.12,119.64,0.35,23.89,0.06,0.35,1
26.12,77,3.39,1013,1.88,6.12,119.64,0.35,23.89,0.06,0.35,1
19.18,93,3.09,1015,14.82,15.91,488.05,17.91,10.95,14.91,4.42,2
19.25,93,3.09,1014,14.82,15.91,488.05,17.91,10.95,14.91,4.42,2
21.73,92,2.57,1015,24.24,26.88,335.02,15.96,78.83,10.23,0.0,2
25.21,94,1.54,1012,3.61,6.1,73.73,0.3,15.1,0.03,0.06,1
20.36,84,3.04,1012,3.08,5.48,132.3,1.21,7.34,0.09,0.3,1
17.37,89,3.13,1015,1.5,2.23,79.41,0.32,24.23,0.03,0.19,1
15.75,50,0.45,1014,2.93,3.53,109.35,1.22,60.12,1.07,3.37,2
11.74,57,1.63,1017,3.15,4.39,128.89,2.1,55.33,0.68,16.12,1
11.13,69,2.31,1017,5.06,5.88,132.33,1.04,92.02,0.97,0.7,2
18.49,94,0.19,1012,6.13,8.89,183.91,3.23,14.31,0.21,2.03,1
18.29,95,0.31,1012,6.13,8.89,183.91,3.23,14.31,0.21,2.03,1
18.46,96,0.17,1012,5.0,6.76,162.62,2.58,19.86,0.17,2.02,1
19.92,45,7.72,1009,4.07,5.55,144.43,3.98,115.18,1.46,1.47,3
18.69,62,9.26,1013,0.5,0.64,109.59,0.12,89.99,0.09,0.0,2
18.64,53,7.72,1009,4.72,6.69,146.08,3.34,115.85,1.3,1.15,3
14.88,81,1.03,1012,9.6,15.12,145.85,5.0,57.16,4.56,0.18,1
18.89,82,0.0,1011,9.08,13.42,182.37,3.74,31.02,0.27,0.53,1
15.4,88,3.05,1011,7.91,12.34,143.54,3.04,23.9,0.12,0.73,1
18.17,54,2.36,1013,2.26,5.01,152.04,1.69,53.49,0.31,18.54,1
15.12,64,2.43,1014,1.43,2.71,112.97,0.19,58.17,0.1,6.85,1
17.62,66,2.07,1014,1.99,4.33,121.04,1.37,59.88,0.21,16.86,1
26.93,83,1.54,1015,2.53,11.65,114.86,0.4,32.39,0.31,0.09,1
26.78,83,1.54,1015,2.38,10.41,113.35,0.32,32.87,0.27,0.09,1
22.67,78,1.54,1014,1.48,2.7,138.87,1.83,25.01,0.49,2.14,1
28.56,73,3.96,1009,5.61,7.09,160.98,2.18,38.3,0.13,3.46,1
27.81,65,1.74,1012,3.61,5.33,159.67,1.53,18.4,0.12,2.34,1
27.75,74,2.57,1016,2.26,11.63,91.79,0.11,40.36,0.16,0.0,1
27.14,81,7.31,1015,2.07,9.08,93.74,0.2,39.83,0.18,0.0,1
28.01,89,3.6,1009,12.56,15.91,435.8,10.13,32.36,2.54,4.85,2
23.0,76,1.21,1014,53.4,60.24,611.3,5.42,14.62,1.94,7.79,4
22.99,88,1.03,1014,51.68,60.53,589.89,8.77,60.13,6.93,8.58,4
29.1,70,4.63,1012,3.08,6.52,62.62,0.02,40.16,3.89,0.0,1
29.95,78,4.02,1009,0.5,1.24,62.34,0.09,17.78,0.04,0.01,1
6.66,72,1.03,1017,4.74,6.49,118.63,3.99,78.77,0.69,17.88,2
9.36,68,2.17,1019,7.17,9.92,128.87,6.9,60.25,0.53,11.53,2
8.14,72,0.72,1018,4.69,6.79,123.19,5.77,67.44,0.73,15.77,2
19.68,34,1.02,1015,15.45,30.87,108.46,3.62,44.3,4.17,7.35,2
29.57,66,4.25,1006,10.01,21.75,102.06,0.87,51.22,1.52,0.0,2
25.26,35,1.39,1011,14.83,34.53,108.39,2.66,52.06,2.68,0.06,2
25.89,89,2.06,1012,1.67,4.0,66.89,0.05,45.56,0.06,0.03,1
25.84,89,2.06,1012,1.67,4.0,66.89,0.05,45.56,0.06,0.03,1
25.76,89,2.06,1012,1.67,4.0,66.89,0.05,45.56,0.06,0.03,1
13.97,92,3.45,1014,6.5,8.99,158.02,4.33,32.23,2.13,0.44,1
12.03,91,3.6,1013,0.5,1.83,63.21,0.04,53.61,0.1,0.0,1
23.07,81,4.28,1010,27.53,37.63,181.11,1.81,68.95,1.51,0.15,3
17.05,82,2.61,1015,1.78,2.76,87.11,0.49,18.39,0.09,0.16,1
19.65,67,1.13,1014,2.17,3.28,98.44,0.68,17.4,0.26,0.18,1
17.22,73,2.19,1015,1.97,2.8,88.24,0.49,20.67,0.27,0.17,1
13.79,89,2.93,1017,9.19,12.41,170.79,3.13,27.41,1.31,0.64,1
18.36,59,1.95,1015,13.83,15.51,124.48,1.82,21.82,0.27,0.12,2
14.95,81,3.27,1017,9.15,11.85,162.1,2.94,29.18,1.17,0.65,1
6.7,89,1.34,1013,0.5,1.17,114.61,1.24,74.49,0.06,8.16,2
6.92,89,1.34,1013,0.5,1.17,114.61,1.24,74.49,0.06,8.16,2
30.84,38,4.47,1005,94.25,238.76,405.01,8.74,88.57,4.78,0.67,5
28.02,69,0.51,1005,84.47,293.69,233.49,1.13,117.97,1.23,0.12,5
31.0,48,2.06,1005,84.93,205.6,368.22,9.4,97.47,5.86,1.11,5
14.31,41,0.24,1012,4.02,7.42,307.67,2.68,50.7,0.07,3.42,1
21.62,21,2.07,1011,11.48,30.67,238.7,1.26,70.06,0.22,0.33,2
22.45,30,2.02,1011,4.9,12.08,113.36,0.95,70.77,0.16,1.82,2
25.66,79,3.6,1017,2.14,10.1,100.72,1.06,46.39,0.83,0.09,1
11.51,71,2.06,1017,17.81,23.7,114.23,1.52,104.04,4.0,0.0,3
12.23,78,2.86,1017,13.87,20.63,113.24,1.31,102.71,3.18,0.0,3
14.09,71,4.0,1017,12.08,18.96,111.76,0.64,102.27,1.82,0.0,3
9.09,66,1.03,1008,9.83,37.41,112.43,3.31,93.68,1.23,40.66,2
4.84,81,2.06,1011,6.87,28.77,109.21,2.54,46.9,0.17,21.85,2
5.86,92,1.59,1012,6.84,27.31,108.55,2.77,59.15,0.27,19.75,2
25.0,88,2.06,1011,11.42,45.81,65.67,0.04,39.06,0.18,0.0,2
14.92,82,1.54,1015,32.15,146.76,71.46,0.36,29.15,0.08,0.13,4
17.89,82,2.06,1013,4.66,6.0,97.58,1.83,18.81,0.09,0.16,1
20.25,87,4.12,1013,12.99,18.73,176.22,5.47,32.27,1.11,0.41,2
21.45,83,3.6,1010,14.34,22.18,193.08,3.6,51.51,0.17,0.8,2
22.95,94,2.57,1010,11.69,17.81,254.88,6.38,27.87,0.55,0.5,2
16.05,66,5.14,1006,2.67,3.56,117.86,2.96,68.12,0.54,4.37,2
11.61,84,2.06,1009,1.66,1.91,117.6,1.26,94.18,0.32,1.13,2
13.66,86,3.09,1009,4.19,4.63,118.35,2.7,52.88,0.05,3.89,1
16.98,66,3.09,1020,0.64,1.18,70.76,1.08,21.35,0.28,0.13,1
15.18,65,3.6,1020,0.75,1.99,63.62,0.56,39.83,0.28,0.18,1
22.8,81,3.6,1019,1.76,1.82,62.35,0.73,31.53,0.1,0.01,1
27.97,74,11.32,1011,5.43,19.41,139.89,2.36,48.05,2.17,0.29,1
27.83,79,11.32,1011,5.43,19.41,139.89,2.36,48.05,2.17,0.29,1
27.89,74,11.32,1011,5.43,19.41,139.89,2.36,48.05,2.17,0.29,1
12.03,87,4.12,1012,3.35,7.55,128.83,1.78,76.54,0.6,0.49,2
12.63,87,6.57,1013,3.41,8.76,128.89,2.16,72.69,0.69,0.98,2
11.48,100,1.03,1011,2.9,5.86,104.78,0.99,56.16,0.03,1.98,1
10.95,76,0.51,1016,32.18,36.26,120.14,1.24,98.42,2.52,1.03,3
11.74,71,2.06,1013,13.85,15.46,117.16,1.24,96.2,0.79,2.83,2
9.84,72,2.28,1016,17.64,19.59,122.19,1.36,89.54,0.97,1.39,2
27.27,78,6.17,1016,3.38,16.95,120.09,0.04,27.41,0.12,0.06,1
23.99,94,1.03,1008,13.31,18.99,322.75,8.86,3.95,1.85,3.22,2
24.51,90,2.46,1009,0.89,2.32,100.39,0.04,28.12,0.04,0.24,1
24.0,94,1.03,1008,17.05,23.77,368.51,10.51,1.95,2.33,3.36,2
9.74,89,3.09,1009,6.54,6.65,141.88,4.99,71.61,0.42,2.1,2
10.48,84,3.6,1009,6.17,6.55,139.26,6.22,79.05,0.88,3.74,2
9.83,82,4.43,1009,7.96,8.9,141.56,6.3,87.81,1.44,3.6,2
33.06,46,4.12,1006,17.22,43.28,192.67,2.59,25.51,0.2,7.41,2
31.25,58,3.6,1007,4.69,6.88,159.03,1.6,14.91,0.12,2.71,1
36.2,20,1.89,1006,11.83,31.87,182.67,1.15,26.13,0.23,5.63,2
9.83,71,2.57,1016,6.13,7.09,112.28,2.42,56.3,1.08,8.49,1
12.11,62,4.63,1016,5.88,6.72,115.56,1.38,70.75,0.56,7.72,2
6.96,76,1.03,1016,6.5,7.28,120.43,2.11,57.18,0.61,1.04,1
29.98,62,2.57,1005,82.35,240.35,271.4,6.67,154.41,27.34,0.06,5
29.97,62,2.57,1005,85.1,253.12,256.81,4.42,170.34,26.28,0.0,5
29.79,58,3.54,1005,81.49,253.97,234.55,3.47,166.71,22.03,0.0,5
21.38,86,1.46,1013,2.12,3.19,120.47,0.71,9.76,0.08,0.51,1
14.76,94,1.68,1015,5.17,8.56,221.47,2.54,20.11,0.59,7.14,1
13.45,96,0.87,1014,13.37,21.81,434.37,5.04,15.93,1.21,12.35,2
27.56,84,4.64,1010,1.21,3.84,100.92,0.06,19.47,0.12,0.06,1
26.66,87,3.61,1010,1.22,3.83,100.08,0.06,19.5,0.12,0.07,1
26.76,86,4.0,1010,1.32,4.34,100.54,0.06,19.33,0.13,0.07,1
27.03,94,1.03,1009,0.74,0.9,88.87,0.55,5.13,0.26,5.19,1
26.99,94,1.03,1009,0.74,0.9,88.87,0.55,5.13,0.26,5.19,1
27.0,94,1.03,1009,0.62,0.72,73.6,0.3,3.74,0.14,2.73,1
12.99,32,2.06,1017,2.3,2.84,68.64,1.4,50.6,0.2,0.32,1
26.01,78,6.17,1010,0.93,1.12,82.35,0.4,16.18,0.04,0.25,1
21.84,26,2.57,1014,3.36,4.14,79.97,1.96,51.51,0.47,0.69,1
23.69,75,2.57,1023,52.11,81.75,257.93,2.54,49.72,1.34,0.23,4
24.94,78,2.57,1019,4.34,19.89,62.84,0.15,59.26,0.12,0.01,1
22.44,68,2.57,1022,4.68,7.39,113.34,5.14,36.18,0.66,0.37,1
26.99,78,4.12,1015,4.01,4.95,134.64,0.15,52.81,0.06,0.02,1
25.63,76,2.44,1015,4.89,7.22,136.04,0.76,99.13,0.71,0.0,2
25.62,76,2.89,1015,4.89,7.22,136.04,0.76,99.13,0.71,0.0,2
6.33,89,1.55,1016,78.03,85.01,1083.87,23.78,5.5,2.25,12.01,5
21.13,87,2.34,1010,79.69,83.89,766.86,12.6,26.3,4.81,6.79,5
16.07,94,1.88,1012,78.73,84.91,994.51,18.14,4.82,3.93,17.64,5
11.95,82,4.63,1014,1.04,4.82,65.14,0.57,41.3,0.1,0.05,1
19.65,77,4.68,1010,1.11,1.43,77.18,0.23,36.18,0.08,0.03,1
11.86,82,4.63,1014,1.04,4.82,65.14,0.57,41.3,0.1,0.05,1
8.92,94,1.62,1009,4.89,5.54,110.82,1.66,63.69,0.31,14.93,2
14.99,51,3.0,1010,1.82,2.32,106.12,1.21,54.42,0.61,5.03,1
12.0,93,2.23,1009,5.41,6.32,121.42,2.85,73.55,2.18,14.83,2
29.45,1,3.6,1011,2.96,11.74,89.23,0.17,34.27,0.11,0.07,1
28.52,78,7.58,1011,2.67,11.35,86.52,0.15,35.82,0.13,0.05,1
28.48,67,4.32,1011,2.29,8.94,87.43,0.23,37.64,0.2,0.2,1
10.87,64,4.63,1007,3.78,3.97,160.42,8.56,75.78,1.58,2.53,2
16.97,43,10.29,1003,2.42,2.45,142.12,1.41,96.23,0.55,0.52,2
11.29,30,5.66,1017,0.82,0.89,109.53,0.31,88.95,0.32,1.76,2
23.2,94,1.03,1010,2.63,3.88,131.79,0.6,6.17,0.08,0.19,1
16.51,80,0.64,1012,5.53,7.35,144.83,0.74,9.73,0.44,0.07,1
22.4,84,0.73,1010,1.45,2.17,91.57,0.23,2.94,0.03,0.09,1
26.1,94,1.54,1009,0.54,0.64,72.89,0.03,3.12,0.0,0.05,1
25.96,94,1.54,1008,0.54,0.64,72.89,0.03,3.12,0.0,0.05,1
25.72,94,1.54,1008,0.57,0.72,77.3,0.04,3.7,0.0,0.08,1
23.2,94,1.03,1010,2.63,3.88,131.79,0.6,6.17,0.08,0.19,1
26.04,100,2.57,1011,7.96,25.03,74.02,0.18,34.83,0.17,0.0,2
22.42,98,1.2,1011,8.95,23.57,104.14,1.0,27.09,0.22,0.23,2
11.73,86,1.03,1010,4.44,4.6,122.72,2.26,61.01,0.17,6.57,2
11.19,93,1.03,1010,1.41,1.86,103.58,2.44,22.2,0.12,4.08,1
11.73,85,1.54,1010,1.29,1.58,125.78,4.25,38.68,0.27,5.25,1
28.72,89,3.09,1011,1.46,3.27,97.01,0.12,19.04,0.12,0.02,1
28.31,89,3.09,1011,1.45,3.26,95.94,0.13,18.93,0.12,0.03,1
24.91,75,2.18,1011,3.03,6.33,145.57,1.54,8.13,0.23,0.44,1
17.91,66,3.6,1014,5.0,8.42,115.92,2.91,37.54,0.31,0.82,1
16.25,60,1.11,1014,9.73,13.6,190.3,6.36,40.89,0.51,2.62,1
17.09,64,3.6,1014,5.0,8.42,115.92,2.91,37.54,0.31,0.82,1
25.95,94,1.54,1010,2.89,4.25,108.27,0.04,23.71,0.05,0.11,1
21.74,88,3.09,1012,2.42,2.7,110.7,0.5,12.69,0.13,0.04,1
19.14,91,1.45,1013,7.78,11.92,191.63,1.05,3.06,0.13,0.29,1
19.92,64,5.0,1014,31.01,43.11,276.27,16.52,48.27,16.72,3.47,3
19.94,47,2.33,1003,73.71,87.52,314.27,17.83,58.39,22.11,25.14,4
21.94,92,2.38,1013,8.34,14.98,210.71,2.53,99.04,3.97,0.0,2
15.61,72,1.92,1017,0.65,1.01,131.78,2.69,16.69,0.26,1.56,1
27.03,65,4.63,1011,5.41,5.93,128.49,2.86,18.16,1.0,1.93,1
26.99,50,2.57,1014,8.38,9.05,152.46,4.4,10.04,6.84,2.45,1
21.24,92,1.54,1015,0.89,1.08,96.37,0.63,35.45,0.22,0.0,1
27.93,89,5.14,1011,1.72,1.98,131.57,2.3,38.74,0.31,5.08,1
22.85,89,1.79,1014,0.7,0.92,91.32,0.61,31.84,0.24,0.0,1
30.24,62,3.6,1014,2.1,5.0,105.25,0.53,36.39,0.31,0.58,1
28.16,78,3.09,1015,3.99,7.49,103.85,0.26,54.49,0.34,0.22,1
24.19,94,2.06,1015,3.46,9.37,103.99,0.14,48.56,0.15,0.27,1
24.27,69,2.57,1015,7.99,26.27,96.87,0.28,55.37,0.3,0.0,2
22.75,78,4.12,1016,5.5,19.38,98.38,0.25,57.6,0.26,0.0,1
22.02,83,4.63,1015,6.14,21.04,97.53,0.25,61.05,0.31,0.0,2
27.53,77,6.17,1012,6.55,15.88,144.82,1.73,53.15,1.46,0.73,1
27.61,77,6.17,1012,6.55,15.88,144.82,1.73,53.15,1.46,0.73,1
9.76,87,2.57,1014,1.78,3.5,122.82,0.3,113.49,0.72,0.23,3
12.96,67,2.06,1014,2.52,5.59,120.16,0.23,115.16,1.04,0.26,3
12.36,76,3.09,1014,1.79,3.72,122.94,0.33,114.11,0.74,0.21,3
13.44,93,2.24,1006,1.84,2.11,114.02,2.01,78.76,0.25,6.11,2
15.86,56,4.02,1005,2.32,2.93,124.16,3.01,85.2,1.42,5.18,2
16.97,51,4.63,1006,2.41,2.85,115.87,1.14,99.14,0.49,4.34,2
12.88,85,4.12,1007,4.37,4.59,129.26,4.3,57.07,1.16,3.47,1
9.93,76,5.14,1010,3.15,3.8,128.35,2.61,80.05,0.77,6.47,2
11.57,92,0.45,1009,3.28,3.52,118.8,2.82,72.58,0.17,35.28,2
29.62,73,1.99,1007,8.56,26.26,121.58,0.69,32.12,0.08,2.62,2
25.51,66,2.42,1009,12.45,25.96,261.95,2.39,28.92,0.29,6.54,2
28.3,55,4.3,1008,12.04,29.52,225.37,1.92,32.49,0.24,5.86,2
6.19,77,4.38,1011,2.47,3.18,138.1,4.68,99.93,1.8,6.31,2
5.93,78,2.5,1013,1.85,2.51,135.21,2.71,78.01,0.31,11.98,2
5.78,76,2.75,1012,2.4,3.18,130.26,2.44,87.04,0.62,17.27,2
27.01,79,5.01,1017,2.56,11.99,112.52,1.76,31.15,1.11,0.07,1
28.37,73,2.57,1016,3.94,19.05,92.11,0.14,55.3,0.28,0.0,1
28.11,61,5.14,1015,3.56,12.4,106.33,2.13,25.89,0.39,3.88,1
29.71,70,2.57,1016,3.94,19.05,92.11,0.14,55.3,0.28,0.0,1
13.37,94,0.51,1012,2.26,3.07,135.27,7.56,41.34,0.22,0.47,1
14.93,72,2.06,1013,3.2,6.48,116.8,6.09,61.1,0.64,0.94,2
13.57,80,1.6,1013,4.03,13.57,115.69,4.53,76.35,0.32,0.54,2
12.53,89,0.84,1015,5.99,6.3,246.69,10.91,18.22,1.89,2.22,1
27.93,83,3.09,1009,14.01,43.76,87.2,0.48,41.3,0.36,0.0,2
17.95,59,2.57,1018,4.57,6.51,273.08,14.08,8.67,1.31,0.93,1
3.24,94,3.6,1009,0.76,1.14,133.51,0.44,88.31,0.18,0.63,2
2.14,69,1.54,1011,0.93,1.4,130.99,0.55,86.49,0.15,0.66,2
3.21,75,4.68,1009,0.5,0.57,131.59,0.51,94.75,0.24,1.29,2
16.42,51,3.09,1016,5.47,23.96,126.03,3.06,113.96,7.41,5.85,3
14.9,67,2.06,1017,3.63,12.05,118.68,0.78,96.67,0.78,0.7,2
16.42,52,4.1,1016,4.75,20.43,121.85,2.36,120.19,6.0,4.43,3
19.98,68,8.23,1013,15.54,88.38,108.46,0.22,80.0,0.53,0.1,3
19.01,88,5.66,1013,13.91,47.35,107.93,0.84,63.44,0.54,0.0,2
18.53,84,8.77,1013,5.22,15.32,107.25,0.25,73.02,0.4,0.01,2
17.16,70,1.58,1013,12.11,20.96,208.66,3.02,39.07,0.34,14.22,2
23.26,64,2.98,1010,8.95,16.3,119.46,0.77,56.17,0.3,4.07,1
33.16,27,4.34,1005,9.53,16.23,136.96,0.75,45.11,0.18,2.29,1
11.27,59,2.06,1013,0.5,0.54,110.3,0.72,64.52,0.01,8.36,2
15.18,62,2.57,1011,1.23,2.98,115.06,0.88,93.41,0.57,0.87,2
16.84,61,1.54,1012,2.7,6.87,124.55,4.62,61.24,0.19,6.02,2
15.49,72,3.09,1015,29.72,49.89,566.07,6.57,23.26,0.94,32.2,3
19.24,79,1.74,1012,2.74,6.57,116.84,1.12,11.23,0.09,4.84,1
19.58,55,1.49,1012,22.88,35.34,377.51,5.35,26.22,0.54,11.35,2
2.47,74,4.12,1008,0.76,1.11,135.79,1.69,82.59,0.53,0.56,2
2.47,75,3.58,1009,0.93,1.24,134.68,2.49,86.95,0.97,0.36,2
-0.18,84,3.6,1008,0.5,0.69,141.58,1.5,75.67,0.32,2.52,2
27.94,74,5.66,1011,4.64,15.39,64.98,0.02,55.81,0.11,0.0,1
27.99,74,5.66,1011,4.64,15.39,64.98,0.02,55.81,0.11,0.0,1
28.83,61,4.12,1010,3.7,11.03,64.11,0.02,54.77,0.1,0.0,1
11.51,96,5.14,1008,3.2,3.39,135.38,3.02,34.99,0.13,1.48,1
15.25,88,2.86,1009,2.03,3.92,117.51,0.44,89.29,0.45,0.18,2
12.11,93,3.6,1010,0.58,0.79,101.98,1.62,21.95,0.04,1.92,1
25.76,87,3.76,1010,6.14,12.21,92.98,0.14,24.22,0.14,0.0,1
24.98,94,1.54,1011,5.91,16.48,89.59,0.05,28.05,0.19,0.0,1
21.53,98,1.28,1011,2.14,2.32,93.73,0.24,8.05,0.01,0.03,1
11.05,72,4.12,1012,1.65,3.27,128.83,6.63,96.45,3.41,0.78,2
8.48,77,3.09,1015,3.83,4.28,131.57,4.67,79.37,1.51,3.07,2
6.65,67,4.12,1018,0.56,1.26,132.68,1.56,95.09,0.62,1.87,2
12.08,94,3.09,1013,1.75,3.73,105.88,2.5,64.52,0.07,6.99,2
11.99,94,0.0,1015,4.51,4.9,118.68,5.1,65.93,1.13,54.61,2
10.33,95,0.91,1014,3.0,3.33,120.64,4.51,66.47,0.61,12.94,2
27.99,78,5.14,1014,4.58,13.79,118.15,0.1,20.92,0.06,0.09,1
27.99,78,5.14,1014,4.58,13.79,118.15,0.1,20.92,0.06,0.09,1
24.01,91,1.28,1014,1.53,2.23,98.79,0.09,7.47,0.04,0.07,1
11.61,93,2.57,1012,8.11,9.96,128.57,2.6,82.48,1.22,1.73,2
23.1,97,0.73,1012,1.65,3.12,110.14,0.72,11.46,0.13,0.12,1
29.23,79,4.12,1011,1.35,3.67,99.34,0.14,20.21,0.22,0.01,1
29.29,48,4.0,1008,6.4,7.8,162.1,1.53,33.17,0.22,0.49,1
16.11,75,5.66,1013,1.85,4.92,114.41,2.61,70.46,0.53,1.31,2
23.08,94,2.06,1014,15.88,66.77,94.43,1.72,39.24,0.59,0.0,3
23.02,94,2.06,1013,15.57,71.18,94.29,1.7,38.65,0.6,0.0,3
23.01,94,2.06,1014,15.88,66.77,94.43,1.72,39.24,0.59,0.0,3
28.04,83,2.06,1013,13.4,29.91,109.23,0.49,37.61,0.36,0.0,2
28.05,83,2.06,1013,13.4,29.91,109.23,0.49,37.61,0.36,0.0,2
21.35,98,0.82,1013,4.86,7.55,165.65,0.71,5.73,0.14,0.35,1
26.82,74,4.12,1017,2.51,12.0,103.05,0.54,41.82,0.45,0.03,1
26.94,74,4.12,1017,2.5,11.89,103.44,0.54,38.81,0.41,0.03,1
27.02,74,4.12,1017,2.5,11.89,103.44,0.54,38.81,0.41,0.03,1
25.92,100,1.54,1011,4.56,9.27,96.22,0.13,23.83,0.16,0.0,1
24.95,100,0.0,1011,2.68,5.27,107.84,0.05,22.72,0.09,0.08,1
21.9,99,1.59,1012,4.26,4.98,103.16,0.77,10.63,0.25,0.07,1
16.56,66,0.89,1015,24.76,28.15,110.43,1.37,83.14,2.36,0.04,2
16.7,62,1.54,1015,6.97,7.86,114.87,1.87,83.63,2.71,12.92,2
17.14,70,2.55,1018,13.27,17.62,113.15,0.52,100.51,1.57,0.0,3
24.17,81,5.14,1011,19.54,22.89,165.19,0.58,55.02,1.31,1.84,2
22.47,89,4.92,1012,17.13,19.95,148.15,0.4,54.04,0.88,0.92,2
19.83,89,2.67,1012,16.23,19.05,160.24,0.46,54.2,1.05,1.23,2
27.98,89,10.29,1012,3.5,8.38,98.94,0.06,46.23,0.08,0.0,1
27.5,89,10.29,1012,3.5,8.38,98.94,0.06,46.23,0.08,0.0,1
28.47,88,10.29,1012,3.45,8.05,99.11,0.06,47.68,0.08,0.0,1
27.06,44,2.57,1015,15.54,91.82,94.23,0.49,47.71,0.32,0.0,3
23.69,88,3.02,1014,18.55,82.65,101.34,0.16,42.71,0.1,0.13,3
24.8,85,4.02,1015,18.0,91.47,97.69,0.16,46.39,0.12,0.03,3
25.13,92,3.59,1014,1.61,1.69,124.1,1.13,11.31,0.29,0.03,1
23.26,94,1.39,1014,0.59,0.6,116.89,0.34,12.08,0.03,0.02,1
25.34,84,2.61,1014,0.93,1.01,122.61,0.37,16.14,0.07,0.08,1
22.19,85,5.81,1013,7.95,15.0,198.01,1.73,103.0,2.21,0.0,3
22.31,86,5.81,1013,7.95,15.0,198.01,1.73,103.0,2.21,0.0,3
22.17,89,6.17,1013,8.27,15.44,199.55,1.82,102.51,2.18,0.0,3
30.81,33,1.03,1013,21.31,23.11,143.69,0.78,57.85,5.22,1.14,2
31.69,62,6.69,1011,6.0,8.61,294.41,7.14,49.47,1.52,14.64,1
31.9,74,4.12,1011,3.35,5.38,169.47,3.21,48.5,0.41,2.61,1
11.82,76,3.09,1012,5.78,6.24,115.68,0.58,104.38,0.14,0.54,3
14.06,67,2.06,1015,34.06,41.06,141.44,4.23,95.47,2.25,0.56,3
16.51,72,1.03,1014,9.13,12.32,134.54,2.93,108.91,1.56,0.46,3
30.93,51,5.66,1015,3.25,17.19,89.95,0.11,50.75,0.24,0.0,1
30.43,51,5.66,1015,3.18,16.4,90.13,0.12,51.92,0.23,0.0,1
27.39,73,2.95,1015,8.6,14.7,144.19,0.57,65.16,0.46,2.62,2
16.35,61,2.06,1010,3.52,3.92,116.65,0.78,93.7,0.3,3.58,2
10.88,58,3.09,1012,7.07,8.53,123.76,3.43,58.87,1.85,9.49,1
14.49,58,3.7,1012,4.25,5.61,116.46,4.13,49.1,0.81,6.65,1
26.49,92,1.34,1010,11.66,14.73,322.24,3.08,32.7,0.63,2.51,2
26.12,94,1.54,1010,2.04,4.14,113.11,1.37,25.26,0.35,1.63,1
26.02,94,0.0,1009,11.66,14.73,322.24,3.08,32.7,0.63,2.51,2
6.11,87,3.09,1016,2.0,2.89,125.26,2.79,80.62,1.46,14.97,2
9.87,87,3.09,1016,0.69,1.16,121.99,0.55,89.68,0.4,1.66,2
8.97,85,2.03,1017,1.12,2.83,125.16,0.86,87.41,0.61,3.98,2
11.51,88,0.89,1015,5.29,21.32,116.4,0.96,102.54,1.09,5.01,3
16.74,67,1.54,1016,4.78,18.96,119.8,2.88,99.93,1.47,26.69,2
13.46,75,1.22,1015,3.25,8.62,117.75,0.25,113.58,1.36,0.39,3
8.88,81,5.66,1016,0.75,1.56,127.85,1.06,110.02,0.76,0.81,3
29.01,65,2.57,1009,23.09,61.48,117.94,0.08,69.56,0.48,0.0,3
22.03,83,1.54,1008,88.74,108.22,704.49,10.2,53.26,2.17,55.75,5
22.61,82,5.36,1010,35.49,47.58,402.45,11.14,37.52,2.81,13.99,3
17.95,45,2.06,1011,17.84,99.96,152.16,3.39,87.36,0.89,0.8,3
12.9,81,2.24,1013,28.0,167.52,124.22,0.37,101.79,0.22,1.89,4
10.85,71,4.12,1011,49.57,295.85,138.64,3.81,92.56,6.64,2.68,5
23.99,25,2.06,1011,14.38,39.85,207.34,13.78,47.97,1.98,5.0,2
19.08,45,3.09,1010,11.3,33.55,122.6,1.56,90.29,0.5,3.53,2
19.99,27,1.55,1011,22.35,78.48,113.43,2.8,64.93,1.13,3.4,3
1.81,64,7.2,1021,0.5,0.5,137.1,0.06,112.0,0.12,0.01,3
1.84,64,7.2,1021,0.5,0.5,137.1,0.06,112.0,0.12,0.01,3
1.93,64,7.2,1022,0.5,0.5,137.1,0.06,112.0,0.12,0.01,3
17.23,69,2.57,1016,15.84,20.08,119.79,0.3,110.79,1.41,0.0,3
13.45,94,2.06,1012,3.33,4.44,125.95,2.39,41.76,0.35,1.51,1
15.07,54,2.06,1016,10.69,12.41,115.0,0.5,107.72,1.06,0.0,3
12.7,80,2.06,1012,11.49,12.89,130.23,1.97,80.31,0.92,2.09,2
28.53,70,7.2,1015,2.77,14.53,84.76,0.16,56.18,0.24,0.0,1
28.13,72,7.2,1015,2.94,15.52,85.02,0.15,55.88,0.25,0.0,1
28.3,72,7.2,1015,2.94,15.52,85.02,0.15,55.88,0.25,0.0,1
11.05,76,3.09,1017,4.43,16.54,121.88,1.04,107.85,0.91,3.07,3
11.95,76,3.09,1017,3.37,11.63,124.16,0.88,120.4,1.24,1.66,3
11.74,81,3.25,1016,5.39,16.41,133.41,6.79,100.8,2.51,5.26,3
17.89,61,1.54,1023,2.9,10.16,174.96,1.27,117.0,4.01,0.13,3
18.73,71,1.54,1023,2.96,9.68,174.41,1.22,115.43,3.25,0.09,3
16.11,62,4.12,1021,2.22,3.43,151.67,1.34,124.99,0.59,0.36,3
16.62,94,1.54,1015,0.67,0.83,95.03,0.48,29.25,0.09,0.24,1
15.59,89,2.01,1012,13.05,23.98,383.67,4.13,11.79,0.45,4.9,2
26.23,89,2.06,1010,8.88,14.58,247.29,2.44,17.58,0.43,0.96,1
13.11,79,3.04,1016,2.66,2.86,97.4,2.8,52.94,0.31,8.94,1
14.51,72,2.0,1017,1.93,5.93,96.73,0.26,63.16,0.29,8.0,2
17.16,69,0.89,1017,2.02,5.03,106.44,1.28,56.67,0.2,9.42,1
28.36,71,2.36,1009,35.71,37.88,869.54,15.52,20.18,2.46,2.8,3
27.91,72,1.27,1009,9.66,10.44,362.54,5.42,35.54,0.82,0.53,1
28.99,59,1.68,1009,25.28,26.11,504.27,3.96,3.56,0.3,0.61,3
26.0,94,2.57,1010,0.5,0.5,68.46,0.01,11.61,0.01,0.0,1
25.91,79,0.37,1012,2.28,7.16,66.03,0.06,49.55,0.12,0.02,1
25.33,75,1.54,1011,1.99,6.27,65.33,0.06,49.14,0.1,0.01,1
27.16,64,2.83,1011,2.04,6.36,66.31,0.05,51.86,0.11,0.02,1
16.81,54,4.98,1015,35.49,47.53,191.61,0.55,124.35,1.27,0.48,3
19.46,43,2.23,1011,54.56,59.26,205.44,9.01,97.95,6.78,1.82,4
16.95,62,5.94,1014,34.95,48.27,185.09,0.34,125.9,1.1,0.07,3
15.76,55,2.57,1017,29.04,34.22,188.42,6.73,116.7,2.34,2.36,3
14.95,63,1.03,1019,12.03,16.52,150.11,0.85,127.25,2.6,1.94,3
15.95,55,2.57,1017,24.23,30.02,173.37,1.59,122.29,1.58,0.71,3
27.86,35,9.46,1008,65.79,324.35,139.02,1.13,131.69,7.81,0.0,5
28.22,45,6.26,1008,61.76,307.51,139.92,0.99,135.69,6.95,0.0,5
28.14,45,6.26,1008,61.76,307.51,139.92,0.99,135.69,6.95,0.0,5
30.01,62,3.6,1013,2.9,10.68,91.66,0.14,46.39,0.2,0.0,1
30.01,62,3.6,1013,2.9,10.68,91.66,0.14,46.39,0.2,0.0,1
11.28,71,1.0,1018,5.74,11.01,95.69,1.49,73.05,0.64,6.68,2
14.33,72,4.0,1015,4.22,9.27,138.68,5.32,58.87,0.7,13.7,1
11.05,87,4.0,1010,2.91,4.68,113.8,0.25,65.59,0.05,0.15,2
22.97,78,1.03,1010,44.14,46.57,986.37,13.24,10.27,2.62,14.89,3
26.58,77,1.5,1010,73.12,79.12,1679.74,21.57,2.69,2.39,7.96,4
25.06,85,1.11,1010,54.88,59.47,1231.94,12.36,3.41,1.89,5.34,4
12.08,69,2.84,1015,1.9,5.79,120.66,1.92,116.38,1.31,0.74,3
14.45,78,2.27,1014,2.28,5.27,134.83,3.36,93.01,1.91,5.97,2
12.41,68,1.26,1015,2.61,7.46,120.12,0.98,116.72,1.48,0.78,3
27.28,75,7.13,1016,2.56,10.68,115.54,0.5,33.76,0.46,0.04,1
26.42,100,6.75,1016,2.69,11.16,116.38,0.39,35.19,0.39,0.03,1
26.72,91,1.84,1008,0.89,2.81,118.07,0.82,51.35,0.47,0.08,1
26.71,91,0.45,1008,0.89,2.81,118.07,0.82,51.35,0.47,0.08,1
26.64,91,0.45,1008,0.89,2.81,118.07,0.82,51.35,0.47,0.08,1
26.54,86,4.03,1012,0.53,1.2,91.41,0.29,22.2,0.13,0.18,1
23.57,98,1.15,1013,1.32,3.34,117.17,0.91,21.37,0.3,0.49,1
26.89,84,3.41,1012,0.5,0.87,81.79,0.16,16.79,0.07,0.05,1
5.82,91,1.46,1012,0.5,0.52,61.85,0.36,46.3,0.06,0.11,1
7.11,92,3.08,1011,0.69,0.78,69.83,0.67,42.05,0.18,0.14,1
6.45,88,3.45,1011,0.5,0.5,66.59,0.52,41.2,0.04,0.1,1
11.79,77,4.63,1009,3.2,3.5,122.57,2.23,57.36,0.68,2.67,1
9.18,93,1.54,1010,2.36,2.73,121.05,1.6,74.17,0.51,2.12,2
2.01,76,3.46,1011,1.85,2.32,128.56,2.57,74.75,1.08,0.78,2
12.04,95,2.57,1006,0.55,0.63,113.66,1.16,42.29,0.03,1.21,1
11.86,95,4.02,1006,0.56,0.62,113.69,1.13,45.02,0.03,1.27,1
11.74,95,2.57,1007,0.54,0.58,112.6,1.15,43.83,0.03,1.29,1
6.12,72,1.03,1011,1.61,2.74,132.25,1.61,76.76,0.5,3.8,2
10.15,60,3.16,1010,1.38,1.64,114.87,1.16,64.37,0.11,1.58,2
0.95,100,1.03,1012,2.65,3.98,129.79,1.73,80.28,0.9,0.13,2
22.94,27,9.26,1011,12.72,56.09,130.96,0.75,123.75,0.13,0.03,3
18.64,48,4.08,1017,19.06,50.91,191.85,2.91,102.28,1.4,0.01,3
18.52,64,8.0,1014,19.7,82.55,135.07,1.14,110.12,0.28,0.0,3
17.16,59,2.06,1015,2.53,8.73,115.92,2.02,95.69,3.62,0.3,2
14.23,77,0.0,1015,2.24,5.06,114.34,2.54,92.2,3.59,0.28,2
13.08,82,2.57,1015,3.03,5.6,98.98,2.15,64.38,0.53,1.61,2
14.81,94,4.63,1010,1.7,2.99,115.7,0.45,94.48,0.52,0.01,2
12.8,48,2.57,1015,5.48,6.65,133.77,2.31,81.72,1.33,3.07,2
11.01,57,1.8,1015,4.44,5.01,128.92,0.87,82.16,1.01,1.56,2
12.76,65,3.25,1013,3.98,5.46,118.56,2.06,66.54,0.54,5.57,2
13.88,62,3.09,1017,28.89,36.38,114.87,1.58,102.94,6.16,0.0,3
7.59,76,1.46,1018,35.25,43.6,118.63,1.94,100.08,6.76,0.0,3
9.48,100,0.0,1017,39.27,48.19,125.98,3.29,93.56,7.18,0.0,3
14.98,100,2.06,1018,6.7,10.7,172.29,1.85,13.08,0.12,0.38,1
23.0,94,1.54,1014,2.61,3.78,98.7,0.98,19.52,0.16,0.57,1
12.61,95,1.4,1018,3.32,4.45,106.91,0.88,16.97,0.09,0.63,1
28.98,79,2.57,1011,0.82,1.96,93.25,0.01,45.85,0.04,0.0,1
9.9,71,1.03,1015,4.73,5.64,102.54,1.34,60.83,0.07,2.31,2
9.31,65,0.66,1015,3.54,4.54,100.58,1.43,53.88,0.06,2.05,1
10.52,77,1.26,1016,12.05,13.19,99.58,1.71,54.82,0.34,3.55,2
29.3,37,1.03,1008,19.38,56.21,165.12,0.83,19.3,0.14,8.94,3
30.65,38,2.32,1008,10.54,24.06,153.97,1.15,18.85,0.09,3.08,2
35.41,21,2.66,1006,17.21,50.79,158.73,0.73,17.56,0.1,3.47,3
26.98,83,1.03,1009,13.79,17.36,506.06,7.23,9.39,0.87,4.49,2
29.83,51,3.05,1006,8.85,13.38,237.02,2.94,42.76,0.36,5.39,1
28.12,54,2.43,1008,19.99,25.34,655.34,13.32,7.79,1.66,11.4,2
-1.93,59,3.0,1027,0.5,0.5,115.72,0.14,84.32,0.16,0.46,2
0.31,43,1.7,1027,0.5,0.5,117.6,0.52,55.33,0.02,3.36,1
4.18,41,0.78,1027,0.5,0.5,118.35,0.31,69.99,0.03,1.11,2
22.85,88,3.6,1013,8.92,16.31,202.62,1.99,101.54,2.13,0.0,3
22.96,88,3.6,1012,8.5,16.22,189.96,0.79,107.11,0.34,0.0,3
22.82,88,3.6,1013,8.5,16.22,189.96,0.79,107.11,0.34,0.0,3
28.08,79,9.77,1013,5.38,13.1,100.44,0.17,35.14,0.12,0.0,1
26.97,78,4.63,1017,2.01,8.84,113.94,0.66,31.26,0.46,0.06,1
26.95,78,4.63,1017,2.02,9.1,113.82,0.59,30.18,0.43,0.06,1
27.03,78,4.63,1017,2.02,9.1,113.82,0.59,30.18,0.43,0.06,1
20.96,85,6.05,1012,17.65,54.79,105.32,0.63,79.48,0.61,0.0,3
19.93,88,6.69,1012,12.65,56.31,105.88,1.82,75.69,1.17,0.0,3
31.57,39,5.54,1009,61.94,263.71,132.49,0.34,49.15,0.22,0.3,5
18.1,94,5.66,1015,15.19,33.94,117.92,0.15,110.88,1.62,0.0,3
17.98,94,5.66,1016,15.19,33.94,117.92,0.15,110.88,1.62,0.0,3
17.75,94,5.66,1016,15.19,33.94,117.92,0.15,110.88,1.62,0.0,3
23.01,92,4.33,1015,0.96,4.55,62.69,0.14,47.7,0.19,0.0,1
20.48,92,0.89,1015,1.01,4.92,62.71,0.1,49.1,0.16,0.0,1
21.43,92,0.89,1015,1.01,4.92,62.71,0.1,49.1,0.16,0.0,1
27.97,94,4.12,1007,0.54,1.45,115.69,0.02,23.76,0.04,0.0,1
15.7,78,0.66,1014,3.01,4.59,85.39,0.5,29.34,0.04,0.2,1
17.72,64,2.28,1013,7.01,11.33,125.97,1.35,21.85,0.31,0.45,1
14.65,88,0.86,1014,2.65,3.52,82.95,0.56,30.89,0.04,0.26,1
26.64,30,5.14,1008,9.67,11.25,161.25,4.24,82.91,2.02,5.58,2
18.67,57,5.66,1014,0.51,1.87,106.13,0.13,104.6,0.15,0.0,3
26.97,29,5.14,1010,11.13,12.51,154.96,2.85,88.77,2.05,3.45,2
26.4,88,1.03,1008,6.84,7.24,343.99,4.13,19.32,0.81,0.34,1
25.46,100,0.51,1008,3.22,3.62,157.7,0.45,7.34,0.13,0.77,1
26.62,88,1.03,1008,4.85,5.16,284.19,1.5,20.6,0.19,0.45,1
20.66,87,6.17,1006,22.99,24.63,202.67,3.58,18.09,1.03,0.31,2
20.97,88,6.17,1006,22.99,24.63,202.67,3.58,18.09,1.03,0.31,2
22.97,73,4.12,1013,4.76,10.36,91.17,0.33,32.68,0.06,0.07,1
25.94,99,3.97,1015,1.7,4.58,62.08,0.02,47.03,0.09,0.0,1
28.87,69,3.86,1015,1.7,4.58,62.08,0.02,47.03,0.09,0.0,1
28.66,69,2.01,1015,1.58,4.18,61.89,0.02,46.56,0.09,0.0,1
36.16,26,5.14,1005,26.99,73.93,162.88,0.62,37.3,0.15,5.24,3
32.76,13,3.55,1006,40.99,103.09,260.18,1.27,42.88,0.51,11.1,4
30.4,13,4.41,1006,115.76,293.75,1004.75,12.52,34.32,4.42,54.0,5
28.51,80,6.36,1009,1.28,4.31,98.26,0.06,19.78,0.13,0.05,1
32.14,12,2.02,1006,46.96,71.22,539.45,4.92,37.41,1.44,10.07,3
23.64,94,2.03,1010,3.61,10.23,172.25,1.27,17.39,0.51,1.04,1
32.03,43,4.92,1009,4.36,5.89,93.83,0.19,41.22,5.77,0.23,1
30.19,57,2.87,1009,6.12,7.87,94.82,0.19,45.9,6.92,0.0,1
33.06,40,8.05,1009,5.13,6.01,97.97,0.27,43.07,2.55,0.07,1
9.3,80,3.6,1010,4.59,5.64,136.61,7.99,88.24,1.59,6.81,2
9.51,71,4.47,1010,3.18,4.25,133.61,8.11,89.3,1.46,7.96,2
9.34,79,3.6,1010,3.86,5.37,136.04,8.67,89.84,2.01,7.74,2
0.37,67,0.93,1012,0.5,0.5,137.53,1.25,93.3,0.71,2.36,2
1.27,86,1.54,1015,0.5,1.17,135.7,0.48,84.86,0.88,0.0,2
-0.33,85,0.45,1011,0.5,0.5,124.94,0.27,72.99,0.22,0.73,2
18.25,100,1.54,1011,72.96,81.19,926.87,14.56,38.81,6.47,13.64,4
17.19,64,2.79,1011,76.05,89.47,1008.55,16.39,28.15,2.59,16.75,5
22.93,75,1.77,1008,100.61,117.2,1078.73,17.8,40.05,4.18,21.59,5
20.07,63,4.12,1028,2.07,3.23,78.24,1.45,48.18,0.84,0.03,1
16.07,63,1.54,1020,0.89,1.67,81.88,1.61,41.41,0.14,0.28,1
15.22,92,8.75,1024,1.07,1.33,74.41,0.8,46.55,0.26,0.07,1
29.99,58,1.54,1005,25.01,123.99,97.66,0.61,44.12,0.18,0.22,4
30.05,58,1.54,1006,30.9,146.57,102.11,0.79,48.82,0.22,0.32,4
30.0,58,1.54,1005,25.7,125.09,98.73,0.63,44.39,0.15,0.24,4
28.01,90,1.54,1009,3.32,4.22,129.23,0.91,56.73,0.71,0.62,1
26.76,94,1.54,1009,2.77,3.51,133.85,1.49,45.69,0.9,0.74,1
26.91,94,1.54,1009,2.77,3.51,133.85,1.49,45.69,0.9,0.74,1
21.14,78,5.14,1012,9.79,22.93,76.05,0.06,49.04,0.3,0.0,2
22.1,78,5.14,1012,9.79,22.93,76.05,0.06,49.04,0.3,0.0,2
15.12,67,2.06,1018,12.26,21.62,72.38,0.66,60.96,2.11,0.0,2
30.9,62,1.03,1012,0.59,1.94,59.51,0.02,34.82,0.02,0.0,1
30.96,62,1.03,1012,0.6,1.99,59.34,0.02,33.77,0.02,0.0,1
30.8,62,1.03,1012,0.57,1.73,59.43,0.02,34.12,0.02,0.0,1
27.79,75,5.53,1011,1.71,8.54,61.04,0.03,39.31,0.12,0.0,1
26.87,71,1.24,1012,1.05,1.32,36.59,0.07,1.7,0.05,0.02,1
30.38,68,1.04,1010,1.46,1.95,62.45,0.1,19.51,3.27,0.0,1
29.83,74,2.57,1011,6.85,9.21,176.86,5.57,34.88,4.23,3.4,1
28.05,78,2.06,1010,33.98,35.83,479.65,8.72,42.73,1.93,43.1,3
30.12,74,2.57,1011,6.19,8.38,153.37,4.81,36.88,4.1,2.25,1
24.99,61,0.0,1007,47.2,66.9,665.54,11.36,41.98,1.85,75.3,3
27.09,83,1.54,1007,20.67,93.17,113.95,0.07,54.9,0.27,0.0,3
23.08,56,2.06,1008,52.19,81.99,442.65,8.85,55.04,1.12,83.44,4
15.26,80,2.57,1006,4.24,5.77,136.94,3.64,85.66,3.48,14.89,2
14.1,54,1.03,1006,3.18,3.68,112.39,0.79,96.48,0.37,4.57,2
12.79,79,2.24,1005,3.88,4.71,120.67,2.25,83.39,0.99,9.02,2
28.68,69,6.69,1016,2.59,13.12,90.0,0.13,46.39,0.2,0.0,1
28.33,70,6.69,1017,2.68,13.66,90.2,0.13,47.89,0.2,0.0,1
27.87,73,6.69,1017,2.56,12.92,90.03,0.13,47.87,0.2,0.0,1
15.8,71,2.73,1016,6.4,28.82,118.86,0.88,95.79,0.9,3.19,2
15.72,71,3.05,1016,6.92,31.73,118.13,0.65,91.64,0.6,1.01,2
15.73,71,2.59,1016,6.4,28.82,118.86,0.88,95.79,0.9,3.19,2
13.18,77,5.66,1016,1.11,3.68,121.01,1.47,104.91,1.21,0.03,3
11.73,87,2.06,1016,0.9,2.54,124.68,0.97,106.42,0.72,0.11,3
11.2,86,1.47,1017,0.89,2.5,125.05,0.86,105.72,0.68,0.07,3
24.79,78,1.54,1012,6.98,8.62,120.85,1.5,38.61,0.28,0.59,1
24.33,83,4.12,1015,17.58,20.4,185.44,2.47,50.77,0.39,0.65,2
24.7,78,1.54,1012,7.17,9.03,127.28,1.75,39.56,0.34,0.68,1
28.35,70,3.09,1004,77.83,207.95,248.9,1.91,172.35,9.78,0.05,5
28.02,72,3.09,1004,77.83,207.95,248.9,1.91,172.35,9.78,0.05,5
28.03,74,1.54,1004,76.2,196.13,264.2,2.62,159.11,9.91,0.1,5
21.81,68,3.09,1016,1.25,3.87,63.1,0.18,47.32,0.25,0.07,1
22.05,71,2.49,1016,1.23,3.73,61.38,0.11,45.76,0.17,0.0,1
22.82,68,4.63,1016,1.26,3.79,61.47,0.08,46.38,0.15,0.0,1
13.84,71,2.24,1014,3.55,5.1,109.66,2.44,29.87,0.11,1.05,1
12.65,67,5.14,1013,3.89,5.66,114.75,2.75,40.36,0.18,3.1,1
7.45,80,2.88,1016,6.22,7.11,132.88,2.43,84.92,1.16,0.31,2
15.07,66,3.58,1013,1.99,2.61,107.3,1.51,80.64,1.01,2.33,2
11.99,62,1.54,1015,4.02,6.38,126.81,5.33,59.23,1.88,10.24,1
17.01,63,0.45,1013,2.0,2.79,98.41,1.4,38.68,0.22,4.53,1
14.54,71,1.99,1008,4.17,4.51,106.21,1.56,38.44,0.16,0.75,1
5.56,72,3.81,1005,0.61,0.89,131.99,1.29,90.4,0.72,0.67,2
10.87,93,3.0,1011,5.63,6.56,125.59,0.33,102.13,1.12,0.9,3
20.71,94,1.54,1014,36.42,62.5,656.38,4.75,2.4,0.69,2.53,3
17.28,91,1.66,1015,11.81,19.31,344.88,3.51,8.99,0.91,4.47,2
15.2,99,0.69,1016,16.07,27.77,384.74,4.01,6.19,0.68,3.32,2
26.0,50,8.16,1009,19.26,72.07,108.89,1.37,130.63,2.27,0.02,3
30.58,17,4.59,1007,30.79,95.12,100.24,1.53,50.87,0.92,0.09,3
24.83,42,3.12,1009,23.85,85.45,116.13,7.54,110.45,30.47,0.0,3
30.58,67,3.45,1010,0.62,2.78,63.0,0.01,12.82,0.06,0.0,1
30.58,66,3.06,1010,0.62,2.78,63.0,0.01,12.82,0.06,0.0,1
30.29,67,3.8,1010,0.61,2.88,63.04,0.01,12.63,0.06,0.0,1
28.0,83,3.09,1008,0.96,2.76,64.57,0.04,16.14,0.07,0.0,1
32.46,12,10.06,1006,67.97,384.81,107.31,0.31,68.56,0.41,0.79,5
32.02,12,10.04,1006,68.35,393.65,106.51,0.27,71.4,0.38,0.8,5
32.05,12,10.09,1006,68.35,393.65,106.51,0.27,71.4,0.38,0.8,5
2.3,89,0.51,1011,0.5,0.62,129.81,0.8,79.1,0.18,1.27,2
0.21,68,1.39,1012,0.53,0.95,131.22,1.27,93.63,0.7,3.48,2
8.93,63,4.74,1011,2.62,3.24,138.2,4.87,105.54,2.26,3.84,3
25.97,96,0.51,1008,2.92,3.4,169.37,0.61,7.8,0.17,0.85,1
25.97,94,0.51,1008,2.92,3.4,169.37,0.61,7.8,0.17,0.85,1
26.0,94,0.51,1008,2.92,3.4,169.37,0.61,7.8,0.17,0.85,1
13.36,84,0.45,1012,6.86,8.34,124.85,1.21,104.22,0.6,0.49,3
14.78,71,5.66,1010,2.81,3.07,111.71,1.03,82.85,0.04,0.77,2
14.69,78,1.79,1011,3.75,4.04,114.46,1.0,101.95,0.17,0.36,3
15.3,68,5.66,1007,2.13,2.73,121.78,1.63,92.18,0.55,3.98,2
11.0,60,0.51,1010,4.83,5.82,114.45,1.52,71.51,1.13,8.9,2
15.5,67,5.66,1007,2.13,2.73,121.78,1.63,92.18,0.55,3.98,2
28.03,83,3.09,1013,9.23,20.31,108.41,0.65,37.53,0.44,0.0,2
24.5,96,1.32,1013,2.83,6.17,113.42,0.52,38.56,0.25,0.11,1
24.05,97,1.36,1013,2.49,4.7,125.52,0.68,32.84,0.23,0.48,1
22.92,90,4.02,1013,12.82,77.75,95.46,0.56,45.8,0.34,0.0,3
25.63,50,5.09,1012,15.98,72.55,95.44,1.12,51.45,0.5,0.07,3
22.89,90,4.02,1013,12.82,75.5,95.91,0.76,45.36,0.45,0.0,3
28.07,81,6.11,1009,1.46,2.65,63.71,0.03,23.47,0.06,0.01,1
21.64,68,1.12,1011,7.36,14.82,197.39,2.49,15.75,0.34,10.54,1
23.31,66,1.37,1011,2.45,6.71,103.73,0.77,12.43,0.05,1.57,1
25.69,84,4.69,1014,1.61,1.75,109.65,0.56,9.15,0.23,0.07,1
23.68,91,0.9,1014,1.07,1.14,101.85,0.35,7.0,0.14,0.06,1
23.82,71,2.23,1007,2.92,4.73,178.29,0.83,14.62,0.09,1.05,1
31.91,23,1.55,1004,13.52,34.64,119.53,0.4,31.0,0.06,1.68,2
20.89,81,1.42,1009,5.63,6.91,165.31,0.32,2.49,0.04,0.11,1
27.02,89,6.69,1011,5.09,10.51,87.14,0.05,27.6,0.17,0.0,1
27.27,76,6.17,1011,14.97,19.0,116.12,0.3,52.34,4.46,0.0,2
27.94,69,6.17,1011,14.97,19.0,116.12,0.3,52.34,4.46,0.0,2
29.99,65,2.43,1009,18.17,20.5,122.18,0.29,55.46,4.38,0.0,2
9.04,86,2.87,1014,1.72,2.79,123.57,1.85,77.29,2.25,2.93,2
10.63,62,0.89,1015,7.18,13.61,159.43,18.09,64.6,3.48,14.35,2
9.78,84,3.46,1015,1.89,3.38,124.51,2.69,75.0,1.15,9.08,2
18.01,94,2.56,1008,9.19,9.56,126.31,27.36,11.85,14.61,0.0,1
14.8,93,2.94,1009,7.34,7.63,128.84,26.08,14.51,15.6,0.01,1
26.99,82,0.0,1015,10.69,15.53,128.6,0.45,64.38,0.4,0.17,2
32.98,17,3.09,1004,54.54,171.31,259.22,2.24,29.24,0.85,9.43,4
32.3,28,2.73,1005,3.96,8.62,110.62,0.3,15.29,0.03,3.77,1
30.15,15,5.37,1006,11.55,33.42,117.61,0.27,33.87,0.07,0.71,2
29.06,79,4.12,1011,1.09,3.31,99.2,0.13,20.53,0.13,0.07,1
22.96,87,3.63,1011,7.51,11.35,199.58,1.84,13.42,0.25,0.78,1
25.72,70,3.81,1010,6.58,7.82,168.51,1.37,19.7,0.13,0.42,1
32.2,72,1.87,1009,11.29,12.12,259.02,3.38,25.55,0.9,5.51,2
32.81,64,2.49,1008,10.91,11.67,243.42,2.24,24.59,0.6,2.8,2
33.33,86,1.69,1009,13.29,15.64,316.2,4.02,23.24,1.19,4.87,2
14.06,77,1.0,1016,7.98,28.65,250.26,2.39,59.48,0.78,34.32,2
18.66,52,0.21,1016,3.22,5.61,103.7,0.88,61.71,0.55,19.87,2
16.77,52,1.99,1015,3.86,7.27,114.56,0.87,65.33,0.83,33.54,2
28.03,61,1.1,1012,1.01,2.46,100.04,0.98,20.88,0.27,0.26,1
26.58,69,2.1,1012,1.27,4.69,97.51,0.88,24.2,0.29,0.22,1
27.18,70,2.49,1013,1.19,5.02,69.99,0.25,27.78,0.15,0.09,1
24.92,44,6.17,1008,9.2,21.52,141.15,5.95,52.3,0.83,10.19,2
19.99,45,3.09,1010,16.22,79.06,153.55,0.39,96.84,0.15,7.26,3
20.97,40,4.12,1009,34.4,169.53,117.62,0.2,96.43,0.1,4.49,4
15.8,88,1.03,1013,9.76,23.81,139.16,1.48,93.3,1.04,0.3,2
21.08,68,5.14,1012,18.98,64.96,174.81,1.46,122.77,2.3,0.12,3
18.88,88,3.09,1014,13.74,46.79,144.5,0.93,112.8,1.25,0.26,3
24.18,88,10.8,1006,4.48,16.08,64.79,0.03,55.58,0.12,0.0,1
10.68,66,2.06,1016,10.97,13.01,138.74,4.97,60.61,3.86,20.9,2
7.78,85,1.04,1015,3.99,4.51,122.87,1.71,60.6,0.44,2.84,2
9.41,81,1.34,1017,4.7,5.92,119.17,2.71,51.04,0.4,4.52,1
26.82,80,4.12,1014,1.42,3.91,123.62,0.33,23.43,0.05,0.31,1
26.71,81,3.51,1014,1.44,3.73,125.16,0.3,22.3,0.04,0.29,1
26.68,81,3.51,1014,1.44,3.73,125.16,0.3,22.3,0.04,0.29,1
21.56,71,0.51,1014,12.04,13.11,346.93,14.06,17.31,9.55,1.63,2
21.66,71,0.51,1014,12.04,13.11,346.93,14.06,17.31,9.55,1.63,2
21.93,93,0.0,1014,43.33,45.21,374.9,26.8,41.09,18.16,0.0,3
23.85,90,2.33,1011,2.64,3.61,74.42,0.38,9.94,0.02,0.09,1
20.61,79,1.48,1011,2.57,4.35,146.2,1.15,6.35,0.07,0.23,1
18.09,91,3.53,1013,1.29,2.26,83.28,0.47,23.29,0.04,0.2,1
17.87,50,0.45,1012,3.04,3.51,110.62,0.88,79.66,1.21,5.02,2
15.93,59,1.05,1014,8.14,9.93,156.15,2.98,73.8,4.03,4.22,2
11.3,67,3.19,1016,3.64,4.1,125.78,0.57,80.5,0.64,0.43,2
18.0,92,0.77,1011,3.65,5.76,171.49,2.64,15.14,0.15,1.76,1
17.71,93,0.85,1011,3.65,5.76,171.49,2.64,15.14,0.15,1.76,1
17.83,95,0.67,1011,3.27,5.0,160.1,2.33,20.56,0.14,1.74,1
24.1,42,10.29,1009,5.78,7.57,129.74,2.0,126.33,1.18,1.18,3
18.09,59,6.69,1013,0.97,3.4,107.82,0.17,108.66,0.39,0.0,3
22.57,48,10.29,1008,5.65,8.2,131.96,1.68,124.68,1.02,0.95,3
19.32,84,2.06,1014,19.38,25.63,172.92,1.56,69.49,1.46,0.0,2
22.01,97,1.03,1011,7.91,8.87,206.5,3.23,19.92,0.22,0.29,1
21.96,95,2.92,1012,7.25,8.14,173.86,2.53,21.03,0.08,0.23,1
19.79,37,2.66,1014,3.62,7.98,129.85,1.17,76.14,0.32,25.32,2
18.79,55,2.83,1016,2.58,7.2,99.09,0.23,68.38,0.36,12.32,2
19.5,54,2.22,1015,3.9,8.02,115.9,1.36,72.26,0.54,25.88,2
26.93,83,4.12,1015,2.92,14.37,122.55,0.39,26.28,0.31,0.06,1
26.78,83,4.12,1015,2.91,14.42,121.98,0.32,26.2,0.28,0.06,1
23.67,74,3.09,1014,1.24,2.49,127.79,1.03,28.89,0.12,1.48,1
29.28,72,6.32,1009,8.8,15.85,163.09,2.19,37.24,0.26,5.21,1
29.64,64,1.19,1012,2.02,3.33,149.32,1.26,17.8,0.12,2.28,1
26.75,74,3.6,1017,2.31,11.53,91.64,0.13,50.3,0.19,0.0,1
28.85,70,3.6,1017,2.47,11.27,91.2,0.18,50.22,0.26,0.0,1
27.01,94,1.34,1009,8.48,10.41,370.13,8.83,37.49,2.37,4.12,1
24.0,84,3.31,1009,42.34,46.62,436.94,3.93,18.54,1.46,4.26,3
25.99,83,3.09,1009,29.36,36.6,365.99,4.12,56.61,2.25,5.02,3
29.1,70,4.12,1013,2.47,5.89,60.46,0.01,44.79,3.01,0.0,1
30.51,77,7.51,1008,0.79,3.93,64.52,0.01,13.04,0.07,0.0,1
11.25,59,3.09,1015,7.79,9.68,111.39,3.82,49.51,0.17,4.79,1
10.14,67,2.5,1016,16.98,20.06,122.91,5.66,59.85,0.86,8.53,2
9.14,69,0.88,1016,8.63,10.59,115.49,3.95,61.05,0.34,5.78,2
19.04,56,1.89,1014,22.44,46.15,102.74,3.6,55.35,6.85,9.21,2
29.65,69,3.33,1006,11.68,20.18,104.88,0.61,57.37,1.45,0.0,2
24.95,44,1.72,1011,18.39,33.35,112.86,3.16,58.83,2.53,0.08,2
23.89,94,1.54,1011,1.69,4.51,65.82,0.04,45.42,0.08,0.02,1
23.84,94,1.54,1011,1.69,4.51,65.82,0.04,45.42,0.08,0.02,1
23.76,94,1.54,1011,1.69,4.51,65.82,0.04,45.42,0.08,0.02,1
6.94,95,0.0,1012,0.68,1.48,67.36,0.7,40.95,0.41,0.27,1
14.43,82,0.89,1018,1.9,6.61,62.03,0.05,47.18,0.23,0.01,1
20.29,91,3.45,1006,7.77,9.26,172.37,2.6,44.13,1.52,0.06,1
17.25,53,2.43,1012,7.15,9.99,296.77,1.45,17.32,0.44,0.64,1
16.38,72,1.48,1013,6.02,8.53,142.78,1.4,11.2,0.13,0.36,1
14.66,71,2.0,1014,4.65,6.55,125.45,1.06,20.78,0.22,0.36,1
13.23,78,1.76,1014,3.9,6.42,105.58,1.08,28.99,0.61,0.41,1
18.52,69,3.25,1011,2.09,2.76,82.99,0.7,31.09,0.6,0.17,1
14.04,70,2.23,1014,3.61,5.82,104.26,1.07,28.67,0.64,0.43,1
9.11,90,0.45,1015,0.76,2.82,114.65,3.57,54.08,0.09,26.05,1
9.33,90,0.45,1015,0.76,2.82,114.65,3.57,54.08,0.09,26.05,1
31.84,46,2.18,1006,88.81,307.14,287.84,9.53,82.46,7.98,2.09,5
30.02,58,1.03,1006,89.1,309.64,202.22,1.85,98.5,1.35,0.23,5
32.0,40,3.6,1006,75.92,239.56,269.38,10.16,82.13,6.6,2.25,5
14.58,44,0.95,1012,3.58,7.34,209.2,1.72,56.67,0.05,2.31,1
24.06,22,2.28,1009,16.74,41.64,232.3,1.18,84.36,0.74,0.36,2
23.4,30,0.83,1009,6.56,15.78,111.71,0.99,82.17,0.24,1.91,2
25.74,78,3.6,1017,3.12,10.25,105.7,1.24,49.21,0.96,0.05,1
14.51,82,0.0,1017,12.87,15.82,111.72,1.08,108.23,1.13,0.0,3
15.23,78,1.06,1017,16.02,20.61,112.0,1.22,102.18,1.48,0.0,3
15.82,61,3.1,1017,17.21,23.07,110.49,1.05,96.17,1.51,0.0,2
8.09,81,0.51,1015,2.96,4.66,116.74,3.66,67.03,0.83,30.31,2
3.84,87,1.54,1018,1.69,2.62,110.69,2.28,46.94,0.15,15.61,1
5.05,85,1.22,1017,1.99,3.02,112.01,2.54,51.49,0.15,12.96,1
25.0,88,3.09,1010,14.41,54.04,67.63,0.03,38.46,0.16,0.0,3
13.92,72,2.06,1014,30.66,129.06,67.74,0.4,29.59,0.11,0.14,4
17.21,71,0.83,1013,8.34,17.24,104.73,2.21,12.51,0.1,0.15,1
21.65,89,1.54,1003,8.17,8.72,224.76,13.13,19.91,2.8,0.17,1
25.39,62,0.89,1001,6.37,10.34,205.47,5.88,40.07,0.26,2.12,1
24.96,74,3.6,999,5.81,8.02,154.93,2.43,35.82,0.12,0.19,1
16.33,70,9.83,1008,1.56,2.22,115.5,2.45,69.64,0.57,2.66,2
15.82,67,3.6,1010,7.61,8.22,110.17,2.0,65.9,0.28,1.11,2
12.8,77,5.14,1011,3.19,3.55,120.79,4.15,47.43,0.14,17.38,1
16.27,59,3.6,1013,0.56,0.72,67.29,0.48,42.1,0.11,0.08,1
7.44,89,7.2,1021,0.69,2.55,62.45,0.03,51.93,0.05,0.0,1
20.86,83,3.6,1017,1.34,2.28,62.94,0.42,25.15,0.08,0.11,1
27.97,78,10.29,1011,4.56,13.57,151.81,2.42,52.27,2.16,0.24,1
27.83,81,10.29,1011,4.56,13.57,151.81,2.42,52.27,2.16,0.24,1
27.89,78,10.29,1011,4.56,13.57,151.81,2.42,52.27,2.16,0.24,1
11.03,87,2.57,1016,4.39,9.36,130.77,1.42,78.96,0.45,2.98,2
12.39,81,2.99,1016,4.83,10.85,129.42,2.11,59.23,0.3,4.53,1
12.48,82,2.06,1017,4.68,7.77,111.45,1.15,69.32,0.1,8.49,2
13.95,67,0.51,1015,12.8,15.55,111.92,0.66,101.08,1.33,0.17,3
18.74,42,3.09,1013,10.76,11.66,109.24,0.55,101.46,0.82,0.04,3
13.34,75,2.08,1014,11.85,13.22,112.16,0.62,98.84,1.04,0.0,2
27.27,78,5.14,1016,2.92,10.76,114.89,0.05,23.88,0.11,0.08,1
22.99,88,1.03,1007,6.94,10.74,251.4,5.79,5.49,0.91,2.71,1
25.33,84,2.21,1008,0.79,1.93,97.68,0.03,24.9,0.08,0.27,1
23.0,88,1.03,1008,8.57,12.69,284.98,6.86,2.93,1.12,2.96,1
9.89,79,1.54,1013,8.58,10.21,141.33,4.61,74.83,0.99,4.61,2
10.65,79,1.03,1014,10.44,12.01,155.52,11.12,49.43,0.73,7.13,2
8.36,86,1.43,1014,6.03,8.52,140.78,4.01,90.22,1.3,4.1,2
33.06,43,3.6,1006,7.4,16.8,154.69,1.0,28.5,0.13,4.56,1
31.25,51,1.03,1008,4.25,8.46,140.91,0.98,20.99,0.09,1.95,1
35.63,26,3.73,1006,7.57,18.73,148.78,0.77,23.62,0.15,4.18,1
11.83,76,2.57,1016,10.83,11.72,107.62,1.43,59.02,0.73,4.07,2
11.11,76,2.57,1016,9.9,11.88,113.07,1.53,79.18,0.85,8.52,2
10.54,94,1.54,1018,9.49,10.62,125.53,2.11,47.02,0.72,0.97,1
27.98,57,6.69,1007,45.51,169.59,157.04,8.16,95.5,21.29,0.0,4
27.97,57,6.69,1007,47.29,183.74,148.29,9.1,94.44,23.85,0.0,4
27.79,57,5.31,1007,49.6,195.49,150.57,10.15,91.22,27.74,0.0,4
21.39,86,1.59,1012,2.86,4.27,132.3,0.97,17.18,0.16,1.25,1
14.7,93,1.44,1013,6.63,10.42,219.66,2.55,25.44,0.68,8.15,1
13.26,96,1.12,1013,16.28,26.28,403.28,4.85,16.39,1.24,11.95,2
28.38,83,5.78,1009,0.7,1.78,99.34,0.07,21.87,0.08,0.12,1
27.88,84,4.62,1009,0.67,1.78,99.03,0.08,21.46,0.08,0.14,1
27.87,83,3.57,1010,0.72,1.95,100.14,0.07,21.66,0.08,0.13,1
26.03,94,1.54,1009,0.5,0.58,77.54,0.61,2.45,0.25,4.41,1
25.99,94,1.54,1009,0.5,0.58,77.54,0.61,2.45,0.25,4.41,1
26.0,94,1.54,1009,0.5,0.54,63.97,0.33,1.78,0.13,2.31,1
13.99,32,3.6,1017,3.05,5.46,58.96,0.83,64.97,0.27,0.13,2
25.01,88,6.69,1009,0.51,0.54,71.46,0.35,20.69,0.04,0.23,1
19.84,32,1.54,1014,2.16,3.1,72.0,1.88,60.43,0.49,0.59,2
23.63,76,3.6,1021,58.02,78.46,278.06,2.48,41.11,0.81,0.1,4
24.94,91,3.6,1018,3.85,17.94,62.5,0.12,52.65,0.09,0.0,1
21.44,68,1.54,1022,4.43,7.93,99.43,4.15,40.24,0.82,0.37,1
26.99,69,3.09,1017,5.8,6.81,122.97,0.08,43.63,0.05,0.0,1
26.96,65,3.6,1017,4.09,7.66,119.85,0.47,86.83,0.92,0.0,2
26.97,65,3.6,1017,3.92,7.4,119.9,0.59,85.75,0.92,0.0,2
6.6,86,0.78,1016,93.06,96.75,1130.85,19.26,5.94,1.74,12.18,5
20.35,79,2.81,1010,80.17,85.13,833.37,16.27,8.17,3.14,26.64,5
15.39,93,2.06,1013,73.29,76.8,718.19,11.01,19.33,1.78,8.9,4
9.37,62,3.12,1018,1.36,6.07,63.98,0.54,34.65,0.1,0.06,1
13.26,39,2.67,1016,0.59,2.51,59.27,0.24,34.02,0.09,0.06,1
9.22,63,2.95,1018,1.36,6.07,63.98,0.54,34.65,0.1,0.06,1
9.61,77,3.07,1008,2.51,2.78,112.2,0.81,79.36,0.46,9.1,2
18.99,45,5.0,1011,2.89,3.35,110.2,0.63,92.81,1.22,4.05,2
12.99,88,2.62,1007,4.15,5.14,128.46,2.93,62.19,1.17,14.18,2
29.45,1,4.12,1010,2.46,9.15,82.57,0.18,35.79,0.12,0.06,1
28.52,84,9.34,1011,2.53,9.85,81.4,0.15,37.34,0.13,0.03,1
30.71,63,5.99,1010,2.02,7.72,81.98,0.23,38.34,0.21,0.24,1
8.93,55,3.09,1012,1.56,1.7,141.82,4.03,84.18,1.04,3.34,2
8.1,73,3.09,1009,0.5,0.5,131.04,1.1,84.19,0.1,0.27,2
21.53,27,2.57,1003,0.75,0.97,95.52,0.12,83.75,0.11,0.61,2
26.2,78,2.57,1009,6.2,10.15,174.49,0.76,4.4,0.18,0.56,1
17.7,75,0.45,1011,4.72,5.56,99.06,0.5,10.33,0.14,0.07,1
22.81,82,0.99,1008,1.38,2.91,105.15,0.54,14.21,0.14,0.76,1
27.1,83,1.54,1008,0.5,0.51,65.92,0.02,0.97,0.0,0.06,1
26.96,83,1.54,1008,0.5,0.51,65.92,0.02,0.97,0.0,0.06,1
26.72,83,1.54,1008,0.5,0.51,67.56,0.04,1.04,0.0,0.1,1
26.2,78,2.57,1009,6.2,10.15,174.49,0.76,4.4,0.18,0.56,1
23.96,91,1.39,1010,5.76,18.98,72.27,0.18,35.4,0.08,0.0,1
21.41,98,1.04,1011,7.92,22.79,116.59,1.52,25.14,0.41,0.5,2
8.34,93,0.0,1013,4.83,4.92,127.9,2.37,59.85,0.36,11.94,1
8.19,93,1.54,1013,2.03,2.78,111.46,5.19,33.09,0.33,21.21,1
10.1,90,0.51,1013,1.94,2.21,129.39,4.54,41.49,0.21,2.75,1
27.72,89,2.57,1010,0.78,2.39,84.96,0.13,20.63,0.11,0.05,1
27.31,89,2.57,1010,0.81,2.5,84.93,0.12,20.21,0.11,0.05,1
23.69,90,2.61,1011,1.18,2.51,122.66,1.01,10.17,0.14,0.29,1
11.92,93,6.69,1020,2.96,7.09,111.85,3.33,34.4,0.31,0.75,1
12.64,84,1.79,1020,3.47,7.03,153.67,5.86,24.59,0.33,1.16,1
12.24,94,6.69,1020,2.96,7.09,111.85,3.33,34.4,0.31,0.75,1
23.95,94,1.03,1010,2.84,4.53,109.25,0.04,21.27,0.07,0.05,1
20.74,94,1.54,1012,2.94,3.18,96.27,0.78,4.46,0.09,0.06,1
19.16,93,1.56,1013,5.26,7.19,182.96,1.11,2.07,0.14,0.47,1
19.92,77,3.0,1011,36.42,50.93,335.69,17.64,28.66,14.81,4.03,3
15.94,20,6.89,1020,2.98,14.13,147.5,4.95,84.57,7.02,11.55,2
24.83,89,1.82,1012,11.49,18.21,198.06,0.87,87.76,0.57,0.0,2
15.27,85,4.12,1018,1.3,1.66,128.58,1.93,22.66,0.23,1.38,1
26.14,21,1.54,1011,3.97,4.49,135.89,3.06,19.78,0.81,2.13,1
21.38,46,4.92,1013,8.27,8.78,134.9,2.42,15.46,3.46,1.05,1
21.63,87,2.68,1015,0.62,0.86,109.21,0.46,35.15,0.18,0.0,1
28.93,79,1.03,1011,1.23,1.53,128.67,1.99,36.89,0.23,4.13,1
22.76,93,1.03,1014,0.57,0.77,109.48,0.47,34.56,0.19,0.0,1
29.24,70,5.66,1015,3.04,5.69,110.25,0.16,36.29,0.18,0.31,1
28.16,78,3.09,1016,3.59,13.1,98.73,0.32,53.49,0.28,0.32,1
25.19,94,2.06,1016,2.99,5.03,106.04,0.1,48.99,0.12,0.31,1
23.27,73,4.63,1014,5.7,22.38,100.09,0.23,56.71,0.29,0.0,2
22.75,73,8.75,1015,3.46,15.6,97.24,0.14,45.39,0.23,0.0,1
22.02,78,4.12,1014,4.59,18.25,99.66,0.17,60.9,0.28,0.0,2
28.08,79,8.23,1012,4.36,8.63,175.06,2.64,51.71,1.26,0.73,1
28.16,79,8.23,1012,4.36,8.63,175.06,2.64,51.71,1.26,0.73,1
8.76,93,2.06,1018,3.27,5.91,118.33,0.33,112.05,0.72,0.18,3
13.96,77,1.54,1017,4.05,7.26,118.38,0.21,115.53,0.79,0.1,3
14.92,77,2.57,1017,2.96,5.56,118.1,0.41,112.08,0.73,0.15,3
13.36,95,3.09,1007,1.26,1.47,115.44,2.01,61.2,0.14,3.47,2
15.88,62,3.13,1006,0.78,1.07,123.73,2.17,88.36,0.96,2.75,2
18.09,59,4.63,1006,1.62,1.89,113.41,1.13,85.86,0.38,3.2,2
8.82,89,6.26,1009,2.85,3.12,130.85,4.69,48.68,0.82,3.54,1
9.35,83,4.63,1012,4.85,5.12,135.93,3.79,71.55,0.64,4.13,2
9.83,86,1.34,1011,1.22,1.37,124.5,2.87,59.88,0.09,24.42,1
29.59,70,1.57,1006,8.77,28.97,118.95,0.74,33.24,0.15,2.48,2
25.76,58,1.98,1008,9.79,24.61,212.62,1.79,29.06,0.23,4.29,2
28.47,49,3.95,1007,12.64,34.81,208.13,1.72,34.35,0.28,5.5,2
6.52,84,0.51,1014,0.52,0.57,126.7,1.73,112.87,0.84,1.53,3
5.33,74,1.21,1014,2.54,3.17,133.33,3.41,67.24,0.27,15.37,2
5.59,83,1.78,1014,1.74,2.03,126.22,1.97,88.48,0.45,7.83,2
25.01,74,4.02,1016,2.92,12.95,108.76,1.7,31.49,1.13,0.04,1
30.0,66,3.6,1016,2.07,9.33,101.46,0.13,43.9,0.16,0.0,1
28.76,61,3.6,1016,3.18,9.34,108.7,1.97,30.67,0.46,5.43,1
29.71,66,3.6,1016,2.07,9.33,101.46,0.13,43.9,0.16,0.0,1
14.37,94,1.54,1011,3.34,4.24,123.31,5.97,72.78,0.47,0.76,2
16.93,94,1.54,1010,2.58,4.03,117.72,5.62,68.98,1.55,0.79,2
11.67,100,1.03,1011,2.52,5.96,125.2,4.44,65.66,0.25,0.46,2
13.53,91,1.0,1016,4.12,4.43,252.64,10.69,17.91,1.26,2.57,1
30.93,62,3.6,1009,12.58,39.46,86.81,0.53,39.48,0.38,0.0,2
15.95,82,1.54,1019,4.89,6.29,236.5,12.64,13.13,1.04,0.85,1
2.71,78,1.03,1014,0.71,1.12,137.36,1.52,82.95,0.55,1.61,2
7.14,53,2.57,1013,0.5,0.5,130.68,0.3,98.51,0.09,0.27,2
3.97,62,2.06,1015,0.5,0.5,130.17,0.45,99.58,0.28,0.35,2
17.42,63,5.66,1016,10.26,27.79,137.76,5.58,103.48,12.97,7.59,3
13.9,82,2.06,1017,6.03,15.54,112.66,0.92,90.16,1.63,0.4,2
17.42,64,5.31,1017,10.26,27.79,137.76,5.58,103.48,12.97,7.59,3
17.98,68,7.2,1014,29.76,195.7,111.91,0.23,95.39,0.49,0.13,4
17.93,92,6.28,1013,7.09,29.55,108.09,0.33,93.21,0.58,0.0,2
17.97,82,8.66,1013,6.92,33.9,109.42,0.23,92.08,0.53,0.0,2
17.86,56,1.46,1012,12.24,21.4,213.9,3.26,35.07,0.4,18.01,2
23.01,52,1.89,1010,12.14,20.13,163.73,2.11,34.68,0.29,11.22,2
32.26,27,5.74,1005,10.93,15.25,103.69,0.33,55.99,0.11,1.35,2
12.95,52,1.79,1010,0.76,1.39,106.53,2.05,57.85,0.02,10.83,1
15.53,66,2.06,1014,1.0,1.95,121.82,0.82,100.84,0.53,0.53,3
15.85,72,2.24,1013,2.63,7.02,119.99,2.98,69.29,0.21,3.19,2
16.49,51,5.14,1014,18.98,32.78,388.59,4.72,25.47,0.46,17.76,2
18.78,78,1.85,1012,3.14,5.78,135.61,1.22,8.71,0.07,2.62,1
16.7,66,0.66,1013,9.96,15.64,191.25,2.06,39.33,0.29,7.21,1
3.94,49,3.6,1014,1.27,2.04,150.45,4.42,75.79,1.26,1.54,2
3.66,51,3.13,1014,0.96,1.41,144.52,3.97,76.04,1.36,1.16,2
-2.78,73,1.03,1016,0.68,1.09,143.94,1.81,55.38,0.19,12.77,1
26.94,69,4.12,1012,2.31,8.3,63.95,0.02,56.78,0.07,0.0,1
26.99,69,4.12,1012,2.31,8.3,63.95,0.02,56.78,0.07,0.0,1
28.83,58,5.14,1011,2.03,6.96,64.75,0.02,58.47,0.07,0.0,1
10.59,84,3.09,1014,1.9,2.98,122.28,2.6,47.96,0.17,1.83,1
15.22,82,3.62,1013,0.96,2.62,120.85,0.37,96.85,0.27,0.44,2
9.86,97,0.89,1013,0.64,0.93,107.63,1.94,29.88,0.05,3.27,1
28.01,83,6.17,1010,4.65,8.88,75.92,0.15,28.43,0.14,0.01,1
26.98,89,2.57,1010,4.05,13.0,77.66,0.05,33.85,0.19,0.0,1
21.51,98,0.75,1012,1.39,1.55,74.41,0.11,3.61,0.01,0.03,1
9.44,81,1.54,1015,3.98,5.37,132.3,15.63,79.93,8.0,0.89,2
5.15,89,2.06,1016,2.71,3.33,132.74,7.17,63.95,1.09,5.03,2
7.48,71,2.57,1014,1.91,2.61,128.18,1.39,109.89,1.19,1.39,3
10.08,81,5.14,1018,2.39,3.24,111.37,3.47,69.1,0.15,18.49,2
8.99,93,2.57,1020,5.28,5.79,119.4,5.11,73.41,1.01,51.49,2
9.33,95,0.78,1020,2.9,3.23,127.51,5.64,69.15,0.7,14.31,2
25.99,83,0.0,1014,0.98,1.52,114.12,0.07,9.22,0.02,0.02,1
25.99,83,0.0,1014,0.98,1.52,114.12,0.07,9.22,0.02,0.02,1
23.72,94,1.03,1014,0.7,0.97,114.74,0.11,9.78,0.04,0.04,1
9.61,87,2.06,1015,3.38,4.91,121.75,2.0,62.85,0.53,4.9,2
23.59,96,2.27,1010,1.02,2.08,102.16,0.69,10.29,0.1,0.09,1
27.23,78,0.51,1010,0.85,2.28,90.66,0.24,21.89,0.39,0.02,1
30.23,51,2.88,1008,1.72,2.56,161.32,2.13,12.58,0.16,0.46,1
16.11,82,4.12,1011,2.83,6.55,116.54,2.43,77.59,0.52,0.91,2
23.08,78,4.12,1011,11.68,30.5,103.92,1.36,60.2,0.96,0.0,2
23.02,78,4.12,1011,11.53,29.76,102.43,1.33,59.32,0.89,0.0,2
23.01,78,4.12,1011,11.68,30.5,103.92,1.36,60.2,0.96,0.0,2
28.04,78,2.06,1013,12.02,31.4,106.88,0.67,43.77,0.5,0.0,2
28.05,78,2.06,1013,12.02,31.4,106.88,0.67,43.77,0.5,0.0,2
22.72,96,1.51,1013,3.75,5.5,161.35,0.66,8.62,0.13,0.28,1
25.82,78,3.6,1017,2.36,10.48,101.68,0.45,36.46,0.38,0.01,1
25.94,78,3.6,1017,2.36,10.48,101.68,0.45,36.46,0.38,0.01,1
25.94,78,3.6,1016,2.36,10.48,101.68,0.45,36.46,0.38,0.01,1
24.92,100,1.54,1010,3.66,4.47,89.98,0.32,25.19,0.27,0.15,1
24.95,100,2.06,1011,2.62,4.54,101.98,0.03,21.73,0.09,0.09,1
21.47,99,0.56,1012,1.96,2.25,91.76,0.08,4.38,0.03,0.05,1
17.21,62,2.06,1016,14.12,17.77,111.31,1.63,86.96,1.38,0.37,2
16.67,76,0.45,1016,9.65,10.91,101.46,1.63,35.64,0.39,4.58,1
13.81,61,1.2,1017,14.95,17.96,111.37,0.76,96.63,1.12,0.0,2
23.51,73,5.14,1011,9.36,11.89,162.98,0.75,51.51,1.33,2.73,1
24.35,73,5.14,1012,8.15,10.2,147.46,0.5,52.47,0.81,1.37,1
21.73,73,5.14,1012,8.07,10.32,151.41,0.6,50.99,1.09,1.87,1
28.88,75,8.75,1011,3.48,11.73,98.48,0.04,45.21,0.09,0.0,1
28.43,77,8.75,1011,3.48,11.73,98.48,0.04,45.21,0.09,0.0,1
29.37,75,8.75,1011,3.69,12.05,99.29,0.04,44.32,0.09,0.0,1
26.06,69,2.06,1012,14.57,42.56,96.59,0.46,64.04,0.62,0.0,2
28.08,53,4.12,1011,16.67,54.72,102.43,0.35,60.42,0.51,0.14,3
27.92,51,3.51,1011,15.58,48.29,100.2,0.34,66.54,0.69,0.02,2
27.99,78,5.14,1014,1.78,3.08,126.91,1.01,18.02,0.44,0.09,1
23.66,90,1.47,1014,0.94,1.07,118.22,0.29,15.3,0.04,0.06,1
24.63,87,1.76,1014,1.81,4.01,130.78,0.36,20.28,0.14,0.19,1
24.44,85,4.02,1012,11.54,17.92,188.73,0.93,83.0,0.6,0.0,2
24.62,85,4.92,1012,11.54,17.92,188.73,0.93,83.0,0.6,0.0,2
24.84,86,4.12,1012,11.16,17.48,184.84,0.94,80.51,0.62,0.0,2
30.25,48,4.12,1013,18.47,21.01,114.25,0.94,52.38,9.99,1.19,2
30.69,70,7.72,1010,7.22,9.6,270.54,5.36,26.77,0.84,6.89,1
30.9,66,4.12,1010,4.06,5.59,125.56,1.68,56.98,0.78,1.77,1
13.82,77,2.57,1012,9.9,10.57,109.89,0.61,93.54,0.56,0.1,2
18.06,63,4.63,1015,15.12,18.58,129.88,2.66,98.06,1.3,0.34,2
16.51,72,3.6,1013,19.35,24.53,129.21,3.59,95.39,2.03,0.0,2
30.93,45,4.63,1015,2.62,13.62,104.16,0.13,45.21,0.22,0.0,1
30.43,45,4.63,1016,2.62,13.62,104.16,0.13,45.21,0.22,0.0,1
27.26,77,2.84,1016,5.9,15.46,138.13,0.59,62.86,0.46,3.25,2
16.26,83,3.6,1011,3.99,4.28,112.3,0.84,74.71,0.2,2.34,2
15.88,33,2.57,1011,6.66,7.84,117.7,2.59,58.62,1.91,8.04,1
16.7,72,2.3,1012,5.31,6.87,116.07,5.56,42.26,1.2,5.8,1
27.27,94,2.06,1010,12.13,16.44,375.44,2.79,23.95,0.85,5.24,2
26.12,90,1.54,1010,2.63,5.12,116.46,1.35,23.41,0.43,1.52,1
26.38,100,2.06,1009,10.66,14.67,340.62,2.72,25.08,0.88,4.28,2
10.86,72,5.14,1013,2.39,3.36,124.27,1.03,92.61,0.61,4.98,2
8.87,93,0.51,1014,0.88,1.98,123.46,0.25,108.16,0.35,1.21,3
9.97,86,0.83,1014,1.82,2.61,117.86,1.99,78.66,1.07,22.73,2
9.84,89,0.45,1017,5.5,20.42,116.83,2.5,85.63,1.17,4.27,2
14.07,74,1.03,1016,5.72,20.8,117.96,4.62,88.31,1.32,35.57,2
13.58,76,2.41,1017,3.43,7.3,114.07,0.54,111.57,1.15,0.5,3
5.88,81,3.09,1014,4.18,4.91,128.19,0.78,106.59,0.91,0.65,3
29.01,79,2.06,1006,21.35,69.17,128.13,1.23,62.67,2.44,0.08,3
25.03,50,3.09,1006,74.08,89.89,519.28,5.42,108.78,9.76,48.29,4
22.77,83,3.09,1008,39.41,42.29,312.28,4.71,89.36,3.99,9.17,3
15.95,55,1.54,1015,25.08,133.7,155.84,2.44,111.19,1.76,0.3,4
13.45,83,1.79,1016,17.18,95.07,141.44,1.69,65.98,0.17,4.61,3
9.85,81,1.03,1016,16.75,84.26,191.3,6.82,59.65,1.41,3.15,3
22.62,8,3.09,1012,4.73,12.82,129.37,5.87,79.6,2.41,4.78,2
19.08,52,2.06,1009,14.17,39.69,129.76,3.38,78.53,1.35,6.59,2
16.77,32,1.02,1013,15.9,43.98,110.97,2.19,68.52,0.82,3.14,2
0.81,60,6.69,1022,0.5,0.58,136.31,0.09,89.29,0.32,0.05,2
0.84,60,6.69,1022,0.5,0.58,136.31,0.09,89.29,0.32,0.05,2
0.93,60,6.69,1022,0.5,0.58,136.31,0.09,89.29,0.32,0.05,2
15.8,82,4.12,1014,8.64,9.79,116.84,0.19,119.09,0.33,0.0,3
12.79,84,1.54,1011,1.91,3.76,122.87,2.73,36.58,0.39,2.47,1
15.95,54,1.03,1014,39.39,40.65,116.05,0.28,121.71,2.15,0.0,3
10.48,74,3.09,1015,2.21,3.44,122.96,1.86,56.49,0.26,4.48,1
28.53,70,7.72,1015,4.1,21.53,91.1,0.15,48.29,0.29,0.0,2
28.13,76,7.72,1015,4.12,21.68,91.46,0.17,48.0,0.29,0.0,2
28.3,76,7.72,1015,4.12,21.68,91.46,0.17,48.0,0.29,0.0,2
10.05,71,1.03,1017,4.28,14.85,121.27,3.26,96.58,2.07,1.99,2
10.95,71,1.03,1017,4.09,14.71,123.86,2.84,108.79,2.45,1.94,3
11.59,82,0.72,1017,4.55,15.56,136.3,8.97,90.65,2.97,3.44,2
21.37,71,0.59,1014,10.78,14.1,200.44,9.27,77.92,9.04,0.42,2
19.79,80,1.03,1014,11.93,14.39,191.33,7.66,86.34,10.3,0.18,2
19.26,65,2.06,1015,4.99,6.63,187.04,8.08,71.94,3.23,0.37,2
17.62,88,2.06,1014,0.68,0.92,98.26,0.61,30.12,0.11,0.36,1
16.0,91,2.3,1012,9.74,17.34,410.75,3.2,13.58,0.27,3.07,1
25.89,85,3.9,1010,2.81,4.76,102.39,0.74,17.18,0.12,0.34,1
15.11,60,3.59,1015,3.42,4.22,90.02,2.38,77.45,0.52,12.66,2
10.51,82,3.0,1015,2.16,3.71,80.9,0.25,75.35,0.2,6.52,2
14.38,92,3.76,1015,2.22,3.96,92.7,1.23,64.44,0.16,8.52,2
28.46,73,2.66,1009,38.83,42.82,879.3,11.4,27.13,2.34,4.69,3
28.76,73,2.41,1009,5.59,7.01,222.28,2.63,44.48,0.57,0.66,1
29.15,71,1.83,1009,17.83,18.49,438.71,3.48,8.52,0.46,1.5,2
31.0,74,3.6,1009,0.5,0.89,78.85,0.01,11.58,0.02,0.0,1
25.12,69,1.35,1012,2.29,4.67,75.59,0.08,45.53,0.07,0.08,1
25.52,75,1.24,1012,2.38,5.26,73.61,0.08,42.92,0.08,0.07,1
26.88,71,2.15,1011,2.58,5.74,74.14,0.07,43.38,0.09,0.07,1
12.05,86,2.08,1011,24.85,36.99,162.82,0.62,121.98,2.44,0.49,3
13.79,81,1.12,1010,54.0,59.3,212.13,7.34,105.2,4.9,1.16,4
12.27,86,0.8,1011,23.3,38.25,154.76,0.36,121.36,1.89,0.07,3
16.76,59,2.06,1012,21.25,29.62,164.47,4.51,112.14,1.64,1.64,3
17.95,59,1.03,1014,29.79,33.85,150.31,1.99,117.58,3.97,0.0,3
16.95,59,2.06,1012,20.89,30.46,154.81,0.67,117.89,1.37,0.13,3
27.31,30,7.6,1010,32.59,143.56,133.47,5.57,106.63,30.34,0.44,4
27.67,36,2.24,1010,29.52,145.46,130.54,5.32,107.49,26.94,0.66,4
27.59,36,2.24,1010,29.52,145.46,130.54,5.32,107.49,26.94,0.66,4
29.99,66,3.6,1014,3.48,10.56,93.48,0.15,53.69,0.36,0.02,1
30.01,66,3.6,1014,3.62,11.16,94.1,0.19,53.4,0.37,0.02,1
13.28,77,1.0,1016,4.6,10.54,88.04,1.02,52.37,0.12,3.93,1
16.33,72,3.0,1012,5.01,8.38,147.7,7.84,36.73,0.54,19.06,1
11.05,93,3.0,1010,4.09,10.0,121.49,0.22,59.17,0.06,0.17,1
24.97,78,0.0,1009,39.02,41.3,821.42,7.88,7.87,1.23,4.81,3
29.07,57,1.47,1008,76.61,81.98,1618.78,22.67,5.14,2.38,9.06,5
26.06,72,1.15,1008,81.55,86.1,1456.34,16.65,6.96,2.1,6.77,5
13.74,69,3.62,1017,2.71,6.12,118.67,3.08,106.96,1.54,0.75,3
15.81,70,2.52,1017,5.01,9.14,139.83,3.4,90.54,3.28,6.55,2
14.07,71,3.06,1017,3.05,7.09,117.26,2.71,109.52,1.49,0.75,3
27.93,74,3.09,1016,2.71,8.43,112.92,0.55,28.79,0.4,0.06,1
26.96,82,3.09,1016,2.65,8.41,116.84,0.36,27.37,0.27,0.07,1
25.61,94,5.82,1007,1.51,2.4,109.4,0.98,51.97,0.51,0.03,1
25.6,94,0.89,1007,1.51,2.4,109.4,0.98,51.97,0.51,0.03,1
25.53,94,0.89,1007,1.51,2.4,109.4,0.98,51.97,0.51,0.03,1
26.95,85,3.89,1012,0.5,0.75,91.96,0.21,26.21,0.07,0.18,1
23.16,98,0.95,1012,0.69,1.53,101.34,0.59,26.88,0.19,0.31,1
27.05,83,3.54,1011,0.64,1.62,83.64,0.25,32.58,0.08,0.06,1
6.12,90,6.91,1013,0.5,0.5,58.89,0.22,49.89,0.02,0.05,1
5.86,93,6.76,1014,0.5,0.5,59.74,0.33,45.97,0.05,0.08,1
5.01,96,10.19,1011,0.5,0.5,57.9,0.25,49.13,0.02,0.06,1
6.49,100,1.03,1006,3.01,3.76,120.41,3.8,42.3,0.59,6.31,1
6.18,87,2.06,1007,4.59,5.97,121.59,3.69,29.6,0.39,7.65,1
5.01,90,7.97,1009,0.7,0.88,130.47,2.43,83.87,0.77,1.17,2
8.42,85,3.09,1012,4.54,4.73,126.14,2.24,73.47,0.13,1.65,2
8.38,88,0.89,1012,5.2,5.4,127.76,2.45,69.35,0.15,1.68,2
8.47,85,3.09,1012,4.65,4.81,126.44,2.22,70.33,0.12,1.52,2
6.68,87,3.09,1010,0.5,0.5,125.99,0.48,90.83,0.1,1.35,2
7.65,93,2.16,1008,3.0,3.32,115.61,1.76,50.98,0.32,1.9,1
4.95,87,4.12,1011,0.63,0.71,132.51,1.52,97.07,0.76,0.41,2
22.94,18,9.77,1005,60.13,297.99,106.22,0.75,79.42,0.13,0.11,5
21.57,35,5.99,1015,29.0,118.96,129.11,1.15,101.96,0.74,0.28,4
23.34,39,11.52,1008,32.76,177.57,117.88,0.62,104.55,0.28,0.03,4
16.99,67,2.06,1012,3.3,10.44,117.62,1.86,99.9,5.16,0.14,2
15.23,88,1.54,1012,2.32,4.52,117.09,2.19,94.74,2.44,0.34,2
15.08,72,4.12,1011,2.41,4.38,102.89,1.95,72.2,0.61,1.28,2
13.86,82,2.06,1010,1.1,3.45,121.7,0.48,100.24,0.59,0.42,3
13.35,51,1.54,1016,5.01,6.29,129.1,2.32,73.8,0.9,3.38,2
11.96,64,2.19,1017,4.24,4.89,127.27,1.55,64.17,0.43,0.95,2
13.47,56,4.88,1015,5.13,6.14,120.75,1.06,92.54,0.91,3.52,2
16.88,77,1.03,1017,16.07,21.83,113.06,1.07,102.78,1.61,0.0,3
10.71,76,1.83,1018,17.24,24.01,114.4,1.34,100.09,1.97,0.0,3
14.53,88,0.51,1017,19.45,28.09,116.87,2.14,95.95,2.5,0.0,2
12.98,100,2.57,1018,7.37,10.84,177.73,1.86,13.16,0.1,0.32,1
21.0,94,2.06,1015,2.71,4.28,90.92,0.52,14.66,0.07,0.14,1
10.94,78,1.64,1019,3.62,4.83,107.03,0.78,12.43,0.03,0.19,1
30.98,70,8.75,1009,1.31,3.12,99.75,0.01,53.95,0.06,0.0,1
13.9,62,2.57,1016,14.76,16.89,101.41,2.29,50.2,0.25,3.68,2
13.31,72,1.53,1016,13.22,15.16,100.83,2.11,46.82,0.22,3.16,2
11.04,80,1.13,1016,17.15,19.51,96.61,1.87,43.76,0.31,3.92,2
33.3,35,2.06,1007,25.07,78.69,147.9,0.65,22.77,0.14,7.01,3
31.11,38,3.78,1008,7.08,20.04,139.12,0.6,23.62,0.06,2.17,2
34.12,24,3.24,1006,12.71,41.19,137.92,0.49,25.4,0.06,2.71,2
27.98,83,1.54,1008,10.02,12.86,400.94,6.31,12.42,0.71,3.26,2
30.56,44,2.35,1007,8.22,12.43,264.92,4.59,22.65,0.51,7.94,1
27.69,54,1.86,1008,14.66,18.22,538.76,10.57,4.7,1.4,8.83,2
-1.93,54,0.0,1023,0.51,3.08,114.72,0.14,67.5,0.07,0.88,2
6.78,38,2.8,1018,0.5,0.5,111.4,0.68,49.13,0.02,4.97,1
8.61,31,4.45,1020,0.5,0.5,114.58,0.2,73.37,0.03,1.11,2
23.85,94,3.6,1012,10.4,16.58,177.09,0.97,75.52,0.65,0.01,2
23.96,94,3.6,1012,9.49,15.15,161.96,0.48,70.32,0.36,0.0,2
23.82,94,3.6,1012,9.49,15.15,161.96,0.48,70.32,0.36,0.0,2
28.08,74,8.23,1013,5.92,16.26,105.58,0.16,46.95,0.15,0.0,1
26.97,78,3.09,1016,2.83,10.64,110.81,0.94,28.95,0.59,0.06,1
26.95,78,3.09,1016,2.78,11.17,110.19,0.83,27.66,0.54,0.07,1
27.03,78,3.09,1017,2.78,11.17,110.19,0.83,27.66,0.54,0.07,1
19.96,82,7.13,1011,8.87,21.93,104.1,0.44,68.82,0.55,0.01,2
18.93,82,8.23,1012,7.8,23.05,106.25,1.09,85.42,1.0,0.0,2
32.83,24,7.02,1007,58.61,264.52,119.83,0.12,41.78,0.04,0.32,5
19.21,77,9.26,1009,29.16,75.79,115.43,0.13,111.57,1.95,0.0,3
19.09,77,9.26,1009,29.16,75.79,115.43,0.13,111.57,1.95,0.0,3
18.86,77,9.26,1009,29.16,75.79,115.43,0.13,111.57,1.95,0.0,3
23.57,88,4.49,1016,1.14,5.29,62.0,0.08,46.58,0.14,0.0,1
21.04,88,1.34,1016,1.11,5.17,62.22,0.07,47.56,0.12,0.0,1
21.99,88,1.34,1016,1.11,5.17,62.22,0.07,47.56,0.12,0.0,1
28.97,89,4.12,1007,1.34,2.68,111.75,0.03,52.6,0.04,0.0,1
17.09,87,0.78,1014,4.6,6.37,94.9,0.72,16.16,0.03,0.17,1
18.78,70,2.25,1012,7.02,10.29,130.18,1.35,21.36,0.33,0.51,1
16.1,92,0.45,1013,3.62,4.67,91.64,0.8,26.96,0.04,0.23,1
28.96,26,4.12,1007,13.53,14.59,155.88,1.87,90.1,1.93,2.84,2
20.17,65,7.72,1015,2.91,10.09,108.35,0.19,102.58,0.47,0.01,3
28.97,26,4.12,1008,14.02,15.28,156.39,1.61,91.38,2.01,2.06,2
22.9,65,1.03,1007,6.37,6.75,333.59,3.34,11.65,0.7,0.21,1
24.88,100,1.03,1008,2.73,3.06,213.75,0.51,7.83,0.11,0.47,1
25.75,94,1.03,1007,5.45,5.85,313.58,2.06,9.74,0.38,0.3,1
20.11,77,3.09,1009,4.78,8.49,123.24,19.35,25.5,27.07,1.17,2
18.97,100,3.09,1009,4.78,8.49,123.24,19.35,25.5,27.07,1.17,2
22.97,73,3.6,1013,3.32,6.62,88.65,0.35,34.66,0.09,0.25,1
25.94,99,3.97,1015,3.81,21.67,65.7,0.02,53.27,0.16,0.0,2
28.87,68,4.04,1015,3.81,21.67,65.7,0.02,53.27,0.16,0.0,2
28.66,68,2.5,1015,3.74,21.02,65.71,0.04,52.79,0.21,0.0,2
36.16,30,3.09,1006,21.68,62.7,165.99,0.7,34.7,0.14,5.38,3
31.22,14,3.58,1006,49.87,141.08,329.3,1.98,40.68,0.75,13.02,4
29.68,14,4.36,1007,123.56,351.97,936.95,12.19,39.94,4.47,68.64,5
28.43,81,5.18,1010,0.83,2.39,99.17,0.08,22.0,0.09,0.07,1
30.12,13,1.55,1006,27.22,54.9,462.27,3.98,37.92,1.67,10.25,3
24.29,95,3.41,1009,2.54,7.87,154.35,1.09,19.87,0.48,0.95,1
33.07,37,8.05,1009,4.13,6.9,96.25,0.48,38.9,4.24,0.14,1
30.76,54,3.45,1009,5.24,8.96,87.74,0.19,39.62,4.74,0.0,1
34.25,38,6.71,1009,4.28,6.92,99.74,0.58,39.01,1.69,0.0,1
9.38,82,2.57,1014,9.09,10.8,162.48,18.99,53.24,1.3,11.08,1
8.66,68,4.12,1013,7.38,8.71,156.26,16.91,63.05,1.89,9.85,2
9.3,81,2.57,1014,10.81,13.08,168.79,24.36,42.18,1.28,16.51,2
3.16,57,1.51,1014,0.51,0.71,132.29,1.84,82.75,1.05,2.25,2
3.27,81,2.06,1016,0.5,0.5,132.8,0.58,93.31,0.55,0.01,2
0.53,92,0.45,1015,0.5,0.5,124.39,0.43,70.51,0.29,1.44,2
16.25,94,1.03,1012,91.61,103.94,1420.04,24.02,14.22,4.7,18.16,5
14.98,66,3.12,1012,103.31,114.09,1140.89,18.35,18.9,2.44,23.04,5
19.96,75,1.54,1009,142.64,160.85,1270.23,19.16,30.77,5.63,57.99,5
20.87,59,9.26,1024,1.8,5.41,76.34,1.63,55.17,0.79,0.11,1
18.32,54,7.2,1010,0.76,2.71,78.88,1.29,47.75,0.32,0.1,1
17.17,77,11.32,1019,0.88,2.53,70.8,0.59,48.45,0.13,0.03,1
34.99,29,5.14,1005,18.39,83.47,100.04,0.58,56.76,0.14,0.27,3
35.05,29,5.14,1005,17.29,74.78,100.78,0.59,68.28,0.18,0.33,3
35.0,29,5.14,1005,18.11,79.39,100.75,0.56,59.46,0.13,0.29,3
29.67,83,3.09,1009,4.73,6.15,146.78,1.72,53.84,0.85,1.22,1
29.19,83,2.57,1010,3.94,5.16,150.73,1.95,48.99,0.94,1.14,1
29.49,82,2.57,1010,3.94,5.16,150.73,1.95,48.99,0.94,1.14,1
22.72,78,6.17,1013,10.45,25.57,73.63,0.04,49.53,0.39,0.0,2
22.1,78,6.17,1013,10.45,25.57,73.63,0.04,49.53,0.39,0.0,2
16.12,67,2.57,1017,14.01,23.42,74.83,0.52,52.68,0.99,0.0,2
28.9,79,5.81,1013,2.55,6.4,62.65,0.02,38.64,0.08,0.0,1
28.96,79,5.81,1013,2.29,5.49,62.36,0.02,37.75,0.07,0.0,1
28.8,79,5.81,1013,2.63,6.13,62.69,0.02,42.49,0.07,0.0,1
27.57,73,3.38,1011,1.38,6.73,60.81,0.03,49.45,0.11,0.0,1
27.82,67,0.95,1011,1.9,2.44,41.74,0.11,3.44,0.07,0.02,1
30.62,67,1.35,1010,11.75,11.93,63.51,0.03,12.69,12.15,0.0,2
29.17,74,3.09,1010,6.49,10.17,193.15,5.9,39.46,4.95,3.92,1
28.05,83,2.06,1009,31.53,33.26,552.74,8.87,31.33,2.12,43.58,3
30.44,72,3.09,1010,5.84,9.47,164.75,5.14,43.57,5.14,2.8,1
23.99,57,3.09,1004,41.97,58.44,421.27,4.79,89.46,5.11,59.26,3
27.09,83,3.09,1004,16.16,65.75,98.72,0.07,48.1,0.26,0.0,3
25.08,47,3.09,1005,44.38,78.23,414.99,9.0,56.81,0.89,71.66,3
16.86,73,1.03,1006,3.44,4.75,145.74,5.03,57.58,2.23,9.59,1
17.1,67,2.06,1006,0.65,0.92,109.68,0.85,79.79,0.31,2.96,2
13.74,97,1.03,1007,1.99,2.94,120.19,3.52,48.46,0.66,10.46,1
28.79,69,4.12,1016,3.03,12.17,99.14,0.25,46.23,0.3,0.0,1
28.55,71,4.12,1017,2.81,11.27,100.14,0.23,44.33,0.27,0.0,1
27.99,73,4.12,1017,2.87,11.45,99.77,0.24,44.84,0.28,0.0,1
15.25,73,2.37,1017,5.94,25.01,114.87,1.55,89.57,0.75,4.51,2
15.46,71,2.18,1017,5.75,24.61,113.2,0.94,91.62,0.73,2.51,2
15.14,73,2.42,1017,5.94,25.01,114.87,1.55,89.57,0.75,4.51,2
13.19,75,6.69,1012,0.81,2.48,119.84,0.81,110.1,0.73,0.0,3
10.88,93,0.0,1011,1.45,4.37,121.84,1.48,105.88,1.29,0.13,3
12.31,80,1.65,1011,1.58,4.84,121.62,1.47,104.82,1.33,0.17,3
25.85,67,3.16,1007,4.16,5.59,105.75,1.24,34.51,0.23,0.72,1
24.26,88,1.54,1011,14.98,16.17,153.17,1.52,61.06,0.35,0.71,2
26.29,70,2.91,1008,4.23,6.1,115.62,1.71,34.37,0.31,0.94,1
27.55,57,5.66,1006,54.03,178.75,196.77,5.5,90.49,13.46,0.25,4
27.76,56,5.66,1007,54.03,178.75,196.77,5.5,90.49,13.46,0.25,4
28.03,54,5.14,1006,51.39,170.23,187.94,5.27,93.32,12.58,0.25,4
19.81,73,2.57,1017,1.0,4.33,62.39,0.08,44.55,0.11,0.01,1
20.05,79,1.76,1017,0.98,4.46,62.15,0.08,44.6,0.1,0.0,1
22.82,60,4.12,1017,0.94,4.15,62.44,0.06,45.86,0.08,0.0,1
12.99,68,3.09,1016,5.09,6.05,111.24,1.73,43.82,0.17,1.03,1
17.29,42,5.66,1015,4.9,5.82,117.89,1.1,83.86,0.63,2.7,2
8.01,91,3.99,1018,3.22,3.75,125.03,1.19,80.61,0.62,0.07,2
17.68,59,4.12,1012,5.74,6.41,104.9,0.77,95.14,1.14,0.42,2
15.99,59,0.51,1014,9.14,11.37,116.12,4.02,47.79,1.02,4.39,1
17.56,92,0.82,1012,4.72,5.55,95.61,1.39,38.64,0.29,2.74,1
11.91,67,3.41,1012,5.3,5.88,116.62,2.44,42.13,0.32,0.64,1
4.83,60,1.28,1014,1.31,2.46,149.32,3.47,79.77,3.16,0.47,2
11.87,100,3.0,1015,0.74,0.93,119.14,0.38,49.3,0.15,0.34,1
20.71,83,2.06,1013,22.36,40.72,581.98,3.84,3.38,0.53,1.81,2
17.08,91,1.13,1013,16.13,27.16,420.87,4.22,10.71,1.34,5.3,2
14.22,97,0.61,1015,15.28,26.72,441.67,5.27,9.36,1.06,5.14,2
26.0,57,6.78,1007,26.13,94.78,106.13,1.74,125.06,2.37,0.15,3
27.11,23,1.17,1011,74.92,291.27,152.43,2.94,134.44,20.62,0.0,5
25.55,50,2.79,1008,32.93,108.56,116.17,6.91,108.06,28.71,0.0,4
31.22,64,3.16,1010,1.45,4.3,64.09,0.01,14.95,0.09,0.0,1
31.22,63,2.71,1010,1.45,4.3,64.09,0.01,14.95,0.09,0.0,1
30.93,65,3.88,1010,1.47,4.38,64.18,0.01,15.63,0.09,0.0,1
26.0,94,0.0,1008,0.53,1.47,63.51,0.03,18.43,0.04,0.0,1
31.56,10,7.25,1006,38.6,210.91,100.2,0.1,84.4,0.39,0.64,5
31.14,10,8.58,1006,37.7,209.53,100.75,0.1,87.97,0.43,0.68,5
31.24,10,8.3,1006,37.7,209.53,100.75,0.1,87.97,0.43,0.68,5
0.64,86,1.55,1014,1.57,1.94,135.83,1.63,87.14,0.65,0.15,2
2.81,69,1.54,1013,2.69,3.27,132.77,2.73,96.31,1.7,5.82,2
6.93,85,2.3,1014,0.6,0.65,127.8,1.8,110.67,0.91,1.26,3
26.25,95,1.03,1008,2.96,3.29,222.08,0.61,9.75,0.13,0.5,1
25.97,94,1.03,1008,2.96,3.29,222.08,0.61,9.75,0.13,0.5,1
26.0,94,1.03,1008,2.96,3.29,222.08,0.61,9.75,0.13,0.5,1
11.99,95,2.06,1012,14.49,16.64,121.8,1.4,87.43,0.79,0.01,2
14.9,76,2.57,1010,7.09,7.34,107.42,0.71,85.37,0.25,0.04,2
14.82,78,3.13,1011,12.26,13.05,107.75,0.95,90.81,0.6,0.01,2
16.86,69,5.66,1009,3.3,3.97,116.52,1.65,81.32,0.44,2.33,2
15.43,62,1.03,1011,3.94,4.58,114.45,1.33,65.86,1.16,6.95,2
17.15,66,5.66,1009,3.3,3.97,116.52,1.65,81.32,0.44,2.33,2
25.83,83,2.36,1013,8.6,20.51,112.41,0.62,34.3,0.4,0.0,2
23.5,93,1.61,1013,5.35,9.89,112.15,0.76,31.5,0.35,0.09,1
23.78,92,2.28,1013,5.26,9.23,118.62,0.63,30.34,0.25,0.33,1
22.36,88,4.12,1012,11.48,34.53,102.69,0.78,56.8,0.63,0.0,2
24.8,46,6.08,1011,17.06,54.71,143.69,2.36,62.27,1.45,0.85,3
22.33,88,4.12,1012,12.07,35.67,102.89,1.08,57.37,0.78,0.0,2
27.98,82,7.16,1008,0.91,3.49,62.3,0.03,23.41,0.08,0.01,1
21.36,67,1.96,1010,6.67,11.99,196.35,2.2,9.2,0.16,4.84,1
23.61,64,3.28,1010,1.55,4.07,94.33,0.55,12.28,0.03,0.89,1
27.95,74,3.09,1014,1.11,1.39,122.17,0.63,11.48,0.29,0.03,1
27.96,74,3.09,1014,1.05,1.3,120.19,0.44,12.61,0.19,0.04,1
22.06,91,1.07,1009,5.61,8.74,180.47,0.92,5.88,0.1,4.12,1
29.64,46,2.37,1005,7.93,21.71,116.05,0.26,27.01,0.04,1.29,2
19.32,96,1.17,1010,7.09,10.89,212.14,1.09,2.64,0.26,1.33,1
26.47,86,2.79,1010,4.68,14.12,79.04,0.04,34.14,0.17,0.0,1
27.27,75,5.14,1011,13.69,15.76,112.64,0.17,48.31,1.02,0.0,2
27.94,74,5.14,1012,13.48,15.22,112.25,0.21,48.71,0.93,0.0,2
31.81,74,3.09,1008,19.63,23.35,99.84,0.34,52.76,5.76,0.0,2
12.47,85,2.65,1017,4.33,6.52,128.66,2.84,44.11,1.45,4.36,1
13.4,62,0.45,1017,7.41,14.15,156.54,17.72,49.12,2.18,6.39,1
12.0,71,1.23,1018,15.2,19.76,155.18,6.79,79.43,6.58,47.99,2
15.26,39,5.98,1010,0.5,1.35,60.93,0.6,41.84,1.29,0.44,1
10.39,49,7.51,1010,0.66,1.82,66.6,1.88,41.45,3.23,0.52,1
28.54,77,2.06,1016,14.74,27.15,110.24,0.51,82.01,1.6,0.0,2
31.98,40,3.09,1004,13.94,37.34,164.37,0.46,37.7,0.18,4.45,2
29.06,57,3.09,1006,1.06,1.56,113.52,0.34,5.96,0.02,1.48,1
29.66,12,4.39,1006,26.45,80.73,114.11,0.42,37.59,0.13,0.91,3
26.06,89,1.03,1009,0.8,2.12,99.37,0.32,21.73,0.17,0.13,1
23.67,84,1.11,1010,5.33,7.34,188.65,2.53,14.39,0.35,0.55,1
25.35,71,1.3,1009,5.58,7.07,160.13,1.9,11.18,0.2,0.41,1
31.14,75,3.41,1008,14.51,15.82,301.0,2.04,22.89,0.54,2.54,2
32.81,62,4.0,1008,13.31,14.65,273.32,1.6,26.17,0.43,1.76,2
32.23,95,3.37,1008,15.51,17.04,330.3,2.6,21.41,0.67,3.26,2
14.06,77,0.0,1014,7.78,26.99,271.2,2.69,66.44,0.78,36.22,2
18.69,41,0.73,1013,5.0,7.87,101.33,0.93,73.68,0.83,26.32,2
15.91,47,1.23,1012,5.55,8.44,110.57,0.92,72.47,1.02,50.95,2
27.63,60,0.77,1012,1.87,4.03,91.19,0.63,25.57,0.22,0.2,1
26.35,68,2.58,1012,2.63,7.57,93.06,0.62,28.49,0.28,0.16,1
27.26,69,3.39,1013,3.42,10.88,68.0,0.13,32.88,0.23,0.07,1
21.92,60,5.14,1011,11.72,30.61,129.5,4.39,59.43,0.91,11.63,2
23.99,33,2.06,1008,15.96,68.97,159.09,0.47,99.82,0.2,6.79,3
20.97,60,5.14,1007,28.58,137.98,118.68,0.18,90.3,0.07,4.23,4
17.8,88,5.14,1011,15.74,29.16,145.78,2.84,78.18,1.3,0.17,2
19.08,82,7.2,1007,28.5,97.79,131.46,0.8,106.75,1.05,0.05,3
17.51,87,7.7,1009,23.02,63.82,131.03,1.09,100.4,1.14,0.0,3
25.18,78,8.23,1008,3.3,10.24,62.99,0.02,50.88,0.07,0.0,1
11.63,82,2.57,1017,27.67,30.34,188.63,16.67,56.36,7.66,24.14,3
5.13,81,0.85,1018,4.72,5.49,119.01,2.7,57.01,0.88,13.31,1
9.76,77,1.36,1018,8.89,10.36,111.27,2.31,60.49,1.39,6.58,2
26.83,80,4.12,1015,3.97,11.85,143.31,0.41,24.54,0.1,0.48,1
26.71,80,2.69,1015,5.46,14.56,155.72,0.66,24.24,0.13,0.62,1
26.68,80,2.69,1015,5.46,14.56,155.72,0.66,24.24,0.13,0.62,1
24.02,61,1.03,1012,38.96,42.9,507.8,17.63,16.17,9.39,12.98,3
24.02,61,1.03,1013,38.96,42.9,507.8,17.63,16.17,9.39,12.98,3
24.5,85,2.06,1013,65.62,76.75,489.45,21.96,70.25,33.37,0.3,4
24.09,92,2.09,1010,1.09,1.59,68.54,0.39,7.14,0.02,0.17,1
20.35,84,1.94,1010,3.94,6.2,167.86,1.42,7.29,0.07,0.18,1
18.94,88,2.74,1012,0.98,1.83,82.93,0.45,20.36,0.04,0.18,1
17.31,49,0.45,1014,4.15,4.67,111.42,0.96,90.24,2.01,4.17,2
15.02,60,1.99,1016,9.1,10.34,137.67,2.22,83.67,4.35,3.92,2
11.82,70,3.46,1018,3.88,4.49,124.81,0.65,79.26,0.49,0.28,2
18.42,93,0.63,1010,5.39,7.67,162.09,1.95,23.12,0.18,2.77,1
18.18,94,0.68,1010,5.39,7.67,162.09,1.95,23.12,0.18,2.77,1
18.33,95,0.67,1010,3.23,4.89,143.66,1.52,26.65,0.15,2.92,1
18.89,80,6.17,1007,3.1,4.66,130.22,2.91,105.98,1.22,0.88,3
21.83,58,7.2,1015,3.94,10.8,115.26,0.23,102.02,0.62,0.04,3
18.64,80,6.17,1007,3.37,5.82,130.93,2.45,108.01,1.01,0.81,3
23.2,85,5.66,1004,9.54,11.72,177.54,4.16,35.36,0.9,0.15,1
25.35,82,2.06,1005,6.7,8.43,109.63,1.08,39.62,0.19,0.4,1
24.86,81,7.15,1004,7.51,9.74,116.02,1.0,38.76,0.13,0.44,1
20.96,35,2.49,1011,4.23,9.23,118.29,1.09,85.26,0.32,20.52,2
18.3,54,3.01,1014,2.96,5.07,87.24,0.24,79.53,0.37,12.72,2
19.8,43,2.56,1013,4.9,8.07,106.26,1.27,85.2,0.67,28.33,2
26.93,78,4.12,1016,3.08,13.62,131.21,0.45,24.75,0.32,0.17,1
26.78,78,4.12,1016,2.71,11.79,129.98,0.36,24.47,0.29,0.17,1
22.67,83,3.09,1014,1.57,1.79,145.51,0.76,22.72,0.15,1.25,1
29.0,70,6.07,1009,9.31,14.82,188.52,2.29,45.61,0.32,4.69,1
30.99,64,0.27,1013,1.93,2.35,165.94,1.87,17.36,0.16,2.8,1
26.75,78,3.6,1017,2.72,10.03,100.1,0.19,43.09,0.25,0.0,1
27.85,74,5.14,1017,3.13,11.41,96.99,0.25,46.92,0.33,0.0,1
29.01,84,4.63,1008,24.66,31.03,711.8,13.15,18.75,3.14,6.46,2
27.0,90,1.94,1009,27.7,33.13,501.12,5.53,5.26,1.8,12.67,3
26.99,89,4.63,1009,18.77,30.8,366.23,5.39,25.82,2.52,16.68,2
26.1,89,3.6,1013,5.29,16.79,65.46,0.02,53.36,3.01,0.0,1
30.51,77,5.91,1010,1.2,4.38,64.44,0.01,25.62,0.08,0.0,1
12.96,71,0.51,1016,13.78,16.67,106.82,4.14,46.28,0.27,5.83,2
13.79,68,1.91,1016,13.76,17.64,113.42,4.72,56.25,0.48,5.62,2
13.26,75,0.92,1016,12.05,14.62,109.29,3.99,54.04,0.26,4.37,2
18.34,50,1.1,1014,29.11,65.47,105.43,3.07,53.94,4.23,5.24,3
29.28,76,2.38,1006,10.42,18.3,102.46,0.18,54.44,0.5,0.0,2
24.79,57,0.57,1010,35.74,82.03,110.53,2.21,67.56,1.97,0.0,3
25.89,89,2.57,1011,1.82,4.4,69.49,0.05,43.49,0.07,0.03,1
25.84,89,2.57,1011,1.82,4.4,69.49,0.05,43.49,0.07,0.03,1
25.76,89,2.57,1011,1.82,4.4,69.49,0.05,43.49,0.07,0.03,1
5.14,82,1.79,1016,0.65,1.86,64.73,0.6,43.2,0.41,0.38,1
14.61,86,3.13,1020,1.65,5.27,64.97,0.04,60.39,0.14,0.0,2
17.52,45,0.45,1003,6.86,10.3,160.24,3.65,40.39,1.63,0.39,1
18.14,82,0.51,1011,3.28,4.08,114.22,0.59,21.84,0.11,0.25,1
17.89,71,0.6,1012,8.91,11.12,148.55,1.25,19.03,0.34,0.41,1
16.83,72,0.96,1012,8.47,11.68,165.13,1.45,19.75,0.46,0.57,1
17.68,75,0.61,1013,4.39,6.17,140.15,1.57,20.18,0.43,0.22,1
13.35,42,3.43,1016,0.71,1.78,67.64,0.85,31.95,0.4,0.09,1
16.41,63,0.32,1013,3.64,4.95,132.73,1.52,20.87,0.37,0.13,1
10.78,85,1.34,1015,2.03,4.86,119.51,5.31,45.26,0.24,16.09,1
11.0,85,1.34,1015,2.03,4.86,119.51,5.31,45.26,0.24,16.09,1
30.84,46,2.06,1006,65.57,208.61,217.71,10.67,77.13,3.1,0.77,5
29.02,70,2.06,1006,63.52,252.79,152.11,2.61,78.01,0.92,0.31,5
31.0,42,3.09,1006,63.75,198.85,220.83,10.16,79.98,3.77,1.46,4
16.15,41,0.91,1014,4.1,7.81,339.6,3.08,60.03,0.13,4.66,2
21.05,45,3.1,1013,72.82,338.54,172.93,0.81,82.12,0.26,1.68,5
26.54,19,2.97,1011,7.45,19.29,111.2,0.94,75.74,0.29,1.77,2
25.66,75,4.63,1015,2.32,9.07,105.45,0.75,58.41,0.71,0.09,1
12.51,67,1.54,1016,4.24,5.64,109.41,3.01,92.38,1.34,1.56,2
13.23,67,2.62,1016,5.99,8.76,108.73,2.97,95.22,1.71,0.97,2
16.05,58,2.86,1016,10.15,20.57,109.88,0.98,109.51,1.57,0.18,3
6.13,81,1.54,1019,3.09,3.76,121.19,4.78,61.2,1.05,34.6,2
5.84,93,0.51,1021,1.48,1.98,110.76,2.65,47.37,0.32,39.05,1
4.52,92,0.11,1021,1.42,1.75,112.67,2.61,52.55,0.22,17.57,1
25.0,83,2.57,1011,14.56,55.32,67.08,0.03,37.62,0.12,0.0,3
14.92,77,2.06,1015,32.59,138.1,64.52,0.31,30.8,0.12,0.13,4
15.89,100,1.54,1015,5.19,8.07,103.66,2.01,16.87,0.11,0.14,1
12.66,83,4.63,1001,0.52,0.92,80.54,0.56,40.27,0.04,0.33,1
15.38,20,3.58,1013,3.44,19.83,85.24,1.96,44.82,0.05,0.56,1
15.42,51,6.17,1005,0.73,3.4,74.77,0.47,47.71,0.04,0.26,1
12.87,81,3.09,1015,1.41,2.35,132.93,6.33,44.29,0.28,3.81,1
9.36,96,2.06,1016,4.36,6.46,125.58,6.65,32.06,0.2,2.75,1
10.6,75,1.54,1018,1.47,1.76,122.45,4.49,46.59,0.12,13.26,1
14.61,54,7.72,1018,0.6,1.27,66.3,0.49,44.96,0.12,0.19,1
13.85,85,8.75,1022,3.57,11.25,65.13,0.03,51.82,0.1,0.0,1
16.42,42,5.66,1021,0.5,0.87,61.73,0.48,32.41,0.13,0.31,1
27.97,78,11.18,1010,4.51,13.19,166.16,2.49,57.1,2.06,0.42,1
27.83,80,11.18,1010,4.51,13.19,166.16,2.49,57.1,2.06,0.42,1
27.89,78,11.18,1010,4.51,13.19,166.16,2.49,57.1,2.06,0.42,1
13.03,100,1.03,1017,3.26,7.03,123.32,0.72,80.03,0.21,3.73,2
14.21,86,2.51,1017,3.74,9.22,123.84,1.35,59.4,0.17,5.81,1
13.48,72,2.06,1019,4.98,6.4,107.43,1.6,54.53,0.04,5.35,1
9.95,87,1.03,1017,3.1,3.75,109.48,1.44,81.67,0.29,1.41,2
9.74,93,2.06,1016,4.35,5.23,110.04,1.9,82.27,0.37,3.88,2
11.13,90,1.71,1017,3.5,4.31,112.27,2.42,58.66,0.18,1.53,1
27.27,69,4.63,1014,2.03,7.92,95.71,0.05,34.38,0.08,0.02,1
23.99,83,0.0,1009,24.88,31.38,418.21,8.71,2.94,1.09,4.09,2
25.91,83,1.03,1009,1.31,2.79,96.62,0.04,23.05,0.07,0.2,1
24.0,83,0.0,1009,33.99,42.16,517.83,10.53,1.87,1.31,4.19,3
10.69,85,2.55,1017,4.88,5.66,126.7,3.42,34.18,0.11,6.98,1
11.45,85,0.51,1017,7.04,8.52,153.55,12.55,37.17,0.51,11.48,1
11.69,75,2.4,1017,8.11,9.55,176.16,9.72,47.88,0.52,7.77,1
29.32,52,7.62,1010,16.12,43.31,177.49,1.82,28.2,0.19,6.63,2
30.25,62,2.06,1010,5.92,11.71,162.41,1.72,17.56,0.15,3.02,1
29.19,58,10.88,1010,7.0,14.9,165.88,1.12,22.94,0.2,4.91,1
8.83,100,1.03,1021,13.83,14.64,105.75,1.88,50.95,0.59,4.94,2
14.11,77,3.09,1017,13.26,15.91,115.07,1.6,83.06,0.55,10.28,2
11.27,98,1.03,1017,10.26,11.9,111.45,1.45,72.59,0.43,1.2,2
28.98,58,5.66,1007,36.37,127.08,152.58,10.8,115.1,32.23,0.0,4
28.97,58,5.66,1007,38.27,139.79,146.83,11.81,112.56,35.3,0.0,4
28.79,55,5.91,1007,40.15,149.68,150.29,12.36,108.7,37.68,0.0,4
22.0,84,1.35,1013,2.49,3.81,121.94,0.83,12.53,0.11,0.72,1
15.28,91,1.28,1014,5.87,9.53,233.76,2.26,23.72,0.52,5.57,1
14.7,94,1.04,1014,16.23,26.6,453.36,4.74,19.31,1.29,10.8,2
28.18,81,5.21,1010,0.7,2.23,91.63,0.07,22.63,0.09,0.06,1
27.69,81,3.96,1010,0.71,2.2,90.75,0.08,22.5,0.08,0.06,1
27.46,82,3.62,1009,0.7,2.19,91.53,0.06,22.56,0.08,0.06,1
26.03,94,1.54,1009,0.51,0.6,72.23,0.33,2.22,0.18,0.96,1
25.99,94,1.54,1009,0.51,0.6,72.23,0.33,2.22,0.18,0.96,1
26.0,94,1.54,1009,0.51,0.55,62.93,0.18,1.82,0.1,0.58,1
13.99,26,3.09,1013,2.63,5.42,50.4,0.27,57.85,0.16,0.0,1
26.01,89,9.77,1004,0.64,0.75,69.98,0.4,19.15,0.04,0.23,1
21.84,33,3.09,1008,0.83,1.4,52.84,0.66,52.03,0.19,0.17,1
25.05,59,4.12,1014,55.13,75.99,297.2,3.04,96.33,1.87,0.1,4
26.94,72,3.6,1013,5.88,23.7,82.75,1.74,48.58,0.71,0.31,2
21.49,68,2.57,1019,4.25,5.81,135.02,7.61,31.27,1.84,0.54,1
27.99,74,1.03,1015,4.72,9.04,100.0,0.08,47.82,0.1,0.0,1
28.96,61,1.54,1015,4.18,6.63,116.87,0.44,51.5,0.36,0.0,1
28.97,61,1.54,1015,4.18,6.63,116.87,0.44,51.5,0.36,0.0,1
5.16,89,0.63,1019,94.31,115.14,1238.01,28.42,2.95,5.75,73.0,5
19.67,71,2.91,1013,147.87,165.99,1357.68,20.86,1.1,2.24,41.57,5
14.6,90,2.09,1015,121.84,136.51,1207.06,14.41,0.85,1.48,16.98,5
11.04,64,1.88,1018,2.32,6.47,86.14,1.65,31.31,0.17,0.08,1
12.67,43,1.77,1017,1.42,4.43,63.22,0.31,38.85,0.1,0.03,1
10.9,64,1.93,1018,2.32,6.47,86.14,1.65,31.31,0.17,0.08,1
11.75,94,4.35,1013,0.56,0.76,109.53,1.58,38.41,0.1,3.65,1
13.99,72,3.0,1013,8.48,8.99,115.05,0.82,104.45,4.83,2.25,3
9.5,91,3.99,1016,1.85,2.35,126.27,1.66,66.09,0.54,6.06,2
29.45,1,3.09,1009,5.04,12.53,105.47,0.3,40.16,0.16,0.25,1
28.41,83,9.15,1010,3.95,13.34,98.5,0.25,37.0,0.17,0.14,1
29.52,68,4.97,1009,3.6,9.75,100.82,0.42,39.15,0.24,0.49,1
8.58,62,2.06,1010,4.71,4.98,147.4,4.3,98.24,2.16,2.32,2
10.37,42,5.66,1007,0.5,0.5,127.06,0.76,83.63,0.13,0.66,2
20.11,27,5.14,1009,0.73,0.98,97.93,0.17,89.51,0.08,1.02,2
26.2,83,1.54,1011,4.31,6.1,125.25,0.55,9.42,0.1,0.26,1
17.11,85,1.49,1013,4.97,5.77,127.93,0.33,18.05,0.12,0.04,1
21.56,90,1.08,1010,1.64,2.17,106.41,0.22,6.68,0.02,0.07,1
26.1,83,1.03,1009,0.56,0.7,64.9,0.03,1.29,0.01,0.08,1
25.96,83,1.03,1009,0.56,0.7,64.9,0.03,1.29,0.01,0.08,1
25.72,83,1.03,1009,0.62,0.81,65.38,0.05,1.2,0.01,0.11,1
26.2,83,1.54,1011,4.26,5.88,122.93,0.53,9.16,0.09,0.29,1
25.04,100,1.54,1011,7.05,25.86,71.87,0.14,36.92,0.11,0.0,2
21.98,94,0.79,1011,8.29,25.92,97.34,1.1,28.3,0.21,0.22,2
10.03,81,3.09,1016,5.0,5.26,116.6,2.51,81.35,0.97,24.28,2
10.21,86,1.03,1015,3.75,4.74,115.12,6.02,29.45,0.34,22.46,1
9.76,86,2.57,1016,3.57,4.17,128.78,5.52,47.78,0.69,12.71,1
28.72,84,3.09,1011,0.57,1.59,84.77,0.16,23.64,0.09,0.08,1
28.31,84,3.09,1011,0.56,1.62,83.75,0.16,23.38,0.1,0.08,1
23.64,91,2.32,1011,3.26,6.92,158.14,1.62,5.78,0.24,0.44,1
13.78,66,4.63,1021,2.93,5.2,115.28,3.23,46.23,0.56,1.21,1
14.18,60,1.94,1022,5.63,8.28,159.12,5.77,40.54,0.47,2.04,1
14.31,62,4.63,1022,2.93,5.2,115.28,3.23,46.23,0.56,1.21,1
25.95,100,0.51,1010,1.45,1.93,81.6,0.03,26.46,0.03,0.22,1
21.74,94,2.06,1012,2.5,2.7,100.93,0.65,8.35,0.09,0.05,1
18.53,93,0.42,1014,7.57,11.54,188.98,1.15,4.25,0.15,0.31,1
16.92,48,4.0,1021,42.12,52.68,539.84,49.36,68.54,61.17,2.67,3
14.94,10,1.2,1018,34.53,54.22,352.75,22.32,32.31,18.02,43.11,3
25.81,88,0.95,1012,13.66,21.22,168.16,0.88,74.57,0.68,0.0,2
14.49,66,1.21,1015,2.39,3.13,155.64,5.17,14.45,0.41,2.77,1
28.03,57,3.6,1011,4.94,5.45,138.34,3.59,24.4,1.29,2.71,1
24.99,65,5.66,1013,5.76,6.24,118.29,2.32,10.49,2.77,1.38,1
22.17,85,3.58,1014,0.56,0.69,105.86,0.61,32.75,0.28,0.0,1
28.93,79,1.54,1010,0.72,0.95,127.22,2.16,32.91,0.24,4.5,1
23.15,85,1.54,1013,0.55,0.71,106.45,0.57,32.9,0.27,0.0,1
30.24,70,2.57,1014,3.32,6.65,99.53,0.21,44.11,0.3,0.36,1
28.16,74,2.06,1014,5.87,9.37,126.78,0.37,59.95,0.24,0.85,1
29.19,74,3.09,1014,4.69,12.29,104.08,0.08,50.51,0.12,0.48,1
23.27,73,5.14,1014,4.98,19.8,100.44,0.2,52.36,0.28,0.0,1
22.75,68,7.72,1015,3.05,12.94,99.73,0.11,52.27,0.19,0.0,1
22.02,78,5.14,1015,3.37,13.53,99.97,0.16,50.9,0.25,0.0,1
28.08,77,7.2,1011,6.28,13.1,166.46,1.55,60.79,1.32,0.66,2
28.16,77,7.2,1011,6.28,13.1,166.46,1.55,60.79,1.32,0.66,2
14.76,82,4.63,1018,4.65,7.21,121.78,0.53,107.17,0.89,0.36,3
16.96,55,2.06,1017,5.14,8.95,120.99,0.28,110.5,0.93,0.21,3
17.08,61,4.12,1017,4.43,6.85,121.39,0.7,103.74,0.96,0.35,3
9.9,87,3.09,1016,1.58,2.15,123.77,3.51,32.88,0.11,7.18,1
13.88,59,5.36,1015,0.99,1.28,131.94,3.08,64.22,1.04,3.19,2
11.21,99,2.06,1016,2.25,3.37,125.68,4.6,44.75,0.54,10.72,1
7.93,85,1.54,1019,3.73,4.16,131.2,4.95,46.73,0.56,7.78,1
5.73,79,2.06,1019,2.7,4.03,132.52,6.68,46.47,0.55,11.57,1
9.2,83,0.21,1017,3.42,3.61,131.33,3.98,67.56,0.25,54.57,2
29.18,76,2.05,1006,11.66,38.28,116.63,0.7,34.3,0.14,2.07,2
24.61,73,2.53,1008,16.48,38.09,250.76,2.38,29.44,0.21,4.19,2
27.25,63,3.45,1007,16.36,46.07,185.81,1.57,39.51,0.25,4.6,2
5.98,83,1.54,1021,8.52,9.07,143.93,9.23,87.15,2.94,15.86,2
7.14,83,0.88,1021,4.01,4.78,135.67,4.46,61.21,0.26,24.21,2
5.78,80,1.02,1020,4.53,5.25,133.47,4.01,77.3,0.53,32.1,2
24.01,71,4.48,1015,2.56,11.31,101.43,1.61,53.81,1.24,0.03,1
28.81,75,3.09,1015,1.94,8.85,99.33,0.15,40.38,0.17,0.0,1
31.76,58,4.12,1014,3.5,6.06,120.41,2.63,26.63,0.57,5.47,1
29.71,70,3.09,1015,1.94,8.85,99.33,0.15,40.38,0.17,0.0,1
15.37,94,3.6,1013,4.42,5.34,130.6,4.51,64.81,0.19,0.35,2
14.93,88,2.06,1012,2.69,4.3,120.07,6.39,61.67,0.56,0.79,2
11.67,93,1.03,1013,21.58,68.14,124.01,3.08,73.35,0.23,0.32,3
13.53,92,0.95,1014,5.84,6.17,265.37,9.16,21.34,1.52,1.97,1
30.93,66,2.06,1009,12.44,33.34,87.5,0.62,41.98,0.42,0.0,2
17.95,52,3.6,1015,5.14,6.36,267.15,13.93,16.16,1.47,1.04,1
6.68,54,3.09,1021,2.08,2.67,141.34,2.2,86.23,0.76,1.41,2
0.14,93,1.54,1019,0.88,1.13,134.73,0.86,87.45,0.12,0.41,2
3.13,69,1.3,1020,2.13,2.64,142.19,1.76,88.64,0.67,0.51,2
17.42,72,7.72,1017,10.48,50.29,135.55,5.37,94.84,10.74,5.97,3
14.9,82,2.06,1018,9.76,21.39,127.61,3.69,85.18,5.15,1.32,2
17.42,69,6.49,1017,10.48,50.29,135.55,5.37,94.84,10.74,5.97,3
16.98,67,4.12,1014,7.69,50.86,111.88,0.18,96.59,0.23,0.0,3
19.01,72,7.72,1013,6.37,31.41,107.58,0.28,78.95,0.49,0.0,2
17.88,79,5.42,1014,5.03,27.07,111.3,0.22,99.45,0.41,0.0,2
17.89,57,1.19,1012,16.32,28.58,221.2,3.38,35.67,0.35,15.49,2
23.92,52,1.0,1009,14.06,26.66,159.26,1.75,33.73,0.23,9.88,2
30.36,34,2.64,1006,13.04,26.69,103.91,0.45,58.07,0.08,1.36,2
10.82,83,2.06,1013,0.82,1.53,102.3,0.92,76.94,0.17,7.1,2
15.35,67,2.06,1014,1.46,2.74,115.07,0.28,102.61,0.31,0.29,3
13.55,91,3.58,1013,2.66,4.49,123.86,4.6,65.43,0.23,13.11,2
14.64,61,1.4,1015,36.33,62.13,544.76,6.22,22.04,0.74,26.63,3
19.47,71,2.34,1011,3.42,8.77,101.54,0.81,17.22,0.06,3.8,1
19.47,50,1.49,1012,11.5,18.82,188.14,2.35,36.57,0.29,7.25,2
5.74,52,4.02,1019,2.66,3.49,150.82,4.59,83.83,1.25,1.62,2
5.16,54,3.58,1019,0.99,1.36,135.77,2.42,92.94,0.96,1.65,2
2.01,64,0.51,1021,2.49,3.04,144.14,1.67,82.35,0.52,6.97,2
27.94,61,3.09,1013,2.36,8.71,62.83,0.02,50.44,0.06,0.03,1
27.99,61,3.09,1014,2.36,8.71,62.83,0.02,50.44,0.06,0.03,1
28.83,54,2.57,1013,2.31,9.28,64.3,0.02,51.97,0.07,0.0,1
9.63,86,2.57,1016,6.11,7.39,142.04,3.78,55.05,0.3,2.05,1
13.99,71,2.12,1013,1.62,2.44,120.87,0.44,98.05,0.25,0.28,2
11.01,84,2.06,1014,2.81,3.51,115.2,3.58,38.37,0.25,11.2,1
27.01,83,2.57,1010,3.99,13.01,72.27,0.13,29.16,0.13,0.0,1
26.98,89,3.6,1010,5.61,20.09,69.07,0.04,34.54,0.17,0.0,2
21.88,97,0.98,1011,1.47,1.72,68.33,0.15,4.82,0.01,0.03,1
10.87,80,3.09,1016,3.76,6.0,125.37,5.05,105.54,3.34,1.27,3
10.54,77,2.06,1016,10.52,11.55,126.05,10.51,51.48,1.36,4.38,2
10.02,76,2.06,1012,2.28,2.91,123.45,3.65,93.75,1.28,1.33,2
12.08,76,7.72,1020,1.77,2.11,113.21,2.51,61.09,0.06,7.5,2
10.99,87,3.6,1021,5.33,5.81,115.99,4.6,61.62,0.93,53.1,2
8.33,95,1.94,1021,5.75,6.2,130.19,8.06,56.91,0.83,29.49,1
26.99,83,4.12,1012,0.61,0.72,96.08,0.05,5.78,0.02,0.02,1
26.99,83,4.12,1012,0.61,0.72,96.08,0.05,5.78,0.02,0.02,1
23.4,93,1.17,1012,0.82,1.37,98.61,0.11,8.32,0.05,0.02,1
10.61,87,5.14,1014,2.66,5.07,116.82,2.88,24.46,0.24,11.74,1
23.56,97,1.29,1012,1.22,2.71,105.47,0.83,11.68,0.1,0.12,1
29.23,84,4.12,1011,0.95,2.04,88.98,0.37,23.11,0.82,0.04,1
27.22,65,2.5,1009,2.67,3.38,156.21,2.35,14.55,0.18,0.74,1
16.67,77,3.09,1012,1.69,4.2,115.44,2.48,84.6,0.56,1.06,2
23.08,73,4.12,1010,9.93,27.54,110.79,1.59,73.15,1.68,0.0,2
23.02,73,4.12,1010,9.58,26.22,105.37,1.52,69.97,1.44,0.0,2
23.01,73,4.12,1010,9.93,27.54,110.79,1.59,73.15,1.68,0.0,2
27.04,74,2.06,1012,14.69,53.34,101.0,0.42,37.86,0.31,0.0,3
27.05,74,2.06,1013,14.69,53.34,101.0,0.42,37.86,0.31,0.0,3
22.79,95,1.9,1012,1.9,3.32,120.15,0.51,22.85,0.14,0.26,1
26.82,69,3.09,1015,2.04,9.02,104.98,0.43,53.91,0.37,0.09,1
26.94,69,3.09,1016,2.04,9.02,104.98,0.43,53.91,0.37,0.09,1
27.02,69,3.09,1015,2.04,9.02,104.98,0.43,53.91,0.37,0.09,1
26.92,100,1.54,1010,3.01,8.11,78.11,0.08,30.05,0.11,0.0,1
24.95,100,1.54,1010,1.36,2.47,89.98,0.04,25.48,0.04,0.17,1
20.73,99,0.94,1011,4.02,4.58,103.04,0.48,10.74,0.15,0.05,1
18.65,60,4.12,1017,7.46,9.73,109.38,1.4,94.99,0.78,0.62,2
16.62,79,0.45,1017,11.51,12.67,101.66,1.97,33.51,0.53,7.14,2
15.96,63,3.83,1016,7.69,14.32,107.1,0.68,106.48,1.25,0.03,3
21.95,100,2.24,1012,9.04,11.43,177.37,0.56,48.28,1.19,1.75,1
21.92,100,2.24,1012,8.38,10.07,164.65,0.34,47.35,0.77,0.87,1
19.28,100,0.16,1012,7.45,9.62,166.01,0.45,47.44,0.94,1.22,1
28.28,76,10.8,1011,6.15,23.64,94.76,0.04,44.85,0.13,0.01,2
28.4,75,10.8,1011,6.15,23.64,94.76,0.04,44.85,0.13,0.01,2
28.7,76,10.8,1011,6.48,25.64,94.94,0.05,44.78,0.14,0.0,2
25.06,78,2.06,1010,13.35,30.83,101.47,0.61,71.41,1.01,0.0,2
27.63,50,4.03,1010,17.31,41.22,116.64,0.47,70.08,0.52,0.02,2
27.73,50,2.94,1010,15.9,37.11,111.62,0.45,75.66,0.82,0.0,2
26.0,83,3.5,1012,1.69,4.55,114.69,1.09,19.17,0.57,0.1,1
24.96,83,1.83,1012,1.26,2.04,109.08,0.41,14.38,0.12,0.03,1
24.99,89,2.12,1013,1.69,5.45,112.23,0.35,16.39,0.21,0.19,1
25.19,86,1.79,1012,12.72,18.8,162.78,0.91,72.26,0.62,0.0,2
25.35,86,1.79,1012,12.72,18.8,162.78,0.91,72.26,0.62,0.0,2
25.79,85,2.06,1012,12.47,18.36,163.26,1.07,70.55,0.69,0.07,2
33.03,33,1.09,1012,22.03,23.71,113.31,0.79,45.56,8.29,0.61,2
31.69,62,7.2,1009,10.57,12.36,243.5,4.33,27.72,0.64,3.97,2
31.9,74,4.63,1009,6.93,8.04,148.01,1.57,61.99,0.51,1.85,2
13.83,82,0.51,1016,5.46,6.37,104.66,1.4,58.74,0.11,1.26,1
13.06,76,1.54,1016,9.17,13.35,118.47,2.31,101.18,1.45,0.62,3
13.51,94,1.03,1016,13.48,19.61,121.4,2.11,106.56,1.65,0.02,3
29.93,66,3.09,1014,1.81,7.68,103.17,0.15,40.23,0.18,0.0,1
29.43,66,3.09,1014,1.81,7.68,103.17,0.15,40.23,0.18,0.0,1
27.28,78,3.93,1015,12.02,18.76,171.47,0.66,72.41,0.45,3.11,2
13.64,91,0.89,1015,3.74,4.95,113.74,2.76,37.37,0.13,6.3,1
14.88,94,3.09,1015,3.73,4.61,115.56,2.25,37.45,0.46,4.64,1
16.71,72,1.91,1016,4.59,6.34,118.51,5.99,34.67,0.28,3.44,1
26.72,85,1.1,1009,5.65,8.43,153.4,1.41,25.44,0.48,1.95,1
26.12,90,1.54,1009,1.55,4.51,87.23,0.65,27.88,0.25,1.12,1
27.13,86,1.09,1009,5.65,8.43,153.4,1.41,25.44,0.48,1.95,1
11.0,76,4.63,1014,0.75,1.45,116.74,1.61,68.71,0.5,4.97,2
8.87,87,2.06,1014,0.5,0.69,118.86,0.21,106.32,0.27,0.0,3
9.97,92,1.27,1014,0.5,0.63,109.81,1.08,69.8,0.4,8.4,2
12.06,86,3.54,1017,13.74,27.53,125.27,4.0,96.46,2.59,2.6,2
16.83,78,3.09,1017,5.77,16.94,122.2,2.79,99.46,1.2,11.55,2
16.61,80,0.45,1016,3.13,5.97,123.7,0.91,110.47,1.21,0.38,3
9.88,81,6.17,1014,0.73,1.41,119.63,0.68,105.85,0.52,1.21,3
30.01,74,2.57,1007,17.76,59.03,109.93,0.55,55.62,1.2,0.0,3
23.03,78,4.12,1008,73.7,89.44,408.23,3.68,119.64,9.44,43.0,4
23.58,82,2.57,1009,31.71,37.71,473.86,11.64,36.65,3.1,23.33,3
19.95,37,1.03,1015,26.33,127.08,159.1,4.33,98.31,8.94,0.28,4
15.12,78,0.45,1016,12.53,64.27,136.57,1.88,73.66,0.23,3.77,3
12.85,67,0.0,1016,12.63,53.42,220.14,9.38,63.28,1.78,3.58,3
22.62,12,2.06,1015,8.82,24.58,138.92,7.43,71.84,3.17,4.56,2
17.08,63,2.06,1016,37.86,173.6,128.06,1.98,74.19,0.37,3.64,4
18.77,24,1.01,1013,11.54,25.67,145.92,7.94,54.99,1.08,11.14,2
0.88,47,8.23,1023,0.5,1.22,139.07,0.15,103.26,0.77,0.07,3
0.84,47,8.23,1022,0.5,1.22,139.07,0.15,103.26,0.77,0.07,3
0.93,47,8.23,1023,0.5,1.22,139.07,0.15,103.26,0.77,0.07,3
18.16,68,2.06,1011,12.89,15.36,121.89,0.88,109.68,1.05,0.0,3
14.92,78,1.54,1015,3.56,5.05,132.9,3.41,23.92,0.33,1.99,1
19.57,47,1.54,1011,12.61,20.99,126.58,1.11,104.14,2.14,0.09,3
11.59,78,4.63,1014,2.37,5.26,115.17,2.55,26.62,0.11,11.13,1
28.53,74,6.69,1014,2.08,10.26,107.0,0.23,40.34,0.23,0.0,1
28.68,71,6.69,1014,2.11,10.44,106.9,0.21,40.52,0.22,0.0,1
28.85,71,6.69,1014,2.11,10.44,106.9,0.21,40.52,0.22,0.0,1
15.05,58,0.0,1016,13.52,24.24,130.82,4.69,103.23,4.03,2.12,3
15.95,58,0.0,1016,13.21,24.3,135.93,5.18,111.28,4.99,4.27,3
13.65,70,0.51,1016,12.0,22.0,146.94,10.33,96.14,4.86,4.21,2
22.72,72,3.6,1007,4.37,6.18,154.24,3.45,77.99,2.0,0.02,2
21.11,81,3.6,1007,3.78,6.69,138.41,2.76,70.64,1.76,0.01,2
20.15,69,2.06,1009,1.62,2.15,147.12,2.04,88.01,0.84,0.15,2
17.62,88,2.06,1015,0.5,0.57,98.83,0.59,28.2,0.1,0.34,1
16.02,89,1.82,1012,15.48,23.0,435.36,3.86,29.6,0.58,6.61,2
25.23,88,1.03,1010,4.55,6.31,173.51,1.48,17.91,0.22,0.49,1
17.11,47,3.49,1014,4.97,7.45,85.53,2.37,79.76,0.59,13.75,2
13.51,77,2.0,1015,1.85,3.52,74.04,0.32,77.83,0.24,7.64,2
16.05,46,3.68,1015,2.04,3.75,88.04,1.26,64.69,0.2,9.19,2
26.8,83,2.64,1009,25.04,26.69,573.21,10.52,29.05,1.95,3.35,3
28.46,73,2.27,1009,4.14,4.82,198.72,2.22,35.67,0.5,0.48,1
27.75,80,0.71,1009,24.82,25.38,466.92,3.27,2.46,0.31,0.7,2
30.0,84,2.57,1009,0.5,0.77,77.02,0.01,10.0,0.01,0.0,1
25.16,75,1.1,1013,1.24,2.33,68.14,0.05,42.04,0.04,0.02,1
25.79,75,1.69,1012,1.38,2.24,70.12,0.06,41.76,0.04,0.03,1
27.06,70,2.46,1011,1.65,2.89,71.93,0.06,42.16,0.04,0.04,1
15.35,33,7.38,1013,17.79,22.8,368.67,14.14,66.16,20.83,4.37,2
15.4,37,5.54,1007,14.53,17.41,206.38,8.34,76.22,19.12,4.95,2
14.72,40,8.33,1014,13.81,19.67,219.64,7.7,83.06,10.0,2.96,2
13.76,62,4.63,1013,15.6,21.99,211.95,5.76,86.87,9.85,2.66,2
16.95,39,5.66,1012,61.85,67.39,446.05,7.63,100.94,8.6,0.85,4
13.95,62,4.63,1013,14.96,22.25,198.75,3.67,90.2,7.95,1.7,2
27.86,28,10.8,1010,39.73,142.39,116.14,1.13,87.41,3.08,0.01,4
28.22,33,2.68,1010,34.96,112.41,115.37,0.85,88.49,3.43,0.0,4
28.14,33,2.68,1010,34.96,112.41,115.37,0.85,88.49,3.43,0.0,4
30.01,66,4.63,1013,3.32,15.98,96.21,0.13,43.73,0.24,0.0,1
30.01,66,4.63,1013,3.32,15.98,96.21,0.13,43.73,0.24,0.0,1
17.28,48,2.0,1015,12.2,40.52,86.13,1.4,76.89,0.39,8.91,2
19.33,52,4.0,1012,11.88,17.81,151.98,6.31,74.62,0.84,28.66,2
12.05,94,2.0,1008,12.02,32.75,114.7,0.23,87.89,0.03,0.16,2
25.97,78,2.06,1010,50.78,52.55,809.05,7.22,24.59,0.84,2.28,4
25.56,66,2.39,1009,104.75,111.45,1937.51,25.32,1.63,2.92,10.47,5
25.06,67,0.8,1009,75.12,78.55,1171.68,13.7,7.24,1.64,4.34,5
17.08,82,6.04,1016,4.83,8.16,130.17,2.52,108.3,4.63,1.08,3
17.64,76,2.66,1017,9.2,13.02,148.69,3.42,90.85,3.68,5.08,2
17.41,74,4.87,1016,4.29,7.52,126.35,2.8,108.69,4.41,0.88,3
26.93,74,3.09,1015,2.86,10.38,97.32,0.53,38.08,0.4,0.02,1
26.03,82,3.09,1015,3.03,9.94,98.46,0.63,42.16,0.45,0.0,1
26.16,90,1.08,1007,2.86,3.24,101.08,3.36,51.23,1.52,0.0,1
26.15,90,1.45,1007,2.86,3.24,101.08,3.36,51.23,1.52,0.0,1
26.08,90,1.41,1007,2.86,3.24,101.08,3.36,51.23,1.52,0.0,1
27.03,85,2.96,1012,0.51,1.24,89.9,0.25,32.74,0.1,0.13,1
23.24,97,1.45,1012,0.6,1.85,96.7,0.37,30.88,0.17,0.23,1
26.86,85,2.96,1012,0.5,1.29,93.3,0.2,30.3,0.08,0.08,1
3.64,92,1.96,1019,0.51,0.75,65.08,0.84,44.08,0.08,0.23,1
3.1,93,1.51,1019,0.58,1.0,70.46,0.94,42.13,0.1,0.36,1
4.82,89,0.85,1019,0.5,0.6,61.1,0.65,47.37,0.06,0.22,1
8.56,93,4.12,1014,1.44,1.73,126.12,1.62,63.37,1.05,2.05,2
8.18,87,3.6,1017,1.46,1.96,127.38,1.19,70.62,0.31,3.64,2
4.01,85,4.54,1020,1.24,1.55,128.34,2.51,80.8,1.07,1.36,2
9.12,92,0.45,1017,3.44,4.24,126.22,4.6,35.64,0.23,2.8,1
8.76,96,1.48,1016,2.41,3.02,117.22,3.24,36.59,0.17,2.61,1
8.61,92,1.44,1017,2.88,3.53,121.4,3.81,38.17,0.21,2.63,1
3.34,92,0.51,1018,4.08,5.0,144.96,2.47,85.81,0.49,1.76,2
5.36,94,4.31,1017,1.18,1.39,128.01,0.73,71.71,0.09,1.41,2
3.95,75,2.06,1021,1.81,2.23,133.74,2.72,93.43,1.55,0.97,2
19.55,80,5.68,1011,42.31,141.56,222.36,4.68,75.06,1.54,0.0,4
24.18,26,9.29,1014,32.7,129.12,123.99,0.99,110.12,0.7,0.26,4
21.2,68,2.62,1009,35.09,127.49,199.28,3.42,90.5,0.87,0.01,4
16.99,63,2.06,1012,2.6,9.86,117.58,2.27,84.56,2.69,0.53,2
12.23,94,0.0,1012,2.19,5.37,117.59,2.81,93.21,3.75,0.3,2
14.08,82,3.09,1012,2.21,3.8,100.87,2.48,54.9,0.24,1.08,1
14.21,79,3.6,1014,3.37,4.68,132.34,1.63,98.57,1.38,0.26,2
11.13,76,4.63,1017,3.65,4.63,126.13,1.15,72.18,0.47,0.79,2
11.04,89,3.27,1018,3.52,4.61,122.06,0.39,70.86,0.25,0.44,2
13.28,74,3.39,1015,2.98,4.05,124.37,1.42,73.8,0.47,2.17,2
13.88,77,1.54,1016,3.16,4.65,115.8,1.55,96.92,0.52,0.85,2
10.15,75,1.58,1017,3.5,5.18,114.81,1.65,97.42,0.83,0.61,2
8.48,93,0.0,1016,4.39,6.77,113.1,2.3,103.27,1.41,0.24,3
13.98,100,2.06,1019,5.26,8.38,150.03,1.37,17.89,0.08,0.26,1
21.0,94,2.06,1015,3.39,5.59,93.36,0.55,18.11,0.09,0.16,1
10.65,94,1.71,1020,2.84,3.89,103.48,0.78,14.81,0.03,0.15,1
30.98,70,5.14,1011,1.25,3.7,96.09,0.0,21.29,0.06,0.0,1
10.9,93,1.03,1018,2.71,3.52,97.49,2.13,54.46,0.45,6.97,1
10.31,88,0.82,1018,2.43,3.3,99.1,2.09,55.95,0.55,6.69,1
10.85,88,0.22,1017,2.54,4.17,92.14,1.55,43.44,0.34,6.6,1
37.3,18,3.09,1006,18.45,56.42,140.8,0.31,29.06,0.09,3.8,3
29.22,45,2.73,1008,6.79,17.41,145.99,0.89,19.43,0.07,2.85,1
32.06,40,5.04,1007,15.23,45.14,143.48,0.53,23.63,0.07,2.94,2
27.98,83,1.03,1008,8.61,11.5,383.0,6.76,11.52,0.72,3.24,1
29.51,57,1.1,1008,34.45,44.25,714.14,12.5,26.87,1.08,15.56,3
26.67,74,2.7,1008,39.05,46.55,1065.77,16.13,1.33,2.21,18.83,3
6.07,49,1.0,1010,0.53,1.56,102.9,0.63,55.3,0.09,1.38,1
9.82,47,2.35,1011,0.75,1.0,100.86,0.8,58.44,0.04,3.68,1
12.92,40,2.79,1011,2.16,2.47,109.68,0.96,48.6,0.97,2.66,1
25.85,89,2.06,1012,11.97,17.5,164.21,1.4,67.13,0.85,0.22,2
25.96,89,2.06,1012,10.32,14.9,150.28,0.27,65.54,0.25,0.0,2
25.82,89,2.06,1012,10.32,14.9,150.28,0.27,65.54,0.25,0.0,2
28.08,74,11.83,1012,5.16,24.64,94.07,0.11,49.53,0.17,0.0,2
25.97,73,3.6,1015,2.86,12.1,99.78,1.5,43.86,1.11,0.01,1
25.95,73,3.6,1015,2.71,11.71,99.44,1.26,41.64,0.91,0.03,1
26.03,73,3.6,1015,2.71,11.71,99.44,1.26,41.64,0.91,0.03,1
19.96,86,6.91,1012,6.77,24.76,105.12,0.27,67.66,0.5,0.01,2
18.93,72,7.2,1013,4.66,15.89,103.04,1.07,72.73,0.93,0.0,2
33.66,19,4.96,1007,49.72,222.49,135.14,0.2,37.42,0.05,0.53,5
18.65,94,3.09,1012,31.64,81.24,123.72,0.22,90.73,0.51,0.0,3
18.53,94,3.09,1011,31.64,81.24,123.72,0.22,90.73,0.51,0.0,3
18.39,94,1.03,1011,31.64,81.24,123.72,0.22,90.73,0.51,0.0,3
23.01,85,4.67,1016,1.55,7.93,62.65,0.06,48.61,0.2,0.0,1
20.48,85,0.89,1016,1.48,7.58,62.4,0.05,47.75,0.18,0.0,1
21.43,85,0.89,1016,1.48,7.58,62.4,0.05,47.75,0.18,0.0,1
27.97,83,5.66,1007,8.68,20.46,97.39,0.05,59.37,0.11,0.0,2
18.05,84,1.05,1013,5.76,7.35,91.13,0.65,15.31,0.05,0.3,1
19.63,70,1.25,1012,5.81,8.66,87.84,0.41,23.62,0.14,0.17,1
16.82,94,0.25,1013,3.24,4.04,91.3,0.65,28.76,0.04,0.26,1
27.75,20,7.72,1010,13.29,14.83,154.63,1.87,89.21,1.3,2.99,2
20.29,70,4.63,1014,4.86,17.98,117.6,0.24,96.35,0.6,0.01,2
27.97,20,7.72,1010,12.86,14.48,153.5,1.45,90.2,1.14,2.13,2
26.4,88,1.54,1008,3.26,3.48,323.83,2.2,16.08,0.42,0.24,1
25.9,94,1.03,1008,1.47,1.67,148.47,0.61,8.88,0.08,0.14,1
26.62,88,1.54,1008,2.74,2.98,298.59,1.24,14.6,0.12,0.31,1
18.99,62,2.57,1012,1.57,2.76,97.69,3.45,37.9,3.01,0.81,1
16.97,67,2.57,1012,1.57,2.76,97.69,3.45,37.9,3.01,0.81,1
24.97,73,3.09,1013,2.87,5.55,89.27,0.4,28.67,0.09,0.29,1
25.39,99,3.23,1014,1.91,8.82,65.71,0.07,53.62,0.2,0.0,1
28.32,63,1.36,1014,1.91,8.82,65.71,0.07,53.62,0.2,0.0,1
28.11,63,1.65,1015,2.04,8.87,66.06,0.11,53.58,0.34,0.0,1
34.16,33,2.57,1007,17.37,42.66,167.46,0.65,37.6,0.12,5.29,2
31.38,14,2.97,1007,31.96,92.16,295.72,1.68,40.86,0.56,11.88,3
27.87,15,2.42,1008,81.3,206.29,821.63,9.75,39.83,3.49,39.52,5
28.18,89,1.03,1010,0.72,2.1,90.4,0.06,23.25,0.07,0.07,1
34.47,13,5.21,1007,38.08,75.98,488.32,4.53,39.32,1.03,8.12,3
24.02,96,1.88,1010,5.18,13.54,209.04,1.81,19.24,0.61,1.31,1
32.06,52,7.2,1008,3.5,5.18,107.47,0.31,38.97,5.42,0.28,1
30.2,57,1.87,1008,6.78,9.12,107.65,0.25,46.03,8.53,0.0,1
29.98,47,7.15,1008,4.68,6.09,109.52,0.49,40.65,2.38,0.21,1
12.34,75,1.54,1017,9.91,11.89,176.01,22.94,38.29,1.36,11.88,1
11.86,73,3.6,1018,7.71,9.56,168.57,24.1,44.45,1.69,12.0,1
12.61,73,1.54,1017,11.75,13.8,183.65,28.17,41.15,1.86,12.2,2
2.96,66,0.85,1020,3.66,3.95,133.98,3.58,94.64,2.85,1.43,2
3.27,87,2.06,1019,0.5,0.88,132.09,1.04,93.95,1.13,0.57,2
3.29,79,2.67,1021,0.5,0.5,116.43,0.29,71.4,0.09,0.84,2
13.25,100,1.03,1014,133.03,156.73,1377.79,22.47,28.88,4.94,17.48,5
15.58,62,2.63,1014,60.25,75.73,963.67,16.89,23.18,2.16,23.88,4
20.72,72,2.29,1011,105.32,127.12,1189.83,20.59,25.32,3.49,21.12,5
18.95,65,7.72,1015,1.55,4.39,73.32,2.02,54.2,0.75,0.11,1
19.39,67,5.14,1002,0.98,2.04,80.27,1.86,31.17,0.18,0.13,1
17.35,83,11.32,1011,1.41,2.47,69.37,0.52,51.12,0.1,0.02,1
33.99,18,2.57,1004,19.27,79.23,98.67,0.55,82.27,0.67,0.22,3
34.05,18,2.57,1005,19.12,82.3,98.18,0.57,91.45,1.05,0.24,3
34.0,18,2.57,1004,19.27,80.31,98.6,0.51,84.3,0.79,0.21,3
30.12,77,5.14,1009,2.76,4.0,139.11,1.09,48.81,0.42,0.71,1
29.97,79,4.63,1009,2.71,4.06,148.61,1.45,45.4,0.57,0.94,1
30.02,80,4.63,1009,2.71,4.06,148.61,1.45,45.4,0.57,0.94,1
22.72,79,3.6,1011,6.16,15.27,73.33,0.04,50.87,0.36,0.0,1
22.1,78,3.6,1011,5.98,15.25,73.41,0.04,50.99,0.37,0.0,1
17.12,59,2.06,1015,12.46,21.63,78.23,0.68,60.8,1.18,0.0,2
27.9,78,5.14,1014,3.89,16.26,62.87,0.02,47.88,0.11,0.0,1
27.96,78,5.14,1014,3.77,15.37,62.94,0.02,48.5,0.11,0.0,1
27.8,78,5.14,1014,3.54,16.33,63.03,0.02,48.53,0.11,0.0,1
27.53,76,1.49,1011,2.04,3.71,62.56,0.06,31.66,0.07,0.0,1
28.9,58,0.19,1011,1.89,2.54,38.4,0.07,5.03,0.06,0.01,1
30.67,66,2.35,1011,2.42,3.12,63.26,0.03,10.19,5.55,0.0,1
30.23,76,2.57,1010,5.2,7.54,166.18,6.65,25.34,4.67,3.04,1
27.05,100,2.06,1010,45.89,47.53,747.22,14.8,22.14,2.39,49.28,3
30.57,77,2.57,1010,5.39,7.88,155.41,6.62,27.06,4.93,2.33,1
23.99,60,2.57,1006,61.75,76.01,402.18,3.19,129.83,14.23,48.64,4
28.09,78,3.09,1005,15.08,61.83,94.8,0.1,53.1,0.37,0.0,3
27.08,57,3.09,1007,62.7,105.52,473.58,9.44,66.13,1.72,87.19,4
11.56,76,3.6,1015,5.28,5.79,134.67,3.04,57.6,0.98,5.83,1
12.25,95,1.03,1014,1.75,2.06,105.45,2.64,33.94,0.25,8.34,1
9.45,87,3.09,1017,4.78,5.67,136.38,4.17,37.11,0.57,4.9,1
27.42,78,6.17,1015,2.01,7.41,95.41,0.19,43.35,0.18,0.0,1
27.03,80,6.17,1016,2.19,7.86,95.58,0.2,44.48,0.19,0.0,1
26.67,82,6.17,1016,2.14,8.09,95.9,0.19,43.97,0.2,0.0,1
16.65,74,4.22,1017,6.9,21.48,120.0,1.21,99.49,1.07,2.5,2
16.74,71,4.24,1017,5.21,18.83,117.95,0.48,98.66,0.84,0.77,2
16.56,74,4.19,1017,6.9,21.48,120.0,1.21,99.49,1.07,2.5,2
13.0,69,1.54,1011,0.5,0.54,118.03,0.69,101.4,0.46,0.0,3
12.73,82,1.03,1010,0.58,1.19,116.61,1.75,101.44,0.98,0.53,3
12.31,85,0.59,1010,0.87,1.88,117.53,1.45,107.35,1.03,0.24,3
16.79,94,10.29,1007,1.28,1.3,126.35,1.39,38.01,0.12,0.03,1
25.33,61,5.14,1003,3.91,4.29,114.6,1.19,51.36,0.55,0.22,1
16.7,94,10.29,1007,1.41,1.44,132.15,1.62,34.82,0.15,0.03,1
30.55,39,7.72,1007,43.09,153.91,195.05,6.11,105.17,19.51,0.0,4
30.76,38,7.72,1007,41.66,152.64,185.01,5.07,106.38,18.29,0.0,4
31.03,37,7.72,1007,38.81,139.22,177.38,5.18,111.61,18.06,0.0,4
23.81,69,5.66,1017,1.16,5.35,62.48,0.06,43.66,0.16,0.01,1
24.05,67,1.23,1017,1.14,5.16,61.73,0.06,40.71,0.14,0.0,1
22.82,60,4.12,1017,0.96,4.16,62.01,0.04,40.71,0.11,0.0,1
16.08,82,2.06,1015,7.35,8.18,108.33,1.98,40.32,0.48,1.0,1
12.26,77,5.14,1014,3.15,4.26,121.01,1.36,66.7,0.29,1.42,2
11.4,88,3.4,1017,4.16,5.02,126.83,1.88,78.22,0.83,0.04,2
16.03,75,3.13,1015,2.55,3.31,97.24,2.25,46.39,0.28,1.12,1
12.99,88,1.03,1017,7.71,10.39,123.6,5.62,38.22,1.36,5.42,1
15.0,89,1.42,1015,3.99,4.76,94.77,1.78,31.69,0.19,2.52,1
15.8,73,3.85,1010,5.48,5.82,123.12,1.0,78.82,0.58,2.2,2
6.49,70,1.72,1015,0.75,1.52,142.92,2.56,77.43,1.02,0.14,2
11.87,87,2.0,1013,1.15,1.46,113.26,0.64,43.81,0.05,0.65,1
17.07,100,1.54,1013,22.86,37.54,639.78,3.42,4.22,0.38,1.12,2
17.71,88,1.39,1014,21.43,31.49,468.26,3.15,21.46,1.29,5.37,2
14.45,96,0.61,1015,18.49,29.62,476.26,4.29,15.39,0.93,4.43,2
26.0,50,7.04,1007,42.83,144.59,104.87,1.87,122.11,2.71,0.0,4
27.8,20,4.78,1012,43.89,128.18,149.05,4.29,121.66,19.07,0.0,4
27.01,40,2.58,1007,40.55,121.3,117.08,9.31,102.08,39.97,0.0,4
31.14,64,2.69,1011,1.11,4.74,60.49,0.01,33.28,0.08,0.0,1
31.15,63,2.23,1011,1.11,4.74,60.49,0.01,33.28,0.08,0.0,1
31.03,63,3.61,1010,1.01,4.35,60.51,0.01,33.6,0.07,0.0,1
27.0,83,4.63,1008,0.5,1.15,74.13,0.04,12.56,0.03,0.0,1
31.04,6,8.84,1006,31.82,148.91,99.78,0.09,77.04,0.34,0.54,4
30.69,6,8.83,1007,30.68,146.39,100.13,0.09,81.66,0.38,0.53,4
30.74,6,8.83,1007,30.68,146.39,100.13,0.09,81.66,0.38,0.53,4
1.75,81,1.21,1023,1.4,1.57,130.2,1.58,84.62,0.6,0.15,2
3.13,72,1.64,1021,3.51,3.89,130.48,4.26,92.24,2.99,5.28,2
6.95,85,2.69,1020,6.46,6.93,134.53,8.77,77.71,3.78,12.97,2
26.71,95,1.03,1008,1.53,1.71,141.48,0.7,11.09,0.09,0.2,1
26.69,91,2.24,1008,1.53,1.71,141.48,0.7,11.09,0.09,0.2,1
26.75,91,2.24,1008,1.53,1.71,141.48,0.7,11.09,0.09,0.2,1
9.15,86,0.51,1016,11.44,15.02,115.07,1.05,91.16,0.54,0.44,2
9.33,92,1.03,1017,4.7,5.64,99.92,2.78,26.18,0.05,2.1,1
9.87,83,0.83,1017,6.07,7.33,107.33,2.11,60.58,0.24,1.18,2
13.22,80,1.17,1014,2.92,3.92,121.23,4.8,20.63,0.1,3.22,1
12.37,91,1.54,1015,1.9,2.27,114.18,1.17,47.54,0.24,2.81,1
13.46,80,2.54,1015,2.92,3.92,121.23,4.8,20.63,0.1,3.22,1
25.52,85,1.73,1013,5.69,12.27,112.26,0.7,23.56,0.36,0.03,1
22.46,97,1.62,1012,2.15,3.45,121.18,0.63,33.58,0.2,0.42,1
22.03,96,2.99,1011,2.19,3.33,112.89,0.8,38.33,0.33,0.24,1
21.81,88,3.09,1012,9.58,29.04,102.86,0.98,70.51,0.9,0.0,2
22.85,48,6.56,1010,11.02,38.65,125.91,1.54,61.73,0.85,0.68,2
21.78,89,3.09,1012,9.9,29.13,103.09,1.37,73.6,1.15,0.0,2
27.43,83,4.8,1008,1.68,4.14,61.47,0.02,40.13,0.08,0.0,1
20.48,74,1.9,1010,6.18,12.88,158.86,1.77,15.08,0.16,6.06,1
22.91,65,2.56,1010,2.49,7.42,88.69,0.4,23.48,0.04,1.5,1
26.95,78,2.57,1012,1.61,3.12,105.28,0.76,18.99,0.52,0.01,1
26.96,78,2.57,1012,1.35,2.39,104.97,0.48,16.48,0.32,0.02,1
24.41,77,1.08,1008,7.0,11.91,202.46,0.96,3.97,0.09,1.53,1
29.24,51,2.75,1007,1.18,2.34,112.18,0.24,26.91,0.02,0.98,1
19.61,94,1.46,1010,7.36,8.84,174.03,0.27,1.78,0.05,0.18,1
26.4,86,4.36,1010,5.12,18.75,69.39,0.04,36.29,0.17,0.0,1
27.27,77,5.14,1011,10.3,12.09,99.69,0.21,44.89,1.42,0.0,2
27.94,74,5.14,1011,10.3,12.09,99.69,0.21,44.89,1.42,0.0,2
31.19,65,2.72,1008,19.07,21.72,101.62,0.32,48.1,6.69,0.0,2
14.85,67,2.42,1017,5.79,7.94,126.77,2.96,54.15,2.1,7.74,1
16.18,48,1.74,1017,17.88,22.82,172.15,13.86,62.06,3.94,5.76,2
15.61,57,1.7,1017,9.86,18.91,146.43,3.3,95.06,5.92,44.01,2
13.61,48,4.23,1014,0.56,1.35,74.09,1.26,46.16,1.01,0.75,1
9.03,58,4.96,1015,0.56,1.23,73.37,2.15,46.84,3.04,0.59,1
27.85,78,2.57,1015,9.81,21.51,103.69,0.52,73.09,1.35,0.0,2
30.98,35,2.57,1006,20.17,48.09,297.83,2.47,20.97,0.76,8.32,2
30.49,29,1.77,1006,12.26,34.21,116.27,0.34,12.91,0.04,3.49,2
27.99,10,6.73,1008,8.53,30.62,95.83,0.18,80.64,0.05,0.5,2
28.06,83,3.6,1010,0.99,2.29,92.08,0.31,23.98,0.17,0.12,1
23.69,89,1.03,1010,6.23,9.96,182.2,2.46,11.94,0.47,1.6,1
25.28,82,0.65,1010,5.51,7.82,145.73,2.0,9.88,0.17,0.69,1
30.35,80,0.52,1009,18.06,19.33,255.87,2.57,19.07,0.51,1.7,2
31.14,69,0.92,1008,16.34,17.51,230.2,1.98,20.94,0.41,1.21,2
31.11,99,0.4,1009,17.52,18.96,295.49,3.48,21.3,0.76,5.55,2
17.06,72,2.0,1015,11.0,33.61,368.31,3.3,69.2,1.06,43.36,2
20.82,32,1.5,1013,7.22,10.58,102.13,1.14,80.14,1.26,34.85,2
18.78,39,3.13,1013,6.72,11.14,104.22,0.99,79.46,1.51,57.35,2
27.48,64,1.17,1012,9.01,23.13,94.51,0.6,44.52,0.37,0.2,2
25.35,71,3.4,1013,9.38,28.99,89.1,0.48,44.39,0.33,0.18,2
25.76,76,2.94,1013,9.93,33.85,75.39,0.14,45.72,0.24,0.11,2
21.92,56,3.09,1015,14.2,46.19,154.23,5.31,54.87,0.7,9.72,2
23.99,41,8.23,1011,125.44,739.5,117.6,0.25,97.71,0.3,4.83,5
16.97,59,2.06,1015,21.24,119.63,114.54,0.24,88.67,0.08,4.23,4
17.8,94,1.03,1011,27.45,55.41,130.36,2.48,74.74,0.87,0.08,3
21.08,78,1.54,1010,30.87,131.18,109.89,0.43,48.76,0.1,0.5,4
19.34,73,2.3,1010,31.56,65.9,141.19,1.75,85.4,0.53,0.06,3
27.18,83,8.75,1011,3.34,18.01,65.72,0.03,59.71,0.1,0.0,1
13.78,88,1.03,1018,10.69,13.45,117.53,4.74,54.69,2.28,33.56,2
9.02,75,1.36,1019,6.27,7.12,114.77,2.67,65.27,0.72,12.29,2
11.46,73,1.95,1018,18.88,20.99,116.33,3.01,78.76,6.45,12.19,2
27.37,78,2.57,1013,1.73,5.02,118.46,0.86,20.34,0.08,0.55,1
27.26,78,3.36,1013,1.81,5.84,119.44,0.6,19.25,0.06,0.45,1
27.23,78,3.36,1013,1.81,5.84,119.44,0.6,19.25,0.06,0.45,1
24.9,57,1.54,1013,87.62,93.26,566.63,22.14,14.24,8.62,3.46,5
24.97,57,1.54,1013,87.62,93.26,566.63,22.14,14.24,8.62,3.46,5
25.77,76,2.57,1013,55.47,64.58,383.47,22.06,73.09,17.95,0.83,4
23.92,92,1.88,1011,1.0,1.44,65.95,0.36,14.39,0.02,0.06,1
20.52,86,1.55,1011,11.24,15.2,255.26,2.55,10.64,0.13,0.33,2
18.37,96,3.11,1012,1.0,1.86,79.48,0.47,17.2,0.04,0.2,1
16.14,57,0.89,1016,4.24,4.63,116.96,1.19,84.41,3.32,2.68,2
16.71,57,2.75,1018,10.17,11.39,144.86,2.63,87.5,6.5,3.96,2
11.84,84,3.89,1019,3.37,5.1,122.45,0.53,80.44,0.74,0.07,2
18.0,95,1.25,1011,11.5,14.08,304.55,4.7,13.0,0.23,2.2,2
17.81,96,1.0,1011,11.5,14.08,304.55,4.7,13.0,0.23,2.2,2
18.25,96,0.86,1011,9.83,11.14,285.33,4.04,19.8,0.21,2.56,1
17.05,32,6.17,1007,4.29,5.17,179.4,10.95,79.88,2.02,1.2,2
24.0,58,5.66,1014,6.5,20.09,120.28,0.25,100.74,0.79,0.0,3
17.16,31,6.17,1007,4.25,4.94,176.57,9.85,79.79,1.62,0.72,2
15.6,83,7.72,1000,1.77,2.58,133.66,0.9,33.62,0.03,0.16,1
12.0,96,3.6,1005,1.25,5.15,83.63,0.87,44.26,0.18,0.34,1
12.64,88,5.18,1005,0.57,2.06,79.38,0.59,44.93,0.09,0.35,1
23.07,38,2.71,1011,4.88,9.59,114.1,1.46,63.62,0.22,24.92,2
19.39,49,2.79,1013,3.0,5.27,78.19,0.27,88.15,0.43,13.43,2
21.08,34,2.65,1013,5.25,8.47,98.83,1.24,93.19,0.7,28.71,2
26.93,83,5.14,1014,2.55,8.79,102.0,0.54,39.38,0.42,0.02,1
26.78,83,5.14,1014,2.57,8.54,101.56,0.5,39.12,0.41,0.02,1
22.67,78,2.57,1013,1.21,2.18,152.53,1.28,30.67,0.52,1.6,1
28.66,72,6.98,1008,8.48,14.8,179.98,2.28,46.87,0.35,4.72,1
29.81,58,2.4,1011,2.28,2.69,181.48,1.63,20.58,0.14,2.53,1
25.47,84,0.89,1015,2.24,8.31,97.02,0.18,49.09,0.21,0.0,1
27.85,69,3.6,1015,1.92,7.05,97.71,0.19,48.39,0.23,0.0,1
29.01,84,4.02,1009,43.04,48.76,1053.45,13.3,18.01,3.36,6.86,3
23.0,99,8.11,1011,37.61,39.05,666.92,12.47,2.44,1.94,3.11,3
25.99,94,1.03,1011,25.75,28.66,634.71,27.43,7.93,6.01,4.37,3
28.1,69,5.14,1013,2.76,7.39,64.86,0.02,51.77,2.8,0.0,1
31.95,73,0.29,1012,1.07,3.13,63.13,0.01,32.56,0.02,0.0,1
11.85,85,0.51,1017,3.36,4.94,105.58,4.03,46.66,0.23,9.42,1
12.82,78,1.06,1017,4.77,6.78,114.53,5.78,55.68,0.51,10.74,1
11.89,88,0.47,1018,3.32,4.96,108.0,4.64,49.69,0.25,8.15,1
19.42,30,3.11,1013,24.86,61.46,106.92,3.05,59.39,7.58,9.2,3
28.94,77,4.32,1006,9.45,21.31,95.34,0.37,63.36,0.94,0.0,2
23.87,58,1.29,1010,32.66,72.51,105.83,2.26,70.44,2.63,0.0,3
23.89,94,1.03,1012,2.09,3.39,74.13,0.05,41.18,0.04,0.06,1
23.84,94,1.03,1011,2.09,3.39,74.13,0.05,41.18,0.04,0.06,1
23.76,94,1.03,1012,2.09,3.39,74.13,0.05,41.18,0.04,0.06,1
5.35,86,0.51,1018,1.8,3.14,95.84,2.63,38.32,0.63,0.41,1
14.02,83,4.12,1020,0.86,2.79,65.46,0.05,61.57,0.1,0.0,2
17.51,54,4.26,1012,1.2,4.36,82.63,1.0,56.74,0.84,0.37,1
16.94,64,1.56,1014,2.32,4.09,83.81,0.65,35.32,0.41,0.34,1
17.65,75,1.41,1013,7.82,12.83,308.45,1.59,20.64,0.67,0.86,1
16.47,76,0.78,1013,6.55,11.09,224.64,1.22,21.89,0.63,0.67,1
17.68,75,1.72,1014,8.98,11.18,117.85,1.32,26.36,0.57,0.35,1
10.86,35,2.1,1017,1.98,3.5,100.45,2.26,22.21,0.26,0.12,1
15.86,85,1.83,1015,8.77,11.04,102.97,1.23,28.86,0.58,0.37,1
10.44,78,0.45,1016,2.22,4.7,116.16,2.33,79.15,0.29,4.18,2
10.66,78,0.45,1016,2.22,4.7,116.16,2.33,79.15,0.29,4.18,2
27.84,75,3.16,1006,40.71,116.86,142.46,1.53,103.84,0.53,0.04,4
30.02,51,1.54,1006,46.76,154.28,153.84,1.59,102.55,0.91,0.0,4
28.0,78,3.6,1006,40.45,114.22,143.27,2.89,96.86,0.88,0.28,4
16.87,35,0.65,1014,5.98,11.68,354.77,3.31,72.54,0.36,7.62,2
22.72,40,2.35,1010,62.63,271.47,206.99,1.01,75.88,0.2,1.84,5
26.78,26,1.74,1009,8.28,20.95,116.4,1.0,75.26,0.3,1.82,2
25.66,75,4.12,1014,1.73,7.65,106.39,0.75,59.48,0.69,0.1,1
15.51,82,1.54,1015,27.01,38.46,130.19,2.29,89.23,4.1,0.0,3
16.23,88,1.95,1015,15.56,22.81,133.71,3.62,91.33,2.78,0.0,2
16.12,88,4.59,1015,58.29,83.41,129.9,1.44,87.98,6.03,0.0,4
7.09,71,1.03,1020,2.43,3.25,114.99,4.07,73.19,1.09,38.54,2
0.84,86,1.54,1022,1.51,2.45,106.81,2.71,64.54,0.58,67.24,2
5.44,80,1.48,1022,1.26,1.79,109.2,2.59,71.61,0.43,32.96,2
26.0,83,3.09,1012,11.43,37.16,68.24,0.04,40.23,0.16,0.0,2
14.92,77,1.03,1016,24.67,114.16,62.21,0.29,28.33,0.08,0.07,4
17.89,82,2.06,1015,4.32,7.17,94.14,1.58,21.49,0.09,0.11,1
9.69,50,3.6,1007,0.89,4.5,69.11,0.38,45.61,0.03,0.58,1
7.45,65,3.09,1013,0.83,3.79,69.17,0.68,49.82,0.02,0.27,1
10.55,42,2.57,1011,1.15,5.55,76.39,0.69,53.67,0.08,0.34,1
13.16,74,1.54,1018,3.11,4.6,142.01,9.6,26.65,0.41,12.35,1
14.31,79,1.54,1017,7.54,11.24,140.95,13.6,39.28,0.86,23.49,1
12.83,62,1.54,1018,3.29,3.92,132.31,7.97,46.85,0.37,29.33,1
16.5,63,4.63,1025,0.95,1.71,68.99,0.96,35.75,0.24,0.07,1
13.02,94,4.12,1027,1.85,6.26,66.38,0.1,54.43,0.12,0.0,1
17.38,59,5.14,1023,0.59,0.85,59.03,0.5,21.46,0.07,0.23,1
27.97,74,12.52,1009,3.72,11.69,129.56,1.97,48.81,2.03,0.18,1
27.83,77,12.52,1009,3.72,11.69,129.56,1.97,48.81,2.03,0.18,1
27.89,74,12.52,1009,3.72,11.69,129.56,1.97,48.81,2.03,0.18,1
14.03,82,1.03,1018,2.87,8.13,124.09,1.23,67.49,0.14,4.04,2
14.25,73,3.98,1018,3.25,9.22,131.15,2.34,51.57,0.12,4.6,1
10.48,93,3.09,1020,2.15,2.73,101.04,1.6,85.46,0.14,21.91,2
12.95,94,1.54,1017,4.65,6.77,110.89,1.75,78.78,0.6,1.23,2
13.74,77,0.51,1017,3.16,4.35,107.74,2.84,54.45,0.3,3.4,1
13.68,92,1.41,1017,5.35,7.02,114.22,3.76,50.39,0.43,1.98,1
27.27,69,5.14,1012,1.32,6.32,100.01,0.04,43.16,0.08,0.01,1
24.99,78,4.12,1009,75.84,86.49,635.96,11.66,13.44,2.07,6.39,5
27.91,83,0.0,1008,9.91,14.64,145.19,0.45,41.82,0.45,1.25,1
25.0,78,4.12,1009,90.94,102.73,737.47,13.14,11.26,2.3,6.83,5
8.98,84,2.78,1018,7.1,7.74,132.38,3.32,64.91,0.35,7.22,2
11.04,75,0.51,1019,10.39,11.5,150.4,8.77,61.4,0.91,9.06,2
11.16,78,2.69,1018,9.3,10.28,154.34,6.85,62.74,0.66,5.58,2
34.65,32,3.07,1009,11.34,30.32,178.18,1.44,31.25,0.16,6.72,2
27.25,65,1.54,1010,8.13,14.51,177.69,1.87,17.02,0.16,2.69,1
32.96,35,2.43,1009,16.8,38.95,227.5,2.1,20.66,0.38,7.99,2
12.83,94,1.03,1015,9.74,10.05,104.13,1.43,42.6,0.31,3.05,1
13.11,100,1.54,1015,8.72,12.05,102.67,1.31,64.88,0.3,4.13,2
13.8,96,0.51,1015,4.8,4.97,106.04,0.91,92.27,0.2,0.48,2
27.98,57,5.14,1009,59.23,215.73,168.73,5.63,137.38,23.49,0.0,5
27.97,57,5.14,1009,62.09,232.17,164.35,4.02,140.87,20.67,0.0,5
27.79,44,7.91,1009,63.87,241.44,167.61,4.38,138.21,22.3,0.0,5
22.31,83,0.53,1013,2.33,3.68,125.96,0.87,17.74,0.12,0.86,1
15.14,92,1.51,1014,7.32,10.73,229.37,2.18,30.84,0.57,6.71,1
14.43,95,0.98,1014,14.98,24.24,423.94,5.36,23.52,1.48,13.65,2
28.01,81,5.02,1012,0.88,2.91,90.4,0.07,25.34,0.1,0.12,1
27.46,83,3.56,1012,0.82,2.86,94.17,0.07,23.18,0.1,0.13,1
27.49,82,3.26,1012,0.92,2.95,92.51,0.07,24.35,0.1,0.15,1
25.03,94,1.03,1008,0.57,0.6,81.17,0.22,4.04,0.05,0.59,1
24.99,94,1.03,1008,0.57,0.6,81.17,0.22,4.04,0.05,0.59,1
25.0,94,1.03,1008,0.54,0.55,72.44,0.14,3.1,0.03,0.38,1
13.99,32,3.09,1012,1.32,3.31,46.15,0.33,54.17,0.16,0.0,1
15.01,94,1.54,1011,0.68,0.93,77.27,0.35,37.43,0.04,0.25,1
19.84,42,2.57,1008,1.17,1.86,54.43,1.17,38.43,0.28,0.2,1
25.14,60,2.57,1015,8.64,11.63,141.08,5.68,25.53,0.48,0.21,1
27.62,59,1.03,1011,10.31,31.88,104.85,2.54,64.91,1.17,0.48,2
21.44,73,1.54,1019,5.9,8.14,124.86,6.02,54.62,2.03,0.76,1
27.99,74,4.12,1014,3.39,7.5,95.89,0.04,45.95,0.06,0.0,1
27.96,78,3.6,1013,13.56,19.37,132.71,0.8,114.65,0.93,0.01,3
27.97,78,3.6,1013,13.56,19.37,132.71,0.8,114.65,0.93,0.01,3
4.96,85,1.28,1019,71.51,85.22,999.45,21.12,11.91,3.16,27.08,4
19.29,79,3.52,1012,101.3,113.24,1097.69,20.51,23.63,2.09,13.91,5
14.13,90,2.32,1015,90.49,103.75,1138.46,20.21,13.59,1.73,10.23,5
12.93,43,1.09,1017,4.06,8.43,122.51,4.7,24.25,0.68,0.3,1
14.12,40,1.81,1017,2.58,3.81,88.56,2.01,24.76,0.16,0.11,1
12.76,43,1.08,1017,4.06,8.43,122.51,4.7,24.25,0.68,0.3,1
8.58,99,5.87,1013,1.43,1.49,133.59,1.66,55.05,0.14,1.7,1
14.99,94,6.0,1014,1.69,1.75,126.56,0.94,49.08,0.77,0.72,1
7.42,94,4.88,1018,0.97,1.14,123.08,1.34,76.6,0.3,2.83,2
30.01,1,4.12,1008,5.89,18.1,110.75,0.24,42.11,0.18,0.36,1
28.89,78,7.97,1008,4.45,17.43,103.1,0.19,39.81,0.2,0.22,1
30.89,59,5.53,1008,4.39,15.36,103.48,0.34,40.48,0.25,0.47,1
11.86,54,5.66,1009,14.11,14.71,159.44,6.71,105.65,3.03,2.58,3
11.13,44,6.17,1008,0.5,0.5,123.78,0.68,85.84,0.08,0.37,2
20.11,24,6.69,1007,1.16,1.5,98.46,0.16,101.95,0.07,0.48,3
26.2,83,1.54,1011,5.99,8.91,156.64,0.66,6.65,0.13,0.33,1
20.37,68,1.7,1013,3.13,3.9,134.13,0.48,12.49,0.04,0.05,1
22.55,85,0.68,1011,1.64,2.94,101.92,0.38,5.89,0.03,0.05,1
25.1,94,0.0,1010,1.23,1.82,93.13,0.07,4.05,0.01,0.09,1
24.96,94,0.0,1009,1.23,1.82,93.13,0.07,4.05,0.01,0.09,1
24.72,94,0.0,1010,1.46,2.18,87.62,0.11,2.92,0.01,0.16,1
26.2,83,1.54,1011,5.99,8.91,156.64,0.66,6.65,0.13,0.33,1
26.04,94,4.12,1012,7.92,27.1,72.06,0.14,33.13,0.11,0.0,2
22.11,96,1.8,1012,8.05,24.66,93.37,0.91,31.02,0.25,0.24,2
12.53,76,1.03,1016,3.07,3.33,118.99,1.79,71.39,0.47,14.01,2
11.19,99,0.51,1017,1.82,2.53,106.17,4.03,27.32,0.15,7.67,1
12.87,78,3.09,1017,2.77,3.34,127.59,6.4,47.0,0.82,15.64,1
22.72,100,2.57,1012,0.74,2.02,84.86,0.16,24.34,0.11,0.03,1
22.31,100,2.57,1012,0.76,2.25,85.71,0.17,23.77,0.12,0.04,1
25.63,81,4.24,1012,1.77,3.51,126.22,1.04,15.55,0.19,0.4,1
14.76,56,5.14,1017,3.94,7.46,177.71,7.1,35.35,0.32,1.41,1
14.45,50,1.27,1017,7.88,11.91,230.73,10.3,32.12,0.62,2.79,1
14.72,52,5.14,1017,3.94,7.46,177.71,7.1,35.35,0.32,1.41,1
26.95,94,1.54,1011,1.73,2.75,79.29,0.03,26.62,0.06,0.08,1
20.42,100,1.72,1012,2.44,2.79,81.69,0.66,9.42,0.11,0.05,1
18.38,92,1.63,1014,7.25,11.03,207.24,1.96,3.96,0.28,0.89,1
17.92,45,3.0,1021,31.92,44.81,286.0,18.61,28.19,7.75,8.08,3
15.94,34,2.3,1011,91.55,109.96,343.06,18.26,56.57,21.28,30.85,5
23.17,93,3.76,1014,57.7,67.41,359.77,38.6,34.9,13.79,0.0,4
15.46,74,3.09,1014,15.05,15.74,233.78,7.9,37.14,2.28,4.65,2
24.47,81,5.66,1009,4.02,4.42,128.26,2.78,18.05,0.68,1.85,1
23.99,60,2.57,1011,14.03,14.7,157.94,3.38,11.3,3.77,0.75,2
23.54,75,5.66,1014,0.83,1.14,104.48,0.31,38.38,0.25,0.04,1
29.93,74,2.06,1009,2.36,2.77,118.53,0.8,44.06,0.23,1.61,1
26.59,61,5.66,1013,0.81,1.14,104.05,0.33,37.67,0.27,0.03,1
28.24,78,3.09,1012,7.01,9.47,117.04,0.13,51.21,0.21,0.19,1
29.16,65,2.06,1013,12.3,17.81,126.35,0.22,69.22,0.59,0.38,2
29.19,65,5.66,1012,13.07,17.21,115.52,0.15,55.29,0.72,0.0,2
23.27,68,6.69,1016,3.6,17.29,98.59,0.18,46.69,0.27,0.0,1
22.75,73,8.75,1017,2.07,10.81,99.46,0.1,43.46,0.18,0.0,1
22.02,78,7.2,1016,2.29,11.34,99.61,0.14,46.3,0.24,0.0,1
27.53,73,7.2,1010,4.81,9.88,133.81,1.33,45.02,0.72,0.52,1
27.61,73,7.2,1010,4.81,9.88,133.81,1.33,45.02,0.72,0.52,1
17.76,68,5.66,1017,8.83,13.13,117.82,0.64,97.18,0.69,0.19,2
18.96,55,1.54,1016,11.03,17.72,116.86,0.28,101.1,0.73,0.0,3
21.01,38,2.57,1016,8.57,12.85,115.76,0.83,96.66,0.8,0.14,2
9.52,83,2.68,1020,4.75,5.87,134.63,4.47,54.46,1.09,8.38,1
10.21,76,0.51,1019,4.19,5.58,156.72,9.16,48.94,1.98,9.78,1
10.21,85,3.09,1020,4.46,5.59,145.17,3.57,67.5,1.5,5.04,2
10.09,71,2.06,1021,2.52,3.33,128.42,6.34,37.83,0.47,8.61,1
6.86,83,3.6,1022,3.83,4.88,128.97,5.28,55.29,0.62,8.16,1
9.15,84,1.27,1017,4.65,4.95,141.35,5.55,76.7,0.35,54.51,2
29.03,78,3.17,1007,10.14,34.17,123.13,0.79,34.76,0.13,2.53,2
23.62,87,5.1,1009,11.96,27.53,224.55,2.11,32.16,0.25,5.69,2
26.57,72,4.66,1008,12.73,35.24,193.8,1.7,37.22,0.28,5.43,2
7.9,56,3.6,1025,3.95,4.35,129.19,3.25,105.11,1.7,2.39,3
7.69,70,3.42,1025,6.44,6.85,132.84,1.94,105.68,0.8,7.56,3
5.59,76,3.28,1024,5.58,6.06,131.66,2.79,97.86,0.98,15.5,2
26.01,70,4.85,1013,1.56,5.51,106.67,1.43,56.58,0.99,0.02,1
28.6,74,3.6,1014,1.59,5.92,95.5,0.11,45.95,0.14,0.0,1
28.47,70,5.14,1013,9.21,12.22,140.07,3.33,42.42,1.24,11.14,1
28.71,74,3.6,1013,1.59,5.92,95.5,0.11,45.95,0.14,0.0,1
16.37,94,2.06,1011,5.1,10.48,126.09,7.38,57.92,0.32,0.64,1
16.93,88,3.09,1009,6.3,11.91,127.09,5.59,76.91,0.5,0.36,2
14.67,94,2.06,1015,12.38,66.73,106.17,3.45,65.29,0.32,0.61,3
14.53,92,0.92,1013,6.61,7.03,315.77,13.21,21.84,1.14,3.27,1
30.93,62,1.54,1006,13.03,30.71,97.72,0.7,50.54,0.43,0.0,2
17.95,72,5.66,1012,10.5,13.18,238.55,10.44,42.12,1.43,0.69,2
4.09,75,2.06,1027,1.32,1.83,140.67,1.75,82.35,0.59,1.36,2
7.14,61,4.12,1026,0.56,0.73,131.87,0.98,89.69,0.6,0.81,2
3.86,67,1.26,1029,0.61,0.88,136.93,2.18,82.48,1.03,0.63,2
18.42,63,6.17,1017,10.25,37.87,140.72,6.79,102.28,15.0,7.15,3
16.9,82,2.57,1019,10.48,20.05,122.44,3.32,94.58,6.44,1.53,2
18.42,62,6.38,1017,10.25,37.87,140.72,6.79,102.28,15.0,7.15,3
17.98,72,2.57,1016,5.89,36.79,106.29,0.2,87.19,0.22,0.0,2
18.61,87,5.33,1017,3.56,16.03,106.69,0.34,85.37,0.44,0.0,2
18.85,84,4.94,1016,1.88,5.36,107.27,0.28,87.53,0.31,0.0,2
16.53,64,1.52,1013,16.95,32.58,155.29,1.8,47.84,0.33,10.69,2
23.83,51,2.54,1009,14.27,27.25,126.02,1.01,49.13,0.23,7.08,2
31.44,33,3.42,1006,11.92,19.57,149.21,0.63,50.72,0.16,2.44,2
12.88,79,3.09,1011,1.1,2.03,102.26,1.3,71.28,0.21,9.69,2
16.14,82,0.51,1016,2.72,3.35,115.64,0.57,104.19,0.48,0.0,3
16.81,84,2.57,1014,2.72,5.58,126.16,4.74,67.06,0.18,2.12,2
14.49,48,1.57,1015,21.63,37.85,580.85,6.74,28.26,0.99,33.58,2
19.42,74,1.46,1012,3.83,10.54,89.57,0.61,21.61,0.04,2.96,1
17.65,54,1.03,1012,14.19,23.17,207.1,2.41,47.62,0.37,8.76,2
5.57,68,3.13,1027,3.31,4.48,164.12,6.71,69.13,1.33,1.44,2
5.03,65,0.32,1027,3.38,4.13,165.78,7.54,66.85,1.27,0.92,2
0.06,74,1.03,1028,0.68,1.01,135.3,1.54,59.74,0.22,8.09,1
26.94,65,2.06,1015,1.58,7.0,63.12,0.02,55.85,0.04,0.03,1
26.99,65,2.06,1015,1.58,7.0,63.12,0.02,55.85,0.04,0.03,1
26.83,69,4.12,1015,1.48,5.96,63.0,0.02,53.31,0.04,0.0,1
13.28,78,2.57,1016,3.48,4.05,131.86,3.73,65.14,0.42,3.07,2
13.99,74,1.07,1015,4.88,6.74,125.94,0.41,108.36,0.54,0.16,3
14.62,69,4.63,1015,2.88,3.54,121.28,3.22,66.46,0.27,6.66,2
27.01,83,2.57,1011,4.53,14.92,73.51,0.11,33.32,0.17,0.01,1
25.98,89,4.12,1012,4.49,19.37,68.85,0.04,37.28,0.18,0.0,1
22.19,98,0.81,1012,1.58,2.0,55.81,0.09,3.25,0.01,0.03,1
11.02,77,3.09,1018,16.68,18.69,146.71,7.29,108.1,3.85,2.03,3
11.0,89,1.03,1018,5.35,6.25,125.16,11.85,38.36,1.03,4.87,1
8.25,73,1.34,1022,0.5,1.02,128.8,2.01,83.95,0.6,1.59,2
10.08,87,2.57,1021,1.36,1.71,112.13,3.11,72.66,0.18,25.8,2
10.99,87,2.57,1020,6.01,6.65,111.37,4.49,65.69,1.03,49.97,2
8.33,92,2.5,1020,8.77,9.52,127.0,7.7,71.99,1.14,36.72,2
26.99,83,2.06,1011,0.51,0.56,91.45,0.06,5.8,0.02,0.01,1
26.99,83,2.06,1011,0.51,0.56,91.45,0.06,5.8,0.02,0.01,1
24.04,90,1.26,1011,0.57,0.73,90.58,0.09,10.87,0.04,0.01,1
13.61,76,6.17,1015,1.81,2.69,116.15,3.26,55.91,0.56,3.13,1
23.71,94,2.36,1012,0.98,2.09,107.24,0.97,11.6,0.12,0.16,1
26.23,89,2.57,1011,0.65,1.87,85.03,0.22,27.86,0.32,0.07,1
30.99,54,4.45,1010,6.3,9.86,185.83,1.92,32.99,0.19,0.97,1
17.78,90,2.68,1011,2.6,5.36,113.84,2.43,86.33,1.11,0.77,2
21.36,76,8.7,1012,8.2,26.36,110.59,1.53,73.74,2.14,0.0,2
21.98,70,7.71,1012,8.23,26.31,106.61,1.4,73.72,1.88,0.0,2
21.03,79,9.35,1012,8.2,26.36,110.59,1.53,73.74,2.14,0.0,2
27.04,78,1.03,1013,11.82,37.93,96.08,0.66,47.87,0.51,0.0,2
27.05,78,1.03,1013,11.82,37.93,96.08,0.66,47.87,0.51,0.0,2
22.76,94,0.31,1014,2.36,3.82,133.53,0.58,14.53,0.14,0.35,1
25.82,73,1.54,1014,1.69,7.85,105.36,0.38,56.98,0.33,0.07,1
25.94,73,1.54,1014,1.69,7.85,105.36,0.38,56.98,0.33,0.07,1
26.02,73,1.54,1014,1.69,7.85,105.36,0.38,56.98,0.33,0.07,1
26.92,100,2.06,1011,3.49,6.73,74.2,0.07,29.72,0.14,0.07,1
25.95,100,2.57,1012,2.15,3.61,79.32,0.04,26.96,0.08,0.13,1
20.94,99,1.08,1012,3.84,4.23,92.41,0.43,9.83,0.12,0.05,1
18.78,71,1.34,1016,5.97,10.83,109.74,1.15,99.28,0.81,0.77,2
15.71,91,1.03,1016,14.56,16.11,106.03,1.95,31.68,0.26,3.66,2
15.48,84,0.67,1017,9.72,21.85,108.61,0.95,103.83,1.31,0.04,3
21.4,100,0.45,1009,12.03,14.64,163.56,0.5,48.17,1.21,3.0,2
21.36,93,2.24,1009,10.29,12.67,142.25,0.3,44.93,0.72,1.5,2
18.72,93,2.69,1009,9.85,11.88,156.17,0.37,46.94,0.98,2.02,1
29.04,73,9.77,1012,4.03,11.15,94.7,0.05,45.81,0.11,0.01,1
28.54,74,9.77,1012,4.03,11.15,94.7,0.05,45.81,0.11,0.01,1
29.54,73,9.77,1012,3.92,11.14,94.64,0.06,45.98,0.11,0.01,1
26.06,73,1.03,1012,13.16,35.78,112.4,0.68,83.53,1.3,0.0,2
27.18,53,4.0,1011,15.0,38.57,124.08,0.53,71.26,0.63,0.07,2
26.93,56,3.4,1011,14.8,37.95,122.25,0.55,79.61,0.91,0.02,2
26.99,78,2.06,1010,2.1,7.62,108.46,1.17,32.71,0.85,0.14,1
24.82,77,2.43,1010,1.57,4.12,106.34,0.34,26.5,0.17,0.1,1
24.13,83,1.71,1011,1.75,5.81,105.27,0.3,25.97,0.19,0.22,1
23.72,88,7.15,1014,46.05,56.57,285.45,27.38,44.75,9.98,0.0,3
23.77,89,7.15,1014,46.05,56.57,285.45,27.38,44.75,9.98,0.0,3
23.31,92,7.2,1014,64.39,74.79,385.48,46.13,32.33,14.86,0.0,4
33.03,27,5.14,1013,22.44,26.47,132.19,0.6,68.0,10.75,0.67,2
30.69,70,7.2,1007,14.17,16.47,219.46,2.58,46.17,0.49,4.6,2
30.9,74,4.63,1007,5.76,7.7,146.08,1.81,67.03,0.47,2.19,2
16.05,70,1.54,1016,4.17,4.85,111.58,4.47,56.01,0.25,4.54,1
18.06,59,2.57,1016,4.5,6.25,113.48,2.93,105.39,1.6,0.38,3
13.51,88,0.0,1016,6.57,8.08,117.56,3.62,85.28,1.69,0.69,2
29.93,70,3.6,1012,1.83,6.94,93.06,0.13,44.17,0.17,0.0,1
29.43,70,3.6,1012,1.83,6.94,93.06,0.13,44.17,0.17,0.0,1
27.2,79,6.25,1013,12.9,17.78,153.25,0.46,71.02,0.42,2.38,2
16.29,58,2.57,1016,3.37,4.66,129.02,2.82,46.4,0.21,9.31,1
12.88,94,3.09,1016,2.22,3.21,118.44,1.91,51.85,0.07,4.29,1
16.7,69,2.28,1015,2.52,4.35,123.81,6.53,41.36,0.17,7.48,1
26.78,90,0.89,1009,12.16,16.86,321.9,3.54,24.47,1.3,3.25,2
26.12,89,1.54,1010,4.62,14.29,112.79,1.17,34.81,0.47,1.65,1
25.33,100,0.0,1009,12.16,16.86,321.9,3.54,24.47,1.3,3.25,2
9.19,76,4.63,1021,3.98,4.99,123.61,2.34,92.72,1.09,2.47,2
10.87,87,3.6,1019,3.96,5.79,122.32,1.04,103.89,1.0,1.1,3
10.97,89,4.6,1020,0.82,1.03,114.63,1.35,73.21,0.44,3.41,2
16.51,55,0.89,1015,15.81,36.69,124.65,2.54,103.07,2.61,3.03,3
17.85,85,2.06,1015,9.13,22.81,123.25,3.02,102.37,1.29,13.77,3
18.88,85,4.8,1015,7.52,12.85,124.89,0.46,122.2,1.37,0.26,3
10.88,71,7.2,1019,2.5,3.84,126.41,2.89,94.13,1.44,0.85,2
30.01,84,2.06,1006,18.28,57.49,120.21,1.39,51.74,2.52,0.15,3
26.03,65,3.09,1008,61.84,79.81,474.39,5.07,98.36,6.33,56.42,4
21.97,84,4.47,1011,18.44,23.52,410.96,13.19,28.16,2.64,19.97,2
18.95,42,2.57,1015,27.0,125.19,163.42,4.68,97.29,5.66,0.35,4
15.68,76,0.89,1016,12.51,66.5,128.36,1.89,74.58,0.29,4.23,3
11.85,76,0.51,1016,12.28,60.85,222.92,11.0,56.75,1.9,4.18,3
17.99,45,4.12,1014,7.72,18.25,130.26,4.63,72.99,2.28,2.81,2
20.08,49,2.06,1017,31.56,148.2,132.7,2.73,66.54,0.46,3.84,4
15.77,32,2.54,1011,14.21,25.28,169.33,11.0,34.52,0.8,8.61,2
4.81,80,4.12,1024,0.5,0.51,132.81,0.07,96.88,0.15,0.0,2
4.84,80,4.12,1024,0.5,0.51,132.81,0.07,96.88,0.15,0.0,2
4.93,81,4.12,1025,0.5,0.51,132.81,0.07,96.88,0.15,0.0,2
17.02,78,0.51,1016,3.89,7.72,120.16,0.48,106.98,0.72,0.44,3
14.28,83,1.03,1017,2.99,3.89,147.13,4.82,26.77,0.22,2.96,1
15.59,66,1.03,1015,13.19,16.02,129.49,0.47,107.4,0.49,0.04,3
13.81,78,6.17,1015,1.26,1.96,115.27,1.7,66.83,0.17,3.92,2
28.53,74,10.29,1013,2.83,12.74,110.22,0.17,35.96,0.26,0.0,1
28.68,73,10.29,1014,2.85,12.89,109.96,0.16,36.19,0.25,0.0,1
28.86,73,10.29,1014,2.85,12.89,109.96,0.16,36.19,0.25,0.0,1
20.05,42,0.51,1017,17.25,36.46,135.03,4.16,107.2,3.49,4.15,3
20.95,42,0.51,1016,18.07,38.65,143.09,5.59,110.84,4.05,7.27,3
16.3,63,0.69,1015,19.29,38.04,155.15,11.12,94.08,4.37,7.24,2
20.49,33,4.63,1009,1.59,3.42,158.32,1.36,115.09,1.65,0.91,3
19.66,42,4.63,1009,1.84,4.56,158.23,1.43,114.95,1.56,0.91,3
16.58,46,4.12,1020,6.19,7.64,178.48,4.13,104.85,1.79,1.37,3
17.62,94,1.54,1015,1.45,1.72,99.9,0.42,36.05,0.07,0.25,1
17.17,88,1.94,1013,15.5,25.39,433.22,5.94,19.01,0.88,9.15,2
25.23,88,2.06,1011,2.71,5.75,108.87,0.8,20.36,0.17,0.35,1
18.11,49,3.94,1014,6.73,9.67,85.88,2.63,69.67,0.67,13.29,2
14.51,67,2.0,1015,2.42,5.31,71.17,0.24,68.35,0.16,5.09,2
17.33,53,3.71,1014,3.92,8.12,87.89,1.2,59.16,0.16,8.27,1
26.47,81,2.01,1009,37.12,38.67,725.28,10.05,34.36,2.01,3.56,3
27.4,76,1.53,1009,9.2,10.18,252.19,2.38,43.73,0.61,0.96,1
26.18,81,2.18,1010,27.45,28.35,504.16,4.87,1.27,0.72,2.93,3
31.0,70,5.14,1010,1.41,7.82,64.13,0.0,9.16,0.09,0.0,1
23.0,78,2.57,1014,1.55,3.04,69.12,0.06,37.46,0.06,0.01,1
25.54,76,1.03,1013,1.72,3.53,68.24,0.06,35.01,0.06,0.02,1
26.81,72,2.32,1012,1.5,3.59,67.22,0.06,35.41,0.07,0.02,1
13.32,46,1.65,1020,19.72,23.95,170.82,1.27,94.08,1.73,3.34,2
13.99,48,2.24,1018,15.4,18.79,260.39,4.52,40.31,5.25,8.8,2
13.89,39,1.61,1020,12.62,16.41,150.18,0.49,106.61,1.18,1.3,3
15.76,55,1.54,1020,19.47,23.98,213.13,9.05,77.68,1.42,8.44,2
14.95,44,1.03,1020,25.03,28.19,196.74,9.81,96.88,6.33,3.04,3
15.95,55,1.54,1020,16.32,20.9,173.27,0.91,96.53,1.29,1.28,2
27.86,27,5.96,1011,39.74,196.93,126.44,1.72,105.8,0.83,0.17,4
28.22,31,3.13,1011,36.77,202.75,124.14,1.19,117.44,0.59,0.26,5
28.14,31,3.13,1011,36.77,202.75,124.14,1.19,117.44,0.59,0.26,5
31.01,58,4.12,1011,3.38,9.6,109.39,0.16,45.8,0.29,0.05,1
31.01,58,4.12,1011,3.38,9.6,109.39,0.16,45.8,0.29,0.05,1
16.28,55,2.0,1012,8.95,15.98,83.55,0.98,85.19,0.39,8.5,2
22.33,53,9.0,1012,12.04,28.66,151.21,6.04,47.61,0.52,20.06,2
9.05,93,2.0,1007,0.59,0.62,113.24,0.33,29.85,0.01,0.28,1
23.97,78,1.03,1012,32.18,33.15,908.77,8.36,3.32,0.71,3.29,3
25.66,84,2.55,1010,34.1,36.82,693.3,11.31,23.35,1.07,4.45,3
24.06,90,1.32,1011,5.3,6.54,206.31,2.65,30.41,0.49,1.7,1
22.63,77,5.02,1015,14.52,22.87,148.13,1.57,127.9,3.57,1.23,3
20.29,64,2.65,1016,17.59,27.79,171.72,3.73,109.61,4.77,7.99,3
22.96,70,4.35,1015,12.13,19.49,138.42,1.9,125.17,3.36,1.15,3
26.93,74,4.63,1013,1.31,4.69,105.21,0.48,44.93,0.32,0.03,1
26.03,82,4.63,1013,1.72,6.67,105.45,0.53,48.17,0.38,0.01,1
25.05,95,1.94,1006,4.79,5.24,144.97,1.78,62.69,0.81,0.01,2
25.04,95,1.7,1006,4.79,5.24,144.97,1.78,62.69,0.81,0.01,2
24.97,95,1.66,1006,4.79,5.24,144.97,1.78,62.69,0.81,0.01,2
26.57,86,3.33,1013,0.5,0.82,100.01,0.32,24.8,0.14,0.14,1
23.36,98,1.56,1013,0.7,1.44,105.95,0.53,29.11,0.17,0.39,1
26.64,85,2.72,1013,0.5,0.69,95.77,0.23,29.71,0.09,0.07,1
4.97,70,1.55,1018,1.56,2.77,85.74,2.44,31.82,0.22,0.37,1
4.25,75,0.85,1019,4.25,6.7,136.61,3.43,30.18,0.43,0.65,1
5.39,69,2.3,1018,0.55,1.36,63.87,1.17,43.88,0.09,0.23,1
6.94,91,9.26,1016,0.8,0.83,126.71,1.06,89.47,0.54,0.94,2
7.18,87,4.12,1020,1.06,1.12,127.25,0.72,94.1,0.18,1.07,2
10.01,60,5.02,1023,3.09,3.73,130.82,5.15,53.27,1.37,4.35,1
9.51,79,3.09,1017,5.34,6.06,128.26,3.76,72.37,1.25,5.31,2
10.29,78,1.79,1017,4.27,4.82,121.16,3.08,60.85,0.73,4.09,2
10.32,77,3.09,1017,4.59,5.17,122.34,3.15,63.77,0.88,4.39,2
10.01,42,4.63,1022,0.66,0.91,128.96,0.55,95.7,0.32,1.65,2
7.08,70,5.16,1021,1.09,1.12,129.21,0.47,102.26,0.33,0.65,3
7.95,46,3.09,1024,1.57,2.04,132.48,2.29,92.74,1.42,1.78,2
22.15,67,4.49,1014,22.34,68.89,222.22,5.14,70.68,1.52,0.09,3
25.95,26,7.36,1014,44.4,149.96,136.91,1.87,97.99,0.81,0.19,4
22.41,54,2.88,1014,38.45,164.2,179.9,4.75,76.88,0.25,0.08,4
17.55,59,1.54,1012,1.59,7.78,109.0,0.59,101.18,0.86,0.24,3
17.23,77,2.06,1012,2.15,6.74,106.26,1.88,95.56,3.55,0.27,2
16.08,67,4.63,1012,6.99,11.8,102.39,1.35,86.38,1.63,0.39,2
16.7,67,3.6,1017,4.33,5.3,136.5,1.08,107.07,0.94,0.19,3
13.91,91,2.06,1017,12.65,14.11,127.49,1.67,72.77,0.55,2.62,2
13.11,83,1.88,1017,6.21,8.42,117.98,0.58,60.49,0.31,0.73,2
13.56,94,2.34,1016,3.33,4.7,119.11,3.03,34.43,0.17,2.69,1
15.88,82,2.06,1015,3.82,5.45,114.22,0.6,107.06,0.42,0.14,3
9.58,91,0.21,1015,3.74,5.64,114.06,0.88,112.95,0.76,0.16,3
14.51,94,0.51,1015,3.5,5.21,116.02,1.61,118.57,1.35,0.0,3
14.98,100,2.57,1020,5.31,8.97,146.9,1.49,16.22,0.08,0.24,1
23.0,94,2.06,1017,3.31,6.98,91.5,0.86,34.33,0.22,0.58,1
11.04,94,1.64,1021,2.04,2.76,95.96,0.64,20.11,0.04,0.15,1
29.98,79,4.63,1010,1.25,3.28,100.25,0.01,16.49,0.05,0.0,1
12.9,94,1.54,1016,3.01,3.11,102.38,1.06,55.99,0.87,0.61,1
12.31,94,1.12,1016,4.52,4.68,98.48,1.15,55.07,1.16,0.76,1
10.38,93,1.12,1016,2.06,2.19,98.85,0.81,45.9,0.72,1.22,1
29.3,51,7.2,1011,20.28,53.99,166.95,0.4,36.57,0.07,4.55,3
29.95,45,2.06,1011,10.21,21.21,159.52,1.17,21.13,0.09,2.75,2
34.1,31,0.46,1010,10.54,24.1,157.86,0.69,21.24,0.1,3.16,2
23.98,94,1.03,1008,13.36,16.24,414.27,6.77,23.02,0.72,3.52,2
29.93,45,1.43,1008,18.74,22.67,400.78,5.83,37.74,0.57,6.7,2
24.88,83,1.82,1009,24.68,26.78,474.05,6.68,40.0,1.18,7.12,2
3.07,87,1.0,1014,0.54,0.56,102.63,0.17,84.68,0.11,0.47,2
6.34,72,1.03,1014,0.5,0.5,103.08,0.48,55.81,0.04,4.48,1
9.59,72,1.64,1014,0.5,0.5,103.06,0.38,63.11,0.04,3.21,2
23.85,94,7.72,1014,101.07,111.22,585.37,83.58,7.5,24.6,0.0,5
23.96,94,7.72,1013,84.29,96.37,431.16,70.22,10.78,22.0,0.0,5
23.82,94,7.72,1014,84.29,96.37,431.16,70.22,10.78,22.0,0.0,5
28.08,74,8.75,1013,2.34,10.58,99.17,0.11,48.88,0.11,0.0,1
26.97,69,4.12,1013,1.06,3.52,106.06,1.04,47.76,0.66,0.02,1
26.95,69,4.12,1013,1.04,3.52,105.93,0.9,46.36,0.56,0.03,1
27.03,69,4.12,1013,1.04,3.52,105.93,0.9,46.36,0.56,0.03,1
20.96,77,8.23,1014,8.55,33.51,106.36,0.23,71.78,0.51,0.03,2
18.93,72,6.69,1016,3.67,14.51,104.46,0.88,81.62,0.85,0.0,2
35.81,14,8.36,1008,66.65,280.8,118.74,0.21,35.61,0.08,0.3,5
18.65,82,3.6,1016,35.13,73.55,128.02,0.24,82.47,0.89,0.0,3
18.53,82,3.6,1016,35.13,73.55,128.02,0.24,82.47,0.89,0.0,3
18.3,82,3.6,1016,35.13,73.55,128.02,0.24,82.47,0.89,0.0,3
23.01,88,4.08,1017,0.92,3.24,65.52,0.05,48.2,0.11,0.0,1
20.48,88,0.45,1018,0.93,3.07,65.48,0.04,46.82,0.1,0.0,1
21.43,88,0.45,1018,0.93,3.07,65.48,0.04,46.82,0.1,0.0,1
29.97,79,7.2,1007,11.99,26.66,100.11,0.05,66.82,0.12,0.0,2
18.96,82,1.27,1014,3.89,5.36,94.21,0.53,21.64,0.09,0.28,1
18.73,80,1.65,1014,4.04,6.46,84.67,0.33,29.68,0.18,0.2,1
16.11,93,0.14,1015,2.19,2.88,81.6,0.59,22.56,0.03,0.16,1
22.94,46,4.12,1005,12.2,13.46,152.36,1.43,86.37,1.24,2.61,2
21.13,69,5.66,1014,6.0,21.56,116.1,0.21,94.2,0.66,0.02,2
22.97,46,4.12,1006,10.07,11.24,146.05,1.14,84.15,1.01,1.81,2
24.73,94,2.06,1008,8.06,8.41,351.4,2.99,18.07,0.6,0.23,1
25.51,94,2.06,1008,2.07,2.52,96.32,0.38,9.76,0.07,1.27,1
24.95,94,2.06,1008,8.24,8.56,346.58,1.57,17.26,0.38,0.24,1
18.99,87,3.09,1015,9.88,14.45,173.87,2.59,19.26,0.3,0.36,1
19.97,94,3.09,1015,9.88,14.45,173.87,2.59,19.26,0.3,0.36,1
18.93,96,1.62,1014,2.13,3.47,78.32,0.22,30.34,0.05,0.1,1
24.83,99,2.35,1016,1.29,4.38,65.38,0.07,48.51,0.06,0.0,1
28.32,66,2.36,1016,1.29,4.38,65.38,0.07,48.51,0.06,0.0,1
26.43,83,2.0,1016,1.41,4.54,65.41,0.07,47.45,0.12,0.0,1
34.16,46,4.12,1007,22.1,70.21,173.86,0.6,40.47,0.14,4.9,3
31.74,10,4.96,1008,47.73,110.05,489.67,4.19,37.6,1.81,21.97,4
29.84,12,4.09,1009,37.48,97.44,382.09,4.94,52.11,1.55,28.53,3
27.98,83,5.09,1012,1.0,3.08,89.24,0.07,25.94,0.1,0.16,1
32.34,8,5.93,1008,40.78,80.33,567.94,7.06,39.2,2.43,19.6,3
23.96,95,2.54,1013,4.01,11.12,186.0,1.57,20.27,0.62,1.26,1
33.46,39,8.05,1005,4.22,9.01,117.32,0.16,44.39,5.74,0.54,1
34.08,37,2.61,1004,4.02,10.54,115.22,0.14,47.83,8.4,0.66,1
33.66,39,10.28,1006,6.27,10.81,119.89,0.19,46.41,3.11,0.3,1
10.64,82,2.4,1018,15.2,16.87,171.6,19.06,56.84,1.85,15.06,2
10.7,75,3.09,1019,14.73,16.41,168.43,23.47,56.75,2.17,17.05,2
10.13,80,2.84,1018,17.87,19.75,181.22,24.85,51.38,2.16,18.58,2
6.5,68,1.5,1024,10.62,11.15,137.61,9.65,74.5,2.4,0.98,2
9.27,53,7.72,1021,9.82,12.06,127.96,1.63,104.1,1.64,1.02,3
9.44,55,0.45,1018,0.56,0.6,110.08,0.25,93.78,0.11,0.53,2
15.25,88,0.0,1013,83.19,95.92,967.83,11.5,59.99,4.83,14.56,5
16.88,57,2.54,1013,41.08,48.89,606.57,7.43,66.95,2.93,23.97,3
21.48,70,1.71,1010,76.52,86.24,736.44,8.14,81.48,6.86,20.71,5
17.92,71,5.66,1008,1.46,7.79,61.33,0.03,47.31,0.1,0.0,1
15.11,72,2.57,994,0.96,3.06,66.82,0.44,41.91,0.09,0.02,1
15.63,84,10.8,998,0.5,0.77,65.66,0.42,44.51,0.1,0.06,1
31.99,25,1.54,1003,31.55,117.73,104.53,1.11,86.55,0.93,0.26,4
32.05,25,1.54,1005,35.82,126.29,108.83,1.11,98.85,1.12,0.34,4
32.0,25,1.54,1003,33.64,124.43,104.8,0.79,91.41,0.81,0.28,4
31.57,65,5.14,1007,5.31,9.62,151.38,0.73,56.0,0.66,0.67,1
31.17,65,5.14,1007,4.99,9.41,149.9,0.77,51.26,0.65,0.63,1
31.4,65,5.14,1007,4.99,9.41,149.9,0.77,51.26,0.65,0.63,1
23.28,77,4.12,1010,5.25,15.11,67.82,0.05,44.85,0.4,0.0,1
22.1,83,4.12,1010,5.25,15.11,67.82,0.05,44.85,0.4,0.0,1
14.12,82,1.03,1014,4.96,10.68,69.58,0.57,50.93,1.12,0.0,1
29.9,70,4.63,1013,3.59,10.47,63.13,0.02,51.99,0.09,0.0,1
29.96,70,4.63,1013,3.56,9.91,63.08,0.02,51.88,0.09,0.0,1
29.8,70,4.63,1013,3.33,10.31,63.21,0.02,52.3,0.09,0.0,1
27.57,80,1.5,1010,5.28,22.6,60.76,0.03,32.17,0.21,0.0,2
25.55,75,0.52,1012,1.24,1.61,43.27,0.03,4.75,0.02,0.01,1
31.06,64,2.17,1011,1.44,6.11,60.43,0.02,27.94,1.46,0.0,1
30.89,70,2.57,1011,5.0,8.66,168.61,4.02,32.92,3.44,3.45,1
26.05,100,1.03,1010,22.91,24.32,511.26,7.5,29.51,2.02,41.13,2
31.19,71,2.57,1011,4.63,8.26,146.73,3.45,35.74,3.45,2.36,1
25.99,65,1.03,1006,58.68,74.48,489.82,4.4,98.95,5.87,62.62,4
28.09,78,4.12,1007,16.28,67.19,95.93,0.07,56.78,0.31,0.0,3
26.08,61,4.12,1007,64.13,105.5,464.54,9.57,70.73,2.51,124.01,4
9.23,85,3.09,1019,5.57,6.69,133.18,2.94,49.43,0.61,5.11,1
12.07,76,2.57,1019,11.68,12.45,158.73,5.94,27.32,0.61,3.18,2
9.1,87,1.34,1021,4.55,5.46,124.86,2.47,52.4,0.5,5.94,1
27.69,74,6.17,1015,1.38,6.02,105.82,0.12,45.77,0.17,0.03,1
27.44,76,6.17,1015,1.39,6.03,106.13,0.14,45.86,0.17,0.02,1
26.94,75,6.17,1015,1.33,5.73,106.38,0.14,45.4,0.17,0.02,1
18.31,84,2.41,1016,10.48,27.82,122.21,1.14,99.37,1.12,1.87,2
18.22,82,2.39,1016,9.36,25.96,121.2,0.63,96.16,1.02,0.49,2
18.23,85,2.39,1016,10.48,27.82,122.21,1.14,99.37,1.12,1.87,2
14.97,81,8.75,1005,1.62,4.6,116.41,0.72,105.58,0.56,0.0,3
16.73,59,3.6,1006,0.53,0.9,113.48,1.42,99.84,0.51,0.27,2
15.08,68,2.49,1005,0.61,1.08,116.92,1.43,98.6,0.46,0.38,2
15.23,73,1.54,1013,4.11,14.64,87.87,2.27,28.09,0.35,0.39,1
15.33,77,2.06,1013,4.11,9.32,135.61,2.83,35.44,0.31,0.61,1
14.68,75,1.54,1013,4.18,14.87,89.98,2.6,29.33,0.5,0.4,1
29.55,42,6.17,1008,56.25,196.12,181.44,8.96,104.74,32.86,0.0,4
29.76,42,6.17,1008,57.75,202.26,178.91,7.97,109.55,31.89,0.0,5
30.03,42,5.14,1008,56.33,194.19,179.74,8.3,113.18,31.73,0.0,4
19.81,77,1.54,1019,0.71,2.35,65.61,0.04,44.24,0.08,0.0,1
20.35,71,0.64,1019,0.66,2.19,65.42,0.04,43.03,0.08,0.0,1
22.82,64,3.09,1019,0.84,2.37,65.02,0.03,43.57,0.07,0.0,1
16.61,82,3.6,1014,5.15,6.06,101.36,1.64,36.29,0.08,0.79,1
13.32,95,0.51,1017,2.67,3.61,112.79,2.17,38.38,0.23,1.56,1
11.27,91,2.63,1016,4.67,5.15,108.16,1.97,87.7,0.44,0.24,2
17.85,66,3.13,1014,10.82,11.89,94.17,2.56,30.24,3.28,0.48,2
13.99,100,0.51,1015,6.9,7.26,105.71,1.64,77.21,1.46,0.68,2
18.12,65,2.03,1015,7.14,8.12,87.51,1.77,16.12,1.11,1.04,1
10.38,64,3.14,1022,1.12,1.22,130.27,1.38,89.42,1.5,0.32,2
5.05,56,1.0,1027,0.5,0.91,144.21,2.62,77.05,0.93,0.6,2
7.87,100,1.0,1012,1.75,2.22,111.11,0.52,38.23,0.02,0.37,1
19.71,88,2.06,1014,20.84,35.65,501.59,2.64,6.04,0.32,1.03,2
17.66,89,1.33,1014,12.5,19.7,405.68,3.48,12.92,1.06,4.94,2
14.69,95,0.43,1016,13.91,23.71,411.58,3.98,12.41,0.78,3.93,2
26.0,49,6.62,1006,47.85,174.27,104.41,2.01,124.88,2.53,0.0,4
25.18,34,7.11,1014,28.39,72.63,121.45,3.96,92.46,11.07,0.0,3
28.0,35,2.73,1006,45.5,138.11,117.37,7.25,110.95,32.58,0.0,4
30.59,65,3.82,1011,0.96,3.57,61.79,0.01,21.91,0.07,0.0,1
30.61,64,3.38,1011,0.96,3.74,62.64,0.01,18.33,0.08,0.0,1
30.5,65,4.4,1011,0.86,3.39,63.54,0.01,15.38,0.07,0.0,1
28.0,83,1.54,1009,1.19,3.99,65.82,0.02,24.87,0.08,0.0,1
30.77,7,6.8,1006,16.69,74.8,98.83,0.1,111.1,0.62,0.7,3
30.54,7,7.08,1007,16.24,71.7,99.45,0.09,112.19,0.66,0.68,3
30.64,7,7.0,1007,16.24,71.7,99.45,0.09,112.19,0.66,0.68,3
3.41,69,2.09,1027,0.79,0.87,132.53,1.2,88.47,0.53,0.04,2
5.81,56,1.54,1025,4.53,5.27,137.73,3.03,101.1,1.51,4.47,3
7.93,63,4.49,1025,2.72,3.12,128.66,3.05,105.72,1.71,2.03,3
26.18,93,2.06,1009,2.67,3.16,92.66,0.36,8.87,0.07,1.13,1
26.3,93,2.24,1009,2.67,3.16,92.66,0.36,8.87,0.07,1.13,1
26.37,93,2.24,1009,2.67,3.16,92.66,0.36,8.87,0.07,1.13,1
12.5,81,1.54,1017,9.64,11.4,131.32,5.82,45.8,0.59,5.09,1
11.74,83,0.0,1017,6.04,7.49,109.9,6.61,42.47,0.25,10.45,1
12.33,79,0.91,1017,10.36,12.2,125.38,8.83,55.57,1.29,8.46,2
11.96,79,3.09,1017,3.52,4.86,134.89,6.04,29.35,0.28,15.72,1
13.03,76,5.66,1017,3.62,4.58,129.74,1.97,52.92,0.49,2.91,1
12.02,78,3.09,1018,3.52,4.86,134.89,6.04,29.35,0.28,15.72,1
26.04,78,2.93,1013,6.88,21.5,107.59,0.66,24.57,0.36,0.01,2
23.95,96,0.86,1013,2.48,4.43,126.71,0.7,28.36,0.24,0.7,1
24.11,95,0.51,1013,2.32,4.66,109.1,0.57,26.73,0.23,0.22,1
21.81,86,6.17,1014,6.71,25.02,99.45,0.88,63.35,0.89,0.0,2
23.24,44,7.31,1012,10.96,43.68,120.65,1.44,55.18,0.94,0.76,2
21.78,86,6.17,1014,7.19,25.93,99.36,1.23,67.55,1.14,0.0,2
27.46,81,5.19,1009,1.04,4.63,63.12,0.02,29.6,0.09,0.0,1
20.95,69,1.7,1010,7.02,15.23,153.06,1.71,18.34,0.14,5.36,1
23.21,69,1.19,1010,2.42,9.12,76.72,0.26,20.19,0.02,1.25,1
26.95,89,2.57,1012,1.27,2.24,102.67,1.05,25.95,0.53,0.01,1
26.96,89,2.57,1012,1.25,2.27,100.46,0.59,23.83,0.32,0.01,1
21.86,94,1.83,1011,6.2,9.34,174.61,0.71,5.54,0.05,1.15,1
25.74,70,2.16,1008,7.9,22.75,114.72,0.48,20.06,0.04,1.64,2
19.48,99,1.75,1012,7.57,9.16,177.27,0.28,1.44,0.03,0.07,1
28.02,89,3.68,1011,3.2,12.24,72.91,0.03,34.34,0.15,0.0,1
26.16,82,6.17,1010,14.1,21.32,110.4,0.17,49.06,3.46,0.0,2
26.94,78,6.17,1009,12.97,20.61,110.55,0.23,49.46,3.28,0.0,2
30.81,70,1.54,1006,12.31,18.94,114.97,0.28,59.28,5.16,0.0,2
15.09,54,1.59,1017,9.88,22.68,126.53,2.82,68.88,2.69,11.02,2
20.63,35,0.45,1017,19.68,33.51,184.21,15.43,69.5,5.59,10.21,2
18.13,46,2.22,1017,18.41,42.96,144.52,3.08,107.17,6.5,35.14,3
11.42,75,2.11,1017,4.23,5.75,104.7,3.88,37.21,1.93,1.3,1
7.2,69,2.01,1018,3.9,5.25,98.32,3.58,42.39,2.77,0.91,1
27.16,86,6.71,1014,2.52,9.12,93.9,0.27,45.88,0.28,0.03,1
32.98,9,4.63,1006,14.3,47.63,162.14,1.0,59.27,0.49,4.53,2
31.63,29,1.23,1006,8.95,26.18,110.24,0.37,11.03,0.03,3.82,2
25.84,8,3.61,1008,17.06,58.14,106.79,0.3,61.26,0.16,0.74,3
25.06,94,1.03,1011,0.73,2.53,95.32,0.31,24.89,0.19,0.22,1
23.21,91,1.67,1011,10.87,14.62,206.77,1.98,13.86,0.29,0.88,2
26.35,76,3.41,1010,10.39,12.77,164.34,1.46,16.29,0.15,0.4,2
26.96,73,1.67,1010,12.34,12.99,279.85,3.31,31.08,0.78,6.09,2
26.99,89,2.06,1010,9.93,10.46,243.8,2.4,29.25,0.56,4.21,1
26.97,94,2.06,1010,14.35,15.62,322.89,4.26,27.28,0.9,5.63,2
18.06,77,0.0,1014,12.26,36.08,343.67,3.02,67.68,0.88,40.69,2
20.18,33,2.26,1013,9.42,16.56,102.99,1.04,73.77,1.23,33.59,2
16.93,52,2.83,1014,8.65,19.8,103.14,0.8,86.56,1.16,51.49,2
27.1,64,0.61,1012,6.32,14.66,105.07,1.22,28.55,0.33,0.36,1
25.37,72,2.53,1013,7.59,19.7,102.87,0.92,40.97,0.35,0.28,1
26.47,71,2.52,1013,8.93,22.79,86.3,0.28,54.2,0.27,0.18,2
20.92,52,5.14,1016,13.84,39.98,156.61,4.75,55.83,0.61,8.15,2
23.99,29,7.2,1010,39.25,199.89,113.07,0.22,88.61,0.25,5.16,4
16.97,55,3.09,1015,22.09,124.38,113.18,0.3,95.19,0.14,4.41,4
14.8,100,0.0,1017,31.14,42.67,144.62,2.19,82.39,0.96,0.0,3
21.08,68,3.09,1016,40.6,108.71,160.85,0.77,96.1,0.68,0.0,4
18.88,88,3.09,1017,41.67,70.36,133.47,1.23,92.29,1.16,0.0,3
27.18,54,6.17,1013,2.14,8.67,66.96,0.02,58.65,0.07,0.0,1
16.75,77,3.6,1016,10.6,13.75,119.95,4.73,25.28,0.72,7.61,2
11.8,66,0.8,1017,6.34,7.28,109.68,2.55,65.5,0.82,15.5,2
14.75,71,1.29,1017,17.68,19.08,113.93,2.33,46.76,0.58,4.55,2
26.26,73,2.57,1012,1.23,5.33,99.01,0.59,30.96,0.08,0.44,1
26.15,73,2.87,1012,1.27,5.37,100.12,0.47,29.14,0.06,0.38,1
26.12,73,2.87,1012,1.27,5.37,100.12,0.47,29.14,0.06,0.38,1
20.22,86,4.12,1016,13.39,17.8,242.78,10.04,55.58,6.0,1.91,2
20.27,86,4.12,1018,13.39,17.8,242.78,10.04,55.58,6.0,1.91,2
22.28,79,6.17,1015,30.38,44.53,281.49,10.96,97.46,20.0,0.0,3
23.21,100,2.57,1012,1.12,1.99,66.73,0.28,17.12,0.02,0.05,1
19.97,88,0.61,1011,12.18,17.09,246.7,2.44,7.04,0.12,0.32,2
18.34,92,3.94,1013,0.55,1.02,71.06,0.31,20.04,0.03,0.13,1
12.87,91,0.45,1017,2.34,2.72,110.4,1.16,38.68,0.2,2.56,1
14.14,64,1.88,1018,6.5,7.78,137.11,3.22,55.46,2.28,4.65,1
12.83,87,3.28,1018,9.18,12.91,128.19,0.7,86.54,1.15,0.11,2
18.62,86,0.95,1012,7.06,9.5,216.93,3.68,22.2,0.3,3.62,1
18.25,88,0.63,1011,7.06,9.5,216.93,3.68,22.2,0.3,3.62,1
18.16,90,0.61,1011,5.47,6.83,187.22,2.42,27.53,0.18,3.01,1
15.7,49,3.6,1011,3.53,4.32,156.92,6.92,101.15,2.03,2.02,3
23.08,63,6.17,1013,6.39,18.28,118.48,0.22,103.29,0.77,0.0,3
15.79,48,3.6,1011,4.26,5.56,161.64,6.88,100.46,1.71,1.95,3
12.1,66,6.69,1005,1.09,5.26,67.11,0.29,46.19,0.1,0.33,1
10.35,67,1.79,1012,1.87,6.34,89.92,1.54,52.56,0.5,0.42,1
8.75,66,3.87,1011,1.16,4.75,78.11,0.98,51.1,0.27,0.49,1
23.14,40,4.59,1011,7.62,19.64,122.18,1.85,50.59,0.18,23.37,1
19.84,43,2.48,1012,3.64,7.12,75.29,0.23,84.01,0.44,15.35,2
22.31,35,1.37,1012,7.75,14.27,97.99,1.32,91.42,0.78,31.75,2
26.93,69,2.57,1013,1.49,6.56,104.66,0.42,47.3,0.33,0.04,1
26.78,69,2.57,1013,1.44,6.24,105.08,0.4,46.05,0.32,0.04,1
29.58,65,0.88,1012,3.17,4.04,164.32,2.76,53.15,1.82,1.37,1
29.02,69,6.02,1008,7.81,10.71,195.19,1.61,60.43,0.26,3.2,2
30.81,58,2.7,1012,4.95,6.26,168.97,1.26,32.26,0.17,2.07,1
26.75,61,2.57,1015,0.98,3.41,105.73,0.16,46.9,0.12,0.0,1
27.95,69,5.66,1015,1.09,4.13,105.46,0.16,45.69,0.16,0.01,1
28.01,83,1.34,1009,38.92,46.64,973.48,17.28,14.77,4.34,12.69,3
25.0,75,2.44,1014,46.96,50.32,615.46,8.55,12.24,2.05,5.12,3
23.99,94,1.54,1014,47.12,51.73,475.15,6.08,53.06,3.72,5.37,3
28.1,74,4.63,1014,8.32,15.0,65.5,0.01,48.94,8.36,0.0,1
30.51,76,4.95,1012,1.26,3.67,63.37,0.01,28.29,0.02,0.0,1
12.44,89,1.03,1016,4.38,4.83,98.16,1.41,38.2,0.25,1.34,1
12.8,95,1.42,1016,3.51,3.94,108.7,2.07,35.68,0.36,1.26,1
12.26,90,0.11,1016,4.39,4.87,103.02,2.01,49.58,0.3,1.37,1
20.01,32,4.14,1012,34.94,76.08,107.03,3.21,57.04,7.88,10.55,3
29.15,76,8.04,1007,13.15,47.78,90.74,0.84,62.59,1.14,0.0,2
23.19,71,0.68,1011,16.48,51.72,97.82,2.12,71.42,3.9,0.0,3
23.89,94,2.06,1013,1.07,2.71,64.51,0.05,31.91,0.05,0.01,1
23.84,94,2.06,1013,1.07,2.71,64.51,0.05,31.91,0.05,0.01,1
23.76,94,2.06,1013,1.07,2.71,64.51,0.05,31.91,0.05,0.01,1
2.94,87,0.0,1018,10.93,14.91,222.01,8.98,24.37,2.26,2.35,2
12.52,86,2.57,1013,0.65,1.41,66.03,0.12,62.25,0.11,0.0,2
18.63,78,1.51,1015,5.67,9.16,161.85,3.97,43.79,1.77,0.71,1
16.93,58,1.94,1015,3.28,4.53,85.43,0.86,30.33,0.32,0.34,1
20.17,67,1.64,1013,6.85,12.5,240.17,1.4,21.52,0.71,0.73,1
19.14,67,1.75,1013,5.51,8.86,154.46,0.94,21.92,0.42,0.47,1
17.68,84,2.35,1016,12.62,15.78,167.55,2.28,26.89,0.73,0.53,2
11.21,44,1.85,1017,5.64,7.62,112.12,1.98,25.9,0.27,0.11,1
16.88,75,1.95,1016,9.12,11.29,117.88,1.41,32.43,0.57,0.44,1
10.03,88,1.34,1012,5.17,7.08,112.54,5.32,54.06,0.27,36.92,1
10.25,88,1.34,1012,5.17,7.08,112.54,5.32,54.06,0.27,36.92,1
28.84,53,3.75,1007,31.09,104.91,125.88,1.67,102.54,0.47,0.14,4
30.02,48,3.09,1008,34.3,137.37,123.91,1.1,106.73,0.62,0.02,4
29.0,54,4.63,1007,30.72,100.02,128.02,2.44,101.73,0.77,0.4,4
19.5,38,0.97,1011,9.2,18.14,283.83,2.83,49.02,0.13,3.78,1
16.73,66,6.75,1014,31.96,171.03,109.34,0.25,89.12,0.15,1.37,4
23.38,46,9.95,1013,17.52,57.95,102.07,0.64,66.84,0.09,1.03,3
25.66,78,5.66,1015,1.14,4.39,101.91,0.61,54.53,0.49,0.05,1
12.51,88,1.03,1017,6.91,11.39,113.2,2.02,105.98,1.58,1.1,3
13.23,87,1.47,1017,7.27,12.44,116.75,3.77,102.11,2.45,0.49,3
15.04,85,2.16,1017,6.55,11.09,116.89,2.08,106.21,1.76,0.11,3
12.09,54,1.54,1019,2.13,2.72,102.25,2.57,72.33,0.74,34.7,2
5.84,75,0.51,1021,2.09,2.96,97.73,2.68,49.67,0.51,68.97,1
7.74,72,1.53,1021,1.79,2.34,100.65,2.97,60.79,0.49,39.17,2
25.0,88,3.6,1013,7.84,25.47,66.8,0.04,40.9,0.22,0.0,2
13.71,68,1.51,1017,20.83,95.93,64.47,0.24,31.88,0.08,0.06,3
17.89,82,1.54,1016,5.55,9.56,83.5,0.96,30.42,0.08,0.24,1
10.61,75,3.09,1020,1.09,2.32,66.87,0.27,48.54,0.04,0.42,1
9.83,44,2.41,1026,0.81,3.57,86.51,1.89,42.8,0.04,0.64,1
10.01,73,3.6,1024,1.14,4.03,77.21,0.58,45.67,0.06,0.34,1
10.86,70,1.03,1017,5.3,6.35,139.58,7.66,31.34,0.59,12.28,1
9.93,99,0.51,1017,4.78,7.07,120.57,6.86,41.1,0.52,13.71,1
10.05,74,4.12,1017,4.41,4.88,117.89,4.87,47.38,0.12,15.07,1
15.65,74,3.09,1028,1.59,3.01,70.68,1.62,24.26,0.4,0.17,1
13.63,91,1.7,1030,0.91,3.49,68.61,0.13,62.26,0.11,0.0,2
19.24,69,5.14,1026,2.29,3.54,56.51,0.44,20.34,0.16,0.05,1
27.97,69,10.8,1009,2.63,10.64,110.05,1.39,53.55,1.54,0.17,1
27.83,75,10.8,1009,2.63,10.64,110.05,1.39,53.55,1.54,0.17,1
27.89,69,10.8,1009,2.63,10.64,110.05,1.39,53.55,1.54,0.17,1
19.03,55,2.06,1017,3.44,6.17,131.5,1.28,62.15,0.18,2.39,2
16.77,55,3.86,1017,3.37,7.21,130.46,2.45,46.67,0.11,4.85,1
12.48,82,2.06,1019,2.43,2.97,92.73,1.19,57.29,0.04,8.94,1
8.95,93,0.0,1018,7.18,9.64,112.76,1.75,71.04,0.56,2.32,2
9.74,87,0.51,1016,4.73,6.08,117.69,3.7,68.32,0.6,13.43,2
11.04,93,1.32,1018,5.99,7.62,114.87,3.21,51.73,0.46,3.17,1
27.27,74,5.14,1014,1.61,8.58,95.01,0.04,48.81,0.09,0.01,1
24.99,78,2.57,1008,72.66,83.78,589.02,12.69,18.75,2.29,10.63,4
27.91,78,0.0,1008,44.26,49.78,236.0,0.31,101.37,0.94,1.17,3
25.0,78,2.57,1008,76.45,88.83,632.89,14.48,19.14,2.77,12.94,5
12.25,72,2.57,1016,6.75,7.53,126.03,3.02,83.42,0.76,13.49,2
12.08,74,2.06,1016,13.76,14.99,142.23,6.48,88.08,1.71,15.79,2
10.82,78,2.89,1016,11.13,12.23,143.71,5.9,88.89,1.47,14.48,2
33.06,52,4.12,1009,4.62,9.48,167.56,1.41,23.43,0.14,6.35,1
29.25,58,1.54,1012,4.34,5.7,158.84,1.56,13.15,0.11,1.71,1
33.56,36,3.96,1010,4.55,8.08,170.32,0.94,23.71,0.18,5.25,1
11.83,94,2.57,1017,3.32,3.7,99.87,1.33,41.72,0.46,2.2,1
14.11,100,2.06,1015,10.59,12.57,110.48,1.34,72.31,0.35,9.14,2
14.87,96,1.79,1014,4.25,4.69,100.27,1.93,24.8,0.1,0.9,1
27.98,54,5.66,1010,30.16,131.49,133.76,7.46,109.53,19.38,0.0,4
27.97,54,5.66,1010,31.66,142.43,130.0,6.87,110.54,17.53,0.0,4
27.79,40,5.83,1010,34.03,152.2,133.46,7.69,107.88,21.68,0.0,4
21.95,93,1.58,1014,3.78,4.86,121.86,0.74,14.01,0.12,0.88,1
16.48,92,1.39,1014,6.82,8.4,180.07,1.44,34.43,0.32,4.65,1
15.11,96,1.67,1014,7.69,11.63,296.55,3.21,22.24,0.61,7.18,1
27.46,86,4.5,1013,0.64,1.56,73.86,0.09,32.03,0.05,0.03,1
26.78,88,3.54,1013,0.56,1.47,70.95,0.08,32.93,0.05,0.03,1
26.51,89,2.85,1013,0.53,1.41,72.87,0.08,32.4,0.05,0.04,1
26.03,94,0.51,1009,0.6,0.66,73.31,0.29,2.76,0.07,1.53,1
25.99,94,0.51,1009,0.6,0.66,73.31,0.29,2.76,0.07,1.53,1
26.0,94,0.51,1009,0.55,0.58,66.83,0.17,2.09,0.04,0.84,1
10.99,66,4.63,1015,0.57,1.31,44.27,0.46,54.26,0.12,0.05,1
15.01,88,8.23,1021,1.34,2.84,67.08,0.14,41.92,0.03,0.11,1
19.84,40,5.14,1012,0.56,0.81,52.33,0.91,43.93,0.19,0.22,1
21.21,90,5.66,1018,1.6,2.27,96.38,1.51,33.86,0.11,0.04,1
25.96,73,1.54,1013,15.28,32.0,104.23,0.94,73.84,0.59,0.09,2
21.44,68,2.06,1020,2.68,3.73,109.62,6.72,27.46,0.62,0.64,1
28.99,65,5.66,1014,1.98,7.35,89.0,0.07,43.67,0.13,0.0,1
27.96,74,4.63,1014,1.02,3.37,92.35,0.18,47.84,0.17,0.0,1
27.97,74,4.63,1014,1.02,3.37,92.35,0.18,47.84,0.17,0.0,1
5.5,93,1.46,1019,53.78,64.61,926.28,18.36,4.98,1.33,12.39,4
21.43,71,3.1,1011,101.5,114.33,1013.66,22.36,20.24,3.12,66.65,5
16.23,84,2.29,1014,81.59,92.72,1085.05,17.7,4.38,1.25,15.69,5
14.79,49,2.6,1013,2.9,5.0,79.78,1.72,45.59,0.78,0.06,1
16.23,30,2.66,1015,7.43,8.74,75.72,0.58,36.73,0.31,0.03,1
14.79,48,2.53,1013,2.9,5.0,79.78,1.72,45.59,0.78,0.06,1
5.41,94,3.25,1017,0.51,0.58,123.7,0.88,82.15,0.4,2.87,2
9.99,93,1.0,1018,1.04,1.21,119.17,1.1,55.97,0.64,3.64,1
5.63,94,3.56,1018,0.57,1.12,125.24,1.9,60.04,0.23,6.2,2
30.01,1,3.6,1007,4.75,11.86,121.36,0.21,37.63,0.16,0.38,1
28.64,84,7.97,1008,3.81,11.97,118.11,0.2,34.69,0.15,0.28,1
30.76,62,5.47,1008,2.65,8.29,112.29,0.22,35.47,0.18,0.4,1
12.28,80,7.2,1002,5.55,5.68,152.51,5.58,101.53,1.63,1.54,3
12.9,66,9.26,1006,2.99,3.01,145.58,1.67,95.5,0.13,0.14,2
18.45,39,0.45,1014,0.57,0.62,97.78,0.12,92.85,0.03,0.55,2
26.2,83,2.06,1012,4.18,5.54,133.74,0.51,10.94,0.07,0.16,1
19.38,67,1.55,1014,4.58,5.54,96.3,0.35,14.17,0.14,0.04,1
21.92,91,0.92,1011,1.78,2.08,91.8,0.14,10.28,0.02,0.03,1
25.1,94,1.03,1011,0.65,0.75,82.31,0.04,1.71,0.0,0.05,1
24.96,94,1.03,1011,0.65,0.75,82.31,0.04,1.71,0.0,0.05,1
24.72,94,1.03,1011,0.7,0.81,82.82,0.06,1.77,0.01,0.08,1
26.2,83,2.06,1012,4.18,5.54,133.74,0.51,10.94,0.07,0.16,1
24.55,95,2.39,1013,6.53,21.29,75.91,0.15,36.87,0.12,0.0,2
22.58,98,1.36,1013,7.59,19.69,104.94,1.06,28.54,0.26,0.23,1
12.53,72,1.54,1012,1.67,1.83,111.96,1.26,60.26,0.08,4.61,2
15.19,77,1.03,1012,2.04,2.65,101.13,2.97,36.99,0.22,14.41,1
14.16,76,2.06,1012,2.12,2.58,115.47,4.01,42.78,0.32,7.9,1
27.72,89,1.03,1013,0.5,0.98,85.46,0.28,24.87,0.1,0.06,1
27.31,89,1.03,1013,0.51,1.09,86.5,0.27,24.58,0.1,0.08,1
24.37,84,0.94,1013,5.87,11.75,181.09,2.07,4.55,0.39,1.01,1
16.18,45,1.03,1014,10.01,13.91,226.67,8.1,38.57,0.16,3.02,2
16.03,47,1.22,1014,7.89,11.1,201.44,7.22,35.01,0.16,2.26,1
16.77,43,1.03,1014,10.01,13.91,226.67,8.1,38.57,0.16,3.02,2
25.23,93,1.55,1012,1.41,2.1,73.01,0.03,31.06,0.05,0.07,1
23.74,88,2.57,1014,1.01,1.18,75.09,0.75,3.79,0.08,0.06,1
18.23,93,0.97,1015,4.32,6.99,161.46,1.01,2.1,0.12,0.31,1
17.92,59,5.0,1016,16.49,25.2,192.6,14.64,51.56,11.62,8.4,2
16.94,37,1.85,1006,131.19,155.56,412.69,16.97,23.34,6.44,31.33,5
23.72,86,1.65,1014,11.27,24.91,182.12,1.55,100.83,3.41,0.0,3
18.73,45,3.09,1014,2.08,2.43,144.66,2.11,34.98,0.22,1.82,1
29.03,54,3.6,1006,9.11,9.48,112.25,1.58,26.76,1.86,1.45,1
26.99,36,4.12,1012,12.52,12.83,124.26,1.19,19.77,2.54,0.0,2
23.05,75,6.17,1013,0.73,1.77,98.08,0.31,33.6,0.26,0.0,1
29.93,79,5.14,1008,1.51,2.0,110.19,0.72,36.66,0.19,1.24,1
26.27,61,6.17,1012,0.64,1.23,97.1,0.3,33.61,0.25,0.0,1
30.24,62,3.09,1012,6.71,8.76,111.71,0.12,54.13,0.34,0.03,1
28.16,74,3.09,1014,3.36,11.62,103.49,0.22,48.93,0.27,0.22,1
30.19,66,5.14,1012,6.66,10.76,105.55,0.17,64.92,0.52,0.06,2
23.27,78,6.69,1018,3.79,18.56,100.6,0.17,61.29,0.28,0.0,2
21.75,68,9.77,1018,3.15,15.08,101.91,0.14,67.24,0.23,0.0,2
22.02,73,5.66,1018,3.22,15.41,100.97,0.15,66.25,0.28,0.0,2
27.53,73,7.72,1010,3.79,10.41,111.09,1.02,50.51,0.89,0.48,1
27.61,73,7.72,1010,3.79,10.41,111.09,1.02,50.51,0.89,0.48,1
18.76,77,6.69,1015,7.47,11.79,106.64,0.41,102.16,0.68,0.11,3
19.96,64,1.54,1015,7.21,12.24,105.06,0.22,97.49,0.61,0.0,2
21.29,44,2.06,1015,8.13,12.17,107.12,0.5,106.22,0.88,0.1,3
9.09,78,2.57,1018,3.89,4.78,122.52,3.75,45.38,0.55,8.98,1
7.89,73,2.24,1018,6.27,8.01,189.27,14.83,23.47,0.91,7.01,1
5.83,99,1.03,1019,7.53,8.75,140.7,3.65,69.33,2.04,7.05,2
9.67,74,1.54,1018,3.88,4.81,122.65,5.7,38.24,0.56,8.15,1
11.53,66,2.06,1018,4.41,5.23,123.93,3.96,55.95,0.58,7.65,1
10.64,75,2.42,1015,5.09,5.35,124.65,3.34,80.26,0.15,43.43,2
29.19,79,4.32,1009,8.16,29.81,97.36,0.38,43.78,0.08,0.98,2
24.31,84,6.29,1010,9.4,25.69,181.23,1.67,36.55,0.17,3.78,2
26.85,71,6.96,1010,9.62,31.3,138.59,0.97,42.38,0.19,3.29,2
7.13,83,2.06,1020,4.96,5.39,130.08,4.65,83.3,1.6,9.22,2
7.69,81,1.45,1018,9.96,10.89,138.42,4.99,60.57,0.41,26.96,2
8.28,82,1.27,1019,7.82,8.94,128.03,6.69,57.54,0.85,48.13,1
26.01,74,4.74,1015,1.33,5.38,103.66,1.3,49.66,0.91,0.04,1
28.69,74,2.57,1014,2.33,12.04,100.59,0.11,42.28,0.21,0.0,1
28.46,74,6.17,1014,2.25,5.39,110.26,1.55,33.79,0.46,4.66,1
28.95,73,2.57,1014,2.33,12.04,100.59,0.11,42.28,0.21,0.0,1
15.37,88,2.06,1016,1.79,2.8,111.59,1.88,80.37,0.14,0.31,2
15.93,88,1.03,1015,3.4,5.03,122.38,7.86,67.19,0.97,1.32,2
16.67,88,3.6,1016,16.13,62.31,115.58,3.14,80.48,0.35,0.72,3
15.53,88,1.07,1012,11.89,13.14,252.09,6.87,49.05,1.81,2.72,2
30.93,62,5.66,1006,12.18,34.78,89.49,0.36,48.67,0.49,0.0,2
17.95,59,3.6,1013,7.56,9.09,192.5,5.92,41.04,0.77,0.57,1
5.19,56,2.06,1022,1.22,1.58,135.12,1.23,69.31,0.38,1.42,2
8.14,61,0.0,1021,0.5,0.5,126.08,0.4,82.37,0.23,0.68,2
5.09,65,2.46,1024,0.5,0.5,127.13,0.41,71.44,0.1,0.77,2
20.42,56,5.66,1015,11.14,44.61,133.76,5.83,107.28,12.07,8.14,3
16.9,77,1.54,1016,13.38,23.41,118.74,3.46,86.4,5.57,1.65,2
20.42,54,5.2,1015,11.14,44.61,133.76,5.83,107.28,12.07,8.14,3
18.98,68,3.6,1018,7.25,45.09,108.89,0.17,89.48,0.16,0.0,2
18.3,80,7.25,1017,4.75,25.37,111.13,0.25,94.71,0.43,0.0,2
18.67,81,3.76,1017,2.26,7.77,113.74,0.24,100.43,0.33,0.0,3
17.11,56,0.48,1015,14.73,28.67,145.42,1.69,47.69,0.25,12.27,2
22.39,59,1.22,1013,13.59,26.19,120.93,0.86,48.6,0.17,6.61,2
29.1,36,4.6,1008,14.65,36.06,103.33,0.22,61.4,0.06,0.97,2
10.26,92,4.63,1013,0.53,0.91,105.67,0.32,79.29,0.09,1.24,2
14.31,80,3.09,1013,4.68,5.75,115.1,1.26,95.69,0.5,0.0,2
15.74,93,1.34,1014,2.06,5.19,116.6,3.3,69.79,0.27,4.68,2
15.19,66,1.23,1016,21.7,34.28,573.92,5.93,25.29,0.89,32.29,2
19.27,57,2.03,1013,1.54,5.1,81.32,0.67,15.57,0.04,3.23,1
15.83,78,2.24,1016,12.19,19.92,220.36,2.88,36.05,0.36,8.82,2
3.37,57,3.03,1022,2.1,2.71,143.31,3.44,67.98,1.27,1.65,2
3.79,54,2.52,1022,2.39,3.14,149.57,5.17,69.75,1.95,1.44,2
6.11,44,2.57,1023,3.05,3.75,150.73,4.12,76.51,1.34,2.58,2
26.94,57,1.03,1016,1.25,5.56,63.28,0.03,58.16,0.04,0.04,1
26.99,57,1.03,1016,1.25,5.56,63.28,0.03,58.16,0.04,0.04,1
27.83,57,2.06,1015,1.32,5.77,63.67,0.02,56.01,0.03,0.0,1
17.33,61,5.66,1012,2.24,2.87,119.02,3.7,43.15,0.23,2.3,1
16.77,78,3.63,1012,4.49,5.98,122.51,0.42,106.72,0.51,0.13,3
17.08,72,2.57,1012,2.31,2.74,111.3,0.99,71.72,0.16,2.24,2
28.01,78,3.09,1012,5.05,18.86,71.11,0.12,29.53,0.13,0.0,1
25.98,94,4.12,1013,4.16,15.92,72.23,0.04,32.99,0.12,0.0,1
22.57,97,0.56,1013,1.72,2.17,63.58,0.09,4.4,0.01,0.03,1
12.36,64,3.09,1017,24.1,25.88,142.34,4.68,127.71,3.39,2.84,3
9.4,86,5.14,1020,7.4,8.02,129.45,5.01,88.79,1.75,5.31,2
6.5,82,1.03,1026,0.5,0.75,128.93,2.2,85.54,0.5,2.12,2
14.08,72,2.06,1020,1.25,1.54,101.16,2.33,66.14,0.11,13.75,2
11.99,87,0.0,1016,11.48,12.15,107.72,4.49,84.51,1.23,72.17,2
11.33,84,3.16,1016,17.75,18.65,122.23,5.19,106.1,1.06,61.07,3
24.99,94,0.51,1012,0.56,0.57,91.55,0.06,7.19,0.02,0.01,1
24.99,94,0.51,1012,0.56,0.57,91.55,0.06,7.19,0.02,0.01,1
24.0,93,1.35,1012,0.53,0.55,92.36,0.1,7.05,0.03,0.01,1
13.61,76,4.63,1014,7.67,8.42,123.16,3.18,63.69,0.77,2.33,2
23.98,96,1.89,1014,1.04,1.98,89.69,0.79,15.08,0.1,0.11,1
29.23,79,4.12,1013,1.01,1.84,69.24,0.24,35.23,0.25,0.02,1
30.13,50,2.64,1010,5.15,6.4,155.91,1.56,27.86,0.18,0.84,1
17.22,84,3.09,1016,2.01,5.54,115.37,1.78,69.85,0.46,0.51,2
22.08,83,3.09,1013,12.56,54.11,106.51,1.26,78.93,1.37,0.0,3
22.02,83,3.09,1013,12.44,51.89,106.75,1.31,79.67,1.4,0.0,3
22.01,83,3.09,1013,12.56,54.11,106.51,1.26,78.93,1.37,0.0,3
27.04,83,2.06,1013,8.05,24.76,98.45,0.43,42.53,0.26,0.0,2
27.05,83,2.06,1013,8.05,24.76,98.45,0.43,42.53,0.26,0.0,2
23.03,92,0.85,1013,4.22,7.86,170.32,0.71,3.63,0.17,0.45,1
25.82,73,3.09,1015,0.98,4.48,98.86,0.27,54.19,0.22,0.03,1
25.94,73,3.09,1015,0.98,4.48,98.86,0.27,54.19,0.22,0.03,1
26.02,73,3.09,1015,0.98,4.48,98.86,0.27,54.19,0.22,0.03,1
25.92,100,2.06,1012,3.63,12.63,74.38,0.06,31.77,0.12,0.0,1
25.95,100,4.63,1013,1.4,3.22,74.57,0.03,30.19,0.07,0.04,1
21.16,100,0.84,1013,1.26,1.48,68.8,0.22,4.17,0.03,0.03,1
18.71,68,1.34,1014,13.38,31.12,107.42,1.81,74.99,1.02,0.59,2
17.1,89,1.54,1016,7.4,10.24,109.11,1.62,42.73,0.95,9.01,1
17.14,84,2.29,1016,15.88,28.8,114.4,0.76,92.45,1.25,0.0,2
21.95,100,3.58,1009,11.72,15.18,124.24,0.38,44.71,1.62,0.65,2
21.92,100,2.24,1010,10.04,14.32,123.18,0.32,45.56,1.7,0.32,2
19.28,100,3.36,1010,11.4,14.61,121.45,0.33,44.65,1.38,0.43,2
25.49,88,7.72,1012,3.23,6.27,104.18,0.06,46.57,0.08,0.0,1
25.24,88,7.72,1012,3.23,6.27,104.18,0.06,46.57,0.08,0.0,1
26.33,88,7.72,1012,3.33,6.45,104.58,0.06,47.61,0.08,0.0,1
25.06,78,2.06,1012,14.01,39.98,124.63,0.54,74.18,0.64,0.0,2
29.1,46,4.31,1011,11.77,42.77,108.67,0.32,64.39,0.35,0.0,2
27.26,61,3.86,1012,13.12,39.56,115.15,0.36,67.79,0.47,0.0,2
26.77,83,2.98,1012,1.23,1.82,100.44,0.62,17.99,0.31,0.03,1
24.84,91,1.48,1012,0.93,1.2,97.13,0.26,19.64,0.05,0.02,1
25.47,85,2.04,1012,0.8,0.92,96.16,0.28,16.25,0.08,0.08,1
23.78,78,3.58,1014,10.53,25.2,175.99,1.07,98.87,1.97,0.0,2
23.85,80,3.58,1014,10.53,25.2,175.99,1.07,98.87,1.97,0.0,2
23.77,83,3.6,1014,10.91,25.58,176.95,1.25,96.5,2.24,0.0,2
30.25,37,3.6,1013,25.04,27.95,145.19,0.72,64.81,11.47,1.16,3
32.69,62,6.69,1006,10.38,12.25,184.3,2.14,44.34,0.54,4.89,2
30.9,70,5.14,1006,2.27,3.99,143.58,2.52,53.35,0.33,2.68,1
11.82,87,1.54,1017,4.61,5.72,108.38,3.54,54.71,0.22,7.0,1
15.06,77,0.51,1017,8.67,14.85,118.62,4.69,104.13,3.08,0.6,3
14.51,94,3.09,1016,10.11,15.66,117.77,3.79,84.17,1.75,0.83,2
30.14,68,1.56,1014,2.63,14.56,100.32,0.11,43.41,0.22,0.0,1
29.88,67,1.18,1014,2.63,14.56,100.32,0.11,43.41,0.22,0.0,1
27.92,76,8.89,1013,8.57,12.49,155.55,0.66,74.48,0.64,3.59,2
14.88,63,2.57,1017,5.03,6.57,122.62,2.89,42.76,0.21,12.2,1
11.88,66,3.6,1017,2.96,4.03,128.39,2.23,49.69,0.11,7.0,1
17.81,60,2.97,1016,3.44,5.14,119.99,5.82,26.93,0.21,5.05,1
26.9,88,0.45,1009,6.33,11.17,134.98,0.83,37.99,0.37,1.65,1
25.57,93,1.54,1010,5.35,10.03,97.82,0.88,36.71,0.23,1.49,1
25.64,100,0.0,1009,6.33,11.17,134.98,0.83,37.99,0.37,1.65,1
7.29,73,5.14,1024,0.71,1.56,130.29,1.32,94.55,0.67,2.99,2
8.87,61,7.2,1022,1.25,4.13,126.08,0.88,98.52,0.69,2.81,2
5.97,69,4.84,1025,0.5,1.09,128.79,0.69,92.37,0.41,5.61,2
17.62,45,2.68,1015,10.26,26.16,119.84,2.53,106.91,2.26,5.66,3
17.85,80,1.54,1015,9.47,22.69,118.65,4.14,90.95,0.91,30.02,2
18.58,88,5.12,1015,8.49,12.57,114.88,0.58,102.42,0.62,0.47,3
8.88,71,4.63,1023,1.3,2.34,132.9,2.04,88.98,0.88,0.82,2
30.01,70,1.54,1006,15.6,52.24,102.48,0.36,68.5,0.95,0.05,3
27.03,69,2.06,1007,69.67,92.05,456.94,3.81,105.52,4.21,53.52,4
22.27,83,2.57,1011,11.39,15.03,358.43,11.88,5.93,1.72,14.48,2
19.95,42,2.06,1014,28.84,139.62,152.24,3.6,97.64,5.72,0.62,4
20.02,44,1.69,1015,11.89,62.06,174.59,4.98,75.16,0.96,2.67,3
13.85,72,2.06,1015,9.16,36.45,251.84,11.6,59.5,2.13,3.41,2
18.73,13,3.09,1016,3.21,5.73,126.34,3.55,109.46,1.57,3.08,3
14.08,77,2.06,1018,9.58,19.29,122.72,1.7,76.87,0.86,3.49,2
9.77,16,2.93,1014,9.53,18.13,148.73,7.69,68.94,1.03,13.77,2
5.81,100,1.54,1023,1.03,1.71,129.76,0.11,85.85,0.25,0.0,2
5.84,100,1.54,1023,1.03,1.71,129.76,0.11,85.85,0.25,0.0,2
5.93,100,1.54,1023,1.03,1.71,129.76,0.11,85.85,0.25,0.0,2
18.27,70,3.6,1017,12.22,13.69,136.06,0.39,103.54,0.33,0.02,3
18.87,70,2.57,1014,5.76,6.54,156.85,8.54,82.56,2.05,15.98,2
18.83,50,2.06,1015,17.8,22.58,118.5,0.43,100.12,1.91,0.0,3
12.7,84,7.2,1011,2.29,2.93,113.62,2.61,47.56,0.32,3.43,1
28.58,70,9.26,1014,4.39,23.15,98.55,0.14,48.09,0.29,0.0,2
28.13,74,9.26,1014,4.53,23.57,98.47,0.14,47.76,0.29,0.0,2
28.3,74,9.26,1014,4.53,23.57,98.47,0.14,47.76,0.29,0.0,2
21.05,35,0.0,1016,12.5,27.3,126.88,3.93,108.88,3.41,5.3,3
21.95,35,0.0,1015,14.78,31.13,134.11,5.7,108.58,4.29,10.12,3
16.95,69,2.65,1015,14.27,28.3,143.78,10.37,91.96,3.98,8.96,2
18.67,36,3.6,1022,5.72,8.86,201.29,10.77,100.24,11.09,1.29,3
18.87,40,3.6,1021,5.13,8.22,193.47,7.85,103.89,9.78,1.15,3
16.59,49,1.54,1021,3.64,4.87,193.21,4.86,103.39,2.47,1.18,3
15.6,93,1.97,1016,1.96,2.47,97.12,0.47,35.62,0.1,0.34,1
17.01,92,1.36,1014,9.1,12.66,308.06,3.94,24.03,0.42,4.74,1
25.23,83,4.63,1012,3.98,5.27,174.96,1.89,20.18,0.29,0.5,1
17.11,81,0.96,1014,7.29,17.36,83.77,1.42,68.44,0.36,10.13,2
19.51,64,4.0,1012,2.6,6.51,68.62,0.16,71.76,0.19,5.3,2
20.23,59,0.44,1012,4.09,9.11,81.31,0.8,65.08,0.16,7.19,2
27.57,72,1.93,1009,25.54,29.51,643.09,9.99,31.55,2.08,4.25,3
27.72,73,0.86,1009,6.54,8.4,205.73,2.13,51.95,0.63,0.84,1
28.53,68,1.3,1008,23.63,24.52,482.7,5.66,11.58,0.74,2.78,2
28.91,75,5.97,1010,0.72,3.56,70.37,0.01,11.69,0.06,0.0,1
25.31,78,0.87,1014,1.6,4.44,66.91,0.06,33.55,0.08,0.01,1
25.86,76,1.19,1013,1.6,5.18,64.09,0.05,34.97,0.08,0.0,1
27.05,68,0.71,1013,1.76,5.69,64.82,0.06,35.91,0.09,0.0,1
14.49,37,3.89,1017,25.25,32.68,155.82,0.8,116.68,1.15,1.81,3
15.91,55,0.81,1017,26.12,28.63,187.31,7.02,75.08,4.4,5.98,3
13.86,50,4.84,1017,28.18,37.68,152.45,0.37,125.9,1.12,1.03,3
16.76,48,2.06,1019,23.71,26.44,232.37,21.14,54.5,1.01,11.01,2
14.95,51,1.54,1020,20.73,22.58,173.7,1.51,137.56,3.76,1.42,3
16.95,48,2.06,1019,19.14,21.58,182.74,10.01,71.85,0.9,2.8,2
28.97,31,4.92,1013,38.39,186.87,121.16,1.07,115.09,2.13,0.16,4
29.33,34,2.68,1013,38.11,192.11,121.06,0.85,120.1,1.63,0.24,4
29.25,34,3.13,1013,38.11,192.11,121.06,0.85,120.1,1.63,0.24,4
29.01,70,4.63,1011,3.06,7.61,109.01,0.15,49.89,0.23,0.2,1
29.01,70,4.63,1011,3.06,7.61,109.01,0.15,49.89,0.23,0.2,1
19.28,56,7.0,1013,5.94,11.65,80.4,1.6,65.56,0.43,7.55,2
16.33,88,2.0,1014,11.44,18.03,117.09,2.61,61.68,0.87,3.06,2
6.05,65,4.0,1017,0.5,0.51,120.27,0.59,89.22,0.89,0.83,2
24.97,73,3.09,1010,15.51,16.19,459.47,5.5,9.35,0.57,2.9,2
27.19,77,2.76,1010,16.47,18.47,405.31,7.71,26.94,1.0,4.78,2
24.06,88,0.99,1011,10.71,12.04,223.79,2.83,35.13,0.53,1.7,2
22.63,56,3.76,1015,9.76,13.98,126.24,1.25,105.81,1.27,1.29,3
20.7,58,1.85,1016,16.65,23.22,171.62,2.9,92.57,2.69,5.43,2
22.96,72,3.5,1015,9.74,14.27,120.13,1.47,106.53,1.46,1.34,3
26.93,74,3.6,1014,1.28,4.84,100.17,0.41,50.04,0.34,0.03,1
26.13,82,3.6,1014,1.42,5.76,100.1,0.33,48.63,0.29,0.01,1
26.72,93,1.93,1006,6.62,7.94,168.79,1.68,68.74,0.53,0.0,2
26.71,93,1.34,1006,6.62,7.94,168.79,1.68,68.74,0.53,0.0,2
26.64,93,1.34,1006,6.62,7.94,168.79,1.68,68.74,0.53,0.0,2
26.51,82,2.17,1013,0.5,0.55,96.78,0.27,29.68,0.09,0.08,1
23.02,97,1.05,1013,1.59,2.96,125.54,0.5,33.28,0.24,0.43,1
26.67,84,2.55,1013,0.5,0.55,92.85,0.3,31.68,0.11,0.08,1
7.59,67,3.24,1013,4.04,6.71,86.4,1.28,43.91,0.63,0.66,1
7.83,69,2.93,1014,4.12,6.81,85.88,1.15,45.52,0.64,0.69,1
9.09,63,4.1,1011,3.97,6.82,80.21,0.9,46.56,0.43,0.49,1
6.23,95,2.57,1015,0.5,0.5,125.19,1.34,79.97,0.51,1.6,2
6.18,93,2.06,1017,0.5,0.57,124.56,0.82,79.43,0.14,2.33,2
3.01,87,2.24,1020,1.46,1.81,124.41,4.16,49.89,1.08,3.18,1
12.12,79,0.45,1014,3.21,3.71,116.43,2.35,64.03,0.37,5.21,2
12.03,80,2.24,1014,2.74,3.11,111.5,1.99,60.23,0.25,4.46,2
12.5,76,4.12,1014,2.89,3.29,112.19,2.09,59.21,0.27,4.67,1
10.01,59,2.57,1018,0.5,0.62,126.87,0.59,88.49,0.14,0.92,2
6.09,96,3.3,1018,0.88,0.98,124.98,1.39,67.35,0.16,0.84,2
1.95,87,0.0,1021,0.51,0.61,130.46,1.9,87.75,0.69,0.69,2
27.63,35,8.06,1011,18.68,66.31,122.85,1.41,69.3,0.1,0.09,3
24.34,37,3.89,1016,35.24,107.63,221.46,3.67,96.83,0.82,0.09,4
24.04,49,6.81,1013,37.05,147.86,186.69,2.17,91.22,0.24,0.08,4
16.99,82,2.06,1017,2.72,11.22,113.57,0.71,90.71,0.74,0.2,2
18.23,94,2.06,1017,2.39,8.3,111.53,1.59,88.86,2.58,0.3,2
16.08,82,2.06,1018,1.22,3.92,98.09,1.35,65.38,0.18,1.31,2
20.84,71,4.12,1014,6.98,10.72,123.95,0.89,98.08,0.97,0.26,2
15.02,88,1.54,1015,5.1,5.49,111.69,1.18,80.09,0.42,0.96,2
14.4,91,1.26,1016,13.7,14.48,121.59,0.56,68.86,0.15,0.72,2
13.44,96,3.48,1015,5.35,5.64,115.12,1.42,51.9,0.26,1.37,1
14.88,94,3.09,1017,7.71,12.79,110.33,0.84,104.89,1.29,0.0,3
10.25,94,1.37,1018,7.37,11.75,111.4,1.62,103.21,1.57,0.05,3
10.48,100,0.51,1017,6.77,11.64,114.47,3.72,104.07,2.81,0.17,3
12.98,100,1.54,1021,4.24,7.55,121.06,1.06,20.79,0.07,0.22,1
23.0,94,2.06,1017,2.36,4.9,83.9,0.52,20.07,0.07,0.12,1
9.83,92,1.89,1022,2.34,3.88,83.6,0.5,25.04,0.03,0.17,1
28.98,84,6.82,1011,2.22,4.21,98.58,0.01,17.6,0.06,0.0,1
11.9,87,1.03,1017,2.9,3.41,99.8,1.89,28.73,0.06,3.39,1
11.31,89,1.96,1017,2.68,3.13,99.27,2.1,28.04,0.12,4.8,1
11.36,89,0.92,1017,2.31,2.82,96.63,1.55,36.79,0.1,5.62,1
30.3,58,0.51,1011,6.66,9.9,165.77,0.72,20.68,0.08,8.78,1
30.19,50,2.32,1012,4.31,5.23,149.76,0.86,12.64,0.06,1.64,1
33.89,33,3.64,1010,4.69,6.14,146.57,0.47,19.45,0.04,2.33,1
26.98,83,1.54,1008,18.03,19.79,605.35,6.77,26.41,1.13,7.61,2
27.89,63,0.57,1009,23.74,28.42,552.94,8.84,32.31,0.68,8.41,2
24.91,80,0.54,1009,57.93,61.74,1299.79,18.04,0.26,1.37,6.49,4
4.07,60,0.0,1014,1.49,1.98,105.55,1.42,62.34,2.45,2.26,2
8.88,61,1.57,1014,0.5,0.5,104.22,0.43,59.01,0.02,3.29,1
13.02,53,2.09,1013,0.5,0.5,101.78,0.39,62.27,0.08,5.54,2
23.85,83,5.14,1014,11.67,26.35,178.88,1.62,91.75,2.78,0.0,2
23.96,83,5.14,1014,9.52,25.14,167.76,0.47,93.51,0.63,0.0,2
23.82,83,5.14,1014,9.52,25.14,167.76,0.47,93.51,0.63,0.0,2
28.08,74,9.26,1013,4.72,14.87,101.97,0.2,42.62,0.17,0.0,1
26.97,74,3.6,1014,1.28,5.35,102.35,0.74,46.58,0.48,0.05,1
26.95,74,3.6,1014,1.14,4.76,101.83,0.64,45.97,0.42,0.05,1
27.03,74,3.6,1015,1.14,4.76,101.83,0.64,45.97,0.42,0.05,1
20.96,82,7.55,1014,12.04,48.41,105.61,0.24,68.34,0.5,0.02,2
18.93,82,9.26,1016,4.34,19.96,104.94,0.83,89.4,0.91,0.0,2
32.74,29,4.38,1011,44.65,181.8,141.64,0.24,37.05,0.08,1.03,4
18.65,88,2.68,1014,42.33,69.34,117.82,0.17,90.34,6.41,0.0,3
18.53,88,2.68,1014,42.33,69.34,117.82,0.17,90.34,6.41,0.0,3
18.3,88,2.68,1014,42.33,69.34,117.82,0.17,90.34,6.41,0.0,3
22.46,82,5.3,1018,2.62,14.35,63.22,0.05,63.68,0.23,0.0,2
19.93,82,1.79,1018,2.57,14.08,63.28,0.04,63.85,0.22,0.0,2
20.88,82,1.79,1018,2.57,14.08,63.28,0.04,63.85,0.22,0.0,2
29.97,84,7.2,1007,8.45,18.17,90.15,0.03,62.77,0.12,0.02,2
18.11,88,2.06,1016,3.01,4.12,82.66,0.44,22.09,0.05,0.22,1
18.62,68,2.0,1015,2.19,3.49,78.91,0.32,31.9,0.13,0.18,1
14.49,86,0.18,1016,2.02,2.7,78.5,0.49,36.16,0.04,0.36,1
22.72,35,5.14,1008,9.5,10.29,156.34,1.48,73.76,0.81,2.55,2
21.19,65,5.14,1012,6.32,23.51,113.54,0.19,91.85,0.62,0.0,2
22.97,35,5.14,1008,9.04,9.77,149.89,1.13,75.45,0.64,1.7,2
24.73,94,0.0,1007,9.05,9.9,221.21,2.54,18.61,0.49,0.75,1
27.01,94,0.51,1008,2.27,2.76,79.13,0.27,10.89,0.09,1.28,1
24.95,94,0.0,1007,8.93,9.82,201.66,1.54,18.12,0.26,1.01,1
17.79,77,2.57,1013,48.32,54.4,206.83,3.96,56.93,5.17,0.0,3
17.97,77,2.57,1013,48.32,54.4,206.83,3.96,56.93,5.17,0.0,3
22.97,83,2.57,1016,2.44,3.87,79.16,0.24,29.08,0.04,0.08,1
25.39,99,4.0,1020,2.48,13.64,62.49,0.04,49.63,0.17,0.0,1
25.53,99,3.27,1020,2.48,13.64,62.49,0.04,49.63,0.17,0.0,1
25.32,99,3.09,1020,2.5,13.69,62.53,0.04,49.64,0.17,0.0,1
33.16,43,5.14,1009,15.44,36.07,168.41,0.45,44.13,0.09,3.99,2
30.47,10,2.59,1009,43.22,112.34,382.91,3.14,40.87,1.34,21.45,4
29.34,10,4.19,1010,64.58,189.62,645.32,9.55,43.71,2.86,50.13,4
28.13,83,5.46,1012,0.55,1.42,73.7,0.08,32.04,0.04,0.06,1
30.77,10,2.65,1010,60.91,114.5,721.03,8.5,40.66,2.04,24.44,4
23.79,96,1.63,1012,3.43,9.7,158.06,1.44,28.19,0.51,1.2,1
34.46,35,5.81,1005,3.0,6.55,137.06,0.15,38.8,6.89,0.73,1
32.94,42,4.79,1006,6.51,8.78,138.6,0.24,48.57,7.59,0.14,1
35.51,33,8.05,1006,2.75,6.54,137.77,0.15,37.02,3.48,0.9,1
11.96,79,2.06,1017,15.99,17.31,147.07,10.0,92.74,2.44,19.24,2
11.61,67,4.47,1017,13.04,14.22,142.29,12.12,87.26,2.08,20.54,2
11.78,78,2.06,1017,16.08,17.34,146.44,11.42,94.14,2.83,19.91,2
4.92,72,2.04,1017,3.72,4.06,126.37,3.25,114.04,1.9,1.08,3
4.27,93,2.57,1020,0.5,0.78,132.64,0.54,97.83,0.6,0.0,2
4.97,87,0.45,1016,0.5,0.5,115.76,0.16,84.26,0.09,0.18,2
16.25,100,1.03,1013,84.92,96.87,720.67,8.12,76.76,6.1,13.59,5
16.31,57,3.33,1014,50.32,58.7,598.39,6.62,72.43,4.04,29.22,4
22.34,68,1.85,1010,92.41,103.98,705.45,7.78,81.44,7.76,22.26,5
17.18,67,10.29,1005,1.88,5.97,63.2,0.03,48.97,0.08,0.0,1
14.34,63,21.01,998,0.81,2.96,64.89,0.13,47.75,0.06,0.01,1
16.09,70,8.75,996,0.58,1.23,67.27,0.49,42.13,0.1,0.19,1
32.6,23,2.41,1006,36.43,152.78,103.37,0.87,73.75,0.61,0.15,4
33.08,32,3.53,1006,36.76,126.06,111.02,1.23,90.07,1.1,0.21,4
32.6,23,2.41,1006,37.8,156.1,104.66,0.86,76.69,0.64,0.15,4
30.78,69,6.17,1006,4.62,9.32,141.16,0.54,48.09,0.47,0.61,1
30.6,70,5.14,1006,4.67,10.27,139.82,0.62,44.2,0.5,0.56,1
30.66,70,5.14,1007,4.67,10.27,139.82,0.62,44.2,0.5,0.56,1
23.28,74,5.66,1008,5.59,22.77,67.76,0.04,46.7,0.46,0.0,2
22.1,78,5.66,1009,5.59,22.77,67.76,0.04,46.7,0.46,0.0,2
15.12,72,3.6,1014,5.87,14.25,69.38,0.48,56.77,1.25,0.0,1
24.9,94,5.14,1013,2.43,6.64,61.88,0.02,51.68,0.06,0.0,1
24.96,94,5.14,1013,2.42,6.29,61.94,0.02,52.18,0.06,0.0,1
24.8,94,5.14,1013,2.8,7.62,61.52,0.02,52.6,0.07,0.0,1
26.87,77,0.75,1010,6.58,22.23,61.5,0.05,32.75,0.2,0.0,2
26.19,75,0.5,1013,0.54,0.72,36.66,0.02,1.27,0.02,0.02,1
30.36,68,2.01,1012,2.01,4.8,63.99,0.05,14.21,4.43,0.0,1
30.26,70,1.54,1010,5.74,9.73,155.71,4.36,32.35,2.49,3.19,1
27.05,89,1.03,1009,33.54,34.69,554.11,9.2,32.25,1.64,45.78,3
30.59,70,1.54,1010,5.28,9.1,133.95,3.63,35.79,2.48,2.15,1
27.99,57,1.54,1005,69.16,93.94,624.08,6.25,87.41,4.22,67.11,4
28.09,78,5.14,1006,14.84,58.08,92.95,0.06,63.84,0.33,0.0,3
27.08,65,2.06,1005,70.41,116.51,462.17,8.32,82.6,3.14,116.41,4
7.34,82,0.99,1019,2.69,4.57,135.5,5.19,46.67,1.38,17.93,1
6.1,93,1.54,1018,9.01,9.83,144.54,4.28,48.09,0.96,3.78,1
4.44,95,0.51,1020,5.71,6.72,123.81,2.39,58.33,0.61,7.01,1
27.58,73,6.17,1015,1.54,7.53,98.96,0.1,52.84,0.15,0.04,1
27.38,75,6.17,1016,1.58,7.54,98.66,0.11,53.75,0.15,0.03,1
26.74,74,6.17,1016,1.47,6.74,98.59,0.11,54.3,0.14,0.03,1
18.17,77,2.74,1016,9.39,25.68,117.64,1.3,99.0,0.88,3.93,2
17.91,75,2.9,1016,9.06,24.45,116.51,0.65,101.44,0.94,1.23,3
18.12,77,2.68,1016,9.39,25.68,117.64,1.3,99.0,0.88,3.93,2
14.55,82,5.14,1009,1.68,7.04,113.53,0.41,104.46,0.46,0.0,3
12.73,88,6.17,1008,1.36,3.93,110.75,0.9,93.47,0.66,0.14,2
11.75,85,1.75,1008,1.18,3.03,110.25,0.87,93.27,0.59,0.15,2
8.67,74,1.27,1025,1.29,2.21,79.57,1.11,39.89,0.27,0.21,1
12.26,82,2.06,1023,2.54,5.76,103.73,1.73,43.71,0.3,0.48,1
10.18,71,1.31,1024,1.39,2.22,81.02,1.34,39.48,0.37,0.22,1
29.55,37,6.69,1009,36.35,150.26,148.74,5.81,105.69,23.01,0.0,4
29.76,37,6.69,1010,36.35,150.26,148.74,5.81,105.69,23.01,0.0,4
30.03,37,5.14,1010,32.93,135.29,149.85,6.61,105.57,23.33,0.0,4
22.81,88,5.66,1019,2.13,6.84,62.96,0.05,58.92,0.17,0.0,1
20.91,79,1.17,1019,1.91,5.83,62.85,0.04,58.57,0.14,0.0,1
22.82,73,1.54,1019,2.18,7.45,62.85,0.04,58.74,0.16,0.0,1
14.03,94,2.57,1014,3.24,4.04,107.41,1.61,33.04,0.08,0.85,1
14.26,95,5.14,1015,6.09,6.61,113.1,1.34,62.17,0.27,3.4,2
13.25,96,2.16,1015,26.7,28.24,170.13,4.76,62.69,1.39,0.11,3
13.57,88,3.13,1016,2.93,4.14,95.58,3.23,19.05,0.1,1.29,1
11.99,100,0.51,1017,6.2,8.41,123.04,4.99,31.78,1.2,7.27,1
15.34,82,1.15,1016,2.8,3.51,94.24,1.38,29.04,0.32,3.38,1
10.24,43,5.03,1023,0.5,0.5,122.9,1.66,74.77,1.7,0.86,2
7.78,57,2.89,1026,0.5,0.5,127.44,0.7,73.09,0.26,0.4,2
14.87,77,5.0,995,3.46,6.77,106.65,0.3,89.6,1.19,1.39,2
15.96,100,1.54,1013,22.43,37.48,489.07,2.78,4.15,0.36,1.06,2
18.36,96,0.6,1015,12.63,19.56,338.37,2.69,13.52,0.86,3.79,2
16.06,98,0.45,1016,13.45,22.57,362.44,3.65,11.59,0.75,3.7,2
27.0,45,4.22,1008,34.03,110.35,105.62,3.13,113.28,3.41,0.0,4
27.33,22,3.66,1014,32.2,94.66,107.67,0.87,88.87,1.56,0.0,3
30.14,40,1.82,1008,40.42,111.02,131.37,5.48,101.44,18.08,0.0,4
30.87,68,3.54,1013,2.41,7.82,61.76,0.02,28.56,0.12,0.0,1
30.84,66,2.93,1013,2.41,7.82,61.76,0.02,28.56,0.12,0.0,1
30.65,68,4.2,1013,2.44,7.8,61.65,0.02,28.7,0.12,0.0,1
28.0,78,2.06,1009,1.46,4.32,65.28,0.02,28.63,0.1,0.0,1
32.89,7,6.19,1008,19.58,83.7,93.16,0.12,80.91,0.22,0.79,3
32.84,7,6.62,1008,18.42,78.41,93.13,0.11,82.5,0.21,0.71,3
32.84,7,6.51,1008,18.42,78.41,93.13,0.11,82.5,0.21,0.71,3
3.83,85,2.54,1020,1.77,2.02,134.72,1.67,85.45,0.7,0.69,2
4.76,63,2.09,1018,4.64,5.23,127.88,1.89,101.35,1.03,3.88,3
7.93,83,2.74,1020,4.2,4.63,130.7,4.36,79.73,1.61,6.38,2
27.39,89,2.06,1008,2.38,2.86,80.84,0.29,7.57,0.08,1.21,1
27.94,86,2.24,1008,2.38,2.86,80.84,0.29,7.57,0.08,1.21,1
28.1,86,2.24,1008,2.38,2.86,80.84,0.29,7.57,0.08,1.21,1
12.09,86,1.54,1017,8.62,11.28,123.67,5.15,44.05,0.57,4.8,1
10.78,96,1.54,1017,4.11,5.3,104.36,4.77,41.42,0.16,8.8,1
11.83,90,0.76,1017,9.72,11.61,120.53,6.1,63.34,1.1,8.59,2
10.15,74,1.03,1017,6.44,7.49,131.01,4.81,27.75,0.3,9.24,1
10.2,68,5.66,1018,3.98,4.66,130.95,1.17,71.05,0.74,7.39,2
10.29,73,1.03,1017,6.44,7.49,131.01,4.81,27.75,0.3,9.24,1
27.03,78,4.63,1012,3.9,6.17,107.01,0.7,28.86,0.27,0.13,1
23.87,96,0.89,1013,4.18,5.6,166.25,0.9,31.93,0.31,1.35,1
24.29,93,0.59,1013,2.11,2.52,128.17,0.65,31.91,0.22,0.31,1
21.81,89,5.14,1014,9.29,47.88,101.47,0.65,68.98,0.71,0.0,2
24.09,50,6.44,1012,27.0,132.46,134.47,1.61,67.62,1.25,0.79,4
21.78,89,5.14,1014,10.04,52.26,101.55,0.87,70.97,0.83,0.0,3
27.74,78,5.63,1010,0.91,3.08,64.39,0.02,24.11,0.07,0.0,1
20.35,68,1.24,1012,4.19,9.01,146.19,1.78,14.96,0.17,5.35,1
22.38,74,4.05,1012,1.26,3.87,78.72,0.37,19.29,0.03,1.68,1
26.95,78,0.0,1012,0.65,0.7,93.81,0.63,9.46,0.22,0.01,1
26.96,78,0.0,1012,0.6,0.64,93.39,0.39,9.76,0.13,0.01,1
22.17,89,1.19,1011,5.67,8.39,175.81,0.84,2.46,0.08,2.31,1
29.23,51,2.69,1008,10.68,29.44,131.92,0.38,25.76,0.06,1.64,2
19.46,89,0.84,1012,2.62,3.33,150.1,0.16,1.62,0.03,0.08,1
26.19,86,3.58,1013,3.68,14.56,78.45,0.03,32.42,0.14,0.0,1
26.92,78,6.17,1010,12.49,17.27,125.52,0.18,48.95,2.58,0.0,2
26.94,78,6.17,1011,12.49,17.27,125.52,0.18,48.95,2.58,0.0,2
32.18,57,3.64,1006,13.12,16.79,125.78,0.21,50.33,3.8,0.0,2
16.65,51,2.23,1016,21.2,32.39,147.48,2.63,56.93,1.83,4.24,2
20.63,47,0.33,1016,17.84,29.5,152.61,8.82,94.92,7.02,8.57,2
19.19,49,1.89,1015,31.09,49.46,171.74,4.59,112.64,11.73,46.95,3
15.16,46,2.25,1014,22.91,27.55,159.66,8.73,51.32,14.83,1.05,2
11.64,51,2.53,1015,21.66,26.31,150.12,13.73,46.19,19.18,0.74,2
27.85,72,3.6,1016,3.31,17.2,101.05,0.24,45.28,0.31,0.08,1
31.57,12,3.4,1008,19.33,66.3,247.72,2.36,67.78,1.04,15.18,3
30.12,48,3.34,1009,3.35,5.55,111.46,0.34,5.96,0.02,1.92,1
26.21,9,3.76,1010,16.47,51.46,106.43,0.34,50.21,0.16,0.79,3
29.06,84,4.12,1013,0.82,1.51,72.66,0.23,34.42,0.11,0.1,1
25.81,76,1.84,1013,5.29,8.38,173.96,1.87,12.8,0.28,0.98,1
30.12,52,3.16,1012,5.87,7.83,154.85,1.57,12.3,0.13,0.62,1
26.96,76,1.41,1008,28.13,29.54,305.11,2.44,34.8,0.56,3.97,3
26.99,78,1.54,1008,23.35,24.44,273.07,1.82,31.12,0.4,2.77,2
26.97,83,0.51,1009,44.61,47.49,434.66,3.28,40.86,0.95,3.66,3
23.06,56,6.0,1010,29.83,137.56,154.38,0.76,87.07,0.42,11.76,4
19.42,66,2.53,1011,8.38,16.57,92.31,0.71,51.44,0.38,10.52,1
15.73,83,1.02,1014,9.07,17.82,107.63,0.64,77.49,1.01,17.75,2
27.37,73,0.96,1011,2.3,4.25,73.08,0.28,27.68,0.11,0.13,1
23.62,89,2.67,1012,3.08,8.67,79.05,0.41,30.19,0.18,0.15,1
24.24,90,2.17,1013,3.64,11.44,67.76,0.09,35.29,0.15,0.05,1
16.92,88,5.14,1017,3.3,7.68,119.76,2.01,71.86,0.32,3.74,2
17.99,88,1.03,1016,12.29,37.12,112.54,0.2,96.23,0.3,1.37,2
14.97,67,3.09,1015,30.51,184.13,116.22,0.33,97.01,0.09,3.87,4
18.8,77,0.0,1014,18.17,49.38,119.05,1.68,71.49,0.43,0.37,2
22.08,73,2.06,1011,43.66,172.14,143.47,1.08,81.91,1.41,0.27,4
20.24,71,3.53,1011,28.41,65.64,118.31,0.96,75.74,0.76,0.0,3
26.18,78,3.6,1015,1.42,5.66,65.54,0.02,58.24,0.03,0.0,1
15.69,88,0.0,1015,4.0,7.61,109.5,3.0,31.67,0.78,13.25,1
13.22,85,0.86,1015,1.09,1.69,103.17,1.67,47.15,0.18,5.88,1
14.33,89,0.88,1016,5.77,9.51,106.74,2.47,55.59,0.75,8.96,1
26.26,76,5.14,1012,1.34,5.42,95.45,0.24,39.77,0.06,0.37,1
26.15,76,4.11,1012,1.2,4.76,97.37,0.23,36.01,0.05,0.31,1
26.12,76,4.11,1012,1.2,4.76,97.37,0.23,36.01,0.05,0.31,1
22.65,64,4.12,1012,16.83,20.98,307.22,9.33,6.17,2.85,5.63,2
22.86,64,4.12,1011,16.83,20.98,307.22,9.33,6.17,2.85,5.63,2
23.95,77,0.0,1014,21.5,33.02,234.16,11.03,85.99,14.47,1.05,2
23.46,89,2.4,1013,1.1,2.1,66.47,0.29,12.5,0.02,0.07,1
21.34,81,1.4,1011,5.4,8.3,141.23,1.37,8.0,0.11,0.6,1
18.01,84,4.57,1014,1.11,1.74,73.69,0.3,42.4,0.03,0.17,1
15.09,73,0.45,1017,1.93,2.54,119.32,1.4,47.02,0.1,6.92,1
15.58,76,1.68,1017,4.04,5.18,125.08,2.85,55.74,1.57,8.38,1
13.66,84,0.73,1016,10.65,12.54,128.46,0.97,67.95,0.52,0.24,2
16.95,97,1.82,1013,7.12,9.88,200.45,2.37,21.65,0.18,1.63,1
16.93,97,1.7,1013,7.12,9.88,200.45,2.37,21.65,0.18,1.63,1
17.04,98,1.46,1013,5.65,7.91,187.21,1.79,26.24,0.17,1.72,1
13.59,90,4.12,1010,5.4,7.33,142.86,3.94,98.85,0.9,0.76,2
24.13,60,5.66,1011,8.33,20.68,127.24,0.2,103.02,0.85,0.08,3
13.56,91,4.12,1010,5.65,8.16,138.83,2.98,100.85,0.74,0.47,3
12.82,66,8.23,1017,1.3,3.59,64.76,0.17,51.89,0.07,0.08,1
8.68,95,2.57,1023,0.8,3.01,78.99,0.76,50.26,0.17,0.37,1
9.86,87,4.92,1022,0.83,2.53,75.63,0.6,47.35,0.12,0.46,1
20.95,76,0.52,1012,11.0,16.17,110.34,0.35,86.17,0.3,3.33,2
22.25,57,3.03,1011,3.69,9.17,71.64,0.16,77.72,0.16,5.58,2
24.17,60,2.34,1010,7.58,19.16,85.96,0.3,82.73,0.18,7.11,2
26.93,78,4.63,1014,1.95,10.07,101.5,0.38,41.73,0.27,0.02,1
26.78,78,4.63,1014,1.67,8.48,100.46,0.3,42.49,0.23,0.02,1
30.6,60,1.17,1012,1.64,2.6,122.25,1.71,46.65,0.7,1.52,1
28.96,61,6.21,1007,6.45,8.83,174.92,1.62,56.8,0.34,3.71,1
28.81,65,2.72,1011,2.34,3.09,125.89,1.04,31.84,0.1,1.77,1
26.75,69,5.66,1015,1.27,4.7,98.52,0.13,55.3,0.12,0.01,1
27.85,65,6.17,1016,1.35,5.59,98.04,0.13,56.07,0.15,0.02,1
28.01,89,2.06,1008,7.01,8.92,260.78,5.36,48.74,1.38,3.44,1
23.0,88,1.91,1013,107.72,113.02,681.9,6.73,15.7,1.86,7.94,5
24.99,78,0.51,1013,78.65,85.34,549.09,6.58,59.76,3.89,5.45,5
28.1,69,5.14,1016,3.02,7.49,65.42,0.02,47.32,2.61,0.0,1
31.62,78,5.88,1012,0.74,2.38,60.58,0.01,19.21,0.05,0.0,1
10.18,90,1.54,1018,4.22,5.05,110.8,3.64,46.66,0.27,12.07,1
12.08,90,1.62,1018,4.95,7.1,118.63,6.12,31.14,0.33,8.81,1
11.09,93,1.51,1018,5.27,6.53,112.5,4.39,46.35,0.28,9.82,1
16.77,26,6.61,1018,25.72,53.25,104.68,2.89,57.95,7.82,13.5,3
29.08,73,8.37,1009,9.65,37.2,82.5,0.79,55.18,0.89,0.0,2
22.68,70,1.44,1013,9.89,35.3,88.87,1.88,55.77,2.57,0.01,2
26.89,83,2.57,1013,1.61,5.3,63.87,0.04,41.34,0.07,0.01,1
26.84,83,2.57,1013,1.61,5.3,63.87,0.04,41.34,0.07,0.01,1
26.76,83,2.57,1013,1.61,5.3,63.87,0.04,41.34,0.07,0.01,1
9.11,76,4.26,1015,5.99,9.55,130.47,4.26,43.69,4.02,1.21,1
14.48,78,11.32,998,1.02,2.64,64.58,0.12,57.44,0.17,0.0,1
18.63,79,2.85,1010,16.29,23.97,202.18,3.16,60.05,3.39,0.67,2
20.2,62,3.75,1014,4.46,5.75,86.68,0.56,28.45,0.1,0.2,1
19.36,69,1.54,1014,4.13,5.77,105.31,0.65,25.24,0.34,0.33,1
19.35,66,2.04,1014,4.2,5.48,96.1,0.49,26.5,0.29,0.26,1
16.01,82,2.66,1017,6.0,7.28,129.3,1.67,27.47,0.57,0.21,1
14.19,42,1.33,1016,19.05,20.72,101.9,1.25,33.09,0.26,0.09,2
16.51,73,3.0,1017,6.11,7.38,121.8,1.2,26.55,0.42,0.19,1
10.22,89,1.49,1013,0.91,3.02,109.18,4.0,52.3,0.13,35.22,1
10.44,89,1.49,1013,0.91,3.02,109.18,4.0,52.3,0.13,35.22,1
25.84,58,4.04,1006,29.09,119.54,124.62,1.62,125.94,0.86,0.35,4
27.02,61,2.06,1007,35.34,157.84,125.76,2.0,121.01,3.65,0.07,4
26.0,61,4.12,1006,27.78,109.62,128.77,2.84,121.51,1.07,0.88,4
15.53,69,0.56,1014,11.19,24.25,260.4,2.5,51.49,0.09,2.4,2
16.17,69,3.22,1016,11.87,60.36,124.46,0.36,80.76,0.04,0.67,3
19.85,56,3.41,1018,7.18,20.88,116.9,0.6,66.43,0.06,0.55,2
26.77,76,6.69,1017,1.2,4.18,102.33,0.81,42.46,0.53,0.06,1
15.51,82,0.51,1015,8.03,10.24,112.74,3.81,95.23,2.12,0.7,2
16.23,87,2.83,1014,7.72,10.32,112.78,2.75,100.41,1.78,0.23,3
15.84,79,1.6,1014,7.47,10.11,110.68,1.62,100.25,1.36,0.0,3
14.09,63,1.03,1017,2.98,3.67,102.82,3.13,75.54,0.72,29.66,2
6.84,93,1.03,1019,1.61,2.51,92.87,1.81,52.67,0.24,30.07,1
8.98,75,1.39,1019,1.7,2.3,98.63,2.23,54.67,0.25,22.59,1
23.03,90,4.45,1014,6.51,21.46,70.32,0.04,48.28,0.25,0.0,2
12.78,39,1.25,1018,18.6,87.31,69.49,0.3,34.48,0.1,0.11,3
16.47,79,0.84,1017,2.72,4.3,90.06,1.21,31.06,0.09,0.28,1
11.58,57,1.03,1021,3.59,13.52,82.7,0.78,40.4,0.05,1.22,1
9.77,41,2.06,1023,3.59,9.17,130.3,3.42,46.23,0.17,1.74,1
9.95,62,2.06,1020,5.38,13.21,143.28,2.74,42.57,0.15,0.81,1
15.56,76,5.66,1005,2.05,4.28,111.94,4.24,45.49,0.45,6.21,1
14.22,92,0.51,1007,3.93,6.76,108.63,3.07,65.69,0.37,2.61,2
14.99,91,1.54,1006,1.48,2.85,101.21,2.47,46.89,0.03,3.35,1
16.55,91,3.09,1033,1.3,2.53,71.46,1.08,40.56,0.22,0.03,1
10.9,93,3.6,1033,1.74,3.47,69.35,1.75,56.31,2.32,0.02,1
21.64,72,3.6,1028,1.57,2.18,64.03,0.41,40.93,0.11,0.0,1
27.97,69,10.8,1010,3.2,11.26,122.92,1.77,60.97,1.6,0.36,2
27.83,76,10.8,1010,3.2,11.26,122.92,1.77,60.97,1.6,0.36,2
27.89,69,10.8,1010,3.2,11.26,122.92,1.77,60.97,1.6,0.36,2
16.03,94,3.09,1018,5.3,8.11,130.53,0.5,85.97,0.13,1.27,2
17.37,66,5.33,1017,5.05,8.73,128.76,0.94,75.66,0.14,2.69,2
14.48,77,3.09,1017,1.07,1.42,96.92,1.09,50.22,0.04,9.33,1
12.95,88,1.54,1012,8.51,9.81,110.65,0.82,91.1,0.48,0.41,2
14.74,88,2.57,1010,6.23,6.65,106.38,0.97,85.9,0.25,0.77,2
11.84,93,1.94,1012,8.34,8.81,110.05,0.76,87.33,0.24,0.41,2
27.27,78,6.69,1015,2.59,13.59,102.75,0.04,35.75,0.12,0.04,1
23.99,83,1.54,1009,45.59,54.27,461.21,10.37,17.75,1.66,6.06,3
24.62,84,2.16,1009,20.97,21.22,226.42,0.12,115.71,0.2,0.29,3
24.0,83,1.54,1009,54.47,64.68,529.63,12.41,16.94,2.12,6.91,4
9.6,88,5.14,1008,7.32,7.43,133.52,4.15,92.83,0.75,2.32,2
10.03,87,3.6,1009,5.61,5.82,133.54,5.21,92.01,0.91,2.9,2
9.27,89,5.14,1009,5.27,5.49,137.92,5.23,92.44,0.92,1.82,2
35.06,31,2.06,1008,18.82,53.99,162.58,1.64,33.52,0.16,6.74,3
33.29,29,0.53,1009,10.29,19.47,185.44,2.07,10.8,0.16,3.92,2
37.32,19,1.23,1008,16.77,44.02,192.91,1.59,26.02,0.32,7.72,2
11.83,94,2.57,1014,5.71,6.48,99.86,1.91,40.18,0.7,5.05,1
17.11,88,6.17,1014,13.0,14.56,109.47,1.49,59.9,0.36,7.41,2
10.96,100,1.54,1014,2.08,2.56,98.06,2.12,27.54,0.18,1.16,1
29.98,37,5.14,1007,40.34,177.9,139.82,7.09,98.94,15.44,0.08,4
29.97,37,5.14,1007,42.15,191.18,140.44,7.0,93.38,11.91,0.13,4
29.79,37,6.63,1007,46.84,213.58,140.18,6.57,92.69,14.03,0.08,5
21.35,86,1.33,1016,2.01,2.89,111.3,0.67,9.48,0.12,0.77,1
14.33,94,1.69,1017,3.55,5.21,154.1,1.47,22.39,0.32,4.34,1
13.03,96,1.38,1017,10.27,16.09,289.83,3.54,17.27,0.77,7.82,2
27.88,83,6.38,1011,1.06,2.43,81.22,0.08,27.61,0.08,0.12,1
27.46,83,5.03,1011,0.96,2.35,78.47,0.07,28.12,0.08,0.09,1
27.29,83,4.15,1011,1.0,2.58,80.69,0.07,27.68,0.08,0.11,1
27.03,100,0.51,1009,0.7,0.74,67.4,0.38,1.81,0.09,1.3,1
26.99,100,0.51,1009,0.7,0.74,67.4,0.38,1.81,0.09,1.3,1
27.0,100,0.51,1009,0.6,0.62,56.66,0.23,1.45,0.06,0.88,1
9.99,76,3.6,1018,0.69,1.84,43.44,0.3,54.73,0.1,0.02,1
16.01,67,2.57,1022,1.93,4.22,62.29,0.33,27.02,0.04,0.34,1
17.84,45,1.54,1018,1.35,1.95,59.4,0.71,41.98,0.17,0.34,1
13.38,99,2.06,1021,1.54,1.8,94.22,4.92,16.68,0.28,0.17,1
21.94,81,5.14,1017,1.32,3.64,74.66,0.2,57.73,0.06,0.02,1
20.44,83,0.0,1018,0.98,1.41,106.26,8.11,23.94,0.29,0.71,1
28.99,70,5.66,1017,1.78,7.8,98.08,0.08,42.26,0.13,0.0,1
27.96,69,4.63,1016,1.67,6.02,89.97,0.17,43.75,0.17,0.0,1
27.97,69,4.63,1016,1.67,6.02,89.97,0.17,43.75,0.17,0.0,1
6.01,95,0.4,1017,78.06,93.59,1205.64,24.74,1.5,3.08,36.89,5
19.46,77,2.78,1012,83.51,95.12,980.76,19.2,15.04,2.27,31.94,5
16.92,84,2.04,1013,70.04,79.03,928.35,13.33,16.61,1.57,11.97,4
12.56,52,2.08,1016,2.57,8.13,68.77,0.64,41.05,0.12,0.07,1
19.0,40,3.8,1014,2.42,4.92,68.89,0.18,36.62,0.09,0.1,1
12.41,52,2.1,1016,2.57,8.13,68.77,0.64,41.05,0.12,0.07,1
4.51,93,1.48,1014,2.24,2.76,117.92,2.26,52.68,0.24,27.65,1
9.99,76,3.0,1013,0.57,0.7,118.01,0.76,68.21,0.45,5.16,2
5.67,92,2.72,1013,1.32,1.85,127.42,2.42,54.57,0.31,5.03,1
30.01,13,4.12,1010,4.78,14.33,107.3,0.18,43.57,0.13,0.18,1
29.05,80,7.27,1011,3.76,15.55,90.5,0.13,41.63,0.15,0.08,1
31.1,52,5.85,1011,3.58,11.74,100.89,0.21,44.83,0.18,0.29,1
12.64,30,9.26,1018,3.15,3.41,131.51,3.88,88.37,2.03,3.18,2
12.77,47,8.23,1014,0.5,0.5,121.36,0.3,91.71,0.12,0.41,2
22.61,26,0.89,1005,1.65,4.8,95.52,0.14,104.73,0.04,0.66,3
21.99,92,0.67,1013,3.26,4.22,120.07,0.6,11.77,0.13,0.44,1
19.05,66,1.11,1014,3.97,5.13,113.81,0.56,7.92,0.21,0.09,1
21.04,94,1.13,1013,2.15,3.3,123.53,0.26,3.87,0.02,0.06,1
23.23,77,1.61,1012,0.98,1.24,82.49,0.02,2.58,0.0,0.04,1
23.08,80,1.63,1012,0.98,1.24,82.49,0.02,2.58,0.0,0.04,1
22.98,76,1.51,1012,0.98,1.31,90.77,0.03,3.95,0.0,0.07,1
22.28,91,0.81,1013,3.26,4.22,120.07,0.6,11.77,0.13,0.44,1
24.48,96,2.85,1013,6.3,17.36,76.61,0.15,33.97,0.17,0.0,1
22.7,98,1.18,1013,7.47,19.83,89.88,0.85,29.25,0.25,0.13,1
12.97,93,3.09,1007,1.27,1.42,108.17,1.79,57.31,0.11,5.5,1
13.18,88,2.06,1009,1.24,1.42,106.26,1.37,44.96,0.14,1.69,1
13.41,93,1.03,1007,2.33,2.55,122.02,3.33,44.14,0.18,2.07,1
28.72,84,3.6,1012,0.56,1.56,68.36,0.17,30.31,0.1,0.01,1
28.31,84,3.6,1012,0.55,1.55,68.94,0.17,30.45,0.1,0.01,1
24.18,82,2.51,1011,1.8,3.35,120.6,0.71,17.66,0.16,0.49,1
21.46,27,0.0,1012,20.27,26.09,327.62,11.23,46.32,0.26,6.37,2
20.93,27,0.56,1013,14.87,19.44,280.2,9.91,43.51,0.25,3.92,2
20.93,28,0.0,1013,20.27,26.09,327.62,11.23,46.32,0.26,6.37,2
24.86,93,0.89,1013,1.43,2.46,80.14,0.03,26.32,0.02,0.04,1
20.66,99,1.18,1015,1.28,1.47,71.96,0.72,6.6,0.09,0.06,1
18.37,92,0.84,1016,4.03,6.27,147.36,1.14,4.47,0.18,0.61,1
21.92,73,2.0,1012,27.13,39.39,291.19,19.34,21.99,10.43,4.4,3
20.94,47,2.17,1010,29.28,49.23,261.76,12.74,28.7,5.71,31.77,3
23.44,92,0.43,1013,16.38,24.36,212.07,0.75,108.87,0.84,0.0,3
16.73,67,3.09,1015,0.76,0.94,129.41,1.4,26.58,0.15,0.95,1
28.03,57,3.09,1009,4.95,5.35,116.94,1.65,20.0,2.01,1.94,1
25.99,57,2.06,1013,5.58,5.95,103.66,1.83,10.19,3.71,1.39,1
22.79,77,8.75,1015,4.69,6.94,111.76,0.43,43.37,0.39,0.0,1
29.93,74,3.6,1011,1.6,2.16,114.1,1.22,35.05,0.23,3.83,1
24.8,70,8.75,1014,6.58,9.14,114.88,0.41,47.26,0.47,0.0,1
29.24,74,2.57,1015,3.93,5.23,110.8,0.1,53.74,0.12,0.12,1
29.16,70,2.06,1015,3.03,7.65,103.58,0.22,50.91,0.28,0.21,1
30.19,66,6.17,1015,5.79,7.47,118.48,0.12,59.02,0.34,0.28,1
22.27,73,8.23,1016,5.29,27.4,101.98,0.16,75.48,0.33,0.0,2
21.75,68,12.35,1017,3.92,19.47,103.17,0.12,81.01,0.25,0.01,2
22.02,73,7.72,1017,4.49,22.32,104.63,0.15,85.69,0.32,0.0,2
27.53,74,9.26,1011,3.3,8.83,138.85,1.34,57.38,0.81,0.77,1
27.61,74,9.26,1011,3.3,8.83,138.85,1.34,57.38,0.81,0.77,1
13.76,72,0.0,1014,6.36,11.2,106.39,0.4,96.05,0.38,0.05,2
17.96,63,1.54,1013,6.58,10.87,104.76,0.19,93.75,0.27,0.0,2
19.06,59,2.57,1014,6.5,11.87,107.82,0.58,96.3,0.49,0.05,2
12.69,63,2.06,1006,4.46,5.24,119.64,2.87,53.96,0.56,13.32,1
13.18,71,4.12,1006,1.64,2.53,118.72,3.52,68.75,1.09,5.13,2
12.5,76,1.03,1009,2.88,3.45,117.98,1.77,75.8,0.41,8.4,2
13.08,69,2.68,1006,5.14,5.99,126.49,6.35,47.06,0.87,13.38,1
10.41,67,4.12,1008,4.06,5.12,127.14,2.89,81.8,1.09,8.47,2
12.5,93,0.45,1008,1.29,1.44,107.42,2.19,66.44,0.08,20.81,2
28.15,73,1.06,1010,6.57,23.14,108.36,0.78,52.23,0.12,5.15,2
23.91,70,1.64,1011,7.4,24.38,171.43,1.37,40.23,0.22,7.45,2
26.83,53,1.7,1010,5.92,18.65,131.08,0.93,43.88,0.13,3.64,1
9.24,80,1.54,1008,5.35,5.63,126.6,3.06,99.14,1.11,8.64,2
3.7,80,2.51,1008,0.63,1.76,130.78,1.1,91.21,0.39,12.98,2
5.24,80,3.19,1009,0.71,1.74,129.33,1.53,85.79,0.54,19.19,2
27.01,77,4.96,1016,2.08,10.06,96.55,1.17,49.59,0.84,0.04,1
28.09,76,1.34,1016,1.9,6.27,98.65,0.15,45.68,0.13,0.0,1
27.74,74,6.71,1016,2.31,4.17,108.92,1.49,36.24,0.5,4.98,1
28.19,76,1.34,1016,1.9,6.27,98.65,0.15,45.68,0.13,0.0,1
17.37,72,3.09,1015,3.16,6.99,115.61,5.96,59.54,0.32,1.27,1
16.93,77,2.06,1016,6.43,10.05,118.33,5.28,70.79,0.84,0.63,2
13.67,88,1.54,1016,15.76,76.77,103.79,2.11,93.62,0.34,0.93,3
13.53,87,1.22,1014,3.72,4.8,216.22,7.31,14.82,1.26,2.35,1
26.59,85,2.48,1008,10.25,31.47,89.57,0.38,42.5,0.36,0.0,2
15.95,82,3.6,1016,3.72,5.78,174.99,6.24,25.77,0.87,0.53,1
10.19,62,2.06,1009,1.23,1.38,129.65,0.6,71.22,0.25,0.55,2
9.14,81,1.03,1011,1.1,1.59,113.8,1.93,32.84,0.02,0.73,1
8.05,90,2.07,1011,0.76,0.93,121.85,1.37,46.08,0.1,0.93,1
21.42,28,3.6,1015,15.41,50.54,129.78,7.83,91.24,11.72,12.01,3
17.9,68,0.0,1015,23.33,62.2,115.42,2.1,98.66,12.82,0.61,3
21.42,28,3.54,1015,15.41,50.54,129.78,7.83,91.24,11.72,12.01,3
18.98,63,6.17,1017,7.18,45.21,107.8,0.18,87.25,0.22,0.0,2
18.44,80,6.26,1017,4.03,20.24,108.16,0.26,91.64,0.45,0.0,2
18.86,77,4.37,1018,2.38,8.11,110.01,0.23,94.66,0.32,0.0,2
15.8,77,2.2,1016,12.98,28.06,123.62,0.88,57.8,0.22,5.93,2
24.83,43,2.67,1012,15.46,31.57,116.55,0.88,54.34,0.2,5.48,2
32.56,33,4.63,1007,19.26,48.77,106.99,0.32,58.66,0.15,1.49,2
11.02,81,2.57,1014,0.56,1.55,103.99,0.5,82.61,0.09,3.06,2
17.5,55,3.09,1011,4.91,13.84,113.09,1.4,100.96,1.05,0.18,3
18.4,60,2.68,1013,1.11,2.18,114.2,2.03,76.14,0.09,2.19,2
15.49,77,2.06,1016,13.39,20.36,423.86,4.88,31.42,0.91,31.19,2
17.03,33,3.77,1015,1.22,3.11,81.92,0.54,21.08,0.04,3.22,1
17.28,68,2.28,1015,13.6,18.86,279.79,3.43,35.99,0.45,9.06,2
8.2,79,1.79,1008,1.66,2.17,134.75,2.59,59.0,0.54,1.07,1
8.18,80,1.79,1008,1.76,2.09,132.75,3.53,59.67,0.82,0.78,1
7.6,64,2.06,1008,3.48,3.9,138.82,4.06,62.54,0.79,1.75,2
26.94,61,3.09,1015,0.77,3.45,62.83,0.02,52.0,0.03,0.0,1
26.99,61,3.09,1015,0.77,3.45,62.83,0.02,52.0,0.03,0.0,1
27.83,47,2.06,1015,0.9,3.82,63.23,0.02,52.41,0.04,0.0,1
12.0,96,3.6,1006,5.55,5.79,123.57,3.1,38.31,0.15,1.91,1
16.9,83,1.79,1010,4.03,13.82,115.2,0.74,99.96,1.09,0.42,2
13.36,89,4.63,1009,2.22,2.68,105.36,1.18,46.38,0.2,1.11,1
24.82,92,1.39,1013,3.85,11.97,76.39,0.11,27.53,0.12,0.0,1
25.81,87,2.85,1012,3.83,12.49,72.94,0.04,30.58,0.14,0.0,1
22.62,90,1.07,1013,2.07,2.43,71.5,0.11,8.32,0.0,0.03,1
6.5,67,2.06,1013,1.09,3.3,130.4,3.9,98.09,2.25,1.0,2
5.26,77,1.54,1014,1.31,2.56,127.91,5.09,77.55,0.99,6.52,2
9.62,79,5.66,1013,0.6,0.98,123.26,0.5,92.48,0.37,0.5,2
15.08,77,3.6,1018,1.04,1.31,94.84,2.2,52.46,0.09,13.74,1
15.99,82,0.0,1016,5.4,5.97,101.61,3.96,78.91,1.0,51.12,2
14.33,83,3.4,1014,8.1,8.51,117.45,4.54,91.92,0.66,35.86,2
26.99,89,2.57,1013,0.59,0.62,109.73,0.06,5.17,0.02,0.0,1
26.99,89,2.57,1013,0.59,0.62,109.73,0.06,5.17,0.02,0.0,1
24.48,93,1.67,1013,0.5,0.5,101.04,0.1,7.49,0.03,0.01,1
10.61,81,5.66,1012,2.22,3.24,122.37,1.67,100.24,0.8,1.15,3
24.73,92,2.7,1012,0.75,1.56,80.53,0.68,18.6,0.1,0.1,1
29.23,84,4.63,1012,1.08,2.55,77.5,0.17,26.94,0.26,0.01,1
32.38,43,5.14,1008,7.3,10.21,170.35,2.67,17.5,0.21,1.01,1
17.22,82,2.06,1016,0.77,2.43,107.13,3.11,52.35,0.34,1.76,1
23.08,78,3.6,1011,16.96,74.22,115.13,1.49,87.02,1.35,0.0,3
23.02,78,3.6,1011,16.2,73.65,113.13,1.54,87.69,1.36,0.0,3
23.01,78,3.6,1011,16.96,74.22,115.13,1.49,87.02,1.35,0.0,3
27.04,78,1.03,1012,10.36,44.84,103.53,0.5,65.19,0.49,0.0,2
27.05,78,1.03,1012,10.36,44.84,103.53,0.5,65.19,0.49,0.0,2
23.54,85,0.88,1013,5.43,6.67,153.39,0.48,8.47,0.11,0.27,1
26.82,69,3.09,1016,1.33,6.39,98.13,0.24,42.23,0.21,0.01,1
26.94,69,3.09,1017,1.33,6.39,98.13,0.24,42.23,0.21,0.01,1
27.02,69,3.09,1016,1.33,6.39,98.13,0.24,42.23,0.21,0.01,1
24.72,90,1.14,1013,3.0,7.74,83.09,0.04,26.05,0.09,0.0,1
26.96,85,1.32,1013,2.01,4.53,78.2,0.04,27.06,0.04,0.03,1
20.55,99,0.17,1014,2.75,3.35,80.27,0.34,8.16,0.09,0.03,1
18.93,68,0.89,1013,20.17,38.19,111.57,2.0,77.53,1.09,0.67,2
17.32,77,0.89,1014,9.28,10.94,108.32,1.68,51.81,1.24,7.27,1
15.99,68,0.62,1015,9.72,13.6,112.83,1.26,75.56,0.43,0.82,2
25.91,65,5.14,1009,10.57,12.48,165.27,0.48,45.36,1.17,1.22,2
27.05,65,5.14,1010,13.42,15.26,164.27,0.34,46.64,1.02,0.61,2
24.42,65,5.14,1010,8.41,9.93,154.16,0.38,44.04,0.93,0.83,1
28.88,79,7.72,1011,2.99,6.87,103.87,0.06,44.7,0.08,0.0,1
28.43,80,7.72,1011,2.99,6.87,103.87,0.06,44.7,0.08,0.0,1
29.37,79,7.72,1011,2.89,6.54,103.16,0.06,44.85,0.08,0.0,1
26.06,78,2.57,1012,17.15,83.47,113.3,0.6,81.35,0.87,0.0,3
31.03,40,3.99,1010,21.5,95.78,116.19,0.36,64.55,0.36,0.15,3
29.16,50,4.64,1011,20.3,91.26,116.45,0.39,70.76,0.48,0.04,3
26.59,96,3.27,1012,0.93,0.99,107.91,0.94,9.59,0.23,0.03,1
25.34,98,1.5,1012,0.52,0.53,95.56,0.27,7.74,0.02,0.02,1
25.85,88,2.43,1012,0.64,0.67,107.28,0.35,10.24,0.05,0.08,1
23.59,88,0.69,1013,15.01,22.89,209.91,0.78,106.1,0.73,0.0,3
23.64,89,0.66,1013,15.01,22.89,209.91,0.78,106.1,0.73,0.0,3
23.62,89,1.54,1013,14.5,22.34,209.75,0.95,104.11,0.81,0.17,3
31.92,29,2.57,1013,21.28,24.27,139.15,0.48,57.85,9.4,0.85,2
31.69,62,7.72,1008,9.99,11.63,179.01,1.9,49.31,0.39,3.82,1
31.9,70,4.63,1009,4.25,5.31,120.64,0.8,73.62,0.22,1.23,2
15.82,77,3.09,1009,3.56,4.0,101.62,1.13,69.22,0.04,0.62,2
15.06,100,4.12,1013,10.58,14.05,122.88,2.76,89.83,1.6,0.34,2
16.48,94,1.54,1012,5.56,7.07,112.16,1.77,107.22,0.97,0.08,3
28.58,65,0.49,1015,3.39,12.59,98.66,0.13,47.87,0.22,0.01,1
28.34,64,0.15,1016,3.39,12.59,98.66,0.13,47.87,0.22,0.01,1
27.27,80,7.68,1015,7.09,9.66,146.03,0.59,72.32,0.53,3.36,2
17.58,60,3.13,1010,2.19,3.31,117.18,2.79,44.62,0.1,9.55,1
10.88,71,2.06,1011,3.17,4.24,123.8,2.48,52.52,0.07,7.11,1
17.81,55,2.94,1010,3.62,5.28,117.03,5.01,48.71,1.14,4.52,1
27.11,90,1.54,1011,9.0,18.16,156.77,0.95,41.18,0.62,3.18,1
26.68,93,2.57,1010,5.85,13.14,139.59,1.22,47.13,0.55,1.68,1
27.07,94,1.54,1011,9.0,18.16,156.77,0.95,41.18,0.62,3.18,1
8.63,76,4.63,1017,0.62,0.81,123.69,1.49,73.66,0.52,5.25,2
9.87,71,4.63,1019,0.56,1.02,122.65,0.57,94.57,0.38,3.0,2
7.97,78,2.17,1020,0.5,0.67,123.34,0.87,71.85,0.4,5.33,2
18.73,40,1.79,1014,9.63,29.04,109.37,2.43,91.55,1.61,9.06,2
17.85,71,1.03,1014,9.84,30.16,107.78,5.17,73.78,1.06,38.44,2
18.88,84,0.78,1014,8.87,19.21,106.6,0.5,88.12,0.53,0.43,2
9.88,76,5.14,1015,0.5,0.74,125.87,1.33,95.11,0.85,0.89,2
30.01,74,2.57,1005,18.55,73.45,98.88,0.23,69.63,0.77,0.01,3
28.03,57,3.09,1007,70.02,88.84,498.01,4.71,99.89,5.24,53.96,4
22.81,85,4.92,1010,33.03,40.21,430.72,11.92,29.83,2.34,16.54,3
26.95,32,2.06,1011,21.61,71.71,181.94,6.51,118.56,16.63,0.63,3
20.68,70,0.45,1013,18.59,73.11,198.83,4.47,89.58,3.12,2.35,3
15.85,82,2.06,1014,20.87,52.16,283.81,8.54,88.95,2.29,2.67,3
16.99,34,3.09,1014,5.88,9.67,177.24,9.39,94.37,3.4,5.73,2
14.08,82,2.06,1020,15.39,81.76,122.02,1.54,68.35,0.27,2.12,3
12.77,17,1.29,1013,12.49,19.46,175.83,6.9,106.06,1.28,15.51,3
7.81,100,5.14,1013,4.34,11.22,123.09,0.12,92.02,0.81,0.0,2
7.84,100,5.14,1013,4.34,11.22,123.09,0.12,92.02,0.81,0.0,2
7.93,100,5.14,1013,4.34,11.22,123.09,0.12,92.02,0.81,0.0,2
18.25,89,2.06,1013,6.85,12.05,119.77,0.58,89.45,1.0,0.01,2
14.34,87,1.54,1011,2.8,3.23,122.52,2.5,43.05,0.52,0.95,1
18.52,65,4.12,1014,8.21,22.86,114.28,0.4,92.71,1.32,0.0,2
9.92,82,6.69,1009,2.87,3.09,121.2,1.38,93.58,0.32,1.27,2
29.53,54,7.2,1015,3.43,18.99,98.03,0.15,52.52,0.27,0.0,1
29.79,61,7.2,1015,3.47,19.19,98.03,0.14,52.78,0.27,0.0,1
29.96,61,7.2,1015,3.47,19.19,98.03,0.14,52.78,0.27,0.0,1
19.05,39,0.0,1016,10.34,24.08,117.47,3.7,99.63,2.84,4.82,2
19.95,39,0.0,1016,11.41,24.23,125.92,5.36,105.6,4.16,5.0,3
16.75,60,2.99,1015,13.61,26.82,137.79,11.14,85.72,4.2,8.67,2
21.35,65,4.12,1021,2.64,4.59,153.49,1.8,120.92,4.0,0.11,3
21.36,71,4.12,1021,2.57,5.39,152.33,1.26,121.27,2.85,0.14,3
19.02,45,2.57,1020,4.83,6.32,166.83,1.76,123.5,1.3,0.77,3
15.57,95,0.87,1017,2.49,3.12,88.64,0.41,39.99,0.08,0.42,1
17.1,91,2.31,1015,6.81,11.21,334.05,3.08,19.92,0.34,4.14,1
24.92,87,4.95,1013,4.62,7.2,177.9,2.04,23.35,0.45,0.76,1
13.11,87,3.09,1017,0.83,0.92,91.5,0.72,73.25,0.12,3.71,2
14.51,88,3.0,1019,1.66,2.53,81.32,0.16,73.68,0.21,1.24,2
17.15,81,1.41,1018,1.64,2.44,101.92,0.54,83.19,0.36,1.22,2
25.67,89,1.39,1010,27.18,28.88,760.32,12.9,19.1,1.52,2.23,3
26.71,84,1.33,1010,5.82,6.49,285.89,4.31,34.49,0.47,0.4,1
26.88,83,0.76,1010,27.89,28.29,421.57,2.91,4.87,0.28,0.66,3
32.0,66,3.6,1010,0.53,2.37,66.32,0.01,9.88,0.02,0.0,1
25.73,79,0.11,1015,2.54,8.4,69.32,0.07,51.37,0.12,0.01,1
25.58,77,0.29,1014,2.03,6.23,67.17,0.06,52.09,0.11,0.0,1
26.64,74,1.84,1013,2.14,6.79,67.62,0.06,53.13,0.12,0.01,1
14.15,58,3.4,1014,12.88,23.22,139.22,0.45,112.99,3.16,0.62,3
15.18,35,1.25,1012,22.27,27.31,160.85,5.69,92.27,3.35,1.34,2
13.78,74,4.12,1013,12.66,22.07,134.21,0.24,113.85,6.84,0.12,3
16.76,67,1.03,1015,18.08,24.89,159.68,5.18,109.37,1.78,2.26,3
17.95,72,0.51,1017,17.19,23.29,150.23,1.17,128.45,7.23,0.0,3
16.95,67,1.03,1015,19.06,26.88,152.08,1.34,115.63,1.58,0.56,3
28.83,30,5.08,1009,43.17,213.23,118.45,1.23,101.82,0.74,0.16,5
28.92,31,4.77,1009,42.64,216.09,119.69,0.96,106.31,0.69,0.25,5
29.36,28,5.06,1009,42.64,216.09,119.69,0.96,106.31,0.69,0.25,5
30.01,62,4.63,1013,3.13,10.74,100.59,0.14,46.46,0.27,0.02,1
30.01,62,4.63,1014,3.13,10.74,100.59,0.14,46.46,0.27,0.02,1
12.28,88,1.0,1015,1.4,1.94,82.66,0.84,52.39,0.06,1.71,1
13.33,88,3.0,1020,5.42,6.99,116.14,4.06,54.8,0.38,4.47,1
4.05,70,1.0,1027,0.57,0.63,124.71,0.78,51.97,0.33,0.86,1
28.84,87,1.22,1010,33.0,35.36,733.06,9.88,2.05,1.02,4.74,3
27.14,80,2.17,1010,48.78,51.57,1070.53,23.71,12.36,2.4,12.78,3
25.06,88,1.36,1011,8.77,9.92,300.64,5.88,23.08,0.81,2.89,1
23.74,69,2.31,1014,11.78,16.84,120.79,2.2,89.66,0.94,2.68,2
20.89,60,1.78,1014,15.23,20.73,157.39,2.84,83.89,3.09,6.43,2
24.07,67,1.84,1014,10.88,17.88,118.22,2.83,89.78,1.04,3.05,2
26.93,65,3.6,1015,2.35,10.78,94.77,0.42,48.28,0.38,0.04,1
26.13,76,3.6,1015,2.45,12.08,95.18,0.3,47.5,0.3,0.02,1
26.16,92,0.71,1006,2.76,3.97,131.52,1.37,59.62,0.4,0.0,1
26.15,92,0.89,1006,2.76,3.97,131.52,1.37,59.62,0.4,0.0,1
26.08,92,0.89,1006,2.76,3.97,131.52,1.37,59.62,0.4,0.0,1
26.88,88,2.85,1012,0.6,1.28,93.05,0.14,27.48,0.06,0.11,1
23.47,97,1.54,1014,1.88,3.29,120.28,0.72,30.41,0.22,0.51,1
26.96,88,2.27,1013,0.5,1.28,83.6,0.11,23.94,0.06,0.05,1
4.37,70,3.52,1018,0.5,0.76,55.51,0.15,46.44,0.04,0.07,1
4.74,71,3.47,1017,0.5,1.2,56.4,0.22,45.54,0.09,0.1,1
3.7,79,9.77,1016,0.5,0.5,54.5,0.13,46.64,0.02,0.07,1
5.83,99,2.57,1012,3.09,3.93,126.2,6.4,28.16,0.52,6.23,1
5.18,93,2.06,1012,2.91,3.86,126.41,3.72,39.27,0.4,5.15,1
7.01,81,6.46,1010,1.31,1.56,121.31,2.28,72.36,1.22,7.79,2
11.88,95,3.09,1005,1.36,1.45,100.16,1.17,45.66,0.02,1.49,1
11.93,95,1.34,1005,1.32,1.43,101.95,1.25,47.18,0.03,1.57,1
11.86,96,3.09,1005,1.4,1.49,101.6,1.19,48.24,0.03,1.52,1
7.79,82,3.09,1009,1.47,2.09,123.57,2.25,50.09,0.09,1.64,1
5.63,96,1.3,1013,2.04,3.45,122.47,3.98,21.96,0.06,2.11,1
4.95,75,2.57,1010,1.8,2.03,127.18,2.56,77.78,1.06,1.21,2
18.74,84,2.03,1017,43.62,119.36,133.74,2.57,78.8,5.09,0.0,4
28.46,27,8.53,1011,34.48,98.85,141.97,2.46,77.08,0.99,0.26,3
18.67,89,8.16,1015,47.98,159.6,166.36,2.34,82.25,1.28,0.0,4
18.04,77,1.03,1017,1.6,7.32,106.26,1.62,68.71,0.85,0.59,2
13.23,100,0.0,1017,1.64,4.39,107.06,2.69,75.12,2.34,0.51,2
14.08,88,3.09,1017,2.71,6.28,95.39,1.55,60.61,0.32,0.9,2
17.1,88,2.06,1011,4.46,12.09,114.11,0.4,102.63,1.0,0.04,3
10.02,91,2.06,1014,1.99,3.11,122.19,3.4,33.88,0.39,9.95,1
10.44,91,2.11,1014,3.19,3.53,115.03,1.49,32.31,0.16,1.03,1
10.94,88,0.4,1014,2.13,4.38,122.62,4.01,24.32,0.27,15.32,1
16.88,77,1.54,1014,7.73,10.82,112.83,1.82,102.8,1.43,0.13,3
10.62,93,2.09,1015,7.25,10.84,114.68,1.94,98.84,1.46,0.14,2
13.5,100,0.0,1014,6.25,10.49,118.22,2.87,91.98,1.73,0.13,2
16.98,100,2.57,1020,5.15,9.16,150.72,1.57,15.39,0.12,0.51,1
22.0,94,3.09,1017,2.33,3.58,87.29,0.6,18.43,0.09,0.19,1
11.31,92,1.64,1021,2.22,3.17,91.2,0.66,18.07,0.03,0.13,1
30.98,79,2.57,1011,0.68,1.62,100.77,0.01,16.38,0.03,0.0,1
13.9,88,0.51,1013,1.28,1.91,94.91,1.37,37.12,0.04,2.86,1
13.31,85,1.04,1013,1.24,2.19,92.47,1.43,32.18,0.05,2.78,1
12.02,85,1.13,1014,2.49,2.9,90.27,1.69,29.49,0.12,4.06,1
35.3,36,1.54,1009,19.87,54.58,164.82,0.77,24.05,0.11,11.03,3
30.3,43,0.71,1010,9.7,19.34,160.68,1.16,11.23,0.09,3.83,1
34.15,32,1.44,1010,17.13,43.59,158.76,0.6,18.36,0.09,3.47,2
25.98,94,1.03,1009,26.24,28.36,610.54,6.76,31.22,0.72,2.97,3
22.87,94,0.32,1010,30.63,35.98,747.77,10.09,27.27,0.81,10.5,3
23.47,91,0.14,1010,49.68,51.38,1047.1,13.79,8.12,1.33,8.01,3
17.07,20,6.0,1002,4.16,22.69,91.86,0.23,82.69,0.11,0.43,2
13.51,51,2.9,997,0.73,1.46,93.75,0.44,63.98,0.03,2.44,2
16.07,42,2.18,997,1.57,6.18,94.39,0.22,83.62,0.02,1.03,2
23.85,88,1.03,1013,13.5,21.24,209.44,1.28,100.13,0.98,0.51,3
23.96,88,1.03,1013,12.75,20.19,203.95,0.42,100.35,0.35,0.0,3
23.82,88,1.03,1013,12.75,20.19,203.95,0.42,100.35,0.35,0.0,3
28.08,79,9.26,1012,4.0,11.28,104.45,0.15,49.17,0.14,0.0,1
26.97,78,4.63,1016,1.79,8.35,94.18,0.56,49.26,0.42,0.04,1
26.95,78,4.63,1016,1.86,8.71,94.05,0.5,48.05,0.39,0.04,1
27.03,78,4.63,1016,1.86,8.71,94.05,0.5,48.05,0.39,0.04,1
23.96,74,8.62,1013,11.19,40.26,111.5,0.25,84.45,0.61,0.04,2
18.93,77,8.23,1016,4.89,21.41,108.57,0.84,94.3,0.94,0.0,2
36.59,16,9.49,1008,79.06,349.31,140.64,0.39,32.28,0.11,1.01,5
18.1,88,4.12,1015,14.45,27.63,111.7,0.41,101.35,2.21,0.0,3
17.98,88,4.12,1015,14.45,27.63,111.7,0.41,101.35,2.21,0.0,3
17.75,88,4.12,1015,14.45,27.63,111.7,0.41,101.35,2.21,0.0,3
23.57,86,5.39,1018,1.72,6.61,61.8,0.04,60.04,0.15,0.0,2
21.04,86,1.34,1018,1.73,6.93,61.86,0.04,60.3,0.15,0.0,2
21.99,86,1.34,1018,1.73,6.93,61.86,0.04,60.3,0.15,0.0,2
29.97,84,5.66,1007,6.8,17.22,94.37,0.03,70.85,0.15,0.14,2
16.48,77,0.22,1017,1.16,2.21,75.07,0.42,17.98,0.03,0.15,1
18.64,62,2.26,1016,2.65,4.53,91.32,1.05,18.38,0.31,0.34,1
15.04,88,0.84,1017,0.85,1.18,75.65,0.47,25.06,0.03,0.17,1
16.96,72,7.72,1011,8.8,9.8,180.12,3.04,95.62,1.02,6.49,2
21.21,67,5.66,1013,3.32,12.58,110.07,0.16,89.81,0.44,0.0,2
16.97,72,7.72,1012,7.77,8.48,163.89,1.92,90.25,0.79,3.84,2
25.29,94,0.0,1008,4.19,4.39,157.04,1.24,17.74,0.31,0.37,1
25.46,94,0.51,1008,1.87,2.09,80.77,0.32,8.85,0.07,0.32,1
25.51,94,0.0,1008,3.81,4.01,153.32,0.82,13.61,0.11,0.44,1
23.79,88,4.63,1007,10.18,13.13,119.89,3.02,35.63,2.2,0.45,2
23.97,88,4.63,1007,10.18,13.13,119.89,3.02,35.63,2.2,0.45,2
22.97,78,2.06,1016,2.51,3.74,78.94,0.22,26.73,0.04,0.1,1
24.83,99,5.84,1020,1.15,4.78,63.08,0.05,50.56,0.1,0.0,1
24.97,99,4.79,1020,1.15,4.78,63.08,0.05,50.56,0.1,0.0,1
24.76,99,4.05,1020,1.19,5.05,62.94,0.05,50.48,0.11,0.0,1
37.16,18,1.54,1008,28.4,89.33,159.08,0.76,38.3,0.2,7.1,3
30.39,9,4.54,1009,60.83,214.11,401.1,3.77,42.87,1.61,22.28,5
29.15,9,4.55,1010,77.16,290.97,552.81,8.55,42.0,2.47,42.38,5
28.17,80,6.05,1011,1.0,2.77,82.56,0.07,26.88,0.09,0.09,1
28.9,9,0.99,1009,66.79,154.86,823.78,10.93,31.45,2.64,28.27,4
24.08,97,2.17,1011,3.65,10.72,163.39,1.31,24.47,0.54,1.17,1
34.84,30,7.2,1006,2.38,7.21,98.85,0.15,49.21,5.95,0.85,1
35.24,32,2.88,1006,9.03,15.28,108.44,0.28,61.67,7.6,0.19,2
35.05,32,7.15,1007,1.83,6.15,100.76,0.1,46.03,2.68,0.77,1
9.02,73,5.66,1010,3.09,3.49,135.37,5.97,94.57,1.17,3.33,2
8.18,67,4.63,1010,2.32,2.93,134.43,6.03,94.41,1.19,4.13,2
9.18,72,5.66,1010,2.06,2.55,135.79,5.85,95.56,1.33,3.08,2
2.96,79,0.52,1004,0.5,0.57,128.97,1.58,90.37,0.84,0.87,2
1.27,86,3.09,1008,0.5,0.5,129.97,0.26,102.39,0.28,0.0,3
3.26,82,0.45,1008,0.5,0.5,113.57,0.13,82.76,0.03,0.17,2
18.25,77,1.54,1012,72.96,85.92,767.26,10.06,64.48,6.02,16.17,4
17.44,54,2.86,1013,58.87,69.62,637.95,7.38,73.03,5.69,33.96,4
23.22,60,1.84,1009,83.74,96.44,719.09,8.89,79.11,8.18,27.63,5
16.72,68,2.24,1017,0.68,1.36,64.86,0.26,49.74,0.05,0.11,1
11.6,56,2.06,1020,0.56,1.26,65.37,0.26,58.38,0.07,0.04,1
10.49,67,8.23,1021,0.51,1.24,64.17,0.32,53.32,0.12,0.08,1
29.99,32,1.03,1006,43.23,183.86,104.66,0.64,88.3,0.54,0.15,4
30.05,32,1.03,1005,46.58,202.91,113.12,1.09,100.89,0.91,0.4,5
30.0,32,1.03,1004,48.25,207.3,108.45,0.78,94.9,0.66,0.22,5
30.82,67,5.66,1009,2.39,4.61,111.13,0.54,49.63,0.28,0.58,1
30.39,68,5.66,1009,2.62,4.94,111.88,0.6,48.53,0.32,0.53,1
30.49,68,5.66,1009,2.62,4.94,111.88,0.6,48.53,0.32,0.53,1
23.28,75,4.63,1010,5.5,18.84,68.38,0.06,48.84,0.25,0.0,1
22.1,78,4.63,1011,5.5,18.84,68.38,0.06,48.84,0.25,0.0,1
18.12,48,3.6,1015,7.54,17.1,71.19,0.43,56.63,1.02,0.0,1
23.9,94,3.09,1013,2.57,7.12,61.13,0.02,53.95,0.07,0.0,1
23.96,94,3.09,1013,2.49,6.95,61.03,0.02,54.05,0.06,0.0,1
23.8,94,3.09,1013,2.4,7.03,61.11,0.02,54.0,0.06,0.0,1
26.87,80,0.86,1011,5.13,23.46,62.55,0.06,33.24,0.18,0.0,2
26.48,65,2.57,1013,0.54,0.77,37.23,0.03,1.88,0.02,0.02,1
29.18,77,2.34,1012,13.85,14.82,65.99,0.07,13.06,8.14,0.0,2
29.83,74,2.57,1011,4.29,7.51,145.8,4.58,30.08,2.99,2.74,1
26.05,100,1.03,1010,36.02,37.24,466.44,7.74,35.5,1.6,40.23,3
30.12,74,2.57,1011,4.3,7.56,130.32,4.03,33.01,3.02,1.93,1
29.92,48,2.92,1005,73.55,97.06,519.59,4.49,107.08,9.26,63.22,4
27.18,84,5.23,1005,15.23,65.57,90.98,0.07,60.91,0.31,0.0,3
24.65,58,1.55,1007,51.33,77.89,363.61,6.3,62.86,0.7,51.94,4
10.61,70,4.63,1010,4.35,5.74,125.2,3.0,71.89,1.26,14.69,2
9.4,71,2.57,1010,4.62,5.3,105.99,2.58,41.08,0.38,7.26,1
11.07,72,3.13,1008,8.95,10.24,126.44,3.22,60.26,0.73,10.08,2
27.34,76,6.69,1017,1.61,7.72,98.06,0.1,43.42,0.14,0.0,1
27.18,77,6.69,1017,1.9,9.23,98.14,0.12,43.92,0.17,0.0,1
26.89,77,6.69,1017,1.85,8.88,98.03,0.12,44.32,0.17,0.0,1
18.78,69,0.99,1015,8.72,29.77,104.68,1.78,80.97,0.78,5.92,2
18.87,70,0.92,1015,7.56,26.56,102.42,0.9,85.4,0.91,1.04,2
18.7,69,1.02,1015,8.72,29.77,104.68,1.78,80.97,0.78,5.92,2
14.94,90,5.66,1012,1.07,3.69,111.83,0.51,97.08,0.42,0.0,2
13.73,94,3.6,1011,0.8,2.43,114.84,0.76,100.31,0.52,0.09,3
12.86,80,2.0,1011,0.76,2.29,114.91,0.72,100.82,0.5,0.08,3
10.79,76,1.54,1025,1.41,2.62,79.74,1.45,38.02,0.3,0.28,1
10.33,81,2.06,1024,2.0,3.31,113.09,1.93,42.98,0.27,0.52,1
10.7,76,1.54,1024,1.5,2.68,80.79,1.73,38.91,0.42,0.29,1
29.97,28,5.66,1006,56.67,245.07,137.59,5.45,114.52,22.24,0.0,5
30.76,25,7.72,1006,56.67,245.07,137.59,5.45,114.52,22.24,0.0,5
31.03,25,6.69,1006,49.74,213.67,137.94,6.64,110.2,23.54,0.0,5
22.81,88,6.17,1019,1.39,5.47,63.29,0.05,62.85,0.14,0.0,2
20.91,70,1.84,1019,1.3,5.45,63.66,0.05,63.96,0.14,0.0,2
22.82,64,3.6,1019,1.6,5.95,62.8,0.04,63.3,0.15,0.0,2
15.24,88,1.03,1014,2.08,2.99,100.59,1.95,21.86,0.05,0.62,1
12.21,91,1.03,1014,1.49,2.98,108.04,2.83,20.2,0.15,4.92,1
12.03,89,2.28,1014,4.25,5.03,123.31,4.65,39.16,0.94,0.9,1
17.14,67,3.13,1010,2.12,3.43,88.13,3.47,14.31,0.09,1.07,1
13.99,82,1.03,1012,3.16,5.2,115.5,4.21,38.82,0.74,4.02,1
16.38,76,2.48,1010,1.82,2.66,86.84,1.45,24.24,0.14,1.83,1
10.24,63,5.36,1015,1.22,1.28,132.69,3.0,71.22,0.84,0.23,2
10.56,63,2.9,1009,0.67,0.72,127.65,2.67,59.94,0.53,0.33,1
2.87,48,8.0,1011,0.5,0.5,129.58,0.12,90.25,0.04,0.82,2
19.71,83,1.03,1016,19.64,34.03,442.44,2.9,7.58,0.41,1.32,2
17.28,91,1.22,1017,11.7,18.34,295.18,1.92,9.05,0.44,1.59,2
14.25,97,0.43,1018,15.09,25.03,324.75,2.84,8.91,0.44,1.78,2
30.0,51,0.34,1009,44.0,102.09,109.59,3.64,113.76,4.22,0.0,4
29.12,19,3.24,1013,34.53,99.68,108.31,0.57,107.91,2.21,0.0,3
29.3,43,1.18,1010,64.6,137.46,142.72,4.0,113.94,13.82,0.0,4
30.44,71,2.9,1012,1.6,4.05,63.74,0.02,33.41,0.07,0.0,1
30.35,70,2.36,1012,1.6,4.05,63.74,0.02,33.41,0.07,0.0,1
30.37,69,3.69,1012,1.52,3.79,63.28,0.02,33.06,0.07,0.0,1
28.0,83,1.54,1010,0.68,1.74,70.21,0.02,20.13,0.04,0.0,1
34.45,25,4.73,1008,24.33,95.29,102.32,0.4,55.51,0.26,1.3,3
34.41,25,4.3,1008,22.18,87.85,98.67,0.3,62.37,0.23,1.04,3
34.41,25,4.02,1008,22.18,87.85,98.67,0.3,62.37,0.23,1.04,3
7.49,88,1.91,1005,4.78,5.19,131.19,1.63,91.79,0.69,0.65,2
5.63,69,2.57,1006,0.52,1.45,129.64,0.71,99.86,0.53,3.22,2
8.93,88,2.62,1008,12.45,12.98,129.98,10.64,64.52,3.2,11.71,2
25.97,94,1.03,1008,2.46,2.69,84.62,0.48,10.84,0.1,0.38,1
25.97,94,1.03,1008,2.46,2.69,84.62,0.48,10.84,0.1,0.38,1
26.0,94,1.03,1008,2.46,2.69,84.62,0.48,10.84,0.1,0.38,1
14.49,77,1.03,1010,5.0,6.23,109.64,1.24,92.11,0.38,0.69,2
15.83,66,4.63,1008,3.54,4.47,96.91,2.23,44.56,0.03,1.47,1
15.95,66,2.24,1009,3.81,4.68,103.65,1.74,75.46,0.23,0.74,2
16.82,69,3.71,1006,2.04,3.84,114.74,2.48,71.66,0.45,6.16,2
10.64,65,1.54,1011,4.87,5.96,121.04,1.85,53.21,0.22,10.38,1
17.02,68,3.82,1006,2.04,3.84,114.74,2.48,71.66,0.45,6.16,2
28.03,78,2.57,1012,5.5,15.58,105.98,0.65,46.91,0.44,0.01,1
24.69,93,0.93,1013,2.5,3.98,128.51,0.86,31.34,0.37,0.89,1
24.89,93,0.64,1013,1.55,2.26,105.97,0.51,34.72,0.24,0.16,1
21.81,88,6.17,1012,12.19,53.39,104.48,0.97,84.77,0.95,0.0,3
25.09,50,7.57,1011,30.86,124.21,142.14,1.77,66.16,0.9,0.93,4
21.78,88,6.17,1012,13.12,56.68,104.25,1.33,85.44,1.17,0.0,3
28.02,76,6.17,1010,1.44,6.07,65.77,0.02,23.29,0.1,0.0,1
19.54,38,2.03,1013,5.01,10.89,158.24,1.96,25.62,0.35,9.65,1
20.82,48,3.04,1012,1.02,2.9,77.07,0.28,22.33,0.03,1.09,1
25.18,91,4.13,1012,0.5,0.5,102.13,0.75,10.24,0.18,0.01,1
23.79,98,1.21,1012,0.51,0.51,100.83,0.49,9.55,0.1,0.01,1
22.26,89,2.32,1011,4.6,6.98,166.37,0.7,8.75,0.07,1.02,1
30.57,41,2.68,1008,9.19,27.07,115.64,0.22,35.53,0.04,1.36,2
19.97,97,3.66,1013,2.21,2.71,144.74,0.14,5.51,0.02,0.06,1
26.0,86,3.14,1012,3.23,11.45,77.59,0.03,30.01,0.13,0.0,1
28.92,65,6.17,1011,23.46,25.9,134.11,0.24,58.96,1.75,0.0,2
28.94,65,6.17,1012,23.46,25.9,134.11,0.24,58.96,1.75,0.0,2
33.01,55,3.68,1007,19.08,22.94,128.57,0.2,52.38,4.49,0.0,2
18.03,55,2.74,1014,12.71,17.12,120.63,2.79,56.7,1.57,5.76,2
21.18,39,0.57,1015,13.04,19.65,143.03,10.59,83.38,5.36,8.14,2
19.08,45,2.33,1014,26.43,37.41,179.95,4.03,110.29,10.68,50.45,3
18.5,45,2.58,1009,2.15,5.64,74.66,1.5,47.0,2.49,0.63,1
15.89,44,3.94,1010,2.35,6.07,77.36,3.42,45.87,6.03,0.65,1
27.85,74,4.12,1016,3.21,17.53,101.54,0.23,50.58,0.3,0.08,1
31.98,9,3.6,1008,24.69,63.78,271.62,2.55,41.89,1.01,14.63,3
29.29,46,1.96,1009,3.45,7.57,113.96,0.27,11.43,0.03,2.94,1
27.35,9,3.65,1009,14.34,45.92,102.72,0.27,67.26,0.2,0.59,2
29.06,79,4.12,1011,1.15,2.37,79.39,0.21,27.54,0.12,0.09,1
26.48,70,3.16,1011,8.43,12.74,163.69,1.32,20.64,0.23,0.7,1
29.33,53,3.38,1011,8.58,14.44,142.67,1.16,18.82,0.13,0.6,1
30.58,90,1.85,1009,6.76,7.64,220.0,2.37,17.85,0.39,2.02,1
31.67,84,2.57,1009,5.55,6.33,190.8,1.79,20.98,0.3,1.42,1
31.67,93,1.51,1009,10.1,11.59,292.03,3.16,16.62,0.49,2.38,2
16.06,100,3.0,1019,14.08,56.48,147.46,0.93,75.51,0.14,8.91,3
16.48,72,5.27,1018,1.15,2.26,122.84,0.24,72.48,0.08,2.68,2
12.08,92,1.72,1021,1.36,1.84,113.14,0.8,56.37,0.25,11.85,1
27.34,71,0.76,1012,2.83,4.1,90.54,0.75,15.48,0.19,0.24,1
24.33,86,2.14,1013,3.87,8.2,88.44,0.65,20.42,0.26,0.21,1
24.91,86,1.33,1013,4.11,10.09,69.68,0.17,25.19,0.22,0.08,1
18.92,63,1.03,1018,3.13,6.4,130.16,4.05,60.58,0.44,9.42,2
13.99,100,0.0,1019,22.95,112.72,115.24,0.56,66.88,0.1,5.0,4
16.97,63,4.12,1018,17.04,103.41,117.65,0.43,75.29,0.07,13.7,4
17.8,82,2.57,1017,4.41,12.76,116.47,1.72,85.63,0.44,0.8,2
20.08,73,2.06,1017,9.58,30.79,116.02,0.53,98.45,0.47,0.0,2
19.26,69,1.29,1017,7.94,29.32,121.17,1.33,90.72,0.78,0.61,2
26.18,69,3.09,1015,1.0,4.03,64.99,0.02,56.36,0.03,0.0,1
17.17,65,3.09,1014,12.78,19.23,128.46,7.29,33.49,1.89,18.51,2
15.44,74,0.71,1013,5.36,15.54,101.96,2.57,40.26,0.35,10.37,1
15.56,78,0.73,1015,10.08,19.88,101.17,2.55,54.93,1.51,8.05,2
26.82,76,5.14,1014,2.59,11.11,117.53,0.28,26.28,0.08,0.37,1
26.71,76,3.64,1013,2.53,10.52,119.28,0.24,25.6,0.07,0.34,1
26.68,76,3.64,1013,2.53,10.52,119.28,0.24,25.6,0.07,0.34,1
23.47,66,3.6,1011,29.04,32.52,280.3,15.25,13.96,4.48,3.39,3
23.53,66,3.6,1009,29.04,32.52,280.3,15.25,13.96,4.48,3.39,3
24.5,83,3.09,1014,37.35,47.45,283.83,16.34,70.8,25.75,0.78,3
23.18,91,2.8,1014,1.2,1.7,66.63,0.4,9.48,0.02,0.09,1
20.51,83,2.83,1013,5.21,7.69,125.24,1.21,23.06,0.17,0.78,1
17.49,85,3.43,1016,0.74,1.52,73.18,0.4,21.25,0.04,0.23,1
10.09,84,1.69,1013,1.44,1.96,113.5,1.14,39.95,0.05,2.7,1
15.0,87,1.38,1011,7.98,8.88,124.72,3.38,42.34,1.56,6.39,1
11.73,93,4.47,1013,4.1,4.32,114.33,1.2,46.71,0.35,0.49,1
17.89,93,1.52,1014,8.17,10.36,191.01,2.18,29.36,0.27,3.34,1
17.82,95,1.43,1014,8.17,10.36,191.01,2.18,29.36,0.27,3.34,1
18.07,95,1.08,1014,6.21,7.5,171.38,1.25,33.06,0.18,2.49,1
18.55,75,3.09,1013,4.8,5.43,148.91,5.15,95.15,1.82,1.43,2
24.58,58,4.63,1013,6.19,15.6,119.24,0.2,93.48,0.58,0.14,2
18.17,76,3.09,1013,5.61,6.37,151.08,4.88,88.13,1.42,1.18,2
13.68,66,1.79,1019,2.94,12.16,74.38,0.45,46.4,0.06,0.44,1
10.27,74,1.54,1023,3.69,9.01,101.57,1.23,48.71,0.21,0.47,1
9.86,77,3.47,1023,4.23,9.38,100.77,1.31,46.69,0.42,0.65,1
14.96,88,0.73,1021,4.7,6.58,115.21,1.18,49.41,0.06,9.24,1
20.24,76,0.7,1018,0.84,1.17,87.14,0.15,79.6,0.09,2.2,2
19.18,77,2.5,1016,1.17,1.65,99.59,0.21,81.97,0.08,2.64,2
26.93,83,4.63,1015,2.87,15.0,101.22,0.35,41.95,0.28,0.04,1
26.78,83,4.63,1015,2.92,15.29,101.77,0.3,41.47,0.26,0.05,1
30.55,65,0.57,1012,1.41,1.83,137.99,1.05,34.37,0.23,1.37,1
28.74,67,6.2,1008,4.89,7.38,168.92,1.97,46.76,0.36,3.81,1
29.81,62,2.9,1011,3.39,4.4,144.73,1.02,30.11,0.1,1.77,1
26.75,74,6.69,1017,1.87,8.89,97.79,0.13,47.08,0.2,0.0,1
26.85,78,4.63,1017,1.62,7.6,97.51,0.13,46.17,0.17,0.0,1
28.01,89,2.57,1010,9.26,10.99,361.58,8.93,33.8,2.1,3.87,1
24.0,90,1.33,1012,116.2,122.74,698.35,7.01,21.28,1.8,11.41,5
24.99,88,1.54,1012,63.26,72.56,522.12,6.76,59.66,2.21,10.86,4
27.1,69,7.2,1016,3.29,18.64,61.48,0.03,57.0,1.03,0.0,1
31.95,80,6.4,1012,1.11,3.15,59.24,0.01,24.09,0.06,0.0,1
11.21,85,2.06,1013,2.41,3.48,102.18,2.56,34.1,0.09,3.48,1
13.26,87,2.31,1014,3.91,5.55,109.29,3.92,38.01,0.22,4.41,1
12.18,89,1.15,1013,3.21,4.49,106.72,3.27,38.19,0.11,2.56,1
17.23,27,3.65,1018,14.19,38.74,96.3,2.46,49.56,2.46,4.03,2
28.26,61,1.91,1009,8.05,31.45,82.11,1.0,53.8,1.56,0.0,2
23.49,46,0.41,1013,10.81,41.27,87.31,1.86,49.13,1.66,0.13,2
24.89,94,1.54,1013,1.75,4.34,67.78,0.05,48.44,0.07,0.01,1
24.84,94,1.54,1013,1.75,4.34,67.78,0.05,48.44,0.07,0.01,1
24.76,94,1.54,1013,1.75,4.34,67.78,0.05,48.44,0.07,0.01,1
8.11,72,0.89,1015,1.64,3.57,72.54,1.08,43.52,0.56,0.58,1
12.94,73,6.17,1009,1.02,3.91,62.85,0.03,57.14,0.13,0.0,1
20.51,52,2.44,1003,0.96,2.27,78.08,0.68,52.39,0.57,0.22,1
18.52,65,2.46,1015,5.62,7.32,121.71,0.66,17.85,0.1,0.25,1
21.05,58,2.08,1014,5.3,7.27,127.07,1.37,16.0,0.27,0.77,1
20.05,60,2.3,1015,3.96,5.33,101.55,0.81,21.88,0.26,0.48,1
15.46,80,2.0,1017,4.86,7.21,124.06,1.56,16.92,0.53,0.48,1
15.52,57,1.9,1016,4.11,5.56,98.4,1.62,27.61,0.24,0.2,1
16.2,67,2.49,1017,4.36,6.3,118.39,1.44,17.65,0.54,0.48,1
5.6,82,1.64,1016,0.62,2.06,106.61,2.69,64.28,0.09,16.5,2
5.6,82,1.64,1016,0.62,2.06,106.61,2.69,64.28,0.09,16.5,2
27.13,65,2.15,1005,49.39,182.82,204.31,2.9,124.71,0.79,0.5,4
27.03,65,1.51,1005,51.63,196.17,200.24,1.19,147.22,1.47,0.21,4
27.28,67,2.52,1005,46.84,172.37,207.81,5.28,116.72,1.76,1.91,4
15.14,67,0.5,1011,5.73,12.32,220.97,2.14,53.85,0.09,2.02,1
17.3,48,3.05,1015,10.0,39.04,136.88,0.49,85.28,0.07,0.99,2
21.63,40,4.14,1016,5.22,11.78,125.32,0.79,53.3,0.05,0.71,1
26.65,75,8.24,1016,1.78,7.85,98.79,0.93,48.29,0.73,0.06,1
16.87,73,3.0,1011,34.33,43.15,119.22,4.05,85.16,2.88,0.0,3
17.35,74,5.19,1011,24.75,31.04,124.34,3.1,82.45,2.02,0.0,2
17.13,74,3.49,1012,24.67,31.37,119.92,1.73,79.08,1.61,0.0,2
15.35,50,2.47,1014,9.63,21.77,106.91,2.93,91.64,1.14,31.38,2
9.28,70,1.59,1015,5.84,13.78,98.23,2.71,49.6,0.63,57.02,1
10.77,74,1.4,1016,5.16,11.14,101.81,3.1,65.0,0.72,38.97,2
22.69,89,4.08,1014,4.83,13.93,73.93,0.04,46.33,0.17,0.0,1
14.5,39,0.76,1018,24.04,112.33,73.48,0.25,32.97,0.07,0.13,4
17.47,63,0.91,1017,4.62,7.55,96.48,1.32,27.01,0.13,0.35,1
13.91,56,5.04,1017,5.77,13.95,113.29,1.98,46.17,0.39,1.2,1
14.63,41,1.94,1018,6.95,14.63,187.07,6.07,50.42,0.49,1.99,1
14.74,66,2.69,1016,13.61,23.65,192.08,3.2,59.35,0.32,0.82,2
12.8,88,4.97,1001,0.73,1.17,115.5,3.19,56.4,0.35,2.38,1
12.01,80,0.54,1001,1.19,1.68,115.18,2.64,65.24,0.4,1.15,2
11.07,89,6.33,1004,1.23,1.51,111.76,3.57,41.9,0.08,6.73,1
17.08,90,5.89,1035,1.24,3.49,74.49,0.83,38.9,0.17,0.03,1
11.81,93,0.84,1035,4.29,10.04,69.47,4.59,32.08,2.73,0.04,1
19.88,75,3.42,1029,0.89,1.74,69.29,0.25,45.76,0.05,0.02,1
27.42,76,11.8,1010,4.23,17.26,127.35,1.94,48.4,2.03,0.25,1
27.5,76,11.67,1010,4.23,17.26,127.35,1.94,48.4,2.03,0.25,1
27.42,76,11.8,1010,4.23,17.26,127.35,1.94,48.4,2.03,0.25,1
17.8,79,3.43,1014,3.06,8.25,115.44,0.51,61.86,0.12,1.36,2
17.86,71,4.8,1014,3.65,8.6,115.92,1.11,54.83,0.15,3.72,1
14.85,83,0.72,1015,1.76,2.77,85.27,1.16,37.95,0.03,3.63,1
11.32,81,1.97,1007,7.36,10.71,118.74,1.37,81.81,0.71,0.38,2
15.12,79,5.14,1005,6.6,8.74,116.4,1.6,68.01,0.45,1.58,2
12.58,88,1.9,1007,7.88,10.71,117.35,1.34,68.18,0.4,0.68,2
26.88,78,8.2,1014,2.92,12.04,113.54,0.04,29.76,0.12,0.07,1
25.18,75,1.58,1008,24.33,28.92,366.4,7.39,23.31,0.92,3.25,2
23.0,90,2.8,1009,10.46,10.83,272.0,0.59,58.47,0.11,0.52,2
24.7,77,1.94,1008,27.12,32.43,386.97,8.23,22.82,1.12,3.58,3
5.62,84,3.66,1013,1.67,3.51,139.82,3.55,84.57,0.62,4.55,2
5.85,85,4.59,1012,1.33,3.38,139.21,4.14,90.42,0.97,6.44,2
5.81,82,3.6,1013,1.48,3.34,140.58,3.53,85.53,0.83,4.25,2
36.93,23,4.67,1009,17.83,50.42,165.99,1.63,34.86,0.22,6.7,3
32.51,33,3.04,1009,11.06,22.14,170.83,1.69,19.68,0.15,2.33,2
35.87,22,4.45,1009,23.67,69.02,189.5,1.46,35.49,0.35,6.05,3
13.52,68,1.28,1011,11.18,12.94,102.39,1.38,40.16,0.44,2.41,2
17.09,96,2.02,1007,14.28,18.27,105.86,1.64,56.61,0.41,8.25,2
13.99,96,2.18,1007,11.91,14.57,115.32,1.83,54.18,0.61,0.37,2
28.72,40,4.49,1005,52.87,149.88,245.66,9.12,124.32,22.87,0.0,4
28.76,38,4.72,1005,53.53,161.77,250.74,10.74,130.8,25.18,0.0,4
28.89,34,4.83,1005,59.48,184.8,235.7,8.21,132.59,24.3,0.0,4
21.13,77,1.29,1016,3.57,5.11,104.77,0.71,24.23,0.12,0.83,1
13.05,90,1.63,1018,5.24,7.89,151.73,1.52,38.39,0.39,4.87,1
11.39,92,1.15,1018,12.53,20.24,272.54,2.8,33.54,0.64,5.67,2
27.9,84,3.8,1012,1.62,4.94,80.09,0.05,24.1,0.11,0.01,1
27.29,85,3.03,1012,1.84,5.52,77.9,0.06,24.46,0.12,0.01,1
27.09,85,2.73,1012,1.65,4.94,80.36,0.05,24.05,0.11,0.02,1
26.98,94,1.65,1008,0.75,0.83,64.54,0.28,1.52,0.08,0.74,1
26.87,94,1.85,1008,0.75,0.83,64.54,0.28,1.52,0.08,0.74,1
26.69,94,2.26,1008,0.62,0.67,57.54,0.16,1.32,0.05,0.43,1
8.02,51,2.99,1016,0.63,1.38,47.6,0.33,51.29,0.11,0.05,1
16.11,63,2.02,1019,2.94,5.2,65.5,0.49,24.5,0.07,0.35,1
19.88,28,1.59,1014,0.6,0.93,53.41,0.98,50.18,0.21,0.24,1
14.51,85,2.71,1022,7.49,9.04,97.39,4.38,25.82,0.41,0.45,1
22.76,65,2.68,1020,2.51,7.79,75.34,0.19,59.7,0.11,0.3,1
19.54,73,1.77,1019,6.8,7.34,171.91,10.97,21.86,0.34,0.46,1
27.16,77,6.01,1016,0.94,3.25,100.32,0.11,53.4,0.07,0.0,1
29.17,76,4.82,1016,0.99,4.04,99.65,0.22,53.1,0.18,0.0,1
29.18,76,4.87,1016,0.99,4.04,99.65,0.22,53.1,0.18,0.0,1
6.41,86,1.3,1016,50.11,54.1,715.71,8.66,45.72,1.92,6.44,4
21.56,89,1.52,1011,54.69,58.96,659.17,7.7,55.45,1.61,6.83,4
15.27,92,1.72,1013,44.8,49.44,617.24,7.61,48.46,1.61,6.59,3
12.35,44,2.05,1020,3.35,9.62,97.63,2.49,24.35,0.28,0.19,1
16.1,28,2.42,1019,1.72,3.62,73.19,0.8,25.64,0.09,0.14,1
12.21,44,2.1,1020,3.35,9.62,97.63,2.49,24.35,0.28,0.19,1
9.69,90,3.77,1007,1.1,1.28,118.78,0.68,64.84,0.44,4.01,2
8.36,98,2.31,1008,1.31,1.8,114.49,1.95,42.18,0.36,2.49,1
12.58,69,6.48,1001,1.34,1.48,111.65,0.96,86.48,0.41,4.86,2
30.28,67,5.05,1012,3.09,13.32,91.42,0.12,43.73,0.14,0.09,1
28.87,76,5.8,1012,2.72,13.0,90.41,0.11,45.6,0.17,0.04,1
31.23,49,5.65,1012,2.92,11.49,91.4,0.2,47.96,0.23,0.24,1
11.07,35,5.02,1022,1.42,1.57,130.95,3.01,86.07,1.29,2.57,2
12.81,40,1.54,1018,0.5,0.5,121.56,0.39,80.57,0.06,0.35,2
16.38,38,1.99,1015,0.5,0.5,99.46,0.08,95.84,0.02,0.39,2
23.46,94,0.33,1013,6.31,10.4,157.75,0.85,7.04,0.22,0.7,1
19.78,63,1.52,1015,3.26,3.94,90.54,0.39,13.61,0.07,0.06,1
21.91,88,1.2,1013,2.25,4.0,105.14,0.28,2.6,0.04,0.1,1
22.0,85,0.52,1013,0.88,1.09,72.51,0.03,1.85,0.01,0.11,1
21.83,82,0.75,1013,0.88,1.09,72.51,0.03,1.85,0.01,0.11,1
21.55,88,0.09,1013,1.03,1.31,76.31,0.05,1.98,0.01,0.13,1
23.76,92,0.43,1013,6.31,10.4,157.75,0.85,7.04,0.22,0.7,1
23.84,94,2.78,1013,6.27,18.31,81.43,0.15,39.78,0.22,0.0,1
21.8,98,0.99,1014,7.63,17.55,103.64,0.76,39.4,0.37,0.21,1
8.04,86,3.31,1011,0.5,0.5,98.04,1.33,66.0,0.18,3.13,2
10.19,85,2.36,1012,1.05,1.53,107.19,3.71,31.49,0.14,3.76,1
8.6,90,3.52,1012,0.92,1.01,108.23,1.92,59.4,0.17,1.18,1
27.01,85,4.03,1013,2.09,4.98,83.56,0.08,25.68,0.12,0.03,1
26.16,87,3.41,1013,2.02,4.66,82.27,0.08,25.74,0.12,0.05,1
24.8,83,3.27,1012,1.7,3.88,96.34,0.72,19.83,0.19,0.53,1
19.83,38,1.15,1017,77.84,88.51,492.32,10.75,81.97,3.37,3.48,5
19.4,36,0.68,1017,47.13,55.29,401.06,12.16,73.72,2.03,5.12,3
21.08,37,1.3,1017,77.84,88.51,492.32,10.75,81.97,3.37,3.48,5
25.32,92,1.59,1013,2.86,7.21,84.57,0.03,22.19,0.06,0.0,1
20.82,98,0.43,1014,2.16,2.78,81.53,0.68,10.71,0.16,0.03,1
18.88,91,0.82,1016,7.72,11.88,177.12,1.03,3.14,0.15,0.42,1
21.92,79,2.53,1009,36.62,48.81,398.69,22.08,8.54,9.7,3.84,3
20.33,37,1.09,1009,54.74,74.36,315.87,15.7,25.31,7.54,28.33,4
24.73,90,2.89,1009,13.81,21.31,195.75,2.04,83.21,2.08,0.0,2
14.94,76,2.03,1015,0.71,1.02,129.35,1.84,19.62,0.2,1.03,1
21.63,91,0.81,1012,8.34,8.72,128.53,1.77,25.1,3.16,1.45,1
21.79,72,1.29,1013,6.58,7.05,127.73,2.29,9.77,2.97,0.61,1
22.84,83,1.43,1016,0.61,1.58,86.1,0.32,22.6,0.19,0.0,1
29.31,77,2.28,1011,0.72,1.28,97.63,1.11,24.65,0.23,2.29,1
24.74,80,0.54,1014,0.72,1.81,88.47,0.33,23.52,0.2,0.0,1
27.54,69,6.92,1014,4.75,5.64,112.83,0.33,48.31,0.49,0.27,1
27.52,71,1.9,1014,2.27,7.11,100.97,0.22,48.07,0.22,0.11,1
27.62,86,2.63,1014,7.03,8.89,117.43,0.11,56.69,0.31,0.25,1
21.94,81,6.86,1016,6.02,31.79,103.35,0.17,78.1,0.34,0.0,2
21.28,81,9.65,1018,4.35,24.35,103.1,0.12,84.89,0.27,0.0,2
21.56,83,9.11,1017,4.84,25.3,102.3,0.15,81.61,0.33,0.0,2
27.59,74,9.34,1011,4.33,11.72,135.55,1.52,45.2,1.0,0.55,1
27.51,75,9.13,1011,4.33,11.72,135.55,1.52,45.2,1.0,0.55,1
16.6,78,1.22,1013,12.65,47.17,108.79,0.36,76.04,0.37,0.0,2
18.09,80,1.27,1012,12.67,47.03,108.85,0.23,74.97,0.28,0.0,2
19.08,78,0.89,1013,11.6,46.8,107.56,0.58,76.56,0.52,0.0,2
8.69,84,5.02,1003,1.05,1.1,121.33,2.94,52.96,0.11,1.67,1
11.94,90,5.16,999,0.54,0.61,118.88,2.55,67.71,0.48,0.92,2
12.12,95,1.46,999,0.89,1.09,116.39,2.33,56.45,0.24,1.71,1
8.11,83,4.43,1002,1.93,2.27,125.4,3.03,81.38,0.85,5.08,2
5.33,85,2.51,1001,0.62,1.69,129.7,1.95,94.9,0.62,7.94,2
6.81,91,4.84,1008,1.0,1.07,110.06,2.13,58.71,0.08,17.47,1
28.54,67,2.29,1009,20.33,70.23,129.42,0.89,53.51,0.23,4.04,3
25.39,42,2.49,1011,23.9,69.85,226.28,2.03,47.09,0.44,6.87,3
28.5,30,2.78,1010,23.67,74.86,196.52,1.45,54.11,0.43,5.86,3
7.54,91,4.33,998,1.03,1.09,125.5,1.38,99.71,0.3,1.59,2
6.24,77,4.19,1001,0.91,1.52,127.98,2.74,88.41,0.48,32.73,2
5.92,86,3.32,1001,1.12,2.39,130.0,4.71,68.54,0.64,39.58,2
25.93,77,5.47,1015,1.85,7.82,98.47,1.35,45.6,0.92,0.04,1
28.52,72,3.22,1015,1.88,7.72,97.65,0.15,38.75,0.16,0.0,1
29.2,67,4.96,1015,2.68,4.49,108.34,1.58,33.26,0.5,3.48,1
28.61,72,2.54,1015,1.88,7.72,97.65,0.15,38.75,0.16,0.0,1
17.83,61,0.59,1017,6.73,10.05,124.19,7.52,69.54,0.88,1.92,2
18.08,72,1.72,1016,5.76,11.31,117.62,6.77,65.85,0.65,0.73,2
12.62,79,0.72,1019,18.78,81.54,104.95,3.76,82.58,0.49,0.63,3
12.56,86,0.79,1015,2.84,3.19,233.12,9.08,21.63,1.52,2.62,1
26.39,78,2.6,1009,9.05,32.21,90.59,0.47,37.32,0.31,0.02,2
13.31,96,1.71,1018,2.39,3.62,212.29,9.69,12.86,0.8,0.77,1
10.37,67,4.27,1005,0.98,1.16,122.76,0.58,70.31,0.07,1.47,2
8.28,74,2.76,1006,1.56,1.74,119.52,0.86,56.3,0.57,1.35,1
9.06,81,2.44,1009,0.62,0.67,120.92,0.59,60.59,0.07,0.64,2
25.09,27,2.9,1013,22.08,56.54,156.17,13.3,82.5,16.73,15.82,3
19.86,59,4.43,1013,27.08,52.87,125.39,4.5,78.73,24.13,0.95,3
25.4,27,2.82,1013,22.08,56.54,156.17,13.3,82.5,16.73,15.82,3
19.04,61,6.14,1019,6.43,41.67,103.03,0.19,86.01,0.32,0.0,2
18.53,87,7.27,1018,4.5,22.06,105.31,0.24,91.01,0.31,0.07,2
18.93,81,7.41,1019,2.44,10.06,104.15,0.2,89.71,0.34,0.02,2
17.61,69,2.78,1015,15.04,32.47,180.43,2.4,51.45,0.47,13.77,2
24.28,60,2.48,1011,11.69,25.37,131.23,1.38,48.26,0.31,8.43,2
33.25,32,5.54,1007,6.66,12.25,104.99,0.18,56.22,0.07,1.02,1
13.27,72,0.79,1016,0.64,1.75,99.78,1.14,77.84,0.09,15.82,2
16.44,75,4.01,1015,3.71,12.74,111.87,0.83,105.68,0.99,0.29,3
17.33,51,2.98,1014,4.54,10.01,125.62,5.68,88.02,0.68,15.09,2
13.8,48,1.28,1018,30.61,55.77,491.52,5.66,39.56,1.04,29.2,3
16.9,61,0.71,1015,1.96,5.76,94.94,0.74,20.73,0.08,5.26,1
19.92,53,1.29,1014,6.55,10.11,171.13,1.38,50.48,0.17,3.07,1
9.84,74,4.15,1005,1.13,1.43,124.75,0.99,71.22,0.29,1.55,2
9.85,75,3.58,1004,1.32,1.74,127.18,1.5,73.46,0.54,1.51,2
9.28,66,2.32,1004,4.46,5.05,140.67,3.97,78.66,1.04,1.36,2
26.2,57,2.54,1014,0.89,2.55,62.98,0.01,49.18,0.04,0.0,1
26.36,59,3.08,1014,0.89,2.55,62.98,0.01,49.18,0.04,0.0,1
26.41,53,1.12,1014,1.1,2.89,62.21,0.02,48.62,0.05,0.0,1
7.85,86,1.78,1015,1.67,2.25,118.82,1.98,64.33,0.35,2.04,2
16.5,71,9.37,1011,2.08,5.69,114.03,0.55,105.65,0.64,0.98,3
11.24,92,1.92,1013,0.5,0.5,103.05,1.02,54.21,0.05,2.4,1
25.65,89,2.78,1013,5.03,10.74,81.08,0.13,26.22,0.16,0.0,1
25.85,91,5.47,1013,5.62,13.04,79.27,0.05,28.72,0.19,0.0,1
22.88,92,1.13,1013,3.2,3.88,85.54,0.22,9.09,0.01,0.04,1
4.95,73,1.04,1016,1.1,1.8,129.61,5.95,93.2,2.96,0.92,2
4.11,80,0.93,1016,2.59,3.08,127.28,6.41,71.35,1.21,7.35,2
7.14,69,3.64,1014,0.5,0.56,122.75,0.88,102.94,0.51,1.25,3
15.93,74,1.08,1016,2.3,3.24,92.69,2.71,62.88,0.16,14.04,2
15.09,93,5.62,1015,4.23,6.0,100.31,4.7,64.5,0.67,33.21,2
13.59,90,1.54,1014,8.54,9.54,123.01,6.04,88.38,0.66,30.12,2
26.65,86,5.4,1012,0.59,0.6,99.91,0.09,6.29,0.02,0.0,1
25.01,92,3.13,1012,0.59,0.6,99.91,0.09,6.29,0.02,0.0,1
24.91,92,1.94,1012,0.5,0.5,97.33,0.11,5.95,0.03,0.01,1
7.64,83,4.25,1016,0.84,2.12,119.17,1.48,71.36,0.48,2.71,2
23.43,97,1.59,1013,1.84,3.32,100.76,0.84,12.42,0.13,0.14,1
27.98,79,3.59,1013,2.36,6.85,76.99,0.1,25.6,0.18,0.01,1
32.15,43,4.4,1010,3.76,5.95,149.51,2.77,18.29,0.32,0.64,1
14.74,71,4.27,1017,1.26,3.26,112.36,3.49,63.84,0.58,1.81,2
20.11,88,8.52,1012,10.81,46.33,105.12,1.19,90.87,1.21,0.0,2
21.03,80,6.85,1012,10.99,45.01,105.15,1.24,91.2,1.19,0.0,2
20.15,87,8.57,1012,10.81,46.33,105.12,1.19,90.87,1.21,0.0,2
26.12,83,3.16,1013,12.56,40.93,104.28,0.47,63.81,0.5,0.0,2
26.11,83,3.24,1013,12.56,40.93,104.28,0.47,63.81,0.5,0.0,2
22.3,96,1.25,1013,1.48,3.07,92.14,0.39,19.24,0.13,0.2,1
26.08,76,5.03,1016,1.69,8.15,93.93,0.29,43.73,0.25,0.01,1
25.85,77,4.58,1016,1.69,8.15,93.93,0.29,43.73,0.25,0.01,1
26.24,76,5.41,1016,1.69,8.15,93.93,0.29,43.73,0.25,0.01,1
25.43,91,2.4,1013,2.66,6.01,82.3,0.07,25.09,0.12,0.0,1
26.93,87,3.01,1014,2.71,8.0,86.62,0.03,20.83,0.09,0.0,1
20.88,99,1.28,1014,2.75,3.59,83.35,0.45,9.09,0.17,0.06,1
19.64,62,1.55,1009,10.07,17.67,108.23,1.4,67.65,0.9,0.45,2
17.06,85,1.26,1009,7.46,13.26,102.06,1.51,24.49,0.24,3.9,1
18.6,78,3.48,1013,13.33,20.88,107.75,0.75,93.52,1.23,0.0,2
26.16,79,0.56,1010,12.65,16.27,143.25,0.38,46.28,2.19,1.2,2
26.06,78,1.45,1010,10.98,15.14,132.44,0.26,44.21,1.37,0.6,2
21.41,76,1.09,1010,10.8,13.43,139.61,0.32,48.14,1.88,0.8,2
27.6,81,6.05,1011,1.06,2.66,97.9,0.1,22.26,0.06,0.0,1
27.34,81,6.09,1011,1.06,2.66,97.9,0.1,22.26,0.06,0.0,1
28.27,81,5.89,1011,1.07,2.71,97.73,0.1,22.35,0.06,0.0,1
24.41,70,4.66,1013,19.19,110.7,112.54,0.64,89.85,0.82,0.0,4
28.4,50,5.16,1012,24.68,139.29,110.73,0.29,71.18,0.21,0.09,4
26.83,60,3.95,1013,22.32,139.13,112.25,0.35,78.82,0.36,0.02,4
25.0,89,3.32,1012,0.87,0.93,111.7,0.92,7.43,0.23,0.03,1
23.58,99,1.25,1012,0.5,0.5,101.67,0.4,7.52,0.01,0.01,1
24.79,92,2.37,1012,0.54,0.56,112.3,0.48,11.02,0.06,0.07,1
24.75,88,3.61,1009,12.89,20.0,191.65,1.24,81.46,1.25,0.0,2
24.93,85,3.76,1009,12.89,20.0,191.65,1.24,81.46,1.25,0.0,2
23.11,89,4.54,1009,11.55,18.36,184.9,1.09,79.29,1.06,0.03,2
30.91,27,3.44,1015,12.15,16.75,106.88,0.63,71.92,10.11,1.41,2
31.52,62,4.43,1010,5.21,7.21,137.8,1.24,52.39,0.28,2.82,1
31.38,70,2.63,1011,4.52,7.03,119.66,0.85,73.88,0.28,1.45,2
13.48,89,3.61,1002,2.63,3.48,116.71,1.04,88.14,0.4,0.43,2
15.66,92,3.53,1008,3.12,6.86,119.92,1.85,86.81,0.91,1.42,2
15.07,82,1.08,1004,1.96,4.41,116.34,0.87,101.03,0.54,0.79,3
28.34,53,1.94,1013,2.75,11.52,97.97,0.12,43.53,0.2,0.0,1
28.11,52,1.74,1013,2.75,11.52,97.97,0.12,43.53,0.2,0.0,1
27.65,78,8.05,1014,4.09,6.05,121.9,0.39,60.77,0.37,1.36,2
13.69,79,4.76,1001,0.85,0.96,114.76,0.64,80.59,0.16,1.54,2
13.99,88,6.51,1003,2.8,3.63,116.13,2.14,64.46,1.07,1.65,2
14.87,89,4.2,1004,2.27,2.81,115.81,1.84,64.12,1.93,1.78,2
27.57,88,1.66,1010,14.4,17.41,284.84,1.31,63.67,1.05,3.97,2
27.13,93,0.87,1011,3.13,6.63,88.2,0.79,29.77,0.24,1.38,1
27.62,88,1.32,1009,14.4,17.41,284.84,1.31,63.67,1.05,3.97,2
7.63,86,1.86,1017,1.03,1.84,120.77,2.76,55.13,1.09,10.13,1
8.74,81,2.86,1019,0.93,1.93,121.14,0.46,81.66,0.42,1.33,2
8.41,84,2.17,1019,0.96,1.69,120.81,0.79,63.52,0.36,3.65,2
17.15,39,1.78,1014,9.43,47.37,107.77,2.32,79.44,1.18,9.75,2
18.91,57,0.33,1013,10.67,55.44,113.87,8.06,73.91,2.52,74.77,3
17.22,79,0.95,1013,6.34,30.22,113.5,2.04,86.6,2.24,10.07,2
6.25,75,3.91,1016,0.57,0.75,122.5,1.22,112.29,0.75,1.7,3
29.67,68,2.26,1005,21.21,87.97,97.2,0.22,71.36,0.74,0.0,3
29.73,31,2.37,1003,86.18,109.96,627.01,7.39,79.11,4.16,57.27,5
22.32,78,3.19,1010,31.36,39.69,496.81,11.11,29.7,1.61,10.01,3
31.6,22,4.18,1005,35.39,118.67,194.51,7.32,87.03,6.16,0.94,4
23.85,47,3.31,1009,32.57,104.8,218.83,6.02,92.6,5.43,2.0,4
22.57,48,3.11,1009,26.2,76.24,218.59,8.42,81.91,3.49,2.15,3
23.23,17,1.39,1016,10.55,23.08,206.97,11.94,89.34,4.59,5.25,2
17.04,50,2.36,1018,10.0,44.25,115.95,1.71,76.82,0.28,2.96,2
19.96,21,1.47,1013,15.74,20.56,222.45,11.06,93.22,2.16,17.18,2
6.11,60,8.72,996,2.02,11.21,121.31,0.09,87.93,0.58,0.0,2
6.3,61,8.67,996,2.02,11.21,121.31,0.09,87.93,0.58,0.0,2
7.39,63,8.46,996,2.02,11.21,121.31,0.09,87.93,0.58,0.0,2
17.89,80,3.31,1011,6.16,14.72,112.9,0.5,97.55,0.96,0.0,2
13.98,77,2.01,1003,2.0,5.47,120.08,3.54,29.54,0.44,4.17,1
16.78,84,5.77,1013,5.51,11.61,113.03,0.56,93.49,0.83,0.0,2
7.87,81,6.42,1014,1.0,2.71,121.33,1.77,62.96,0.31,4.5,2
29.04,68,2.83,1015,2.61,12.79,95.85,0.14,46.95,0.21,0.0,1
29.46,69,3.19,1015,2.65,13.1,95.75,0.13,47.47,0.21,0.0,1
29.58,68,3.79,1015,2.65,13.1,95.75,0.13,47.47,0.21,0.0,1
16.92,32,3.14,1015,8.79,41.71,113.29,4.34,85.37,2.31,4.92,2
18.16,31,3.2,1015,8.26,39.58,114.26,5.8,92.43,3.15,4.51,2
16.73,50,2.38,1014,9.65,41.34,136.02,15.38,74.81,4.96,7.79,2
18.99,61,2.78,1015,5.72,11.22,147.73,4.29,105.68,7.89,0.38,3
18.07,70,2.52,1015,5.4,11.04,142.08,2.88,110.4,7.28,0.3,3
20.45,61,2.03,1014,4.09,11.21,141.47,1.53,109.4,0.83,0.52,3
15.24,97,1.97,1017,1.6,2.23,85.93,0.47,45.5,0.09,0.49,1
15.15,92,1.7,1016,13.48,22.55,391.72,3.42,20.6,0.36,3.19,2
25.06,87,4.25,1013,4.02,6.53,154.93,1.16,19.23,0.22,0.44,1
11.84,98,1.03,1022,1.4,1.5,95.05,1.5,55.19,0.17,6.06,1
13.94,67,2.7,1018,2.26,3.45,94.12,0.21,64.52,0.27,6.04,2
14.38,73,1.71,1018,1.41,2.31,102.87,1.14,63.07,0.13,5.4,2
27.47,80,2.99,1009,16.6,21.61,467.23,9.02,27.1,1.7,2.98,2
27.34,82,1.57,1009,4.74,6.92,167.24,1.8,39.52,0.41,0.3,1
27.7,80,1.55,1008,15.67,16.34,316.14,3.0,6.89,0.3,0.8,2
28.92,75,2.2,1009,0.5,0.88,65.4,0.01,6.98,0.01,0.0,1
25.2,76,0.75,1015,2.15,5.16,69.13,0.06,45.95,0.08,0.03,1
25.61,75,0.81,1014,2.02,4.56,69.26,0.06,41.45,0.08,0.04,1
26.75,69,0.18,1014,2.02,4.94,68.84,0.05,42.03,0.08,0.04,1
17.2,79,1.08,1011,9.59,11.22,160.72,1.42,66.77,0.79,2.3,2
17.94,55,0.35,1010,15.48,16.88,177.79,7.3,31.59,1.74,4.31,2
16.04,85,1.97,1011,8.29,9.62,145.3,0.47,76.04,0.29,0.56,2
16.51,95,0.79,1011,10.54,12.94,207.7,15.54,63.53,1.27,3.94,2
16.61,86,1.07,1012,11.02,18.19,138.38,1.02,124.19,11.65,0.0,3
16.69,92,2.67,1011,7.19,9.2,178.04,3.69,85.37,0.89,1.57,2
31.28,27,3.74,1005,49.7,187.09,133.28,2.28,114.6,13.38,0.0,4
31.51,27,2.19,1005,52.45,202.93,133.97,2.29,117.43,14.81,0.0,5
32.07,23,2.57,1005,52.45,202.93,133.97,2.29,117.43,14.81,0.0,5
29.75,63,4.05,1013,2.31,6.17,101.59,0.14,49.29,0.2,0.04,1
29.67,63,3.72,1013,2.31,6.17,101.59,0.14,49.29,0.2,0.04,1
12.36,92,0.7,1022,0.81,0.9,89.23,0.95,72.79,0.12,4.53,2
11.64,69,5.46,1020,6.3,16.01,137.65,7.23,35.08,0.67,11.39,1
8.88,55,4.95,1028,1.0,2.51,120.58,0.34,84.08,0.16,0.56,2
25.69,85,2.82,1008,38.34,40.43,730.12,9.85,3.35,0.97,4.68,3
28.51,77,1.58,1008,36.86,39.78,1034.48,20.9,9.54,1.62,6.36,3
27.65,80,1.08,1008,44.95,48.29,1140.69,19.11,0.36,1.72,6.21,3
19.12,67,1.6,1014,6.89,32.18,112.07,4.32,87.61,1.14,3.27,2
19.55,66,0.66,1014,8.65,32.59,159.43,5.08,68.18,3.03,7.64,2
20.32,61,0.63,1014,7.44,30.33,116.46,5.69,87.72,1.37,4.11,2
26.74,77,7.79,1014,2.19,9.41,105.6,0.47,38.03,0.39,0.06,1
26.69,77,7.23,1014,2.39,10.26,107.05,0.51,39.58,0.43,0.05,1
25.47,85,2.95,1006,1.87,4.17,125.75,1.37,60.45,0.6,0.05,2
25.09,87,2.41,1006,1.87,4.17,125.75,1.37,60.45,0.6,0.05,2
24.67,87,2.38,1006,1.87,4.17,125.75,1.37,60.45,0.6,0.05,2
27.02,87,2.5,1012,1.02,3.16,73.63,0.11,27.14,0.12,0.07,1
23.66,96,1.08,1013,1.1,2.64,76.14,0.29,26.9,0.17,0.23,1
27.05,87,3.66,1013,1.3,3.22,77.02,0.08,26.7,0.11,0.13,1
6.24,57,1.87,1019,0.95,2.85,66.26,0.76,43.36,0.33,0.23,1
5.09,61,0.71,1020,1.94,4.36,81.86,1.48,42.42,0.72,0.39,1
8.18,61,4.79,1018,0.51,1.65,57.49,0.21,44.11,0.05,0.12,1
11.51,80,5.55,1002,1.07,1.22,117.58,1.17,70.16,0.63,5.9,2
11.01,75,6.27,1001,1.27,1.39,115.29,1.46,83.0,0.61,4.72,2
11.1,93,9.56,997,1.4,1.5,125.47,3.31,77.52,0.94,1.54,2
4.2,84,3.55,1011,1.09,1.23,122.78,1.17,90.27,0.24,1.33,2
4.39,85,3.49,1012,1.47,1.61,122.84,1.2,87.84,0.27,1.43,2
4.11,84,3.48,1012,1.52,1.65,122.04,1.13,87.74,0.26,1.35,2
10.28,72,4.86,1001,1.35,1.51,120.32,0.98,70.77,0.3,3.19,2
8.4,89,3.46,1006,1.72,2.08,122.89,1.73,59.95,0.61,4.14,1
10.43,91,6.84,998,1.24,1.28,120.04,2.05,86.28,0.77,0.63,2
22.9,51,5.18,1014,16.41,51.2,132.85,1.48,107.22,0.34,0.0,3
19.03,78,5.19,1016,23.17,42.51,111.29,0.48,81.24,1.9,0.0,2
20.38,68,5.54,1016,27.98,78.35,133.59,2.35,78.36,0.88,0.0,3
17.4,67,2.32,1020,1.99,8.35,110.83,2.18,73.71,1.57,0.8,2
17.05,71,1.34,1020,3.1,6.49,114.25,4.3,79.59,3.0,0.69,2
15.4,70,3.16,1020,5.18,8.13,94.38,1.61,66.76,0.49,0.64,2
13.3,67,6.63,1006,2.34,8.97,109.37,0.46,94.37,0.85,0.38,2
15.01,81,5.83,1007,4.71,5.27,113.22,1.69,75.78,0.59,0.77,2
13.6,86,3.81,1008,5.81,6.16,110.56,0.66,79.28,0.28,0.4,2
15.3,84,5.56,1004,2.06,2.62,111.2,1.1,72.58,0.26,1.23,2
15.57,75,1.29,1010,13.45,20.07,126.02,3.87,82.75,2.01,0.0,2
12.55,85,2.6,1011,8.11,13.34,127.74,3.54,81.64,1.71,0.45,2
17.8,83,4.04,1010,3.12,6.51,131.32,3.74,79.69,1.64,0.98,2
14.61,96,1.54,1020,5.09,8.48,151.41,1.61,18.44,0.12,0.29,1
22.65,87,2.04,1017,2.57,5.35,84.0,0.58,24.19,0.12,0.28,1
12.7,92,0.79,1021,2.37,3.16,96.92,0.62,18.37,0.03,0.19,1
26.33,86,8.13,1009,0.5,0.83,98.65,0.01,8.78,0.01,0.0,1
14.76,78,2.62,1009,7.21,11.8,97.77,1.24,45.17,0.2,1.67,1
14.32,79,0.49,1009,6.44,11.12,95.46,1.28,41.1,0.18,1.73,1
12.22,85,2.43,1010,7.97,15.21,96.49,1.66,47.33,0.31,3.28,1
35.78,24,1.01,1009,18.35,47.36,167.48,0.63,20.89,0.12,6.9,2
32.65,34,2.23,1009,11.31,25.31,151.22,0.93,18.57,0.09,2.62,2
36.93,26,1.61,1008,15.82,47.78,141.89,0.4,29.35,0.07,2.38,2
25.88,82,3.48,1009,6.98,7.86,313.08,3.75,36.24,0.38,1.73,1
23.39,84,0.76,1010,45.03,50.99,889.54,10.85,29.85,0.93,11.7,3
23.06,92,0.74,1010,38.93,39.98,987.87,13.28,6.25,1.12,6.15,3
15.25,56,1.61,1002,0.5,0.89,92.73,0.35,78.69,0.1,0.63,2
11.38,69,0.45,1002,0.5,0.5,98.34,0.38,73.09,0.08,1.27,2
15.1,57,1.82,1002,0.62,0.69,100.94,0.99,60.13,0.31,1.03,2
24.82,89,4.61,1009,8.87,15.07,171.42,0.78,74.97,0.68,0.07,2
24.86,87,5.2,1009,7.71,13.73,163.62,0.25,73.06,0.24,0.0,2
24.86,88,4.61,1009,7.71,13.73,163.62,0.25,73.06,0.24,0.0,2
27.54,83,6.72,1011,0.96,2.25,100.21,0.19,35.11,0.08,0.0,1
26.07,77,5.68,1015,1.7,6.75,101.45,0.76,41.48,0.49,0.06,1
26.39,77,5.65,1015,1.77,7.38,101.86,0.65,40.11,0.43,0.07,1
26.13,78,5.84,1015,1.77,7.38,101.86,0.65,40.11,0.43,0.07,1
22.39,64,10.12,1011,46.97,222.93,104.76,0.21,87.49,0.61,0.06,5
18.99,83,11.46,1016,8.46,36.79,102.1,0.67,89.14,0.73,0.01,2
37.0,13,3.52,1007,77.86,338.25,140.85,0.55,31.22,0.17,0.78,5
19.2,70,3.34,1014,7.82,14.19,108.49,0.16,78.81,0.41,0.0,2
18.17,71,3.42,1014,7.82,14.19,108.49,0.16,78.81,0.41,0.0,2
18.34,71,3.28,1014,7.82,14.19,108.49,0.16,78.81,0.41,0.0,2
23.03,83,2.79,1018,1.1,3.99,62.34,0.06,55.75,0.14,0.0,1
20.05,86,2.26,1018,0.98,3.32,62.17,0.05,55.21,0.12,0.0,1
21.05,85,2.29,1018,0.98,3.32,62.17,0.05,55.21,0.12,0.0,1
28.34,81,8.92,1008,5.86,11.02,93.86,0.03,66.68,0.15,0.1,2
17.24,68,1.0,1017,2.8,3.52,80.41,0.41,22.74,0.06,0.21,1
19.23,52,2.29,1016,5.64,8.26,114.16,1.15,24.91,0.36,0.43,1
15.68,87,0.44,1017,1.27,1.8,81.78,0.7,34.2,0.04,0.37,1
18.64,61,0.88,1015,24.34,25.78,336.45,5.33,134.79,2.88,7.99,3
21.76,69,3.77,1013,3.71,9.93,112.38,0.15,98.57,0.32,0.06,2
18.8,60,1.26,1015,16.85,17.72,272.99,3.39,119.81,1.71,4.72,3
26.59,86,0.95,1007,5.97,6.33,187.84,2.3,19.62,0.91,0.13,1
28.36,86,1.39,1007,3.22,3.52,98.53,0.56,9.22,0.14,0.26,1
26.64,88,0.91,1007,6.87,7.3,205.05,2.31,17.04,0.78,0.14,1
20.32,44,2.47,1011,5.1,7.48,112.33,6.25,41.36,16.16,0.97,1
19.39,39,1.98,1011,5.1,7.48,112.33,6.25,41.36,16.16,0.97,1
18.84,94,1.33,1016,3.08,5.09,86.42,0.33,25.28,0.06,0.13,1
22.89,69,4.79,1019,0.68,2.35,63.77,0.04,47.62,0.06,0.0,1
22.87,70,3.85,1019,0.68,2.35,63.77,0.04,47.62,0.06,0.0,1
23.1,68,3.25,1019,0.66,2.21,63.63,0.04,47.26,0.06,0.0,1
35.34,18,3.32,1009,26.57,88.62,149.09,0.62,45.08,0.19,5.52,3
29.99,8,4.8,1010,87.33,315.85,371.34,3.43,51.41,1.63,19.11,5
28.38,10,4.74,1011,78.92,269.67,627.4,9.12,43.41,2.98,38.98,5
28.38,79,4.22,1012,1.51,4.5,83.56,0.04,23.4,0.09,0.02,1
29.74,10,2.88,1010,82.99,239.2,708.9,9.96,41.43,3.14,26.21,5
23.64,97,2.1,1012,5.72,15.73,204.06,1.77,19.91,0.7,1.41,1
33.93,33,7.1,1007,4.0,9.05,93.88,0.18,51.12,6.89,0.73,1
33.88,37,3.65,1007,6.21,15.23,93.97,0.18,53.44,8.61,0.43,1
33.34,34,4.3,1008,4.78,10.27,96.08,0.24,51.18,4.21,0.81,1
6.1,79,6.23,1011,0.82,2.49,134.66,3.19,96.69,1.18,5.19,2
6.23,76,6.3,1010,0.68,2.1,133.23,3.23,96.59,1.39,3.23,2
6.19,77,9.66,1011,0.62,2.03,130.33,1.88,99.84,1.03,4.22,2
5.31,79,2.46,1004,0.51,0.81,128.07,2.72,87.85,1.37,2.39,2
4.44,79,2.34,1006,0.83,3.33,128.57,0.48,90.8,1.02,0.0,2
4.94,73,0.85,1007,0.5,0.5,114.03,0.45,79.95,0.04,1.28,2
17.25,82,0.75,1011,95.2,105.09,611.58,5.95,109.18,9.77,16.21,5
17.59,84,2.18,1012,89.62,101.43,683.61,6.38,90.51,8.6,30.74,5
24.71,68,1.96,1008,130.75,144.66,716.39,6.65,114.36,14.26,26.77,5
16.11,87,1.47,1019,1.05,1.73,63.56,0.57,47.86,0.29,0.07,1
11.55,49,3.1,1020,0.91,1.85,78.22,2.43,39.28,0.12,0.19,1
13.55,81,6.02,1019,0.96,2.02,74.33,1.17,38.37,0.17,0.19,1
28.88,50,2.36,1004,33.09,139.36,111.16,0.6,86.32,0.4,0.29,4
30.41,51,1.53,1005,32.93,141.82,112.24,0.61,90.99,0.43,0.44,4
28.88,50,2.36,1004,33.44,143.51,112.29,0.51,84.41,0.36,0.32,4
29.29,86,3.74,1008,2.31,2.91,112.78,0.78,49.86,0.49,0.54,1
28.86,85,2.94,1008,2.36,2.9,111.91,0.84,47.76,0.49,0.52,1
29.04,84,2.8,1009,2.36,2.9,111.91,0.84,47.76,0.49,0.52,1
22.63,73,3.49,1012,4.94,14.17,72.18,0.05,46.15,0.19,0.0,1
21.79,83,4.6,1012,4.94,14.17,72.18,0.05,46.15,0.19,0.0,1
16.97,46,2.13,1017,6.49,12.06,72.61,0.5,56.33,1.17,0.0,1
26.63,82,10.83,1012,3.78,9.69,61.54,0.02,53.85,0.08,0.0,1
26.72,83,11.25,1012,3.73,9.43,61.57,0.02,53.95,0.08,0.0,1
26.5,82,10.64,1012,3.79,9.95,61.68,0.02,54.13,0.08,0.0,1
27.59,80,2.12,1011,7.86,27.25,62.09,0.04,38.51,0.22,0.0,2
27.04,64,1.73,1012,1.16,1.75,32.81,0.03,1.29,0.03,0.02,1
30.33,66,2.02,1012,1.76,4.11,63.11,0.04,29.38,2.72,0.0,1
30.1,79,2.2,1009,14.31,22.01,252.38,8.69,39.19,6.05,6.83,2
27.64,98,0.85,1009,21.54,22.65,478.82,7.83,36.66,1.35,37.15,2
30.21,80,2.62,1009,18.13,26.95,251.18,6.83,51.27,6.83,5.37,2
26.29,32,3.33,1002,70.53,87.88,610.4,4.74,101.31,4.98,65.79,4
27.63,85,3.8,1004,18.8,78.01,88.76,0.09,64.17,0.38,0.0,3
23.01,71,0.27,1007,26.42,41.6,373.02,4.68,76.64,0.36,26.05,3
13.37,87,2.92,996,2.71,3.96,129.56,3.51,55.83,1.4,3.36,1
12.33,91,0.39,997,1.16,1.32,99.3,1.59,44.05,0.26,1.48,1
10.96,94,5.79,1000,1.14,1.55,116.66,3.27,41.6,0.62,2.52,1
26.53,77,5.23,1016,1.92,9.27,95.58,0.14,42.13,0.18,0.0,1
25.79,86,3.93,1017,2.04,9.95,94.96,0.14,43.66,0.18,0.0,1
25.79,86,4.23,1016,1.9,9.2,94.86,0.15,43.91,0.18,0.0,1
19.67,54,0.47,1014,9.51,55.51,105.24,2.05,79.63,1.3,8.19,3
19.7,52,1.09,1014,9.31,51.39,102.42,1.26,77.8,1.42,3.11,3
19.59,54,0.4,1014,9.51,55.51,105.24,2.05,79.63,1.3,8.19,3
12.73,85,2.39,1016,0.77,1.99,110.99,0.91,95.56,0.59,0.0,2
13.54,85,2.6,1016,0.76,1.49,114.6,1.64,97.65,0.8,0.26,2
12.75,91,1.22,1016,0.77,1.56,114.87,1.73,94.26,0.79,0.35,2
10.95,74,1.52,1021,1.56,2.29,88.29,2.41,28.73,0.46,0.47,1
10.13,81,1.12,1021,10.86,12.78,259.72,7.01,20.9,0.44,0.86,2
10.67,74,1.81,1021,1.58,2.39,89.9,2.5,31.56,0.62,0.52,1
31.47,27,4.1,1005,64.13,190.85,231.05,7.4,133.87,24.01,0.0,4
31.04,26,3.86,1005,64.13,190.85,231.05,7.4,133.87,24.01,0.0,4
31.29,33,4.06,1005,59.95,173.95,231.5,9.46,124.77,24.2,0.0,4
23.49,73,3.51,1019,1.09,4.66,63.0,0.06,58.59,0.15,0.0,1
23.63,66,0.78,1019,1.07,4.96,63.18,0.06,58.95,0.14,0.0,1
23.6,71,2.74,1019,1.05,4.69,63.44,0.05,60.28,0.13,0.0,2
17.54,79,3.23,1004,2.14,3.44,103.37,2.0,29.06,0.1,0.63,1
16.34,81,6.01,1004,1.7,2.19,110.14,1.22,67.39,0.19,1.09,2
13.47,93,6.05,1008,10.31,11.61,141.14,1.82,95.82,1.45,0.0,2
16.47,89,2.84,1005,0.97,1.29,105.99,0.61,75.96,0.55,0.44,2
14.33,69,2.63,1008,3.91,5.85,111.21,2.53,53.08,0.63,2.37,1
15.93,90,2.53,1005,1.25,1.76,99.36,0.99,35.48,0.24,0.75,1
10.47,93,2.98,1010,2.61,2.77,125.42,3.73,32.99,0.65,0.32,1
8.62,86,2.18,1009,0.54,0.57,116.94,0.66,52.18,0.08,0.27,1
1.43,54,6.3,1019,0.5,0.5,130.26,0.15,81.0,0.05,1.28,2
13.81,92,1.32,1017,38.22,63.01,609.26,4.51,9.97,0.6,1.64,3
16.99,82,1.7,1017,22.23,34.42,386.85,3.29,24.12,1.53,5.99,2
12.7,94,0.5,1020,26.07,41.95,410.7,4.06,23.12,1.03,3.99,3
31.45,41,2.29,1009,55.81,111.21,110.29,4.23,103.54,6.88,0.0,4
30.33,17,2.98,1008,33.96,94.72,103.66,0.92,67.36,0.6,0.0,3
30.22,33,2.06,1009,71.73,131.37,150.2,11.1,82.33,59.28,0.0,4
29.88,72,2.41,1012,1.93,4.98,61.4,0.01,37.99,0.09,0.0,1
29.74,72,1.87,1012,1.93,4.98,61.4,0.01,37.99,0.09,0.0,1
30.06,69,3.46,1012,1.87,4.84,61.44,0.02,37.74,0.09,0.0,1
27.98,77,6.09,1010,1.02,2.17,67.23,0.02,34.12,0.06,0.0,1
34.86,9,7.82,1006,29.9,112.53,112.9,0.6,47.43,0.2,2.38,4
34.81,9,8.34,1006,30.23,113.1,107.74,0.52,47.27,0.19,2.01,4
34.93,9,8.21,1006,30.23,113.1,107.74,0.52,47.27,0.19,2.01,4
8.05,84,4.27,998,6.83,7.15,122.73,1.54,88.3,0.86,0.9,2
5.69,76,2.42,1000,0.57,0.88,124.42,1.86,104.46,1.49,0.97,3
7.39,93,5.22,998,1.64,1.72,125.37,2.2,95.25,0.51,1.8,2
26.97,88,2.01,1008,3.45,3.78,102.37,0.76,8.51,0.2,0.32,1
27.07,91,1.31,1008,3.45,3.78,102.37,0.76,8.51,0.2,0.32,1
26.84,90,1.56,1008,3.45,3.78,102.37,0.76,8.51,0.2,0.32,1
11.99,95,1.01,1004,1.88,4.29,111.46,0.82,96.46,0.61,1.07,2
12.85,86,2.4,1002,1.23,1.7,112.69,1.08,81.93,0.29,0.41,2
12.83,91,2.7,1002,1.6,2.69,112.55,1.19,87.65,0.49,0.58,2
12.53,88,7.14,1000,0.8,1.18,118.18,2.93,58.46,0.34,2.85,1
13.19,88,1.76,1001,1.03,1.45,110.1,0.91,66.03,0.19,2.34,2
13.14,87,7.4,1000,0.8,1.18,118.18,2.93,58.46,0.34,2.85,1
26.88,83,1.07,1014,1.76,4.17,97.26,0.5,40.12,0.33,0.02,1
24.77,91,1.25,1013,1.44,3.32,103.69,0.57,23.68,0.27,0.73,1
25.4,90,1.86,1013,0.91,2.35,86.96,0.37,25.79,0.19,0.19,1
19.98,86,8.11,1012,9.48,39.24,101.74,0.8,83.09,0.84,0.0,2
23.98,47,5.73,1010,19.32,96.9,146.46,2.04,73.75,1.57,0.98,3
20.1,85,8.2,1012,9.93,41.11,101.7,1.1,84.72,1.02,0.0,2
27.28,83,6.39,1011,2.29,9.08,64.21,0.02,28.81,0.12,0.0,1
20.07,42,1.86,1013,9.67,26.18,160.42,1.9,30.75,0.39,11.19,2
21.54,54,2.43,1013,1.81,6.35,78.88,0.34,22.47,0.04,1.5,1
25.39,92,4.19,1012,0.5,0.5,100.89,0.76,6.76,0.21,0.01,1
24.05,98,1.03,1012,0.5,0.5,97.96,0.5,5.47,0.12,0.01,1
21.62,82,0.71,1014,5.16,8.83,180.88,0.97,5.32,0.13,1.99,1
29.36,49,4.35,1010,1.51,2.7,115.79,0.23,18.54,0.01,1.0,1
18.55,84,1.16,1014,3.66,4.54,127.52,0.14,0.57,0.04,0.11,1
26.15,87,2.56,1013,4.51,10.13,78.45,0.04,27.6,0.16,0.0,1
28.11,76,3.27,1012,9.57,21.65,90.14,0.11,53.49,4.5,0.0,2
28.64,77,3.38,1013,9.57,21.65,90.14,0.11,53.49,4.5,0.0,2
33.26,59,4.15,1007,9.15,17.31,92.86,0.14,62.31,5.51,0.08,2
16.87,57,4.01,1012,15.52,23.34,118.02,2.52,67.56,3.24,4.19,2
16.42,39,0.7,1013,7.75,32.25,158.52,25.57,45.83,5.06,12.39,2
17.12,54,3.73,1013,23.05,50.43,146.57,5.48,71.76,6.27,21.38,3
16.69,31,3.93,1013,1.25,2.18,67.92,1.34,48.08,2.13,0.53,1
12.9,37,6.13,1015,1.6,2.81,72.01,2.27,48.29,4.6,0.65,1
27.59,79,8.23,1015,3.01,13.79,96.67,0.26,49.16,0.32,0.1,1
32.21,9,4.44,1008,25.61,76.81,293.49,2.82,44.98,1.27,9.92,3
30.37,38,1.93,1009,4.13,10.07,112.02,0.18,14.65,0.03,2.08,1
28.27,11,3.74,1010,15.02,45.66,118.92,0.28,39.94,0.14,0.71,2
28.52,78,3.78,1012,1.43,3.92,87.21,0.12,25.17,0.12,0.12,1
27.07,70,3.14,1012,4.12,7.3,166.36,1.51,21.68,0.28,0.85,1
29.89,55,2.87,1012,4.71,7.93,140.06,1.44,20.74,0.2,0.71,1
28.54,82,1.95,1008,15.33,16.24,269.82,2.73,23.05,0.56,3.55,2
28.53,81,2.65,1008,11.92,12.78,230.21,2.13,24.4,0.45,2.7,2
28.57,84,1.82,1008,16.4,17.68,303.43,3.63,21.48,0.7,4.97,2
16.03,80,1.82,1017,8.95,35.43,189.86,1.33,80.86,0.27,9.87,2
16.15,66,1.83,1018,2.34,3.66,111.48,0.5,81.42,0.69,13.69,2
12.5,75,2.28,1020,3.66,4.74,107.26,0.78,62.25,0.86,37.5,2
28.08,77,1.05,1012,1.5,1.87,77.96,0.43,22.65,0.11,0.13,1
24.92,90,2.52,1013,2.17,4.55,79.43,0.48,25.26,0.17,0.12,1
25.38,90,2.82,1013,2.31,5.61,67.58,0.14,30.38,0.16,0.04,1
22.59,42,2.29,1016,8.53,14.97,171.14,5.68,81.38,1.76,9.77,2
22.78,34,3.31,1017,32.7,170.26,115.87,0.81,60.88,0.16,10.07,4
16.56,21,6.01,1021,22.66,134.43,115.59,0.42,102.23,0.16,6.12,4
17.82,65,3.34,1017,15.86,54.43,118.7,3.05,77.05,0.4,1.58,3
21.55,58,1.62,1014,28.93,76.96,129.3,1.35,106.45,3.45,0.08,3
21.76,52,4.5,1015,28.3,60.14,130.53,1.73,104.62,2.39,0.08,3
24.65,72,4.53,1015,0.79,2.52,65.19,0.01,53.55,0.03,0.0,1
17.62,79,1.21,1009,11.45,17.63,128.93,8.07,34.88,1.69,20.33,2
12.57,81,1.09,1010,3.49,5.98,106.13,2.88,57.04,0.53,14.09,1
15.94,82,1.52,1010,8.46,12.33,110.63,3.36,47.06,0.96,7.19,1
26.49,78,4.41,1013,1.25,2.11,125.25,0.44,24.26,0.05,0.33,1
26.31,77,3.69,1013,1.13,1.71,127.68,0.39,22.57,0.03,0.27,1
26.31,77,3.69,1013,1.13,1.71,127.68,0.39,22.57,0.03,0.27,1
23.13,83,0.99,1009,48.04,51.15,398.67,18.75,13.06,4.52,3.15,3
23.24,81,1.23,1007,48.04,51.15,398.67,18.75,13.06,4.52,3.15,3
26.08,85,0.56,1010,29.78,37.34,237.08,9.7,84.16,16.07,0.0,3
23.82,91,2.2,1014,1.85,2.76,74.28,0.42,8.88,0.03,0.09,1
21.16,72,2.01,1014,6.64,10.51,149.78,1.48,15.28,0.21,1.01,1
18.3,89,3.85,1015,0.52,1.13,72.48,0.34,17.88,0.04,0.2,1
10.99,74,2.61,1008,2.34,2.86,109.5,1.28,64.27,0.95,4.06,2
13.16,92,3.24,1009,2.21,2.92,134.98,2.82,52.58,2.41,2.67,1
13.8,86,5.61,1010,7.93,9.38,112.55,0.55,87.66,0.58,0.07,2
16.3,95,0.82,1015,8.02,12.51,156.81,2.13,35.54,0.26,2.63,1
16.19,95,0.75,1015,8.02,12.51,156.81,2.13,35.54,0.26,2.63,1
16.32,97,0.52,1015,6.72,10.15,136.16,1.33,45.01,0.23,2.49,1
16.09,38,0.55,1017,5.74,7.09,188.82,13.9,73.63,1.82,1.23,2
20.24,77,3.94,1014,5.91,12.64,115.31,0.17,97.97,0.46,0.08,2
16.21,37,1.7,1017,6.35,7.67,184.7,12.52,75.26,1.92,0.95,2
12.64,67,5.51,1017,5.03,10.55,133.03,5.34,57.65,5.82,0.44,1
10.45,74,2.62,1021,6.97,14.08,128.32,1.91,48.02,0.25,0.67,1
9.74,80,3.24,1020,10.73,19.02,136.46,1.92,48.58,0.41,0.69,2
15.85,61,1.94,1018,4.49,11.23,125.76,2.08,41.92,0.16,12.2,1
18.03,58,0.45,1017,1.93,3.41,98.98,0.25,66.55,0.36,12.67,2
17.84,61,1.1,1017,2.3,4.68,106.63,0.94,71.72,0.37,14.98,2
26.12,78,6.52,1014,2.32,11.4,114.83,0.42,33.49,0.32,0.09,1
26.59,78,7.1,1014,2.42,11.96,115.05,0.37,32.95,0.31,0.09,1
29.44,65,0.78,1012,1.63,2.61,148.71,1.92,30.48,0.7,1.33,1
28.06,71,6.4,1008,6.48,10.32,179.68,3.15,48.93,0.64,6.93,1
29.48,80,2.65,1012,2.46,4.01,154.73,1.25,18.92,0.12,2.13,1
25.73,76,6.99,1016,1.94,8.92,94.11,0.17,50.61,0.2,0.0,1
27.05,76,8.78,1016,1.55,6.91,95.52,0.16,43.83,0.16,0.0,1
28.4,82,3.72,1008,15.42,21.52,485.01,11.86,22.95,2.46,5.95,2
24.67,95,2.15,1008,24.55,28.64,324.08,4.21,12.47,1.17,3.74,2
26.27,94,1.68,1008,12.58,17.85,254.87,3.54,45.96,1.68,4.68,2
25.84,61,5.9,1016,1.78,7.61,60.78,0.03,54.05,1.65,0.0,1
28.82,74,6.57,1011,1.0,3.09,60.47,0.01,27.7,0.06,0.0,1
13.55,66,6.49,1009,5.9,8.57,102.9,2.62,37.24,0.14,2.11,1
14.54,70,3.27,1010,11.84,16.31,108.84,3.29,47.81,0.52,1.54,2
12.87,70,1.82,1010,7.05,9.61,106.88,2.6,52.07,0.26,1.53,1
18.06,26,3.32,1017,20.07,60.05,102.84,3.58,52.3,5.95,8.1,3
28.37,68,3.97,1009,9.52,34.83,85.58,0.45,51.67,1.26,0.0,2
24.58,51,0.94,1013,12.38,43.61,89.77,2.23,49.29,2.59,0.04,2
26.28,74,1.96,1014,1.16,3.01,64.84,0.04,38.35,0.06,0.02,1
26.3,74,1.87,1013,1.16,3.01,64.84,0.04,38.35,0.06,0.02,1
26.15,74,2.01,1014,1.16,3.01,64.84,0.04,38.35,0.06,0.02,1
9.88,41,3.28,1019,3.75,7.33,112.26,3.51,36.37,1.02,1.13,1
17.44,91,11.62,1006,2.74,8.94,64.56,0.04,53.07,0.21,0.0,1
17.66,53,2.97,1009,8.53,16.86,200.4,5.19,41.3,4.36,1.22,1
18.46,60,1.66,1016,5.99,7.81,118.41,0.76,16.86,0.08,0.24,1
17.59,66,1.69,1016,4.7,8.04,170.7,1.02,22.3,0.55,0.7,1
16.12,71,2.04,1016,4.28,6.52,123.12,0.77,23.82,0.39,0.51,1
17.34,54,1.49,1017,7.07,10.41,146.83,2.09,22.38,1.04,0.9,1
14.82,34,1.32,1019,7.34,10.8,124.7,2.96,24.53,0.44,0.26,1
16.21,59,2.22,1018,7.55,11.11,146.42,2.21,21.56,1.12,0.93,1
