pm2_5,pm10,co,no2,so2,o3,temp,humidity,pressure,wind_speed,aqi_label
4.71,10.81,135.4,6.88,0.33,66.71,14.11,75,1020,0.45,fair
4.71,10.81,135.4,6.88,0.33,66.71,14.33,75,1020,0.45,fair
28.41,116.85,187.29,14.91,7.62,90.17,35.84,24,1009,3.09,poor
18.07,97.68,113.88,0.73,1.0,109.45,33.02,38,1010,3.6,moderate
31.45,122.41,182.82,14.42,6.91,93.22,36.0,24,1010,3.6,poor
6.63,10.83,428.16,1.62,0.24,73.51,20.79,40,1012,1.22,fair
4.33,18.6,109.02,0.14,0.12,95.47,28.16,20,1010,2.47,fair
1.59,4.26,93.22,0.08,0.1,82.38,28.07,39,1010,4.43,fair
1.8,3.79,112.32,1.33,1.09,50.56,23.43,85,1012,2.06,good
3.74,5.83,137.16,2.41,1.79,97.62,12.51,54,1016,0.51,fair
3.9,5.9,139.26,2.12,1.93,108.79,13.23,50,1016,1.27,moderate
4.23,7.96,135.69,1.55,2.04,117.12,15.32,50,1015,1.85,moderate
10.55,28.92,105.39,0.42,3.62,114.93,16.09,39,1009,2.57,moderate
7.54,17.23,104.05,0.38,2.65,108.18,11.84,47,1009,7.72,moderate
7.91,21.51,105.08,0.47,2.47,108.64,12.43,53,1008,8.54,moderate
13.63,47.02,68.78,0.04,0.36,40.65,25.0,88,1011,2.57,fair
20.57,92.09,78.91,0.37,0.09,19.68,15.92,100,1014,1.03,moderate
2.99,3.77,113.51,1.36,0.11,7.93,17.89,94,1014,1.03,good
16.44,24.53,486.11,22.34,2.57,16.13,13.22,93,1018,2.45,fair
13.59,19.66,225.03,3.6,0.13,29.1,15.96,72,1017,2.03,fair
20.54,28.34,414.6,8.25,0.5,28.66,14.99,75,1018,1.31,fair
8.36,10.81,175.47,7.61,1.19,70.99,13.66,51,1018,9.83,fair
13.21,19.38,225.88,10.3,0.57,33.44,12.67,55,1018,0.45,fair
8.17,9.21,139.22,3.82,0.82,86.6,11.66,49,1020,3.09,fair
1.15,3.18,66.15,0.86,0.7,54.86,20.67,74,1031,4.12,good
3.69,5.22,88.05,3.47,1.83,67.13,22.19,43,1027,4.12,fair
1.88,1.92,75.1,0.7,0.07,45.38,19.72,72,1025,5.14,good
1.62,4.72,104.68,2.42,2.57,36.61,26.03,80,1010,7.15,good
1.62,4.72,104.68,2.42,2.57,36.61,26.1,81,1010,5.14,good
1.62,4.72,104.68,2.42,2.57,36.61,25.97,81,1010,5.14,good
9.49,27.0,140.9,2.27,1.24,88.19,12.03,76,1009,3.09,fair
9.53,26.09,142.9,2.76,1.39,82.27,12.0,79,1009,1.44,fair
8.58,23.94,116.05,0.83,1.02,99.47,14.48,51,1010,12.35,fair
4.5,5.62,140.56,1.65,1.8,91.98,5.95,75,1019,0.51,fair
6.76,8.24,135.47,2.48,0.72,84.02,12.74,50,1019,1.54,fair
5.79,7.17,141.15,2.53,0.88,81.31,9.46,71,1019,0.9,fair
0.66,2.33,114.83,0.05,0.07,22.34,26.27,83,1011,3.09,good
27.08,45.26,151.55,0.69,1.59,78.67,33.99,59,1005,1.54,moderate
12.41,28.39,119.33,0.04,0.28,40.85,32.91,58,1007,5.66,fair
28.0,45.94,157.02,0.93,1.8,80.81,34.0,59,1005,1.54,moderate
16.22,19.26,170.11,7.26,0.53,51.76,3.08,100,1026,1.54,fair
15.06,18.91,192.28,16.49,1.66,50.44,6.66,92,1026,3.13,fair
18.74,22.5,214.18,15.36,1.67,52.37,6.28,96,1026,3.2,fair
14.17,36.15,166.19,0.6,0.09,28.57,30.06,48,1007,4.12,fair
8.22,14.39,177.22,0.71,0.06,23.14,28.25,65,1007,3.6,good
15.34,37.01,166.58,0.51,0.07,27.18,31.14,23,1007,2.68,fair
6.32,7.3,129.02,1.21,2.61,99.71,8.77,49,1015,1.03,fair
3.74,4.62,130.63,1.03,0.73,77.27,15.11,38,1014,8.75,fair
6.13,7.55,133.44,1.41,1.25,85.58,16.03,47,1012,5.14,fair
43.69,122.29,168.27,15.91,30.82,116.55,26.98,50,1010,4.63,poor
47.76,141.42,165.3,17.56,32.36,113.21,26.97,50,1010,4.63,poor
46.82,149.09,159.45,15.49,28.44,110.74,26.79,49,1011,4.86,poor
0.51,0.65,79.66,0.31,0.03,16.27,26.84,69,1013,1.03,good
1.55,2.87,127.37,1.56,0.23,18.14,18.06,83,1014,1.96,good
3.08,6.21,185.76,1.63,0.41,17.16,17.29,86,1014,1.37,good
1.39,5.11,81.78,0.08,0.14,27.42,28.99,84,1009,6.69,good
1.36,4.87,85.82,0.11,0.16,26.87,28.92,84,1009,6.69,good
1.49,5.61,81.42,0.07,0.14,27.28,28.9,77,1009,4.74,good
0.95,1.03,129.93,0.19,0.13,30.59,34.03,46,1007,4.12,good
0.95,1.03,129.93,0.19,0.13,30.59,33.99,46,1007,4.12,good
0.81,0.88,127.73,0.15,0.1,28.9,34.0,46,1007,4.12,good
1.44,2.22,91.54,1.43,0.14,18.02,6.99,93,1021,1.03,good
0.96,1.15,91.3,0.35,0.02,4.12,20.69,100,1014,2.57,good
0.61,0.82,86.66,0.92,0.09,11.46,13.84,82,1016,1.54,good
2.47,4.59,75.15,1.0,0.26,16.45,18.85,88,1020,3.09,good
0.69,2.64,72.33,0.07,0.05,39.15,21.94,94,1017,1.54,good
6.15,8.65,92.13,1.55,0.66,46.37,17.71,80,1019,1.63,good
1.89,9.22,118.56,0.16,0.19,97.04,21.99,68,1014,2.57,fair
2.14,9.24,115.13,0.39,0.86,100.36,16.96,88,1015,2.06,moderate
2.14,9.24,115.13,0.39,0.86,100.36,16.97,88,1015,2.06,moderate
50.28,56.6,347.46,1.52,2.62,133.48,20.06,47,1010,3.0,poor
53.19,62.29,319.23,1.71,2.3,106.04,31.97,52,1009,2.08,poor
46.58,53.7,302.26,1.33,2.1,117.67,24.8,66,1011,1.33,moderate
0.5,0.74,68.47,1.25,0.45,32.75,15.25,91,1022,4.18,good
0.5,0.5,63.57,0.46,0.39,35.71,14.47,94,1022,6.75,good
0.5,0.74,68.47,1.25,0.45,32.75,15.19,91,1022,4.28,good
1.22,1.98,138.66,1.81,0.39,83.19,5.18,49,1007,5.15,fair
1.29,1.54,138.54,1.17,1.6,84.7,3.99,45,1006,5.0,fair
2.39,3.26,136.97,2.0,0.95,86.45,7.02,57,1011,6.0,fair
2.39,6.23,88.52,0.22,0.07,25.19,27.23,1,1010,5.67,good
2.29,6.13,93.18,0.14,0.1,37.38,27.18,77,1010,7.95,good
2.25,5.03,93.6,0.41,0.09,27.38,22.51,94,1010,2.46,good
17.54,19.75,265.47,16.99,2.01,47.87,8.32,67,1012,0.0,fair
1.78,2.81,170.17,4.44,1.8,65.15,1.21,58,1014,3.6,fair
0.5,0.5,128.15,0.42,0.02,79.05,-0.65,60,1018,9.26,fair
3.7,5.74,154.2,0.88,0.3,3.53,22.2,94,1011,2.06,good
1.83,3.09,127.57,0.28,1.91,27.1,19.86,79,1015,5.34,good
1.2,2.41,85.78,0.27,0.04,8.1,25.09,74,1011,0.67,good
0.5,0.5,84.31,0.02,0.0,3.82,24.1,88,1010,2.57,good
0.5,0.5,84.31,0.02,0.0,3.82,23.96,88,1010,2.57,good
0.5,0.5,85.64,0.02,0.0,3.85,23.72,88,1010,2.57,good
3.7,5.74,154.2,0.88,0.3,3.53,22.2,94,1011,2.06,good
5.42,12.95,76.54,0.14,0.15,34.51,25.04,94,1010,1.03,good
6.07,8.64,122.34,1.57,0.33,29.1,23.72,92,1011,1.32,good
6.82,7.51,134.27,4.03,2.27,93.72,10.23,60,1021,1.34,fair
13.55,16.04,181.68,7.35,0.83,27.54,11.19,54,1021,1.03,fair
14.75,16.45,194.85,10.29,2.53,65.23,9.94,60,1021,0.51,fair
0.78,2.71,92.14,0.19,0.14,25.31,28.72,89,1009,5.14,good
0.85,2.98,94.41,0.21,0.15,25.54,28.31,89,1009,5.14,good
1.71,3.1,131.03,0.51,0.12,10.64,24.07,89,1009,3.61,good
9.79,13.29,224.3,7.91,0.18,26.06,14.94,60,1020,1.02,good
14.23,17.35,233.61,7.61,0.28,31.59,13.51,51,1020,0.66,fair
9.79,13.29,224.3,7.91,0.18,26.06,14.1,60,1022,1.01,good
0.5,0.5,83.32,0.05,0.01,25.03,25.95,100,1010,1.03,good
1.15,1.42,91.76,0.62,0.05,1.91,22.74,94,1012,1.54,good
6.72,8.52,221.0,1.36,0.23,6.26,21.17,83,1013,0.75,good
73.41,95.49,694.72,47.9,80.1,100.28,23.92,33,1015,3.0,poor
149.94,171.94,396.08,8.18,32.67,195.69,23.94,35,1008,2.85,very_poor
33.83,36.78,484.13,51.13,26.34,19.8,19.78,92,1012,3.07,moderate
23.77,24.53,193.16,3.18,7.26,28.48,12.27,98,1018,0.41,fair
4.39,4.68,119.21,2.34,0.97,14.75,22.03,78,1014,2.06,good
8.19,9.05,170.98,5.45,8.03,6.89,19.37,84,1016,4.47,good
0.5,0.63,102.87,0.53,0.25,26.64,15.95,89,1017,2.57,good
0.99,1.29,141.62,2.27,0.35,28.9,24.19,88,1011,1.68,good
0.5,0.61,102.32,0.39,0.18,26.1,17.62,88,1016,2.57,good
2.74,6.83,118.81,0.39,0.29,69.3,20.85,88,1012,5.96,fair
2.06,2.88,120.79,0.4,1.28,89.14,24.16,83,1013,2.57,fair
2.92,5.93,119.34,0.3,1.01,88.48,20.19,94,1013,2.57,fair
3.32,16.32,108.16,0.14,0.48,74.69,21.27,68,1014,7.2,fair
2.29,11.65,109.41,0.12,0.38,75.15,20.75,68,1015,8.75,fair
3.23,15.09,111.78,0.14,0.51,80.11,21.02,68,1015,6.69,fair
2.21,4.83,102.83,0.69,0.27,34.76,25.86,82,1011,2.57,good
2.21,4.83,102.83,0.69,0.27,34.76,25.94,82,1011,2.57,good
7.08,17.93,117.56,0.2,0.33,94.85,19.76,60,1012,0.0,fair
7.83,18.39,118.43,0.18,0.36,95.91,18.96,72,1012,3.09,fair
7.29,16.07,117.88,0.39,0.48,94.12,20.67,64,1012,2.06,fair
8.34,10.05,138.31,2.49,0.67,81.01,10.93,64,1019,5.66,fair
7.33,8.64,142.36,3.05,1.86,104.17,12.38,54,1018,4.63,moderate
11.11,14.15,147.29,3.25,1.85,82.95,12.5,62,1017,0.51,fair
4.05,7.41,136.63,4.71,1.4,77.83,7.67,82,1019,5.66,fair
3.32,9.32,137.28,4.68,1.38,79.77,8.0,87,1020,6.17,fair
4.11,4.79,130.09,3.69,0.45,80.69,10.9,53,1022,0.89,fair
5.97,22.66,131.22,0.17,0.08,38.22,29.69,71,1009,6.62,fair
8.22,23.42,249.24,0.64,0.37,42.08,27.36,62,1010,8.56,fair
7.12,23.26,172.69,0.42,0.18,39.55,30.82,51,1008,9.13,fair
3.26,6.69,138.18,3.43,1.05,72.49,11.36,76,1016,2.06,fair
2.56,6.86,133.45,2.3,0.59,73.72,9.88,81,1017,2.37,fair
2.63,8.19,130.23,2.4,1.11,80.61,9.53,82,1018,3.1,fair
0.67,1.86,106.39,1.83,1.08,26.5,24.22,78,1012,2.29,good
1.22,3.68,102.2,0.19,0.19,53.58,22.02,93,1012,0.86,good
10.78,12.99,199.71,6.34,1.88,36.33,22.65,93,1013,3.09,fair
1.22,3.68,102.2,0.19,0.19,53.58,22.9,93,1012,0.85,good
8.82,18.61,126.05,6.11,0.71,51.71,16.37,94,1013,3.6,good
7.84,15.82,120.81,6.11,1.06,53.2,16.93,100,1015,3.09,good
49.35,244.41,126.07,3.34,0.89,81.77,12.67,94,1016,3.6,very_poor
16.62,17.86,289.33,8.22,1.37,12.2,7.53,89,1018,0.95,fair
8.79,24.01,119.46,2.23,0.56,35.01,23.93,88,1012,4.63,fair
5.17,6.63,250.12,11.56,0.72,4.16,9.34,86,1019,1.79,good
0.5,0.78,131.49,1.29,0.42,84.63,5.19,75,1006,3.6,fair
1.01,2.15,137.25,1.25,0.22,78.94,6.14,70,1006,4.63,fair
1.96,3.3,149.2,1.91,0.71,73.77,7.25,57,1004,4.0,fair
21.34,74.91,147.5,6.41,13.3,91.55,23.42,23,1010,6.17,moderate
28.09,67.89,138.7,3.25,7.94,86.68,18.9,68,1012,4.12,moderate
21.34,74.91,147.5,6.41,13.3,91.55,23.42,24,1010,5.01,moderate
8.74,55.58,116.5,0.17,0.26,93.47,14.98,88,1017,4.12,moderate
5.34,25.67,108.86,0.2,0.52,84.23,18.01,77,1016,9.26,fair
5.94,34.17,115.43,0.18,0.41,90.72,17.57,77,1016,7.67,fair
6.91,11.73,143.33,0.53,0.1,55.33,17.45,59,1013,1.55,good
7.78,16.31,124.56,0.23,0.06,54.58,25.41,48,1010,1.14,good
10.22,24.84,137.11,0.22,0.05,51.93,31.59,16,1007,2.93,fair
1.84,2.89,105.98,1.8,0.04,42.29,12.95,81,1017,2.06,good
4.31,10.72,127.39,0.49,0.53,114.16,13.96,68,1020,4.63,moderate
2.52,4.95,128.91,2.09,0.15,80.56,17.03,69,1018,2.24,fair
21.01,34.02,664.5,3.38,0.78,31.88,16.49,77,1013,4.12,fair
1.42,4.07,102.12,0.67,0.11,16.66,23.99,55,1012,5.93,good
7.86,13.08,241.29,0.69,0.18,50.55,16.4,69,1014,0.84,good
0.66,1.23,136.04,1.97,0.8,82.38,7.67,56,1005,4.47,fair
0.56,1.01,134.19,1.77,0.71,83.01,7.95,58,1004,4.47,fair
0.5,0.71,134.34,0.76,0.22,89.76,6.49,48,1007,5.14,fair
2.66,9.3,66.53,0.04,0.11,29.74,26.94,89,1014,2.57,good
2.66,9.3,66.53,0.04,0.11,29.74,26.99,89,1014,2.57,good
2.22,5.2,65.77,0.05,0.1,22.8,27.83,78,1013,2.06,good
14.38,15.7,161.21,5.64,1.21,69.04,11.2,53,1023,3.6,fair
3.83,7.37,138.56,1.09,1.38,123.12,17.65,61,1019,1.93,moderate
8.2,9.81,155.01,4.01,0.65,57.87,11.53,69,1020,1.34,good
1.32,1.72,78.54,0.3,0.14,20.83,24.01,94,1011,3.09,good
1.82,2.57,79.64,0.07,0.04,32.43,23.98,94,1010,2.57,good
0.76,0.83,44.82,0.04,0.01,1.64,21.25,100,1011,0.63,good
13.03,16.63,141.81,7.07,3.81,84.16,6.35,85,1027,3.09,fair
6.45,8.49,142.56,10.77,2.55,65.31,3.41,91,1028,2.06,fair
15.25,16.66,139.7,4.99,1.57,65.41,6.55,80,1027,0.49,fair
4.03,12.68,107.37,0.7,1.14,106.65,6.08,75,1014,11.32,moderate
2.66,3.75,107.54,2.37,1.07,84.11,6.99,81,1016,9.77,fair
2.7,3.25,130.74,4.22,0.95,83.16,5.33,88,1017,1.64,fair
0.53,0.53,70.62,0.05,0.0,2.94,23.99,94,1011,0.0,good
0.53,0.53,70.62,0.05,0.0,2.94,23.99,94,1011,0.0,good
0.5,0.5,66.13,0.05,0.01,2.19,22.24,100,1011,0.64,good
10.75,12.63,151.02,3.82,1.18,84.25,12.61,71,1022,6.17,fair
0.87,1.83,107.48,0.39,0.07,15.3,25.04,86,1010,3.22,good
1.06,3.16,89.83,0.37,0.88,27.1,28.15,89,1009,5.14,good
1.96,2.84,153.96,1.07,0.12,18.86,28.58,67,1008,5.5,good
2.13,6.4,117.76,3.45,0.84,70.03,15.56,96,1016,0.51,fair
8.03,27.19,123.73,1.65,2.54,75.33,20.08,83,1011,2.57,fair
8.16,27.63,121.78,1.65,2.54,75.37,20.02,83,1010,2.57,fair
8.03,27.19,123.73,1.65,2.54,75.33,20.01,83,1011,2.57,fair
11.83,46.34,113.18,0.73,1.13,79.29,24.04,94,1010,2.06,fair
11.83,46.34,113.18,0.73,1.13,79.29,24.05,94,1010,2.06,fair
16.19,40.5,135.15,0.52,0.15,24.17,22.52,94,1010,1.45,fair
0.62,1.83,99.08,0.61,0.41,42.7,22.82,94,1012,0.51,good
0.62,1.83,99.08,0.61,0.41,42.7,22.94,94,1012,0.51,good
0.62,1.83,99.08,0.61,0.41,42.7,23.02,94,1012,0.51,good
2.25,3.58,115.6,1.32,0.39,20.85,26.03,81,1010,1.78,good
0.5,0.69,79.54,0.06,0.02,28.49,26.92,84,1011,1.77,good
0.95,1.13,70.96,0.11,0.02,3.38,21.72,96,1012,1.19,good
1.02,2.06,128.85,1.12,1.1,90.12,15.73,55,1014,4.12,fair
6.94,7.61,135.16,1.48,6.31,77.31,14.3,69,1015,2.57,fair
2.55,3.33,134.45,0.71,1.13,101.76,15.48,58,1014,5.21,moderate
19.9,21.12,185.0,0.69,3.1,52.69,16.77,96,1015,4.02,fair
14.99,15.95,161.21,0.44,1.62,53.27,17.77,96,1015,3.58,fair
17.01,18.15,170.83,0.54,2.42,53.18,14.24,96,1015,2.06,fair
4.69,21.0,115.94,0.05,0.19,30.35,29.8,63,1012,5.66,fair
4.69,21.0,115.94,0.05,0.19,30.35,29.52,63,1012,5.66,fair
4.79,21.74,116.22,0.06,0.2,30.51,30.3,63,1012,5.66,fair
9.79,32.9,131.23,0.73,1.64,77.27,22.06,68,1010,2.57,fair
12.15,31.85,151.72,0.79,0.42,53.53,22.76,44,1010,1.23,fair
10.0,29.41,142.31,0.65,0.82,69.83,23.93,41,1010,0.31,fair
2.03,2.1,93.15,0.4,0.06,2.63,24.17,95,1011,1.83,good
1.13,1.14,80.05,0.2,0.01,3.68,22.48,99,1011,0.73,good
1.0,1.03,95.75,0.3,0.03,3.49,22.68,99,1010,1.17,good
28.24,30.97,410.21,41.03,17.88,27.73,20.07,90,1011,4.02,moderate
28.24,30.97,410.21,41.03,17.88,27.73,20.27,89,1012,4.02,moderate
30.06,32.53,429.83,44.94,17.09,26.06,19.63,87,1012,2.06,moderate
19.91,21.31,180.32,2.31,5.05,50.41,20.25,82,1017,1.54,fair
15.3,19.76,438.73,9.62,2.34,29.81,24.69,88,1012,0.0,fair
12.75,17.9,346.88,6.9,0.44,24.52,23.9,88,1012,1.03,fair
10.48,11.73,139.97,2.85,0.77,85.62,14.94,49,1019,2.06,fair
6.66,9.4,141.8,1.65,1.73,127.0,17.06,31,1017,4.63,moderate
8.97,10.66,161.2,4.24,1.81,100.5,15.51,47,1018,1.03,moderate
0.84,2.66,102.59,0.14,0.1,55.48,23.57,85,1013,1.21,good
0.84,2.66,102.59,0.14,0.1,55.48,23.28,85,1013,1.19,good
3.88,5.12,169.83,0.81,0.22,69.28,24.44,84,1012,4.98,fair
9.68,11.56,142.24,1.88,1.62,93.19,13.54,56,1016,6.17,fair
9.1,11.94,144.71,1.77,0.64,59.96,13.88,44,1015,3.09,good
8.1,9.88,139.07,2.16,0.8,81.79,12.25,59,1016,2.5,fair
60.09,63.43,677.2,1.49,1.78,131.96,33.96,49,1007,5.14,poor
86.74,98.1,699.32,4.87,5.52,180.34,31.12,77,1007,4.63,very_poor
60.09,63.43,677.2,1.49,1.78,131.96,33.02,55,1007,5.14,poor
12.45,14.44,139.75,5.0,2.6,93.39,9.59,89,1025,3.09,fair
23.41,34.3,154.77,2.12,2.46,121.03,10.87,76,1022,6.69,moderate
21.13,27.26,147.46,1.54,1.88,119.14,11.97,82,1022,3.44,moderate
8.19,25.01,114.19,1.97,1.94,102.83,20.95,22,1012,0.45,moderate
21.67,53.82,128.51,5.73,4.14,94.55,20.1,56,1011,2.57,moderate
19.4,25.23,134.24,7.73,6.08,89.34,19.61,64,1013,2.06,fair
9.33,10.83,139.43,4.75,1.03,86.96,8.88,81,1027,4.63,fair
50.71,105.21,184.88,1.43,7.7,99.88,34.01,62,1007,5.66,poor
50.87,121.78,205.33,1.32,4.19,138.22,39.03,18,1003,2.57,poor
29.35,35.74,231.13,2.88,3.53,103.01,33.64,35,1008,5.36,moderate
40.73,153.5,131.79,0.56,2.56,134.45,26.95,36,1011,5.14,poor
38.49,161.15,187.27,2.63,7.36,112.83,22.9,59,1012,1.79,poor
32.41,138.01,168.87,6.03,20.07,121.02,21.85,46,1012,6.17,poor
4.92,10.46,127.96,2.64,3.6,114.29,19.84,14,1015,8.75,moderate
5.18,17.49,108.83,0.65,0.78,115.74,25.08,38,1013,2.06,moderate
14.58,19.55,251.54,12.85,1.93,87.36,20.77,13,1013,2.45,fair
0.5,0.8,132.33,0.09,0.04,110.05,5.88,81,1028,1.54,moderate
0.5,0.8,132.33,0.09,0.04,110.05,4.97,70,1027,2.82,moderate
0.5,0.8,132.33,0.09,0.04,110.05,5.06,78,1028,2.87,moderate
3.52,5.28,139.16,0.65,0.74,123.22,13.71,48,1020,2.57,moderate
4.55,6.09,170.98,4.32,1.17,86.7,15.41,75,1018,2.06,fair
3.18,4.56,133.03,0.78,1.03,127.8,15.39,38,1019,2.57,moderate
9.59,11.16,147.18,2.51,0.92,90.85,12.7,72,1022,6.69,fair
1.06,2.33,104.98,0.26,0.14,54.1,25.53,78,1013,4.63,good
1.15,2.46,106.84,0.24,0.13,54.03,23.13,95,1013,4.12,good
1.15,2.46,106.84,0.24,0.13,54.03,23.3,95,1013,4.12,good
8.87,20.46,125.78,4.29,3.3,109.75,19.05,20,1013,2.06,moderate
7.16,19.15,125.88,3.48,2.78,118.65,20.23,22,1012,1.33,moderate
11.42,25.44,139.45,8.73,4.52,102.51,19.26,36,1012,1.86,moderate
12.95,18.48,169.61,13.01,10.35,133.63,17.91,59,1013,6.69,moderate
12.16,18.55,162.38,9.87,9.17,134.4,17.65,63,1014,6.69,moderate
10.64,14.76,168.74,6.01,4.25,139.66,21.05,34,1011,6.97,moderate
0.5,0.6,79.09,0.29,0.07,33.67,18.93,72,1014,1.54,good
3.65,9.44,154.81,1.18,0.26,23.76,22.1,69,1011,1.99,good
3.35,4.77,137.96,0.64,0.27,27.48,26.23,89,1011,3.6,good
4.01,4.1,106.89,0.77,0.45,108.77,21.11,51,1016,3.37,moderate
1.31,1.61,85.57,0.02,0.2,71.66,22.51,49,1016,3.0,fair
1.18,1.56,99.36,0.16,0.22,86.15,22.28,52,1015,1.12,fair
14.72,17.21,192.85,1.0,0.93,93.52,39.35,26,1005,3.82,fair
7.04,9.95,138.71,0.33,0.36,67.44,38.27,27,1005,3.51,fair
6.72,8.42,135.15,0.32,0.13,65.74,37.49,34,1005,4.38,fair
0.5,1.51,70.35,0.01,0.03,7.93,28.84,73,1009,3.55,good
3.55,8.66,75.44,0.04,0.18,30.63,31.0,58,1012,5.14,good
3.03,7.83,75.2,0.04,0.17,29.3,28.5,67,1011,2.02,good
4.31,9.44,78.61,0.04,0.18,31.23,28.2,72,1011,4.47,good
25.19,29.35,232.77,4.75,4.34,137.9,24.82,15,1014,5.54,moderate
14.47,19.9,187.41,1.18,6.37,141.5,13.08,57,1018,3.95,poor
25.71,29.99,231.68,3.32,1.65,130.41,20.59,30,1015,5.37,moderate
20.56,24.58,257.75,21.13,3.48,98.22,24.76,22,1015,5.14,fair
6.93,13.79,164.54,0.79,1.73,140.88,20.95,32,1016,4.12,poor
25.32,29.38,260.39,17.31,3.06,98.91,25.92,14,1015,3.09,moderate
72.89,338.91,171.0,0.97,2.16,146.27,27.05,29,1012,3.32,very_poor
81.26,369.08,173.87,0.78,2.61,154.37,26.64,30,1012,1.78,very_poor
81.26,369.08,173.87,0.78,2.61,154.37,27.21,25,1012,2.2,very_poor
2.98,5.54,105.43,0.25,0.3,60.24,26.01,83,1012,2.57,fair
2.98,5.54,105.43,0.25,0.3,60.24,26.01,83,1012,2.57,fair
6.44,6.63,100.57,1.58,0.67,78.72,17.28,68,1017,3.0,fair
2.84,4.02,135.06,1.78,1.21,113.85,23.33,43,1014,2.0,moderate
2.29,8.92,128.02,0.44,0.14,74.01,5.05,93,1007,5.0,fair
10.67,11.64,343.53,3.09,0.67,53.7,38.33,36,1004,3.09,fair
17.58,18.87,347.33,4.0,0.7,59.93,36.23,35,1005,1.37,fair
26.62,28.77,336.07,2.74,0.76,67.69,37.93,35,1006,1.58,moderate
12.68,17.26,144.74,10.86,3.45,84.5,22.57,52,1012,1.31,fair
16.55,22.13,209.94,4.97,10.84,98.19,19.3,52,1012,1.38,fair
16.35,21.27,161.84,15.88,3.94,73.97,22.96,58,1012,1.93,fair
1.56,3.13,116.4,0.63,0.5,35.61,23.39,82,1011,3.8,good
1.38,3.14,117.41,0.46,0.36,33.98,22.53,100,1012,3.19,good
0.5,0.54,94.64,1.17,0.78,17.17,28.38,83,1008,2.55,good
0.5,0.54,94.64,1.17,0.78,17.17,28.37,83,1008,1.79,good
0.5,0.54,94.64,1.17,0.78,17.17,28.3,83,1008,1.79,good
3.01,4.25,102.94,0.28,0.12,34.01,25.34,86,1011,4.62,good
6.31,12.04,110.27,0.5,0.22,35.8,23.03,97,1011,1.16,good
1.66,2.71,104.1,0.31,0.1,26.25,25.86,89,1010,3.99,good
0.66,0.97,93.15,1.33,0.34,37.11,12.84,69,1023,4.95,good
1.36,2.38,101.35,1.23,0.37,38.77,12.85,71,1023,3.58,good
0.5,0.51,88.5,1.21,0.17,39.59,12.49,67,1023,0.95,good
0.73,1.39,134.46,1.82,1.0,84.9,6.03,73,1009,4.12,fair
1.49,2.33,133.87,1.56,0.75,87.26,7.18,61,1010,2.06,fair
3.95,5.13,147.46,5.03,2.22,80.15,7.01,78,1011,3.2,fair
29.48,32.11,187.5,8.22,2.63,70.23,8.52,72,1023,3.09,moderate
28.13,30.41,179.88,6.86,2.27,69.75,9.1,71,1023,4.19,moderate
28.77,31.14,182.5,7.25,2.29,68.35,9.04,68,1023,3.09,moderate
1.24,2.21,134.32,1.66,0.64,82.47,7.79,75,1007,2.57,fair
0.92,1.97,136.2,1.63,0.38,81.33,6.38,59,1008,3.16,fair
2.13,2.79,138.15,2.19,0.66,83.41,8.95,71,1011,2.57,fair
15.81,33.25,167.09,2.95,0.66,84.87,17.49,67,1017,4.09,fair
12.41,29.12,136.14,1.14,0.86,94.87,17.81,71,1011,10.43,fair
8.15,30.11,138.16,1.46,1.19,102.36,16.62,68,1016,6.74,moderate
3.54,9.52,113.65,2.11,3.62,80.68,15.71,87,1017,2.74,fair
2.72,5.32,113.4,3.72,3.31,75.03,14.23,100,1017,0.0,fair
1.67,2.67,101.13,1.32,0.4,59.74,15.08,94,1016,1.03,good
6.36,9.88,166.58,2.56,1.96,108.66,18.88,58,1020,3.6,moderate
1.81,2.78,130.24,0.92,0.7,100.92,12.3,32,1009,4.63,moderate
1.53,2.44,130.65,0.87,0.55,98.33,12.53,41,1010,6.23,fair
2.33,3.23,132.64,1.04,0.88,99.94,11.8,44,1010,6.69,fair
2.37,3.15,130.73,0.52,1.5,123.14,13.88,47,1016,0.51,moderate
2.8,3.7,133.65,0.73,2.12,122.87,11.72,62,1017,1.97,moderate
2.88,4.01,132.45,0.79,1.99,125.88,13.48,62,1016,1.03,moderate
0.69,1.82,70.44,0.17,0.13,29.99,20.98,64,1015,4.63,good
0.87,1.38,67.96,0.16,0.05,29.77,27.11,70,1013,5.13,good
0.5,0.8,64.2,0.09,0.03,33.33,21.37,50,1016,3.39,good
0.79,2.52,99.2,0.01,0.06,8.51,28.98,79,1011,5.66,good
4.42,5.23,120.53,0.55,2.22,104.53,9.9,62,1017,1.03,moderate
5.05,6.18,123.69,1.01,2.29,97.53,9.31,61,1017,2.08,fair
5.24,6.2,120.79,1.56,4.34,92.32,10.64,59,1017,0.52,fair
16.82,37.51,182.03,0.39,0.08,30.07,29.3,42,1006,0.0,fair
13.91,25.1,167.37,0.48,0.04,21.15,28.92,51,1007,4.0,fair
20.5,43.3,174.8,0.5,0.05,23.17,30.57,33,1006,3.94,fair
13.44,25.49,183.62,0.83,0.33,56.24,35.98,52,1005,1.03,fair
21.62,32.2,188.57,0.43,0.5,93.76,41.44,21,1003,3.47,fair
17.1,22.19,211.4,0.77,0.56,93.64,41.58,21,1003,3.0,fair
1.74,7.46,99.1,0.08,0.11,106.28,16.07,18,1007,3.0,moderate
1.13,3.47,108.44,0.15,0.11,97.14,14.08,24,1005,2.67,fair
1.31,2.48,115.39,0.11,0.85,103.41,10.97,24,1010,0.97,moderate
33.69,35.65,469.14,52.77,15.51,22.72,18.85,94,1012,8.23,moderate
31.11,33.23,428.69,50.13,12.42,25.59,18.96,94,1012,8.23,moderate
31.11,33.23,428.69,50.13,12.42,25.59,18.82,94,1012,8.23,moderate
3.02,14.94,114.54,0.09,0.19,44.05,28.08,70,1013,6.69,good
0.91,1.76,114.12,0.63,0.43,31.57,24.13,84,1012,2.46,good
0.94,1.86,114.09,0.62,0.43,30.12,24.34,85,1012,2.39,good
0.94,1.86,114.09,0.62,0.43,30.12,24.12,85,1012,2.41,good
35.46,160.36,114.74,0.2,1.23,83.87,17.96,72,1011,6.8,poor
4.37,20.21,114.48,0.61,1.23,93.38,16.93,82,1014,6.69,fair
58.22,280.74,107.66,0.13,0.05,51.63,28.59,29,1008,3.07,very_poor
3.03,6.91,129.21,0.35,2.64,119.0,16.34,67,1018,3.6,moderate
3.03,6.91,129.21,0.35,2.64,119.0,16.22,67,1018,3.6,moderate
3.03,6.91,129.21,0.35,2.64,119.0,15.99,67,1018,3.6,moderate
1.51,4.23,64.79,0.06,0.14,55.11,28.57,82,1013,5.71,good
1.39,3.74,64.59,0.04,0.12,55.11,26.59,81,1013,1.79,good
1.39,3.74,64.59,0.04,0.12,55.11,27.54,81,1013,1.79,good
0.5,0.5,101.86,0.02,0.01,17.02,31.97,74,1009,3.6,good
0.68,1.07,71.19,0.1,0.03,31.27,21.68,58,1017,2.66,good
0.65,1.44,76.51,0.13,0.06,31.48,19.41,75,1018,3.33,good
0.62,1.0,76.06,0.24,0.04,30.87,18.63,83,1016,4.11,good
10.43,13.28,242.82,9.39,2.47,53.24,18.83,48,1012,0.0,fair
7.01,20.0,138.3,0.41,1.04,110.51,14.39,86,1014,2.06,moderate
8.87,10.77,209.18,6.42,1.56,54.5,18.97,48,1012,0.0,good
4.98,5.23,235.22,1.63,1.0,50.69,34.03,69,1007,2.06,good
2.37,2.89,124.75,0.21,0.12,20.89,31.94,73,1006,4.63,good
3.63,3.81,227.85,1.3,0.47,43.35,34.8,57,1007,1.88,good
1.51,3.99,77.37,0.47,0.32,45.78,18.44,91,1024,3.58,good
1.51,3.99,77.37,0.47,0.32,45.78,18.62,91,1024,3.06,good
2.81,9.77,68.77,0.04,0.13,44.32,25.37,66,1014,4.44,good
1.17,6.87,60.08,0.05,0.13,47.67,23.05,70,1018,5.47,good
1.17,6.87,60.08,0.05,0.13,47.67,22.06,75,1018,3.03,good
1.18,6.82,60.03,0.05,0.13,47.88,22.75,78,1018,3.19,good
31.73,94.97,182.61,0.86,0.28,40.7,31.36,9,1007,4.25,moderate
55.27,171.38,323.32,1.64,0.84,39.45,30.77,11,1007,2.88,poor
98.14,233.95,1121.67,9.16,4.64,52.56,30.87,12,1007,1.02,very_poor
1.49,5.52,80.9,0.07,0.14,27.49,28.55,79,1009,6.32,good
20.25,60.82,292.45,2.34,0.88,28.49,28.23,44,1008,6.4,moderate
3.89,11.85,172.63,1.75,0.72,24.0,26.4,86,1010,2.54,good
5.47,6.53,108.24,0.42,4.53,43.92,24.21,75,1012,3.58,good
5.44,7.38,102.38,0.32,0.69,42.52,23.56,76,1011,0.49,good
4.38,5.37,108.54,0.44,1.22,41.44,25.86,73,1012,6.71,good
13.21,17.51,205.27,28.52,3.56,45.75,7.73,94,1026,3.6,fair
9.96,14.25,196.45,29.47,4.32,43.33,7.79,82,1026,4.47,good
12.77,17.0,197.86,30.83,3.91,47.33,8.5,92,1026,3.6,fair
0.77,1.48,131.41,4.69,1.52,63.54,11.13,57,1017,1.02,fair
1.03,3.48,131.57,0.41,0.65,107.73,6.27,87,1024,4.12,moderate
0.5,0.62,119.32,0.29,0.27,84.69,5.76,89,1019,1.79,fair
104.1,137.94,483.66,2.4,14.08,204.83,29.25,45,1008,2.57,very_poor
98.13,138.19,567.53,2.76,12.36,218.82,32.31,20,1008,4.03,very_poor
129.13,169.25,651.63,3.86,17.82,249.52,40.57,15,1005,2.51,very_poor
0.5,0.92,61.98,0.28,0.07,55.7,12.76,71,1024,3.09,good
1.39,2.47,66.45,0.97,0.29,50.58,11.52,79,1025,2.06,good
0.67,1.33,61.37,0.69,0.32,41.32,9.02,91,1026,1.03,good
32.72,119.62,105.03,0.43,0.85,88.01,30.86,28,1009,3.07,poor
33.07,124.78,103.87,0.39,0.7,85.63,32.79,43,1009,3.91,poor
32.46,118.98,105.09,0.42,0.79,87.87,30.86,28,1009,3.07,poor
2.27,3.07,122.63,1.14,0.29,37.79,24.4,89,1011,0.45,good
2.09,2.88,131.56,1.42,0.38,35.08,24.26,89,1011,1.79,good
2.09,2.88,131.56,1.42,0.38,35.08,24.43,89,1012,1.79,good
4.82,15.64,67.86,0.05,0.32,44.9,20.5,84,1013,4.63,good
4.82,15.64,67.86,0.05,0.32,44.9,21.1,83,1013,4.63,good
7.97,12.65,77.71,1.02,1.49,57.04,13.12,71,1018,1.54,good
0.55,2.43,63.85,0.02,0.01,41.98,24.9,73,1013,1.34,good
0.56,2.39,64.11,0.02,0.01,40.9,24.96,73,1013,1.34,good
0.54,2.3,63.81,0.02,0.01,42.14,24.8,73,1013,1.34,good
4.61,21.28,60.14,0.04,0.23,47.72,27.28,86,1009,7.34,fair
0.78,0.98,55.01,0.07,0.05,7.88,25.13,80,1011,1.89,good
2.91,3.28,70.78,0.05,4.66,7.85,27.63,87,1010,0.85,good
44.35,50.88,328.7,1.22,6.55,161.59,35.54,44,1008,3.6,poor
26.19,28.22,252.21,1.77,0.87,66.19,33.05,58,1009,3.09,moderate
49.95,57.09,324.47,1.11,6.92,166.65,36.14,47,1008,4.12,poor
29.39,51.43,243.88,1.35,3.31,130.26,37.99,23,1004,2.06,moderate
33.32,74.39,105.53,0.05,0.27,46.98,33.09,49,1008,6.17,moderate
4.77,18.19,174.94,1.05,0.28,87.22,31.08,42,1007,5.14,fair
4.67,7.0,155.79,5.31,3.57,72.99,10.65,44,1013,4.63,fair
5.01,6.88,134.76,2.33,1.92,87.48,12.6,67,1016,5.02,fair
10.21,14.03,144.07,4.53,2.18,72.91,10.48,74,1019,8.23,fair
1.57,6.16,102.38,0.14,0.18,60.27,23.34,83,1012,1.54,fair
1.49,5.89,102.27,0.14,0.18,58.9,23.01,87,1013,1.54,good
1.48,5.82,102.15,0.15,0.18,58.53,22.9,82,1013,1.54,good
12.48,42.83,118.83,1.37,0.85,98.15,19.07,52,1012,3.16,fair
10.34,38.4,116.71,0.84,0.64,97.72,17.68,55,1012,2.92,fair
12.48,42.83,118.83,1.37,0.85,98.15,19.32,52,1012,3.26,fair
1.72,6.05,118.67,1.29,1.05,99.35,13.1,83,1017,1.54,fair
3.41,10.17,122.79,2.81,1.51,93.33,11.81,94,1017,2.06,fair
4.57,12.86,123.8,2.51,1.74,94.05,12.86,82,1018,0.23,fair
2.31,2.37,119.15,1.65,0.4,6.93,22.45,98,1013,5.14,good
8.2,8.94,325.22,4.8,0.46,2.9,21.33,94,1014,1.03,good
2.59,2.66,122.22,1.87,0.36,6.15,22.37,98,1013,5.14,good
29.45,108.21,146.68,5.21,14.19,122.79,27.97,47,1010,5.66,poor
29.45,108.21,146.68,5.21,14.19,122.79,27.9,47,1010,5.66,poor
28.98,101.3,150.37,7.07,16.33,122.71,28.03,47,1010,5.66,poor
1.45,4.85,64.31,0.03,0.14,58.65,29.81,66,1014,8.75,good
1.66,6.22,63.86,0.03,0.14,61.55,27.57,66,1014,1.68,fair
1.43,5.28,63.89,0.02,0.12,60.69,28.82,70,1013,9.26,fair
6.95,8.52,133.45,1.23,2.06,91.78,15.27,49,1011,1.03,fair
3.82,5.09,137.82,1.58,0.74,85.86,11.37,38,1010,7.72,fair
7.23,8.97,147.24,2.64,1.53,85.33,13.25,60,1012,4.28,fair
7.25,8.53,127.09,1.56,3.22,98.27,12.6,57,1015,4.12,fair
7.09,9.54,147.76,3.55,2.25,83.77,10.99,58,1016,0.51,fair
6.3,7.67,126.87,1.68,1.89,76.81,12.01,55,1016,1.34,fair
0.5,0.5,138.83,1.83,1.44,80.04,2.99,50,998,6.74,fair
0.53,1.11,138.32,1.42,0.54,78.19,6.11,65,1002,6.0,fair
1.17,1.39,133.44,0.16,0.26,96.82,14.87,44,1016,8.0,fair
1.8,5.09,123.85,0.79,0.22,21.74,19.85,83,1014,1.54,good
2.54,5.32,140.05,0.82,0.22,11.23,21.39,71,1013,0.79,good
1.77,4.18,126.15,0.9,0.21,15.89,18.96,82,1015,1.66,good
22.02,54.66,105.92,3.07,8.04,100.95,33.0,48,1007,2.36,moderate
22.88,103.6,161.97,0.7,0.43,97.35,25.25,43,1012,7.52,poor
63.44,106.39,133.31,8.41,37.34,89.15,29.58,42,1007,2.44,poor
0.5,0.62,65.05,0.02,0.01,19.03,27.41,86,1011,1.18,good
0.5,0.62,65.05,0.02,0.01,19.03,26.83,88,1011,1.13,good
0.5,0.56,66.22,0.02,0.01,15.87,27.64,83,1011,1.24,good
0.54,0.76,74.3,0.13,0.14,15.53,31.0,74,1008,3.6,good
24.81,123.63,110.01,0.13,0.3,101.58,31.76,5,1008,4.27,poor
24.26,120.5,109.16,0.13,0.28,102.0,31.6,5,1008,4.24,poor
24.26,120.5,109.16,0.13,0.28,102.0,31.65,5,1008,4.19,poor
0.5,0.76,136.44,1.49,0.52,91.85,9.47,61,1013,5.14,fair
6.81,9.49,145.95,11.45,3.22,54.53,10.21,66,1016,3.6,good
3.56,6.7,139.78,4.14,1.37,70.23,10.93,81,1016,4.59,fair
2.34,3.28,125.77,0.3,0.21,20.92,32.33,68,1006,5.66,good
2.34,3.28,125.77,0.3,0.21,20.92,31.66,72,1006,4.63,good
2.34,3.28,125.77,0.3,0.21,20.92,31.63,72,1006,4.63,good
11.05,12.97,160.19,4.69,0.96,61.36,11.3,73,1019,1.03,fair
12.19,14.88,157.08,5.53,0.31,45.36,13.9,48,1019,2.68,fair
13.16,15.37,159.18,5.45,1.21,83.69,13.01,45,1019,1.02,fair
7.83,10.13,164.98,5.26,1.2,67.83,12.03,56,1018,5.14,fair
9.32,11.74,142.07,1.7,1.2,68.35,12.37,45,1014,4.12,fair
7.83,10.13,164.98,5.26,1.2,67.83,12.44,59,1018,5.14,fair
9.98,77.96,100.73,0.61,0.7,67.19,25.08,73,1011,2.83,moderate
12.91,82.86,98.94,0.48,0.45,50.36,22.09,93,1011,0.92,moderate
13.55,72.27,104.14,0.5,0.39,45.53,21.55,97,1012,1.16,moderate
6.44,26.19,108.21,0.93,1.34,78.12,20.14,90,1012,4.02,fair
13.25,75.2,117.22,0.85,0.84,69.65,19.21,66,1011,5.01,moderate
6.67,26.86,107.88,1.27,1.54,77.21,20.11,90,1012,4.02,fair
1.15,1.96,65.7,0.04,0.03,22.63,27.85,75,1010,2.92,good
1.03,3.01,95.14,0.4,0.07,16.71,26.36,45,1010,5.28,good
0.53,1.99,70.26,0.1,0.02,15.29,26.36,49,1011,6.77,good
0.5,0.5,77.72,0.23,0.05,2.88,22.78,96,1011,2.35,good
0.53,0.54,63.22,0.17,0.04,2.04,21.95,100,1011,0.88,good
1.76,2.88,158.04,0.72,0.09,23.26,29.07,55,1009,2.48,good
0.77,1.87,108.14,0.19,0.01,18.12,30.92,48,1008,3.67,good
4.43,5.98,161.3,0.28,0.05,16.83,26.51,64,1010,1.88,good
1.43,2.29,85.69,0.06,0.04,30.83,27.35,82,1010,3.0,good
9.57,10.11,120.33,0.19,0.55,53.41,21.72,81,1012,1.35,good
9.57,10.11,120.33,0.19,0.55,53.41,21.74,81,1012,0.95,good
12.43,13.69,115.67,0.23,2.16,50.85,24.43,87,1011,0.86,fair
10.47,13.71,119.52,1.35,7.45,99.08,18.06,54,1012,3.3,fair
7.99,12.09,129.2,5.04,7.61,107.79,20.63,32,1012,0.89,moderate
12.01,14.3,134.68,15.53,20.79,91.54,18.65,33,1012,2.12,fair
1.09,3.91,67.11,1.31,0.62,37.84,14.17,88,1025,0.94,good
1.01,2.95,66.55,1.64,2.27,38.85,10.99,95,1026,0.51,good
2.85,7.07,115.74,0.27,0.27,94.49,23.78,82,1013,7.35,fair
19.22,58.25,221.42,0.95,0.32,26.24,30.98,45,1006,1.03,moderate
2.18,3.3,139.01,0.13,0.01,15.77,30.58,45,1007,3.38,good
24.78,84.15,112.73,0.24,0.08,45.25,32.53,9,1007,6.59,moderate
1.21,3.09,94.37,0.39,0.33,26.05,28.36,79,1009,6.82,good
4.35,6.36,141.83,1.59,0.5,17.41,26.11,75,1009,1.32,good
4.03,5.37,140.26,1.41,0.42,23.07,27.48,70,1009,1.33,good
7.38,9.48,154.46,0.48,0.21,63.01,37.42,50,1007,5.67,fair
8.02,10.16,156.64,0.7,0.28,59.04,36.75,48,1007,5.14,good
7.78,9.95,163.8,0.66,0.3,63.39,38.6,45,1007,5.14,fair
2.8,10.19,174.51,0.18,0.18,91.04,25.06,44,1012,2.0,fair
1.42,2.03,109.94,0.05,0.34,83.88,21.19,55,1015,4.36,fair
1.72,2.64,120.25,0.11,1.11,74.22,21.06,49,1014,6.38,fair
0.5,0.65,92.69,0.65,0.13,25.94,26.16,90,1009,1.86,good
1.21,3.8,94.89,0.74,0.21,31.1,27.24,84,1009,1.76,good
1.47,5.3,70.78,0.15,0.14,36.95,28.06,76,1009,2.69,good
7.06,14.59,134.62,2.37,1.16,119.19,25.9,34,1009,5.14,moderate
13.22,68.87,136.91,0.18,0.32,102.04,26.99,47,1011,5.14,moderate
35.82,189.24,121.84,0.13,0.17,88.85,25.97,47,1011,5.14,poor
4.46,10.71,149.81,2.32,1.33,75.97,16.8,59,1019,1.54,fair
9.57,26.12,136.41,0.8,0.77,104.58,16.08,67,1018,3.6,moderate
5.66,23.0,141.59,1.28,0.74,99.12,16.88,59,1018,5.14,fair
2.09,7.99,65.87,0.04,0.07,40.76,26.78,82,1015,7.44,good
13.47,15.5,144.64,2.6,3.55,79.79,12.75,76,1014,4.63,fair
3.14,3.47,126.41,1.02,0.44,86.43,8.45,58,1013,1.66,fair
5.1,5.97,127.46,1.6,2.77,84.18,11.86,71,1015,1.26,fair
1.2,2.63,122.23,0.25,0.02,9.43,23.48,89,1011,0.0,good
1.14,2.18,124.23,0.2,0.02,10.82,23.37,89,1010,1.85,good
1.14,2.18,124.23,0.2,0.02,10.82,23.34,89,1010,1.85,good
8.45,9.35,319.78,22.6,20.84,34.8,20.22,85,1011,5.66,fair
8.45,9.35,319.78,22.6,20.84,34.8,20.32,85,1011,5.66,fair
12.12,15.94,364.28,29.09,14.01,52.26,22.28,91,1012,3.6,fair
1.57,2.34,74.09,0.2,0.03,20.78,27.93,70,1011,4.67,good
1.07,2.17,85.35,0.26,0.07,29.81,24.08,51,1011,4.71,good
0.61,1.04,73.19,0.1,0.02,39.15,22.4,64,1014,2.89,good
0.94,1.47,131.49,0.76,0.3,85.82,8.52,43,1007,0.45,fair
0.54,0.62,142.22,0.8,1.41,89.49,2.86,84,1001,7.01,fair
1.58,2.6,132.26,0.68,0.38,87.26,10.98,45,1010,3.83,fair
1.09,2.0,105.96,1.03,0.14,21.63,21.24,89,1011,1.36,good
1.09,2.0,105.96,1.03,0.14,21.63,20.98,91,1012,1.31,good
1.09,1.88,100.8,0.87,0.13,21.4,21.12,92,1011,0.91,good
12.16,15.3,258.42,16.95,0.83,44.36,16.05,37,1008,2.57,fair
7.4,19.02,145.34,0.59,1.36,107.87,15.71,71,1013,1.54,moderate
10.94,14.02,241.58,14.29,0.79,48.38,16.36,36,1008,2.57,fair
2.38,5.7,81.87,0.47,0.94,48.08,12.82,88,1019,1.54,good
10.05,12.32,152.26,2.33,0.38,34.55,15.35,91,1017,2.24,fair
11.12,14.15,148.86,1.92,0.18,25.21,13.75,78,1018,2.5,fair
1.57,3.86,126.58,0.18,0.19,95.52,25.22,34,1013,1.39,fair
1.12,1.35,95.15,0.02,0.25,72.09,24.93,47,1015,1.24,fair
1.72,2.57,107.65,0.14,0.3,78.21,24.17,43,1014,1.67,fair
1.19,4.63,115.89,0.38,0.28,21.89,24.52,83,1011,3.36,good
1.15,4.69,115.22,0.3,0.26,21.69,25.1,82,1011,3.88,good
3.01,3.7,168.99,5.51,2.7,27.0,22.6,79,1013,0.45,good
2.95,3.1,143.16,1.84,0.22,22.31,26.01,77,1010,3.45,good
7.01,7.47,183.86,4.12,1.71,31.98,24.19,94,1012,1.95,good
0.64,2.34,98.38,0.16,0.14,51.18,21.75,94,1012,2.57,good
1.05,3.95,100.63,0.17,0.21,55.99,23.85,83,1012,1.54,good
12.08,15.58,200.6,1.92,1.74,76.96,35.01,46,1007,3.6,fair
32.85,35.15,601.75,15.14,4.97,27.82,29.0,66,1011,2.88,moderate
31.8,34.12,392.76,7.71,4.25,61.78,27.99,65,1011,2.57,moderate
2.17,5.48,64.62,0.05,1.19,28.68,24.1,100,1014,1.54,good
1.13,4.28,63.3,0.02,0.04,19.51,26.62,74,1012,6.24,good
5.13,6.42,129.66,1.39,1.65,101.58,10.29,59,1015,0.89,moderate
4.34,6.69,143.86,3.8,1.28,75.94,12.14,63,1017,1.65,fair
5.08,6.52,134.52,2.11,1.24,96.19,11.02,64,1016,1.73,fair
17.41,47.87,102.27,0.77,3.37,67.02,22.96,25,1012,1.25,fair
9.82,32.43,96.15,0.53,0.73,57.23,28.41,78,1009,8.53,fair
9.87,28.48,97.24,0.94,1.82,62.88,26.19,45,1011,3.7,fair
1.77,7.47,67.91,0.05,0.17,34.74,29.89,74,1010,3.6,good
1.77,7.47,67.91,0.05,0.17,34.74,29.84,74,1010,3.6,good
1.77,7.47,67.91,0.05,0.17,34.74,29.76,74,1010,3.6,good
3.17,4.03,93.45,11.47,7.76,25.62,11.03,99,1024,0.45,good
4.0,13.28,73.05,0.9,0.89,47.67,17.12,66,1011,2.24,good
2.31,7.02,89.98,1.38,1.59,52.68,20.29,65,1024,0.45,good
0.98,1.42,84.44,0.25,0.19,24.89,18.3,72,1018,5.63,good
1.2,1.93,80.92,0.16,0.24,29.73,19.77,70,1016,4.52,good
1.05,1.73,77.97,0.16,0.22,30.89,20.86,72,1016,8.94,good
0.5,0.53,67.71,0.33,0.19,28.55,17.66,81,1019,5.92,good
0.5,0.53,66.63,0.36,0.11,35.83,13.85,90,1022,6.5,good
0.5,0.53,65.68,0.36,0.19,28.32,17.86,69,1020,5.53,good
6.66,13.63,130.48,5.61,0.76,78.09,12.43,88,1018,1.34,fair
6.66,13.63,130.48,5.61,0.76,78.09,12.65,88,1018,1.34,fair
26.98,109.92,180.81,11.42,2.5,81.51,30.84,44,1011,3.26,poor
31.53,141.44,140.08,1.29,0.34,106.08,30.02,48,1012,1.54,poor
28.17,108.64,200.41,17.21,3.92,70.89,31.0,45,1011,2.06,poor
3.41,6.9,296.72,1.64,0.15,56.92,18.11,48,1017,0.89,good
5.93,23.84,172.69,0.5,0.03,59.49,27.59,25,1013,2.04,fair
1.86,4.26,91.28,0.1,0.16,81.55,30.75,10,1014,6.71,fair
2.04,4.29,134.47,1.77,1.32,47.08,23.99,83,1012,1.54,good
7.19,11.73,139.39,2.66,2.34,117.83,7.51,81,1015,1.54,moderate
7.1,11.14,143.52,2.99,2.31,121.21,8.23,74,1015,1.22,moderate
7.58,13.71,145.16,2.36,2.2,123.46,11.95,67,1015,2.07,moderate
5.61,11.74,122.95,1.5,0.42,92.64,6.09,87,1015,2.06,fair
0.63,1.17,106.59,0.37,0.18,94.69,-2.16,100,1018,0.51,fair
3.13,5.05,122.09,2.23,0.25,65.74,6.22,84,1016,3.64,fair
6.65,18.46,84.31,0.04,0.17,33.6,24.0,94,1010,2.57,good
20.94,79.84,78.13,0.47,0.06,18.93,13.92,100,1015,2.06,moderate
1.5,1.75,81.1,0.66,0.04,17.13,15.89,94,1015,3.09,good
20.81,26.02,422.48,17.6,1.2,18.37,16.73,91,1016,0.51,fair
9.17,12.72,239.69,5.22,0.25,32.04,14.45,100,1016,3.09,good
35.0,45.94,557.12,11.43,1.51,38.17,17.47,87,1012,1.54,moderate
11.67,14.24,180.1,7.84,0.53,48.07,8.95,69,1017,5.14,fair
19.31,24.05,196.94,10.6,0.86,48.8,2.82,87,1016,1.03,fair
10.11,11.36,152.71,4.14,0.61,68.15,5.55,85,1017,2.57,fair
6.89,9.42,75.16,1.43,2.86,72.59,23.74,62,1027,5.66,fair
6.24,10.7,87.35,1.23,1.29,73.94,25.64,36,1023,8.23,fair
1.14,2.33,63.14,0.1,0.08,46.26,18.99,91,1023,2.06,good
2.71,6.28,122.73,3.54,3.15,34.54,26.72,81,1010,5.36,good
2.71,6.28,122.73,3.54,3.15,34.54,26.66,82,1010,5.36,good
2.71,6.28,122.73,3.54,3.15,34.54,26.53,83,1010,5.36,good
1.87,6.11,130.81,1.09,0.54,104.51,13.03,76,1014,4.12,moderate
1.96,6.49,131.89,1.35,0.58,102.51,11.86,77,1014,6.35,moderate
6.35,11.46,115.97,3.28,0.61,45.18,9.48,87,1016,4.12,good
4.8,6.24,127.53,1.91,1.17,57.94,1.95,100,1019,1.03,good
8.02,9.54,130.49,2.38,0.87,77.36,2.74,87,1017,1.54,fair
6.32,7.74,130.96,2.14,0.67,54.48,5.61,89,1019,1.07,good
1.6,7.27,114.78,0.07,0.15,21.6,26.27,89,1012,2.57,good
24.37,42.37,146.47,0.61,1.07,75.22,32.99,58,1009,4.63,fair
13.79,27.27,119.41,0.04,0.13,54.92,30.91,74,1010,3.6,fair
25.41,43.66,152.47,0.79,1.34,76.73,33.0,58,1009,4.63,moderate
31.07,34.46,188.3,10.31,0.26,29.44,4.12,92,1021,1.54,moderate
28.03,32.17,202.4,19.03,0.69,26.53,5.54,95,1021,2.06,moderate
32.03,36.84,234.9,17.74,0.89,32.37,5.62,96,1021,1.48,moderate
2.2,3.27,145.81,0.71,0.06,21.75,28.85,49,1006,5.56,good
1.66,2.8,154.38,0.67,0.06,22.65,28.25,65,1008,4.63,good
2.07,3.36,151.56,0.54,0.06,21.39,28.84,55,1006,8.33,good
8.47,10.13,126.45,2.07,0.8,50.56,9.88,49,1017,2.57,good
8.39,9.86,128.4,1.37,0.61,67.62,10.11,81,1015,2.06,fair
6.83,8.39,122.16,2.21,0.36,48.81,9.96,76,1015,1.54,good
73.89,207.11,191.08,9.51,16.6,120.36,25.98,50,1013,5.14,very_poor
81.56,240.08,176.53,10.3,15.95,118.44,25.97,50,1013,5.14,very_poor
79.65,241.28,173.31,10.41,17.17,114.11,25.79,59,1013,6.58,very_poor
1.36,2.1,86.17,0.57,0.07,17.82,19.84,94,1014,2.06,good
2.2,3.57,114.54,1.39,0.26,41.41,15.22,85,1015,1.19,good
4.17,7.59,214.16,2.54,0.61,35.52,14.03,89,1015,0.74,good
0.79,2.11,103.75,0.06,0.09,30.67,28.99,84,1009,5.66,good
0.8,2.02,103.37,0.08,0.09,31.22,28.92,84,1009,5.66,good
0.73,1.97,102.49,0.05,0.08,30.55,28.9,83,1009,2.9,good
1.15,1.34,121.81,0.08,0.06,37.13,35.03,46,1009,4.12,good
1.15,1.34,121.81,0.08,0.06,37.13,34.99,46,1009,4.12,good
0.86,0.99,119.58,0.05,0.04,33.11,35.0,46,1009,4.12,good
1.57,2.19,99.13,1.93,0.16,14.76,7.99,100,1021,3.6,good
0.97,1.22,99.11,0.71,0.03,7.62,21.69,100,1013,2.06,good
1.29,1.92,106.12,2.23,0.14,12.66,15.84,67,1016,3.09,good
30.75,45.43,187.91,2.19,0.74,22.23,20.61,83,1016,1.54,moderate
1.99,10.17,67.8,0.54,0.22,34.78,22.94,88,1014,1.03,good
4.34,6.29,114.16,2.83,1.06,35.15,20.24,75,1018,1.21,good
1.1,3.79,113.74,0.15,0.08,90.85,21.99,83,1013,1.54,fair
1.7,4.81,114.35,0.33,0.63,101.49,18.96,82,1013,2.06,moderate
1.7,4.81,114.35,0.33,0.63,101.49,18.97,82,1013,2.06,moderate
35.78,39.48,357.92,2.0,3.15,111.38,17.75,49,1014,2.58,moderate
51.3,59.27,407.26,1.57,2.54,95.5,32.3,53,1012,0.23,poor
39.48,45.05,344.84,1.85,3.46,108.36,24.27,72,1014,1.56,moderate
0.83,1.57,69.9,1.06,0.52,35.02,15.95,94,1020,3.6,good
0.67,1.31,66.49,0.45,0.46,32.26,15.49,90,1020,5.93,good
0.83,1.57,69.9,1.06,0.52,35.02,15.86,94,1020,3.6,good
4.45,4.89,136.36,2.57,0.55,68.09,6.04,80,1005,3.04,fair
0.81,1.16,125.68,1.07,1.44,68.95,3.99,70,1006,6.0,fair
8.97,10.33,143.04,3.27,0.92,61.65,2.02,87,1007,4.0,fair
4.63,8.68,101.08,0.37,0.11,24.66,27.79,1,1009,7.34,good
4.16,8.0,101.94,0.34,0.15,28.28,27.49,79,1009,9.65,good
3.97,7.12,106.37,0.65,0.22,26.47,23.44,96,1009,2.31,good
1.92,2.1,162.32,6.62,1.16,73.97,6.31,65,1012,6.17,fair
0.5,0.76,144.84,1.19,0.33,80.44,4.13,59,1017,2.06,fair
0.5,0.5,126.85,0.45,0.04,75.92,-1.7,88,1019,8.23,fair
6.75,7.85,107.88,0.37,0.05,10.19,23.2,94,1011,1.03,good
1.29,2.7,124.14,0.47,1.2,23.14,13.91,91,1018,1.82,good
0.97,1.48,87.05,0.3,0.05,8.43,20.94,95,1012,1.09,good
0.5,0.51,69.12,0.01,0.0,1.5,24.1,88,1010,1.54,good
0.5,0.51,69.12,0.01,0.0,1.5,23.96,88,1010,1.54,good
0.5,0.53,71.6,0.02,0.0,1.62,23.72,88,1010,1.54,good
6.75,7.85,107.88,0.37,0.05,10.19,23.2,94,1011,1.03,good
5.12,7.88,77.1,0.26,0.07,34.17,25.04,94,1010,0.51,good
6.43,11.78,116.45,1.15,0.15,24.25,21.68,98,1012,0.66,good
6.59,7.14,118.37,2.02,1.37,97.21,6.98,70,1018,1.54,fair
13.24,15.35,151.34,5.25,0.74,45.88,6.19,81,1018,0.51,fair
21.49,23.21,185.19,8.31,3.0,71.99,5.92,70,1019,1.03,fair
0.91,1.81,94.47,0.3,0.11,17.53,26.72,89,1009,1.03,good
0.91,1.79,96.56,0.33,0.11,16.79,26.31,89,1009,1.03,good
1.11,2.23,125.98,0.6,0.09,7.77,23.36,90,1009,2.52,good
6.85,9.69,189.09,6.29,0.22,34.13,15.26,62,1019,0.29,good
11.37,14.15,210.4,6.72,0.52,40.82,13.1,50,1019,0.12,fair
6.85,9.69,189.09,6.29,0.22,34.13,14.74,61,1019,0.86,good
0.5,0.67,84.75,0.03,0.03,27.81,24.95,100,1010,0.0,good
1.24,1.36,73.33,0.25,0.03,4.47,21.74,94,1011,1.03,good
4.35,5.33,154.44,0.67,0.07,5.42,19.36,87,1012,0.49,good
42.63,52.61,212.04,6.22,12.04,152.31,22.92,40,1017,4.0,poor
122.82,142.02,314.2,5.87,24.49,144.36,24.94,41,1010,4.95,very_poor
49.96,58.18,457.85,21.64,24.27,72.14,26.89,73,1015,0.9,moderate
24.66,25.68,194.34,3.86,5.7,20.74,13.35,86,1018,3.09,fair
3.69,4.21,143.92,4.17,0.88,16.11,20.03,88,1014,2.06,good
5.88,6.89,177.26,6.02,8.23,4.2,19.04,92,1016,2.24,good
0.5,0.5,109.43,0.73,0.22,25.73,18.8,90,1018,2.06,good
0.93,1.28,144.49,2.32,0.32,26.08,24.19,88,1011,1.77,good
0.5,0.5,108.14,0.69,0.23,25.13,19.55,88,1017,2.06,good
1.69,2.12,120.1,0.36,0.21,60.9,20.29,93,1012,2.75,fair
3.31,3.71,148.01,0.48,0.4,80.05,21.43,95,1012,0.86,fair
3.17,3.84,133.24,0.24,0.14,76.11,20.19,100,1012,1.54,fair
5.25,25.73,108.14,0.17,0.57,83.19,21.27,73,1012,7.72,fair
3.53,17.54,108.39,0.13,0.42,84.99,20.75,64,1014,11.32,fair
4.57,22.47,107.37,0.14,0.63,87.49,20.02,68,1013,7.2,fair
3.23,6.01,128.73,1.6,0.32,30.91,26.97,83,1011,2.57,good
3.23,6.01,128.73,1.6,0.32,30.91,27.05,83,1011,2.57,good
7.43,14.85,118.88,1.03,0.93,81.71,14.76,94,1013,0.0,fair
7.82,17.03,118.24,0.84,0.82,79.03,18.96,82,1012,7.72,fair
8.27,17.71,121.38,0.8,0.88,85.04,19.12,82,1013,3.6,fair
6.2,8.0,129.63,3.14,0.25,48.8,5.62,82,1015,4.12,good
7.33,9.05,147.64,4.49,1.9,73.62,6.19,71,1016,2.24,fair
9.56,12.56,150.52,4.17,0.88,54.56,4.15,100,1015,2.57,good
5.75,9.85,136.93,3.99,0.99,72.28,6.35,83,1015,6.71,fair
4.72,9.2,135.86,3.45,0.89,74.88,6.83,81,1016,6.69,fair
6.31,6.84,122.82,2.38,0.42,90.26,4.52,74,1019,1.84,fair
5.93,23.07,122.91,0.58,0.07,36.21,28.86,74,1011,5.2,fair
10.43,34.61,260.57,1.64,0.26,28.14,24.66,76,1012,6.59,fair
8.12,29.87,189.32,1.04,0.16,30.54,27.43,64,1012,5.79,fair
1.3,4.24,129.84,0.89,0.72,102.73,7.13,83,1009,10.8,moderate
1.5,5.48,129.78,0.7,0.82,103.24,7.09,82,1010,9.46,moderate
1.66,5.93,128.21,0.99,1.03,100.93,6.98,81,1012,9.41,moderate
1.45,3.83,118.4,2.08,1.1,29.21,25.08,81,1013,3.47,good
1.09,3.98,100.45,0.12,0.11,55.52,25.02,82,1013,2.1,good
5.53,8.14,183.72,7.01,1.58,28.55,22.06,95,1013,4.92,good
1.09,3.98,100.45,0.12,0.11,55.52,22.93,83,1013,1.93,good
10.89,13.38,116.2,1.75,0.11,58.99,15.37,100,1015,1.54,fair
3.8,4.85,136.08,3.73,0.92,69.98,15.93,100,1015,2.57,fair
18.86,82.05,122.51,1.47,0.3,82.72,10.67,93,1016,1.03,moderate
21.63,22.94,294.03,7.61,1.82,32.2,8.53,93,1018,0.46,fair
10.43,34.31,93.47,1.06,0.38,41.93,24.93,83,1012,5.14,fair
8.24,11.18,290.31,13.71,0.99,7.21,12.07,93,1019,0.72,good
0.5,0.64,132.44,1.13,0.21,80.36,5.66,68,996,5.14,fair
0.68,1.21,136.04,1.65,0.11,73.02,3.14,87,1000,4.12,fair
1.44,2.37,148.92,1.98,0.14,58.54,4.44,59,999,3.39,good
20.62,71.58,138.02,6.01,7.53,70.89,19.42,63,1009,8.23,moderate
19.32,56.07,130.97,4.2,7.55,74.49,14.9,88,1009,4.12,moderate
20.62,71.58,138.02,6.01,7.53,70.89,19.42,62,1009,4.61,moderate
9.54,57.59,115.3,0.16,0.35,88.64,15.98,88,1015,4.63,moderate
16.22,97.52,113.07,0.18,0.61,90.88,17.8,85,1014,10.04,moderate
7.37,41.43,114.26,0.17,0.48,89.66,17.69,84,1015,7.68,fair
11.04,14.87,220.14,2.1,0.22,39.06,18.36,46,1015,1.37,fair
8.48,11.18,164.73,1.28,0.13,39.88,25.92,32,1012,1.25,good
12.37,25.23,193.16,1.3,0.17,39.84,30.96,36,1008,1.67,fair
1.34,2.42,97.64,1.07,0.01,31.12,14.54,82,1017,1.54,good
4.93,11.59,126.14,0.83,1.01,108.28,13.11,62,1018,2.06,moderate
2.76,6.01,124.32,1.77,0.09,59.39,15.51,88,1017,1.54,good
21.96,31.54,644.1,5.0,0.95,18.32,14.49,77,1016,2.06,fair
1.16,2.77,105.76,0.71,0.05,9.57,21.01,65,1015,1.5,good
13.0,18.93,331.58,2.51,0.34,35.92,18.7,57,1015,1.8,fair
0.54,0.73,136.14,2.1,0.47,79.99,4.86,85,996,8.49,fair
0.51,0.62,132.88,2.58,0.67,80.61,5.11,87,995,6.26,fair
0.88,1.29,134.46,1.8,0.51,85.94,4.87,73,993,5.81,fair
2.62,8.33,64.94,0.04,0.1,27.17,24.9,100,1011,1.54,good
2.62,8.33,64.94,0.04,0.1,27.17,24.99,100,1011,1.54,good
1.53,3.91,65.48,0.04,0.09,26.56,27.83,65,1011,5.66,good
12.55,14.52,178.85,5.56,0.52,56.22,8.35,74,1019,2.57,fair
4.37,9.96,130.07,0.28,0.31,111.44,11.77,80,1017,2.53,moderate
5.86,7.3,126.94,2.07,0.29,53.12,10.55,75,1017,1.03,good
1.66,2.56,83.3,0.12,0.07,22.26,24.01,94,1009,2.06,good
2.66,4.79,77.72,0.05,0.08,31.54,26.38,85,1009,2.75,good
0.67,0.7,60.63,0.15,0.0,6.34,21.0,98,1011,1.06,good
7.33,11.58,136.15,8.55,4.94,82.61,5.04,93,1021,2.06,fair
13.17,15.87,141.22,14.79,1.48,32.29,2.38,88,1021,1.03,fair
19.05,19.62,135.59,4.51,1.35,77.35,4.08,95,1022,0.45,fair
1.16,1.36,119.28,2.75,0.2,70.29,12.08,50,1018,10.29,fair
2.45,2.76,116.81,2.14,0.76,77.33,9.99,71,1019,7.2,fair
2.27,2.58,129.43,3.25,0.72,88.02,7.33,92,1020,1.81,fair
0.9,1.08,83.47,0.06,0.01,3.8,22.99,100,1011,0.51,good
0.9,1.08,83.47,0.06,0.01,3.8,22.99,100,1011,0.51,good
0.5,0.51,84.92,0.07,0.02,4.0,21.82,99,1011,1.08,good
16.8,23.25,157.77,4.89,0.53,41.99,12.61,66,1020,4.12,fair
1.05,2.12,81.95,0.35,0.05,14.55,22.58,97,1010,1.76,good
0.79,1.53,93.96,0.34,0.44,31.59,27.23,89,1009,3.6,good
1.41,1.92,154.38,1.44,0.11,15.07,26.62,70,1007,4.47,good
7.25,11.52,114.12,3.13,0.72,38.68,16.67,89,1016,2.57,good
13.18,58.6,115.41,1.61,2.22,78.62,20.08,88,1008,5.14,moderate
13.08,59.46,113.65,1.52,2.11,78.73,20.02,88,1008,5.14,moderate
13.18,58.6,115.41,1.61,2.22,78.62,20.01,88,1008,5.14,moderate
13.23,51.04,106.66,0.51,0.91,82.1,24.04,88,1009,2.06,moderate
13.23,51.04,106.66,0.51,0.91,82.1,24.05,88,1009,2.06,moderate
13.64,39.14,125.44,0.42,0.09,13.58,21.16,96,1009,0.5,fair
0.6,1.86,111.32,0.82,0.32,24.43,23.82,94,1013,1.54,good
0.6,1.86,111.32,0.82,0.32,24.43,23.94,94,1013,1.54,good
0.6,1.86,111.32,0.82,0.32,24.43,24.02,94,1013,1.54,good
1.58,2.14,88.25,0.39,0.18,24.06,25.92,100,1010,0.92,good
1.03,1.94,91.22,0.05,0.05,26.96,23.95,100,1010,1.54,good
0.6,0.66,68.11,0.04,0.01,6.56,20.34,99,1011,0.04,good
3.25,4.44,129.85,1.27,1.78,102.05,14.67,48,1013,4.63,moderate
13.98,15.4,127.68,1.95,6.05,73.98,12.5,77,1015,0.45,fair
3.34,4.76,126.31,0.7,1.7,114.36,15.48,55,1014,3.32,moderate
5.62,6.35,134.58,0.3,1.3,47.6,16.42,96,1015,4.92,good
5.03,5.74,124.29,0.24,0.76,47.67,16.92,95,1015,4.92,good
5.56,6.27,131.66,0.27,1.02,48.02,14.32,92,1015,4.92,good
2.92,13.91,102.34,0.05,0.16,40.93,30.33,60,1012,6.17,good
2.92,13.91,102.34,0.05,0.16,40.93,29.17,68,1012,6.17,good
2.85,13.33,101.49,0.05,0.16,41.05,30.69,59,1012,6.17,good
17.77,85.19,119.61,0.77,1.95,80.78,21.06,83,1008,1.54,moderate
31.19,133.58,146.53,0.66,0.69,69.47,21.85,76,1008,2.27,poor
25.72,115.04,135.98,0.62,1.46,82.15,22.94,69,1008,1.98,poor
0.96,1.06,91.74,0.36,0.06,2.94,24.33,93,1011,1.85,good
0.61,0.62,91.61,0.24,0.01,3.84,23.07,96,1011,0.78,good
0.92,1.0,100.76,0.41,0.04,5.83,24.01,96,1011,1.15,good
48.28,55.86,419.36,14.25,15.76,86.93,24.27,68,1015,2.24,moderate
48.28,55.86,419.36,14.25,15.76,86.93,24.62,68,1015,2.24,moderate
55.08,63.7,451.31,20.98,19.72,75.73,26.0,68,1015,2.57,poor
15.97,17.55,152.2,1.53,4.92,41.88,21.92,78,1017,1.54,fair
10.33,12.86,286.02,4.73,0.67,15.57,26.69,94,1009,1.03,fair
16.05,19.01,278.27,3.73,0.94,55.63,24.9,94,1009,1.54,fair
11.46,12.54,141.73,2.55,0.58,101.16,9.38,77,1016,1.54,moderate
8.53,10.12,150.43,4.15,2.09,107.97,12.06,43,1016,3.09,moderate
13.63,15.67,174.95,5.68,2.19,83.08,12.46,80,1016,1.99,fair
0.88,2.25,100.86,0.17,0.11,56.14,24.2,83,1013,0.66,good
0.88,2.25,100.86,0.17,0.11,56.14,23.91,83,1013,0.56,good
2.05,3.07,136.84,0.61,0.15,55.9,24.33,81,1012,2.01,good
9.62,11.4,145.78,2.33,0.65,70.44,10.83,61,1014,4.47,fair
6.66,9.87,134.91,2.4,0.2,47.33,9.88,66,1013,3.6,good
5.5,7.75,124.96,2.73,0.42,49.11,8.92,70,1015,2.84,good
100.86,106.9,940.68,1.56,1.94,155.68,34.73,44,1009,6.69,very_poor
57.38,67.14,613.87,3.48,3.24,137.09,32.79,68,1009,5.14,poor
100.86,106.9,940.68,1.56,1.94,155.68,34.02,49,1009,6.69,very_poor
8.14,9.37,126.9,1.99,0.78,82.78,6.33,88,1020,1.03,fair
12.39,19.45,139.11,0.99,0.65,96.87,9.87,87,1019,2.57,fair
26.77,35.27,142.85,1.13,0.57,62.62,9.97,94,1019,2.05,moderate
23.54,43.24,126.65,4.88,1.54,67.15,17.62,50,1010,0.89,fair
22.24,47.88,125.12,8.0,1.6,64.63,16.1,72,1010,1.03,fair
15.22,26.97,124.69,2.53,4.44,86.9,17.92,74,1010,1.54,fair
12.84,14.03,133.34,3.44,0.86,72.8,5.88,61,1021,3.09,fair
38.45,81.0,180.35,2.69,6.88,77.44,35.01,38,1009,3.6,moderate
43.24,73.08,360.24,6.29,6.83,119.09,37.03,26,1007,2.57,moderate
20.59,26.51,243.77,4.6,4.18,72.11,32.32,38,1013,8.94,fair
36.73,127.42,143.22,1.94,0.98,91.66,21.95,40,1011,2.06,poor
30.89,103.6,205.49,4.35,1.18,74.47,20.12,77,1014,1.34,poor
30.4,90.51,210.58,6.61,3.38,82.42,20.85,46,1013,3.6,moderate
9.43,18.83,240.06,16.38,3.87,55.4,20.4,18,1018,2.06,good
6.01,15.77,144.48,3.96,0.86,91.79,24.08,38,1016,2.06,fair
15.72,19.88,253.3,15.73,1.62,53.0,14.77,15,1015,1.1,fair
0.89,2.7,134.3,0.09,0.33,107.69,5.81,75,1025,4.63,moderate
0.89,2.7,134.3,0.09,0.33,107.69,5.84,75,1025,4.63,moderate
0.89,2.7,134.3,0.09,0.33,107.69,5.93,75,1025,4.63,moderate
6.35,9.25,138.11,0.44,0.76,121.37,11.74,60,1018,3.09,moderate
10.5,14.66,156.07,1.81,1.19,106.83,12.39,76,1016,1.63,moderate
4.55,8.02,132.5,0.47,0.68,123.83,12.68,63,1017,0.51,moderate
21.29,26.56,166.12,2.85,0.46,63.05,11.59,81,1019,3.6,fair
0.68,2.27,100.28,0.3,0.17,49.46,24.53,83,1013,5.14,good
0.75,2.6,100.1,0.25,0.15,49.6,23.68,89,1013,5.14,good
0.75,2.6,100.1,0.25,0.15,49.6,23.85,89,1013,5.14,good
18.43,34.33,135.44,6.45,2.04,72.51,17.05,45,1011,1.54,fair
16.25,32.22,138.72,6.45,2.36,78.56,17.95,45,1011,1.54,fair
22.41,38.23,149.03,9.53,3.78,72.44,17.46,50,1010,3.91,fair
8.38,15.92,160.9,4.94,5.35,123.48,18.2,51,1022,4.12,moderate
7.98,15.59,156.58,3.11,4.49,121.74,17.97,55,1022,3.6,moderate
11.66,15.42,168.34,3.4,3.61,127.55,22.52,49,1018,3.6,moderate
1.03,1.82,89.24,0.65,0.08,30.57,16.93,88,1015,1.54,good
7.57,11.73,355.27,3.37,0.39,17.75,17.53,91,1014,0.93,good
5.8,7.03,195.44,1.56,0.21,14.42,26.23,89,1012,2.06,good
4.32,4.74,103.71,1.06,0.59,110.27,20.11,42,1018,2.68,moderate
1.42,2.16,82.65,0.02,0.2,75.52,22.51,49,1018,2.0,fair
1.54,2.53,95.43,0.21,0.34,91.47,22.91,45,1017,0.58,fair
29.04,33.94,238.39,1.18,1.35,96.48,36.81,29,1009,3.11,moderate
15.48,20.25,157.99,0.56,0.54,79.08,35.85,32,1009,2.47,fair
15.52,17.3,167.51,0.42,0.31,89.49,35.89,38,1009,4.48,fair
0.54,1.59,70.4,0.01,0.05,5.94,30.0,74,1006,3.09,good
2.21,4.7,71.16,0.05,0.08,33.39,25.0,83,1013,1.54,good
1.48,3.16,68.1,0.07,0.08,34.63,27.16,75,1012,0.73,good
2.92,5.78,73.93,0.07,0.1,31.98,28.03,72,1012,2.82,good
37.83,43.96,209.72,0.4,0.95,116.08,25.96,12,1016,6.18,moderate
15.13,20.3,173.26,1.6,6.36,152.62,22.38,29,1014,3.46,poor
42.85,49.35,216.89,0.22,0.41,99.36,22.46,23,1017,6.63,moderate
53.58,60.29,289.61,16.13,2.72,98.52,24.76,27,1018,4.12,poor
6.05,13.18,157.04,0.7,1.76,134.13,23.95,19,1019,4.12,moderate
65.4,71.43,298.81,11.51,0.72,92.64,24.95,18,1018,5.14,poor
44.42,113.99,141.09,2.01,0.09,82.37,24.53,65,1013,1.63,poor
42.75,122.19,139.84,2.31,0.03,76.77,24.89,66,1013,1.34,poor
42.75,122.19,139.84,2.31,0.03,76.77,24.81,66,1013,1.34,poor
1.25,2.93,109.03,0.27,0.16,43.09,23.88,92,1011,1.11,good
1.25,2.93,109.03,0.27,0.16,43.09,23.88,92,1011,1.16,good
4.56,4.9,96.65,1.02,0.64,84.31,17.28,68,1020,3.0,fair
3.2,5.97,158.51,4.34,1.02,67.04,25.33,24,1016,2.0,fair
3.75,20.33,128.93,0.28,0.28,85.74,8.05,81,1010,6.0,fair
8.19,8.43,478.31,2.82,0.27,44.32,31.97,74,1013,3.09,good
21.13,22.24,434.23,2.32,0.52,77.49,26.95,78,1012,1.03,fair
23.88,28.33,259.21,1.31,1.07,71.69,33.99,49,1011,1.03,fair
22.92,30.05,145.43,4.78,6.41,92.29,21.7,65,1010,7.4,fair
19.42,25.38,153.72,5.76,6.99,88.35,20.25,53,1011,3.54,fair
25.2,33.64,148.19,5.96,5.73,86.03,20.18,65,1010,5.53,moderate
1.26,4.15,107.74,0.34,0.24,23.84,25.06,82,1012,5.33,good
1.27,4.47,109.4,0.23,0.2,24.71,24.2,100,1012,4.62,good
0.5,0.55,92.52,0.97,0.67,20.54,33.38,61,1010,0.93,good
0.5,0.55,92.52,0.97,0.67,20.54,33.37,61,1010,0.89,good
0.5,0.55,92.52,0.97,0.67,20.54,32.19,65,1010,0.89,good
2.49,6.86,103.62,0.18,0.13,35.47,25.77,81,1009,1.85,good
4.44,12.43,107.38,0.31,0.19,34.75,21.8,88,1009,1.04,good
1.24,3.02,105.02,0.17,0.11,32.78,25.5,85,1009,1.62,good
1.98,2.38,103.41,3.7,0.33,24.3,9.48,95,1021,1.72,good
2.28,2.89,107.97,3.63,0.34,24.14,10.48,93,1021,0.94,good
1.89,2.09,104.75,4.01,0.23,25.7,9.91,90,1021,1.92,good
2.17,2.78,137.12,2.6,1.1,70.6,6.07,80,1004,4.12,fair
4.06,4.76,137.12,2.66,0.45,66.26,4.18,87,1005,3.09,fair
10.66,12.36,159.62,6.79,2.09,60.28,6.01,85,1004,6.1,fair
25.26,27.93,174.36,5.98,1.81,58.16,6.41,69,1019,4.12,moderate
21.36,23.57,167.52,5.16,1.4,54.93,5.72,75,1019,1.34,fair
22.34,24.67,169.81,5.44,1.57,55.67,6.18,73,1019,4.12,fair
0.82,1.6,134.1,1.34,0.18,74.31,3.9,84,1001,2.57,fair
1.54,3.19,137.02,2.86,0.27,55.68,4.73,70,1004,2.84,good
9.71,11.29,157.07,5.59,2.04,70.22,5.95,87,1002,5.14,fair
5.07,12.81,151.76,1.38,1.01,95.99,14.94,47,1018,0.0,fair
1.31,4.03,128.25,0.38,0.37,115.22,16.4,66,1015,8.29,moderate
7.63,34.51,154.39,1.93,0.46,80.38,15.44,61,1018,3.11,fair
3.85,11.44,118.67,1.13,1.73,93.4,15.71,77,1015,1.54,fair
3.16,6.69,117.49,2.0,1.63,79.81,10.23,100,1015,0.0,fair
2.11,4.1,99.39,1.81,0.1,35.95,13.08,100,1015,1.03,good
4.31,8.41,134.18,1.16,1.34,114.3,13.78,77,1016,0.93,moderate
2.5,5.4,142.57,3.12,0.36,39.66,8.35,71,1014,3.09,good
1.62,3.29,133.86,1.73,0.23,46.55,9.8,68,1014,1.99,good
3.16,6.44,145.99,3.76,0.43,42.5,9.48,70,1014,1.34,good
7.96,13.9,140.25,1.01,1.02,115.26,8.88,81,1016,1.03,moderate
7.64,12.33,141.34,1.86,1.5,105.92,8.35,86,1017,2.33,moderate
6.8,10.81,139.73,2.36,1.86,116.95,5.48,100,1015,0.51,moderate
0.98,2.71,80.36,0.36,0.11,24.93,18.98,72,1018,3.6,good
1.06,2.38,69.47,0.18,0.06,30.03,24.0,94,1015,3.09,good
0.62,1.33,69.72,0.21,0.03,28.04,16.6,77,1019,1.6,good
1.57,4.01,99.26,0.01,0.09,16.62,28.98,84,1007,9.77,good
6.69,7.56,124.93,1.82,0.55,65.65,6.9,81,1017,1.54,fair
7.2,8.18,126.92,2.1,0.79,63.84,6.31,80,1017,1.44,fair
6.45,7.59,115.19,1.47,2.21,68.1,7.91,80,1017,0.37,fair
21.03,62.85,154.76,0.3,0.1,37.19,30.3,51,1005,3.09,moderate
3.38,5.06,146.64,0.38,0.03,25.1,27.55,58,1008,3.33,good
3.93,7.8,149.21,0.4,0.03,27.01,29.78,46,1007,6.12,good
13.34,23.65,212.88,1.2,0.41,59.86,32.95,70,1010,1.03,fair
17.69,24.32,218.77,0.51,0.3,90.56,38.64,30,1008,3.79,fair
16.59,21.08,262.54,0.88,0.43,104.61,38.77,30,1008,4.67,moderate
0.5,0.5,110.78,0.09,0.84,101.05,11.07,32,1014,10.0,moderate
0.5,0.5,108.01,0.07,0.03,97.61,12.15,32,1013,2.87,fair
0.5,0.5,118.08,0.08,0.04,98.28,11.76,43,1017,2.63,fair
68.67,79.37,515.22,34.45,27.65,53.34,23.85,73,1015,4.12,poor
59.93,69.69,505.0,34.02,22.07,43.04,23.96,73,1015,4.12,poor
59.93,69.69,505.0,34.02,22.07,43.04,23.82,73,1015,4.12,poor
2.58,10.98,116.19,0.06,0.15,52.68,29.08,66,1013,7.72,good
1.59,4.2,116.4,0.99,0.64,33.24,24.59,87,1012,3.21,good
1.61,4.3,115.54,1.0,0.62,30.93,24.88,87,1013,3.04,good
1.61,4.3,115.54,1.0,0.62,30.93,24.75,87,1013,3.08,good
19.47,93.64,110.72,0.25,1.37,78.19,18.96,81,1009,7.21,moderate
10.13,54.69,110.95,0.68,1.37,93.85,16.93,88,1012,10.27,moderate
36.69,173.26,108.4,0.14,0.06,52.99,30.3,19,1005,4.55,poor
13.91,14.84,126.51,0.28,15.32,121.9,16.43,82,1018,3.09,moderate
13.91,14.84,126.51,0.28,15.32,121.9,16.31,82,1018,3.09,moderate
13.91,14.84,126.51,0.28,15.32,121.9,16.08,82,1018,3.09,moderate
1.47,4.12,60.59,0.06,0.13,42.07,25.79,85,1014,8.19,good
1.67,4.82,60.51,0.05,0.13,42.0,23.26,85,1014,1.34,good
1.67,4.82,60.51,0.05,0.13,42.0,24.21,85,1014,1.34,good
0.5,0.5,100.98,0.02,0.01,15.55,29.08,71,1010,0.9,good
0.56,0.72,70.56,0.16,0.02,28.28,17.07,87,1018,3.05,good
0.6,0.8,68.34,0.2,0.05,37.91,17.06,86,1019,2.22,good
1.03,1.71,91.86,0.57,0.05,30.99,17.12,90,1017,1.29,good
8.92,11.95,174.8,5.97,1.45,49.2,17.96,68,1011,2.57,good
5.21,19.79,138.32,0.29,0.89,109.44,16.16,74,1013,2.57,moderate
7.32,9.88,160.83,4.55,1.24,54.85,17.97,68,1012,2.57,good
4.5,4.7,205.32,3.2,0.89,30.07,33.95,67,1009,2.06,good
2.72,3.12,138.6,1.71,1.09,23.36,32.84,67,1008,3.6,good
4.27,4.45,195.72,2.17,0.56,30.01,34.01,57,1009,2.06,good
3.92,5.53,131.21,1.38,0.24,11.52,18.99,94,1020,2.57,good
3.92,5.53,131.21,1.38,0.24,11.52,18.97,94,1020,2.57,good
3.38,7.9,70.91,0.14,0.04,25.28,21.97,100,1015,3.09,good
2.13,6.71,60.43,0.05,0.12,49.23,22.22,82,1014,6.0,good
2.13,6.71,60.43,0.05,0.12,49.23,21.42,87,1014,3.55,good
2.06,6.27,60.41,0.05,0.12,48.42,20.75,89,1014,2.86,good
9.03,24.46,162.89,0.81,0.13,35.42,30.0,30,1006,3.64,fair
12.25,27.04,191.28,0.57,0.13,47.73,26.69,47,1007,4.19,fair
18.66,38.79,293.53,2.33,0.69,46.53,26.26,18,1007,3.18,fair
0.58,1.51,97.43,0.04,0.06,29.44,27.98,78,1009,4.91,good
8.88,15.58,218.27,1.55,0.56,35.02,26.46,59,1008,4.31,good
2.59,6.88,152.23,0.98,0.42,25.77,23.28,98,1009,1.21,good
3.27,5.1,103.65,0.27,1.44,33.06,23.7,81,1012,2.68,good
3.91,5.84,103.48,0.25,0.22,38.26,24.44,78,1012,1.46,good
2.49,4.3,103.59,0.3,0.88,29.65,23.56,80,1012,4.92,good
26.13,30.89,209.44,33.08,1.74,22.69,4.73,94,1021,1.03,moderate
19.81,25.52,202.07,37.84,3.58,21.45,5.66,86,1021,2.24,fair
26.72,31.02,201.0,35.73,1.92,25.23,5.54,93,1021,1.03,moderate
0.5,0.5,138.67,0.64,0.37,108.62,7.25,58,1003,2.92,moderate
1.08,3.83,132.28,0.23,0.53,98.64,4.27,93,1012,5.14,fair
0.5,0.5,117.17,0.14,0.04,88.39,2.15,84,1008,2.68,fair
87.38,106.04,487.3,3.18,10.49,146.26,25.25,44,1011,1.03,very_poor
86.2,109.49,509.27,2.19,7.62,142.87,30.19,27,1011,4.01,very_poor
102.71,125.3,552.53,3.48,11.08,150.74,37.99,23,1009,2.59,very_poor
0.77,2.93,62.76,0.1,0.11,52.89,16.91,69,1024,4.63,good
0.68,1.41,65.08,0.67,0.1,45.8,16.69,60,1020,1.54,good
1.38,1.95,62.9,0.68,0.4,43.01,12.7,70,1023,6.17,good
40.49,134.05,110.97,1.06,0.28,48.84,36.99,26,1011,3.09,poor
39.58,126.68,111.64,1.28,0.4,53.28,37.05,26,1011,3.09,poor
40.09,129.73,111.82,1.13,0.27,48.28,37.0,26,1011,3.09,poor
3.08,3.95,167.21,2.54,0.33,29.75,26.01,83,1012,1.03,good
3.24,4.1,173.32,2.53,0.31,29.64,26.55,83,1012,1.34,good
3.24,4.1,173.32,2.53,0.31,29.64,26.71,83,1013,1.34,good
6.55,20.17,71.29,0.06,0.38,51.69,20.5,83,1012,3.09,fair
6.55,20.17,71.29,0.06,0.38,51.69,20.1,83,1012,3.09,fair
12.85,21.28,82.38,0.96,1.82,63.02,12.12,58,1017,2.06,fair
0.5,1.65,63.09,0.02,0.01,40.53,25.9,78,1011,2.57,good
0.5,1.57,63.25,0.02,0.01,39.1,25.96,78,1011,2.57,good
0.5,1.49,62.84,0.02,0.01,39.54,25.8,78,1011,2.57,good
4.92,19.91,61.74,0.03,0.21,48.25,27.56,84,1008,9.72,good
0.66,0.81,58.04,0.05,0.01,16.77,26.88,72,1008,3.79,good
1.83,2.17,66.59,0.06,3.32,18.36,27.82,86,1008,1.36,good
23.0,25.17,286.61,0.95,3.8,106.58,35.0,57,1010,5.81,moderate
15.88,18.03,209.69,1.64,0.58,43.06,34.04,52,1009,2.06,fair
22.13,24.33,269.86,0.84,3.9,105.69,35.11,59,1010,4.63,moderate
25.01,44.74,348.64,3.64,6.12,107.48,32.99,29,1007,1.54,moderate
37.01,96.64,105.23,0.08,0.2,47.66,31.09,62,1010,4.12,moderate
9.92,26.91,266.76,1.68,0.7,87.26,27.08,44,1012,2.06,fair
6.36,9.84,140.25,3.63,2.31,72.99,9.45,78,1008,5.66,fair
12.15,15.77,147.06,3.64,1.08,47.89,7.27,84,1012,2.06,fair
8.44,11.22,140.96,3.88,1.4,59.53,8.51,81,1015,4.12,good
1.26,3.04,101.25,0.16,0.1,54.54,24.58,88,1012,1.54,good
1.37,3.61,101.2,0.15,0.1,54.53,24.4,89,1013,1.54,good
1.42,3.63,101.61,0.15,0.1,55.44,24.18,85,1013,1.54,good
22.95,52.22,121.68,1.61,0.68,72.94,18.8,76,1010,2.64,moderate
16.85,44.69,118.28,0.87,0.45,73.56,17.61,77,1010,2.86,fair
22.95,52.22,121.68,1.61,0.68,72.94,18.92,75,1010,2.43,moderate
4.82,12.24,119.94,4.35,3.13,92.97,13.6,88,1017,4.63,fair
4.6,12.65,120.24,3.63,2.7,93.46,10.73,100,1018,0.0,fair
5.29,14.39,123.39,3.06,2.29,88.56,12.31,76,1018,1.2,fair
2.15,2.21,144.98,1.74,0.3,11.06,23.56,94,1012,0.45,good
10.37,10.91,295.37,3.64,0.28,10.49,20.26,100,1013,2.06,fair
2.1,2.16,143.32,1.65,0.37,11.15,23.48,94,1012,0.45,good
62.29,155.63,280.28,6.16,18.04,125.41,28.16,44,1013,8.23,poor
62.29,155.63,280.28,6.16,18.04,125.41,28.9,42,1012,8.23,poor
62.24,148.0,287.91,6.72,17.47,130.07,29.03,42,1012,8.23,poor
2.2,6.1,59.78,0.05,0.16,41.38,28.81,65,1015,8.75,good
2.04,5.77,59.65,0.04,0.13,42.02,26.46,71,1015,0.74,good
2.11,6.06,59.85,0.03,0.14,42.52,27.82,74,1016,6.17,good
7.01,9.2,131.33,1.94,0.84,56.32,11.34,54,1015,2.06,good
3.28,5.92,143.67,3.5,0.67,52.09,9.19,62,1013,1.34,good
5.96,7.85,136.96,3.42,0.92,51.69,10.75,66,1015,2.79,good
4.89,7.04,112.31,3.05,0.3,29.75,10.82,65,1016,4.12,good
11.95,15.77,153.44,4.19,1.78,43.43,6.99,87,1017,2.06,fair
5.02,6.95,111.35,1.64,0.77,42.66,14.78,54,1016,0.89,good
0.52,0.65,136.63,1.43,0.45,76.64,2.74,55,1003,3.57,fair
0.52,0.93,141.57,1.62,0.19,54.14,3.33,66,998,3.92,good
5.21,6.31,136.64,0.35,1.59,85.55,20.87,35,1018,3.0,fair
11.73,22.69,349.27,2.32,0.42,11.3,17.07,88,1015,1.03,fair
6.29,11.5,245.47,1.38,0.29,7.17,17.72,85,1015,1.1,good
6.68,12.75,241.11,1.84,0.31,14.24,15.14,92,1017,0.74,good
39.28,84.12,104.25,3.0,3.43,103.35,30.0,66,1009,2.87,moderate
37.08,99.8,127.04,3.54,8.52,101.48,21.58,55,1016,4.03,moderate
54.35,98.56,121.72,3.05,5.17,96.6,28.07,58,1009,2.28,poor
0.5,0.92,71.47,0.01,0.01,6.06,28.59,83,1008,0.92,good
0.5,0.92,71.47,0.01,0.01,6.06,28.16,84,1008,0.71,good
0.5,0.89,72.18,0.01,0.01,5.24,28.78,81,1008,1.64,good
0.5,0.5,71.27,0.05,0.02,15.6,31.0,70,1010,4.63,good
26.77,132.6,103.58,0.17,0.07,87.06,30.61,6,1008,5.6,poor
25.95,127.12,103.39,0.17,0.07,84.83,29.93,6,1008,5.37,poor
25.95,127.12,103.39,0.17,0.07,84.83,29.99,6,1008,5.39,poor
0.59,0.93,128.12,0.8,0.2,72.89,6.94,78,995,1.19,fair
0.72,2.12,131.79,1.17,0.75,105.01,8.15,69,1004,3.09,moderate
1.31,4.14,130.24,1.13,0.79,101.3,6.93,85,1007,10.05,moderate
2.34,2.74,136.73,1.38,0.88,23.25,31.71,68,1010,4.12,good
2.34,2.74,136.73,1.38,0.88,23.25,32.17,70,1010,4.12,good
2.34,2.74,136.73,1.38,0.88,23.25,32.85,64,1009,4.12,good
12.24,13.85,153.96,4.43,0.88,72.77,6.68,83,1018,0.51,fair
17.62,19.91,157.22,4.45,0.4,67.76,7.71,86,1016,0.33,fair
17.23,19.02,165.05,3.67,1.59,120.49,8.12,72,1017,1.17,moderate
8.54,10.45,160.14,4.99,0.74,57.09,8.79,70,1015,2.57,good
10.32,13.91,142.59,2.16,0.55,40.24,8.9,66,1013,0.0,fair
8.54,10.45,160.14,4.99,0.74,57.09,8.91,70,1016,2.57,good
9.76,44.23,104.36,0.53,0.73,68.81,24.57,81,1009,2.75,fair
13.51,69.12,107.55,0.43,0.4,53.43,22.03,87,1009,0.7,moderate
15.04,69.56,111.59,0.48,0.31,46.47,21.84,88,1010,0.52,moderate
9.55,43.54,106.69,0.69,1.18,79.59,20.14,90,1009,4.02,fair
20.99,97.81,117.73,0.78,1.02,68.45,20.87,54,1008,7.34,moderate
10.47,47.25,106.46,0.94,1.36,78.72,20.11,90,1010,4.02,fair
0.5,0.87,68.1,0.08,0.01,19.29,28.36,72,1011,3.2,good
3.65,7.7,152.11,1.04,0.18,10.28,21.61,68,1014,1.99,good
1.07,3.38,85.1,0.4,0.05,10.09,23.5,62,1013,2.8,good
0.56,0.58,83.05,0.27,0.05,3.1,23.38,95,1011,1.97,good
0.56,0.57,77.65,0.18,0.03,2.64,24.05,99,1011,0.8,good
3.3,4.96,184.45,0.89,0.09,5.31,23.69,82,1010,2.29,good
3.61,7.61,117.59,0.39,0.02,22.54,26.97,61,1009,3.02,good
2.73,3.34,107.18,0.15,0.02,3.72,21.01,93,1012,1.78,good
2.5,7.92,93.5,0.04,0.1,28.59,26.92,82,1009,2.66,good
8.73,11.08,106.73,0.24,0.66,47.09,23.38,80,1012,1.08,good
8.73,11.08,106.73,0.24,0.66,47.09,23.4,80,1012,1.01,good
8.19,10.64,101.85,0.2,0.74,43.57,24.79,90,1012,0.56,good
12.9,19.08,112.86,2.38,1.7,42.3,15.43,66,1014,3.16,fair
27.76,34.49,169.36,11.09,5.86,59.85,20.07,33,1013,3.78,moderate
16.89,21.47,136.15,5.56,7.99,78.41,17.34,51,1013,3.96,fair
4.89,5.71,80.39,11.08,4.33,10.18,15.0,90,1020,1.8,good
6.9,7.67,86.22,16.83,9.04,10.54,11.51,94,1021,2.08,good
1.84,3.01,129.82,0.71,0.27,79.28,23.22,94,1012,3.48,fair
17.84,34.76,252.13,0.87,0.15,38.84,28.13,52,1007,2.66,fair
0.86,1.29,122.96,0.2,0.01,6.47,26.1,67,1009,1.93,good
8.09,24.23,138.1,0.17,0.02,27.26,27.99,37,1008,1.29,fair
0.87,1.59,104.52,0.33,0.17,31.42,27.55,81,1009,5.03,good
2.23,3.36,147.79,2.05,0.34,13.55,22.83,82,1009,1.07,good
1.75,2.16,143.3,1.64,0.17,17.92,24.8,72,1009,1.52,good
3.82,6.56,110.44,0.25,0.23,64.71,35.13,54,1011,4.78,fair
3.76,6.64,105.9,0.28,0.29,63.17,36.13,48,1011,5.1,fair
3.64,6.18,117.13,0.33,0.27,64.42,34.58,56,1011,4.37,fair
5.42,21.98,310.92,0.63,0.3,86.07,23.06,49,1019,1.0,fair
2.11,3.32,104.47,0.08,0.41,91.73,22.67,44,1017,1.66,fair
2.84,4.16,112.24,0.23,0.93,81.63,22.01,41,1017,1.95,fair
0.5,0.55,80.43,0.47,0.09,26.66,28.09,82,1010,2.25,good
1.37,3.51,89.29,0.56,0.19,30.43,27.9,83,1010,1.7,good
1.47,4.2,68.39,0.18,0.14,33.41,26.61,92,1011,3.27,good
7.88,13.89,190.25,7.64,1.04,62.43,27.92,28,1012,5.14,fair
13.15,61.79,179.0,0.38,0.17,63.98,28.99,28,1012,3.09,moderate
28.56,125.29,122.31,0.21,0.16,85.28,24.97,38,1011,0.0,poor
7.46,20.85,131.65,0.92,0.32,73.03,9.8,100,1018,1.03,fair
11.53,40.13,144.89,0.57,2.93,104.25,16.0,62,1018,3.35,moderate
9.44,26.46,133.48,0.7,0.74,88.0,12.88,94,1018,1.54,fair
1.64,4.53,65.55,0.03,0.06,30.26,27.05,77,1013,6.15,good
39.69,45.03,235.09,20.44,9.86,41.92,12.75,67,1015,0.0,moderate
7.84,9.58,132.13,3.18,0.65,42.57,10.11,65,1016,1.19,good
4.44,6.34,123.05,3.43,0.38,30.95,8.45,72,1016,1.68,good
0.92,2.0,116.57,0.13,0.02,12.33,24.59,88,1011,0.0,good
0.79,1.64,118.91,0.19,0.02,13.23,24.48,88,1011,1.87,good
0.79,1.64,118.91,0.19,0.02,13.23,24.45,88,1011,1.87,good
14.63,15.71,222.49,14.61,34.71,61.92,21.06,85,1013,4.12,fair
14.63,15.71,222.49,14.61,34.71,61.92,21.64,64,1013,4.12,fair
22.37,23.89,305.58,23.23,15.82,61.69,22.77,87,1016,3.09,fair
2.33,2.76,80.73,0.26,0.02,6.75,24.31,93,1012,3.47,good
2.11,3.61,98.15,0.75,0.1,22.81,20.99,65,1013,3.55,good
1.08,2.09,83.84,0.37,0.05,10.09,18.63,85,1015,1.45,good
0.75,1.53,126.1,0.83,0.31,71.83,7.31,71,1010,0.45,fair
1.46,2.67,153.95,2.64,2.06,58.45,4.82,56,1012,2.96,good
1.43,2.43,131.95,0.89,0.27,62.18,10.64,57,1015,2.08,fair
5.8,7.63,154.58,1.96,0.21,27.71,18.49,93,1014,1.06,good
5.8,7.63,154.58,1.96,0.21,27.71,18.54,94,1014,0.92,good
5.15,6.57,140.53,1.54,0.18,31.62,18.63,95,1014,0.86,good
6.31,8.34,167.31,1.8,0.79,108.28,10.31,75,1013,5.36,moderate
3.96,17.43,136.48,0.27,1.06,115.33,16.37,79,1012,3.6,moderate
5.84,7.91,164.53,1.37,0.69,109.38,9.96,79,1013,5.36,moderate
10.29,13.41,110.61,0.56,1.86,62.27,15.99,93,1016,0.0,fair
12.28,14.86,299.3,6.0,0.31,11.33,19.23,95,1015,0.45,fair
8.7,10.46,192.5,3.65,0.13,9.0,17.08,94,1015,1.72,good
2.68,5.52,126.44,0.54,0.28,67.66,25.56,27,1016,2.08,fair
1.95,2.55,94.13,0.04,0.35,71.05,25.04,40,1017,1.41,fair
2.6,3.77,108.68,0.34,0.62,82.16,24.74,33,1016,1.29,fair
1.96,9.7,121.76,0.41,0.34,20.07,25.41,81,1012,4.24,good
1.83,9.12,121.18,0.31,0.28,20.15,25.94,81,1012,4.76,good
1.91,2.19,194.01,5.28,1.85,22.94,22.6,85,1014,1.3,good
3.14,3.22,157.69,1.81,0.1,23.3,27.0,77,1010,3.19,good
4.05,4.22,196.79,3.02,0.74,21.39,24.53,94,1013,1.47,good
1.25,3.73,99.56,0.15,0.13,55.72,24.75,83,1012,2.57,good
1.41,3.8,103.4,0.19,0.14,59.13,24.85,88,1012,3.6,good
7.45,10.41,189.49,1.68,1.25,59.8,33.01,58,1010,3.6,good
52.27,55.69,380.83,2.92,5.58,90.28,29.0,59,1015,1.0,poor
54.92,61.98,384.87,2.68,6.87,112.18,30.99,51,1015,2.57,poor
2.36,7.34,66.37,0.03,1.03,16.43,28.1,74,1010,5.14,good
2.37,12.19,62.44,0.01,0.08,30.24,29.95,77,1010,5.62,good
9.51,12.23,136.23,3.03,0.98,53.94,7.11,77,1016,0.89,good
9.41,12.56,141.47,4.54,0.61,50.19,7.17,80,1017,0.75,good
10.12,13.14,142.92,3.93,0.91,47.99,5.42,82,1017,1.91,fair
12.27,31.38,108.53,3.24,7.9,40.71,20.32,31,1016,2.0,fair
23.84,48.01,123.26,0.6,0.66,70.43,27.85,78,1012,7.96,fair
18.92,39.52,121.76,1.41,1.65,65.15,24.18,48,1014,2.71,fair
1.51,4.13,66.88,0.06,0.11,33.1,27.89,78,1011,1.03,good
1.51,4.13,66.88,0.06,0.11,33.1,27.84,78,1011,1.03,good
1.51,4.13,66.88,0.06,0.11,33.1,27.76,78,1011,1.03,good
2.35,4.32,105.76,3.18,1.7,23.57,11.59,98,1021,0.51,good
8.16,15.9,94.56,0.5,0.65,54.81,17.38,70,1009,6.69,good
3.93,8.9,114.89,1.95,1.47,35.69,18.63,88,1016,0.45,good
2.58,3.49,90.64,0.62,0.14,22.66,15.14,88,1018,2.57,good
0.63,1.22,85.91,0.47,0.22,29.96,14.48,82,1018,1.8,good
0.57,1.0,79.11,0.36,0.23,32.9,16.42,84,1018,1.79,good
0.68,1.36,61.45,0.22,0.12,33.35,14.9,90,1020,2.37,good
0.78,1.72,70.41,0.38,0.14,29.14,14.39,89,1021,4.62,good
0.69,1.39,60.68,0.22,0.12,33.17,14.83,94,1020,2.55,good
4.54,10.46,122.09,3.43,0.3,64.52,13.29,87,1020,0.45,fair
4.54,10.46,122.09,3.43,0.3,64.52,13.51,87,1020,0.45,fair
29.14,120.37,161.74,5.52,1.28,72.22,30.84,45,1009,3.19,poor
30.28,135.37,136.12,0.72,0.14,83.68,28.02,57,1009,0.51,poor
28.04,108.03,184.22,7.61,2.19,65.94,31.0,42,1008,2.06,poor
2.48,5.33,221.73,1.76,0.11,50.38,14.75,50,1014,0.55,good
5.36,16.9,207.36,0.93,0.2,74.08,22.94,32,1013,3.67,fair
2.29,4.69,93.77,0.34,0.1,58.19,24.17,34,1012,0.48,good
1.51,3.21,118.0,0.83,0.47,37.8,26.77,81,1013,2.57,good
10.34,14.21,139.11,2.65,1.9,112.4,8.51,81,1015,1.54,moderate
12.27,15.79,146.63,4.45,2.6,109.09,9.23,73,1015,0.43,moderate
8.81,13.12,142.02,2.73,2.03,109.93,13.54,66,1015,2.49,moderate
4.66,9.45,112.51,2.21,0.88,74.15,8.09,81,1018,1.03,fair
2.88,4.33,117.17,3.54,0.93,50.61,3.04,74,1021,1.65,good
2.61,3.55,113.18,2.55,1.0,72.1,4.33,85,1021,1.24,fair
7.56,18.88,83.58,0.04,0.13,31.37,25.0,94,1010,1.54,good
17.54,72.61,73.55,0.3,0.06,28.55,15.92,94,1015,1.54,moderate
2.05,3.02,102.12,1.62,0.1,7.38,15.89,100,1016,2.57,good
7.44,10.4,137.93,2.18,0.1,26.05,18.47,69,1012,1.74,good
6.91,10.02,211.32,3.83,0.14,38.8,17.06,72,1015,2.06,good
11.98,21.51,257.05,5.58,0.31,33.92,17.67,77,1012,1.03,fair
7.1,9.43,150.56,4.85,0.73,77.29,15.11,43,1015,1.79,fair
14.4,17.52,179.89,6.87,0.37,59.69,10.06,68,1015,1.03,fair
8.59,10.02,146.63,3.38,0.45,72.13,9.99,65,1018,4.12,fair
6.07,7.83,73.36,2.47,2.19,24.29,20.27,69,1026,4.63,good
4.52,9.46,76.15,2.21,1.32,54.51,20.49,54,1021,10.8,good
0.92,2.54,58.9,0.21,0.08,43.69,20.59,78,1022,0.89,good
8.08,9.62,139.81,0.82,1.19,77.72,27.51,85,1010,4.12,fair
8.08,9.62,139.81,0.82,1.19,77.72,27.77,83,1010,4.12,fair
8.08,9.62,139.81,0.82,1.19,77.72,27.64,83,1010,4.12,fair
7.29,24.18,133.62,0.75,0.4,103.64,8.03,87,1025,1.03,moderate
6.21,20.16,134.44,1.2,0.49,98.38,9.69,80,1025,0.51,fair
3.03,4.39,110.46,0.97,0.04,52.6,9.48,93,1023,7.2,good
7.4,9.1,131.82,1.87,0.72,89.37,5.95,81,1017,0.51,fair
10.99,12.77,139.16,3.17,0.82,96.53,7.74,76,1015,1.54,fair
8.19,9.84,136.12,3.12,0.94,87.39,7.3,72,1016,1.46,fair
1.93,9.22,125.85,0.07,0.16,16.82,27.27,89,1012,4.12,good
10.26,24.4,118.09,1.25,0.67,29.19,25.99,73,1007,3.09,fair
11.47,23.77,123.47,0.04,0.1,59.31,27.91,83,1008,3.6,fair
10.66,24.05,121.03,1.61,0.84,26.5,26.0,73,1007,3.09,fair
22.32,24.29,188.1,10.4,1.88,70.3,5.01,78,1023,1.88,fair
16.19,18.32,179.01,13.53,2.62,75.04,7.51,85,1023,0.45,fair
19.37,22.33,191.24,10.05,2.38,77.46,5.34,77,1023,1.78,fair
10.68,27.21,153.16,1.24,0.12,34.14,33.06,40,1006,3.6,fair
3.66,9.62,139.48,0.65,0.09,28.07,30.93,41,1007,4.86,good
10.39,25.23,159.29,0.96,0.17,35.77,33.7,30,1006,3.79,fair
7.3,9.04,113.22,1.78,0.43,39.63,5.83,87,1016,1.54,good
11.16,12.72,122.15,1.07,0.56,63.58,11.11,76,1015,2.57,fair
9.02,10.66,116.98,2.36,0.28,36.42,8.96,81,1014,1.03,good
55.15,129.21,313.54,4.41,6.35,95.67,25.98,69,1012,9.26,poor
60.75,147.62,320.34,5.28,8.42,95.43,25.97,69,1012,9.26,poor
55.03,150.17,278.17,4.13,6.53,93.61,25.79,61,1012,9.1,poor
1.52,2.41,84.96,0.46,0.04,18.02,22.0,84,1013,1.91,good
2.73,4.25,132.85,1.45,0.34,36.58,15.44,91,1014,1.03,good
7.15,11.49,284.16,3.88,0.84,27.63,14.32,96,1014,0.97,good
0.99,3.85,95.87,0.06,0.11,26.32,27.81,84,1010,5.67,good
1.1,4.23,98.0,0.06,0.12,26.78,27.23,85,1010,4.4,good
0.97,3.78,96.01,0.06,0.11,26.46,27.23,85,1010,4.09,good
3.55,4.81,118.06,0.47,0.13,11.16,28.03,89,1010,1.03,good
3.55,4.81,118.06,0.47,0.13,11.16,27.99,89,1010,1.03,good
2.86,3.93,101.98,0.3,0.08,8.75,28.0,89,1010,1.03,good
1.43,2.33,67.36,0.92,0.11,33.32,9.99,81,1016,2.06,good
0.74,0.98,89.43,0.42,0.05,14.99,26.01,89,1009,4.12,good
1.03,1.49,85.27,1.72,0.37,23.85,19.84,45,1012,2.57,good
49.3,64.3,293.13,2.75,0.67,47.28,23.9,63,1014,2.06,moderate
22.99,38.63,165.48,1.02,2.7,131.38,24.94,78,1011,2.06,moderate
6.97,8.18,149.49,9.47,0.57,29.79,20.44,78,1016,0.51,good
0.89,3.35,109.51,0.07,0.05,77.92,24.99,69,1012,4.12,fair
2.58,6.34,112.9,0.4,0.87,98.09,24.96,65,1012,4.12,fair
2.58,6.34,112.9,0.4,0.87,98.09,24.97,65,1012,4.12,fair
30.59,32.27,466.17,2.71,4.13,96.64,8.57,91,1016,1.09,moderate
53.95,59.65,454.34,3.01,2.55,59.96,22.39,88,1009,2.3,poor
42.69,47.94,480.63,3.82,6.9,42.43,17.03,90,1012,1.68,moderate
2.11,3.57,103.1,3.11,0.27,20.9,12.95,100,1019,1.54,good
0.96,1.44,66.15,0.61,0.26,23.33,15.39,91,1019,2.68,good
2.11,3.57,103.1,3.11,0.27,20.9,12.86,100,1019,1.54,good
2.82,4.51,122.37,1.16,0.72,85.71,4.14,72,997,6.48,fair
3.97,5.41,124.79,0.59,1.23,88.28,11.99,66,999,7.0,fair
0.86,1.33,126.75,0.68,0.75,101.88,6.74,82,999,7.79,moderate
5.83,12.13,117.34,0.33,0.17,36.2,29.45,1,1007,3.6,good
4.92,10.95,113.75,0.34,0.2,39.33,28.3,84,1008,6.41,good
6.71,10.29,131.98,0.71,0.31,52.44,29.29,67,1007,5.17,good
3.23,3.64,191.5,9.18,1.67,74.92,8.9,80,1016,3.6,fair
1.88,2.17,142.68,1.29,0.21,88.44,12.52,46,1017,5.66,fair
0.5,0.5,121.19,0.11,0.02,89.93,0.2,77,1015,8.23,fair
5.44,8.21,140.84,0.8,0.22,7.26,25.2,88,1011,1.54,good
2.9,4.49,124.49,0.56,1.01,23.45,17.17,81,1015,1.58,good
1.01,1.68,86.15,0.22,0.01,7.34,20.51,92,1012,1.38,good
0.57,0.64,69.72,0.02,0.0,1.56,24.1,88,1012,1.03,good
0.57,0.64,69.72,0.02,0.0,1.56,23.96,88,1012,1.03,good
0.6,0.69,69.64,0.03,0.0,1.54,23.72,88,1012,1.03,good
5.44,8.21,140.84,0.8,0.22,7.26,25.2,88,1011,1.54,good
4.87,6.53,103.59,0.32,0.09,33.55,25.04,100,1010,3.09,good
5.95,8.25,126.21,1.26,0.26,24.1,22.6,93,1011,0.79,good
4.81,5.83,113.89,1.64,0.75,89.71,7.68,69,1020,0.51,fair
6.01,7.43,129.48,3.01,0.33,63.11,11.19,66,1019,0.51,fair
11.59,13.17,157.58,6.5,1.54,65.34,10.46,62,1020,0.37,fair
0.51,1.71,78.57,0.19,0.1,26.44,27.72,89,1010,4.12,good
0.66,2.3,78.03,0.19,0.11,26.29,27.31,89,1010,4.12,good
0.82,1.85,104.44,0.66,0.12,15.97,27.19,83,1009,3.09,good
5.11,7.12,125.5,2.94,0.23,54.02,16.8,41,1019,3.09,good
7.83,9.95,153.28,4.4,0.3,47.14,16.21,42,1019,1.1,good
5.11,7.12,125.5,2.94,0.23,54.02,16.96,42,1019,3.09,good
0.5,0.54,101.44,0.04,0.02,25.1,24.95,100,1011,1.54,good
3.96,4.18,89.07,0.54,0.08,7.95,20.09,99,1013,0.79,good
7.59,9.49,186.61,0.97,0.13,3.71,18.68,93,1014,1.05,good
54.28,78.42,375.32,17.28,9.1,23.57,17.92,68,1015,2.0,poor
122.42,143.34,412.1,13.46,9.49,49.38,18.94,46,1011,3.82,very_poor
36.94,45.66,286.4,2.59,5.92,112.62,23.61,88,1015,2.13,moderate
37.47,38.06,195.96,3.96,2.89,22.49,11.88,95,1016,0.4,moderate
2.25,2.62,113.7,1.71,0.36,18.32,27.03,57,1011,3.6,good
3.15,3.56,112.87,1.36,1.9,10.08,18.83,86,1014,4.47,good
0.5,0.56,107.8,0.4,0.18,29.49,22.15,84,1014,3.6,good
0.67,0.74,126.67,1.54,0.18,29.55,28.67,83,1009,2.75,good
0.5,0.5,107.4,0.39,0.19,29.67,23.51,84,1013,3.6,good
1.8,2.26,121.46,0.4,0.33,57.86,28.24,54,1011,5.66,good
5.56,6.83,147.5,0.76,0.94,72.4,27.16,74,1011,2.57,fair
1.68,2.24,111.46,0.09,0.03,58.36,22.19,94,1011,3.6,good
6.04,28.2,106.18,0.19,0.59,82.37,21.27,73,1014,7.2,fair
4.17,19.51,106.52,0.15,0.46,86.49,21.75,64,1015,10.29,fair
5.39,24.75,106.89,0.17,0.63,89.78,21.02,68,1014,6.69,fair
3.97,4.78,226.2,5.8,0.47,34.21,27.53,85,1010,3.6,good
3.97,4.78,226.2,5.8,0.47,34.21,27.61,85,1010,3.6,good
7.68,12.38,120.22,0.97,0.99,93.72,10.76,87,1011,3.09,fair
7.6,14.13,119.04,0.52,0.65,95.32,15.96,88,1010,4.12,fair
9.37,15.28,124.72,0.91,0.97,98.5,17.76,63,1010,2.57,fair
3.56,4.9,120.37,1.34,0.38,95.65,11.9,41,1017,6.17,fair
3.29,4.92,129.67,2.33,1.35,99.22,11.89,40,1014,3.6,fair
4.41,6.35,134.45,3.07,1.82,83.79,12.22,43,1012,6.17,fair
3.12,5.11,130.57,1.78,1.05,101.13,7.27,73,1018,8.05,moderate
1.63,4.74,131.56,1.57,0.92,94.59,5.19,79,1020,4.63,fair
6.78,7.26,116.63,1.78,0.35,91.4,6.77,69,1020,2.16,fair
10.74,28.6,113.56,0.38,0.09,50.16,28.24,71,1010,5.37,fair
7.54,22.16,151.89,0.89,0.15,36.74,22.85,85,1011,7.31,fair
12.67,41.98,150.3,0.99,0.14,40.24,25.07,76,1009,8.14,fair
0.64,2.06,138.78,1.25,0.62,100.38,4.15,81,1017,3.6,moderate
1.38,5.37,141.46,1.12,0.49,89.24,4.86,78,1019,2.89,fair
1.53,6.65,137.81,1.18,0.83,91.23,4.48,83,1019,3.68,fair
2.22,4.48,118.3,1.53,0.75,34.25,25.01,83,1013,3.62,good
0.86,3.12,98.13,0.11,0.09,51.51,29.0,70,1011,2.57,good
8.99,12.48,175.2,3.96,1.14,65.68,22.06,99,1012,3.58,fair
0.86,3.12,98.13,0.11,0.09,51.51,28.71,70,1011,2.57,good
4.21,5.12,114.6,3.64,0.15,47.41,15.37,94,1016,1.03,good
4.51,6.13,138.79,8.01,1.12,54.33,16.93,100,1016,3.09,good
9.05,25.31,119.8,5.22,0.92,69.67,12.67,94,1018,0.0,fair
7.3,7.87,233.51,7.26,1.25,30.09,13.53,90,1015,0.86,good
10.59,35.84,87.26,0.46,0.27,48.53,27.93,78,1010,2.06,fair
5.42,7.12,219.6,11.0,1.26,19.32,17.95,52,1015,3.09,good
0.5,0.5,139.25,0.21,0.11,103.67,1.43,77,995,9.77,moderate
0.5,0.5,136.0,0.28,0.09,97.99,1.14,80,992,9.77,fair
0.5,0.5,136.82,0.64,0.13,90.65,0.73,96,987,5.43,fair
20.5,74.31,125.9,1.51,3.56,89.02,20.42,60,1011,5.66,moderate
2.91,10.73,124.45,0.36,0.47,101.36,16.9,82,1012,4.63,moderate
20.5,74.31,125.9,1.51,3.56,89.02,20.42,58,1011,5.69,moderate
7.63,48.06,112.91,0.15,0.37,87.28,16.98,88,1015,5.14,fair
9.47,57.95,111.62,0.25,0.64,82.7,18.01,88,1014,10.8,moderate
6.95,35.88,113.49,0.23,0.58,89.57,17.91,85,1015,6.27,fair
13.82,29.69,183.63,2.37,0.28,38.49,16.21,79,1013,1.72,fair
12.42,24.94,142.71,1.17,0.22,42.23,23.46,64,1009,2.55,fair
20.45,78.05,100.94,0.32,0.08,68.39,32.79,7,1005,3.28,moderate
0.53,1.33,103.99,0.91,0.02,60.97,15.07,80,1018,4.12,fair
6.06,12.97,125.02,0.86,0.93,112.28,16.17,63,1018,3.09,moderate
4.73,10.37,129.88,3.31,0.28,89.91,14.54,81,1019,1.54,fair
13.77,24.28,361.37,4.36,0.38,21.25,13.41,78,1016,0.71,fair
1.21,3.35,82.16,0.63,0.03,12.5,19.06,77,1013,2.24,good
13.59,24.36,235.44,3.21,0.4,30.79,18.96,49,1011,2.01,fair
0.5,0.5,139.21,0.34,0.15,100.4,0.44,81,994,9.83,moderate
0.5,0.5,139.08,0.31,0.15,101.07,0.44,80,994,9.83,moderate
0.5,0.5,137.9,0.29,0.2,102.18,0.15,70,998,12.96,moderate
1.67,2.95,62.2,0.05,0.08,22.89,29.94,79,1010,3.6,good
1.67,2.95,62.2,0.05,0.08,22.89,29.99,79,1010,3.6,good
1.69,3.29,63.63,0.14,0.21,22.15,29.83,66,1010,3.6,good
18.76,21.45,187.28,4.88,1.53,91.35,12.23,50,1021,3.09,fair
4.84,11.59,127.55,0.44,0.36,109.49,14.62,86,1017,2.69,moderate
5.4,6.74,121.96,1.64,0.18,65.8,12.61,58,1019,1.03,fair
1.41,2.11,74.98,0.15,0.07,26.12,27.01,89,1010,1.03,good
2.29,3.63,76.58,0.06,0.08,28.14,26.98,89,1010,2.06,good
0.53,0.6,47.46,0.03,0.0,0.7,21.42,96,1011,0.44,good
15.12,18.76,147.97,17.16,7.03,82.84,8.97,60,1023,3.6,fair
14.07,16.54,134.74,15.0,1.94,36.27,8.22,83,1024,3.09,fair
33.83,34.66,146.21,9.07,1.09,54.56,7.06,85,1024,4.63,moderate
2.33,2.81,113.73,2.56,0.23,80.79,6.08,70,1024,5.14,fair
10.62,11.2,121.55,3.38,1.74,102.3,11.99,58,1016,9.77,moderate
6.8,7.28,129.02,3.79,0.89,91.4,9.33,63,1019,4.45,fair
1.16,1.5,103.05,0.06,0.03,11.27,26.99,83,1011,2.06,good
1.16,1.5,103.05,0.06,0.03,11.27,26.99,83,1011,2.06,good
0.72,0.82,99.97,0.07,0.03,9.78,23.25,99,1011,0.98,good
37.49,42.84,165.0,5.41,1.17,62.76,10.61,62,1022,3.6,moderate
0.62,1.27,87.3,0.53,0.08,17.51,23.75,92,1010,1.86,good
0.84,2.92,86.19,0.13,0.2,29.08,29.23,84,1010,5.66,good
0.71,1.79,114.25,1.3,0.23,18.84,29.42,56,1008,4.91,good
2.93,4.72,121.23,2.41,0.42,61.16,16.67,89,1016,7.2,fair
26.36,115.04,114.13,1.41,1.91,86.83,21.08,78,1008,4.63,poor
25.58,112.35,112.44,1.4,1.85,86.61,21.02,78,1008,4.63,poor
26.36,115.04,114.13,1.41,1.91,86.83,21.01,78,1009,4.63,poor
24.43,109.04,100.73,0.45,0.66,70.7,26.04,83,1010,2.06,poor
24.43,109.04,100.73,0.45,0.66,70.7,26.05,83,1010,2.06,poor
8.44,23.84,121.31,0.49,0.15,24.38,22.71,89,1010,1.3,fair
2.47,4.75,118.16,1.94,0.86,37.82,25.82,89,1013,3.6,good
2.47,4.75,118.16,1.94,0.86,37.82,25.94,89,1013,3.6,good
2.47,4.75,118.16,1.94,0.86,37.82,26.02,89,1013,3.6,good
0.94,1.53,90.71,0.05,0.04,26.13,26.16,85,1010,2.21,good
0.67,1.1,99.71,0.05,0.02,23.82,24.95,100,1011,3.6,good
1.2,1.33,87.61,0.22,0.06,8.05,21.18,98,1012,0.61,good
5.57,7.08,127.25,2.04,1.61,90.75,14.38,52,1013,1.79,fair
11.83,13.21,126.98,1.25,3.41,84.14,14.41,62,1014,1.34,fair
10.83,21.03,136.41,0.64,1.33,125.81,9.99,51,1015,1.88,moderate
4.8,6.68,115.97,0.23,0.65,43.03,24.91,65,1011,8.23,good
4.13,6.02,108.26,0.19,0.42,42.23,26.05,65,1012,8.23,good
4.77,6.72,114.5,0.21,0.54,42.63,23.42,65,1011,8.23,good
2.9,14.48,122.02,0.07,0.18,57.71,28.88,60,1013,7.2,good
2.9,14.48,122.02,0.07,0.18,57.71,28.43,61,1013,7.2,good
2.93,14.63,121.93,0.07,0.18,57.8,29.37,61,1013,7.2,good
21.61,94.38,121.29,0.68,1.49,89.8,24.06,78,1008,1.54,moderate
26.22,98.75,131.74,0.41,0.5,70.05,25.31,56,1007,4.42,moderate
24.33,94.68,130.22,0.47,0.88,81.04,25.12,63,1008,3.88,moderate
0.53,0.57,106.37,0.53,0.11,7.14,26.99,83,1010,4.12,good
0.57,0.58,92.46,0.28,0.01,6.25,25.37,91,1010,2.49,good
0.63,0.67,101.97,0.29,0.04,7.77,25.19,91,1011,2.05,good
34.09,42.25,274.23,1.78,3.26,113.72,23.32,82,1015,3.58,moderate
34.09,42.25,274.23,1.78,3.26,113.72,23.44,83,1015,3.58,moderate
36.0,44.01,286.56,1.9,2.92,113.35,23.61,85,1015,3.6,moderate
6.43,7.9,107.66,0.4,3.44,39.16,28.42,61,1011,2.57,good
13.81,15.54,218.07,2.81,1.18,45.19,31.69,70,1008,6.69,fair
11.78,12.94,191.32,1.51,0.48,65.51,30.9,79,1008,3.09,fair
14.04,15.18,147.78,2.44,0.59,93.74,8.82,87,1014,2.06,fair
16.06,17.55,153.73,4.47,2.81,111.21,11.06,62,1016,0.51,moderate
12.93,15.08,167.71,4.68,1.82,107.93,14.68,72,1016,1.68,moderate
0.87,2.43,99.41,0.23,0.15,46.23,27.93,69,1011,3.6,good
0.87,2.43,99.41,0.23,0.15,46.23,27.43,69,1011,3.6,good
2.06,3.21,112.25,0.3,0.15,52.19,26.32,73,1011,3.19,good
5.67,7.31,125.18,1.39,0.31,74.78,14.75,49,1012,4.02,fair
3.63,5.69,122.22,1.53,0.26,62.72,9.88,62,1011,2.57,fair
6.92,9.71,127.27,4.33,0.28,55.16,10.04,65,1013,3.85,good
37.26,39.25,554.3,1.87,1.05,80.51,26.67,92,1010,0.0,moderate
35.63,45.26,664.67,12.0,3.61,27.81,26.68,94,1010,1.54,moderate
37.26,39.25,554.3,1.87,1.05,80.51,26.49,100,1010,0.0,moderate
24.4,28.6,138.44,3.03,1.51,52.65,11.94,68,1022,0.51,fair
1.34,3.0,123.95,0.47,0.34,99.11,11.87,93,1022,2.06,fair
1.85,3.43,116.96,1.15,0.39,56.42,9.97,93,1022,1.4,good
17.95,45.73,104.75,1.37,1.43,105.58,15.95,40,1010,1.34,moderate
33.57,69.93,127.04,8.6,1.84,81.56,16.41,64,1009,0.51,moderate
47.9,64.24,157.29,5.49,4.87,98.22,16.36,82,1010,4.24,moderate
32.49,33.83,143.54,6.11,2.39,82.87,9.88,76,1023,2.57,moderate
34.79,93.56,121.82,0.5,1.4,62.8,30.01,62,1007,3.09,moderate
23.51,50.42,284.43,6.85,2.12,43.97,29.03,39,1004,2.06,moderate
17.35,23.04,261.8,6.53,1.27,40.13,23.95,71,1010,5.36,fair
24.97,72.51,133.77,1.39,1.73,84.8,18.95,94,1012,4.63,moderate
41.09,124.5,213.83,2.5,2.65,106.97,19.01,77,1013,3.34,poor
41.64,118.49,219.97,2.56,3.9,121.33,15.85,67,1013,1.03,poor
11.25,16.69,189.66,7.5,2.4,65.3,24.4,14,1015,1.04,fair
5.93,10.74,122.56,1.74,1.03,103.32,21.08,37,1017,4.12,moderate
14.61,15.07,190.06,7.69,1.2,65.45,7.77,40,1015,1.77,fair
2.86,9.02,127.12,0.11,0.33,107.02,7.81,76,1017,4.63,moderate
2.86,9.02,127.12,0.11,0.33,107.02,7.84,76,1017,4.63,moderate
2.86,9.02,127.12,0.11,0.33,107.02,7.93,76,1017,4.63,moderate
6.15,9.12,130.82,0.38,0.6,122.97,13.65,79,1018,1.54,moderate
11.18,15.02,148.27,1.83,1.01,106.28,14.69,77,1016,0.45,moderate
6.78,11.3,133.13,0.44,0.65,123.56,13.75,64,1018,1.54,moderate
28.84,33.47,157.14,4.06,1.19,74.28,11.59,67,1022,3.6,moderate
1.28,4.46,97.12,0.27,0.24,51.41,27.53,69,1012,2.06,good
1.23,4.38,97.14,0.22,0.2,50.18,24.79,83,1011,2.06,good
1.23,4.38,97.14,0.22,0.2,50.18,24.96,83,1011,2.06,good
15.5,37.87,113.28,2.41,1.28,98.61,20.05,30,1012,3.6,fair
17.05,39.98,124.1,3.74,1.88,94.95,20.95,30,1012,3.6,fair
26.76,50.78,150.91,9.92,3.22,82.73,16.08,53,1011,2.57,moderate
4.65,10.7,167.91,12.5,7.52,105.04,17.2,60,1022,2.57,moderate
4.12,9.59,159.36,7.82,5.95,111.75,16.55,65,1022,2.57,moderate
4.07,11.0,151.35,1.12,1.13,110.27,19.03,54,1018,7.2,moderate
0.5,0.5,83.69,0.38,0.07,23.32,15.77,94,1015,0.5,good
7.82,11.46,373.79,2.93,0.27,18.7,15.8,93,1013,1.12,good
4.85,6.07,174.68,1.62,0.22,12.7,25.23,88,1011,1.54,good
3.63,3.96,95.46,1.53,0.41,89.79,11.11,41,1017,3.43,fair
1.94,2.49,88.95,0.16,0.31,66.54,10.51,66,1018,3.0,fair
1.82,2.5,99.62,0.95,0.22,62.93,9.63,53,1018,3.86,fair
39.62,44.11,839.38,12.83,1.96,32.88,27.89,67,1011,3.06,moderate
7.69,12.08,270.8,2.67,0.79,48.43,28.0,66,1011,3.69,good
23.02,25.73,372.86,5.05,0.47,5.77,28.06,70,1010,2.28,fair
0.5,0.56,76.08,0.01,0.01,6.12,32.0,70,1007,3.09,good
2.0,4.34,69.75,0.07,0.07,28.99,26.33,77,1012,2.71,good
2.22,4.55,70.09,0.08,0.07,30.3,26.47,77,1011,3.11,good
2.22,4.11,70.48,0.06,0.05,28.27,27.78,72,1011,2.69,good
45.91,51.79,205.0,0.86,0.71,101.25,16.97,24,1014,2.35,moderate
23.66,29.14,199.75,3.56,4.17,94.77,20.94,17,1011,3.62,fair
50.16,55.76,204.04,0.33,0.46,107.99,16.39,28,1014,2.27,poor
64.89,72.04,312.02,19.6,1.93,59.76,14.76,58,1014,0.51,poor
8.12,9.34,154.74,1.4,1.48,117.66,13.95,51,1015,2.06,moderate
63.07,69.01,255.36,5.03,1.19,77.36,14.95,58,1015,0.51,poor
50.58,115.15,144.15,0.63,0.55,105.29,25.64,60,1012,3.28,poor
53.5,128.02,143.76,0.74,0.27,101.64,26.0,58,1013,1.34,poor
53.5,128.02,143.76,0.74,0.27,101.64,25.92,58,1012,1.34,poor
0.91,3.61,98.62,0.14,0.11,40.8,29.01,65,1010,3.09,good
0.91,3.61,98.62,0.14,0.11,40.8,29.01,65,1010,3.09,good
5.5,6.05,94.15,0.73,0.46,80.01,9.28,71,1019,2.0,fair
4.01,7.18,135.3,3.24,0.51,74.76,17.33,48,1014,6.0,fair
0.66,1.92,134.05,0.15,0.05,80.03,1.05,80,1016,4.0,fair
36.59,38.42,972.44,14.92,1.15,3.62,25.97,78,1011,2.06,moderate
19.35,20.52,612.24,8.6,0.98,35.77,24.8,74,1011,2.78,fair
21.01,21.49,382.96,2.06,0.25,32.99,25.73,74,1012,1.71,fair
28.06,38.89,171.2,7.42,3.63,88.87,22.63,69,1010,3.09,moderate
25.49,36.83,191.04,5.58,5.87,91.04,20.18,62,1009,4.24,moderate
30.26,39.87,166.88,11.21,2.23,74.93,22.96,67,1010,1.92,moderate
1.96,5.15,116.12,0.32,0.21,19.82,27.93,78,1012,2.06,good
1.86,4.87,119.03,0.27,0.19,19.95,26.86,85,1012,2.06,good
0.5,0.72,95.41,1.33,0.68,19.19,26.72,89,1008,2.09,good
0.5,0.72,95.41,1.33,0.68,19.19,26.71,89,1008,2.35,good
0.5,0.72,95.41,1.33,0.68,19.19,26.64,89,1008,2.05,good
1.84,4.92,115.17,0.19,0.1,35.29,26.41,83,1009,2.1,good
3.01,9.52,108.57,0.44,0.25,34.01,23.42,91,1010,1.22,good
0.89,1.83,109.84,0.17,0.08,35.28,26.38,86,1010,1.66,good
2.05,2.87,96.05,1.57,0.27,28.58,11.31,81,1020,1.41,good
3.17,4.55,114.9,1.62,0.23,26.97,10.48,83,1021,0.6,good
0.93,1.18,80.25,0.84,0.15,34.1,11.68,79,1020,2.45,good
0.62,0.98,128.93,1.45,0.82,98.8,6.03,82,998,2.57,fair
0.5,0.64,128.52,0.95,0.37,98.78,5.18,70,1000,3.6,fair
0.5,0.5,134.6,1.91,0.35,93.71,3.01,71,1005,11.31,fair
6.31,7.89,127.27,1.87,0.45,77.29,5.86,65,1022,0.45,fair
6.11,7.66,124.65,1.74,0.3,68.85,7.23,61,1022,1.34,fair
6.07,7.56,124.98,1.76,0.36,71.93,7.36,59,1022,3.06,fair
0.5,0.5,134.03,0.49,0.29,95.69,2.79,73,999,7.72,fair
0.98,1.14,128.98,0.79,0.22,91.32,2.31,79,997,5.88,fair
0.5,0.5,135.45,0.44,0.26,102.42,2.95,65,1005,4.12,moderate
6.33,16.13,138.44,0.97,0.62,106.21,16.94,51,1017,7.72,moderate
5.27,10.5,124.93,0.22,0.84,125.75,16.97,63,1017,6.34,moderate
8.54,40.58,136.95,0.97,0.29,104.67,15.91,61,1019,3.88,moderate
9.55,17.32,120.08,1.58,3.01,103.84,18.04,88,1013,3.09,moderate
8.78,14.56,120.82,2.15,2.94,100.79,14.23,100,1012,0.0,moderate
2.73,4.96,98.5,1.43,0.12,51.2,14.08,100,1013,1.54,good
4.74,12.16,127.71,0.5,0.43,107.1,14.61,82,1017,2.06,moderate
6.03,8.34,136.37,1.64,0.6,74.85,11.69,58,1009,1.54,fair
6.48,8.15,137.49,1.07,0.44,79.01,9.52,62,1010,3.54,fair
7.02,9.62,136.82,2.62,0.19,45.89,10.79,68,1009,2.35,good
12.15,16.68,139.04,1.19,1.41,109.52,12.88,71,1015,2.06,moderate
11.2,14.72,135.98,1.92,2.15,108.18,6.74,78,1016,1.72,moderate
11.81,15.14,141.85,4.01,3.3,110.59,7.48,93,1015,0.0,moderate
2.43,4.67,104.78,0.83,0.06,16.0,14.98,100,1017,1.03,good
1.0,1.9,69.76,0.23,0.05,26.7,24.0,94,1013,2.57,good
0.66,0.93,73.07,0.33,0.02,27.52,12.34,96,1019,1.37,good
1.26,3.36,94.68,0.01,0.09,21.95,29.98,74,1009,5.14,good
6.97,8.81,116.8,2.01,0.91,61.46,6.9,81,1016,0.51,fair
7.23,9.13,116.43,2.02,1.08,57.29,6.31,72,1016,1.58,good
7.74,9.14,109.46,1.17,1.66,68.23,8.98,74,1016,0.24,fair
29.92,83.53,162.16,0.4,0.09,34.68,35.3,29,1006,4.63,moderate
5.61,13.41,145.32,0.49,0.05,26.51,30.67,39,1007,2.44,good
12.51,33.48,146.97,0.38,0.05,31.26,33.24,32,1006,1.77,fair
12.96,21.06,293.02,4.28,0.48,36.45,27.98,94,1010,1.03,fair
23.19,28.03,369.55,3.42,0.49,56.66,27.83,57,1008,4.92,fair
27.75,37.75,559.63,10.06,1.14,26.61,27.25,67,1009,3.54,moderate
0.5,0.7,113.17,0.16,0.04,79.29,3.07,81,1016,2.0,fair
0.5,0.5,110.81,0.36,0.03,66.21,3.15,66,1024,4.65,fair
0.5,0.5,122.85,1.02,0.05,72.76,3.38,89,1025,2.71,fair
39.82,47.53,311.23,2.15,2.24,112.6,23.85,83,1014,3.6,moderate
35.4,43.1,287.98,0.8,0.65,119.76,23.96,83,1014,3.6,moderate
35.4,43.1,287.98,0.8,0.65,119.76,23.82,83,1014,3.6,moderate
2.31,11.32,133.34,0.06,0.15,69.32,27.08,65,1014,7.72,fair
1.9,4.41,114.92,0.79,0.39,26.21,25.24,85,1013,3.2,good
1.99,4.56,114.48,0.75,0.39,26.22,25.43,86,1013,2.89,good
1.99,4.56,114.48,0.75,0.39,26.22,25.05,87,1013,2.71,good
59.93,199.62,112.08,0.27,1.14,74.94,18.96,81,1010,7.9,poor
11.24,56.09,110.51,0.88,1.54,79.84,18.93,72,1012,9.77,moderate
24.01,103.34,111.3,0.18,0.03,55.8,32.52,16,1005,4.79,poor
14.69,16.01,125.02,0.2,6.0,114.95,15.32,76,1019,2.06,moderate
14.69,16.01,125.02,0.2,6.0,114.95,15.2,76,1019,2.06,moderate
14.69,16.01,125.02,0.2,6.0,114.95,14.97,76,1019,2.06,moderate
2.75,7.93,61.05,0.05,0.15,44.92,24.68,91,1011,2.65,good
2.93,8.77,61.09,0.04,0.15,45.56,22.15,91,1011,0.89,good
2.93,8.77,61.09,0.04,0.15,45.56,23.1,91,1011,0.89,good
0.5,0.5,99.92,0.03,0.01,15.13,28.97,84,1007,1.54,good
0.5,0.79,64.51,0.16,0.03,29.17,20.11,88,1017,3.6,good
0.85,1.49,68.15,0.25,0.08,30.98,15.98,97,1017,1.71,good
1.64,2.4,80.66,0.5,0.03,33.28,16.62,92,1016,1.09,good
10.05,13.48,139.81,2.07,1.92,85.2,25.32,25,1006,1.24,fair
1.61,5.57,131.65,0.19,0.42,105.44,17.06,67,1012,6.69,moderate
9.28,12.41,132.7,1.39,1.81,88.41,25.25,30,1007,3.62,fair
6.44,6.75,236.59,2.97,0.72,16.31,25.29,88,1009,0.51,good
4.27,5.22,128.39,3.03,1.76,8.02,26.48,89,1009,1.54,good
5.93,6.19,223.29,2.15,0.39,13.41,25.51,88,1009,0.51,good
9.96,12.96,144.11,1.99,0.41,17.82,19.55,92,1016,2.57,good
9.96,12.96,144.11,1.99,0.41,17.82,19.97,94,1016,2.57,good
1.93,4.08,66.3,0.12,0.03,23.66,19.38,99,1014,1.86,good
2.59,8.81,61.87,0.05,0.13,52.84,21.68,84,1013,8.12,good
2.59,8.81,61.87,0.05,0.13,52.84,20.87,88,1014,5.58,good
2.42,8.5,63.45,0.05,0.13,54.35,22.75,92,1014,4.62,good
15.27,51.22,139.01,0.4,0.1,45.49,35.16,29,1006,2.57,moderate
22.94,61.91,272.59,2.02,0.67,32.33,30.73,23,1006,3.07,moderate
68.88,138.16,1134.98,15.06,4.58,23.93,32.41,23,1006,2.8,poor
0.74,2.86,91.73,0.06,0.09,26.68,28.13,89,1010,1.03,good
12.25,21.31,233.7,1.75,0.59,37.72,27.75,45,1008,4.28,fair
2.33,7.96,139.23,0.89,0.4,24.85,24.0,97,1010,1.36,good
2.09,3.73,100.03,0.22,1.91,31.86,28.75,52,1008,5.81,good
2.07,3.59,99.81,0.19,0.17,34.13,27.62,68,1009,3.83,good
1.75,3.6,100.34,0.27,1.3,31.55,30.63,51,1008,5.81,good
14.04,16.57,163.15,14.65,3.12,79.12,8.1,88,1024,3.09,fair
14.58,17.53,159.4,20.45,3.77,76.11,7.3,81,1024,2.57,fair
13.73,16.42,150.05,10.27,2.74,85.25,8.17,86,1024,3.09,fair
0.5,0.5,138.37,0.35,0.24,108.0,1.5,53,1019,2.84,moderate
0.7,3.32,135.71,0.39,0.58,109.56,2.27,60,1022,4.63,moderate
0.5,0.5,126.25,0.14,0.08,88.94,0.53,90,1019,0.45,fair
84.24,101.02,617.16,6.33,5.28,72.77,19.25,82,1010,0.0,very_poor
63.58,79.58,521.06,4.69,2.98,68.45,21.32,41,1010,2.81,poor
91.29,110.06,606.44,6.13,5.93,74.55,25.36,47,1006,1.66,very_poor
0.89,2.24,72.62,0.06,0.06,58.14,18.54,52,1022,1.54,good
1.82,4.38,74.11,0.32,0.08,51.07,18.11,59,1017,2.06,good
0.65,1.57,67.9,0.26,0.1,40.85,15.22,83,1017,8.23,good
39.35,122.51,109.81,0.77,0.59,60.75,31.68,38,1008,1.5,poor
39.27,123.57,106.75,0.56,0.57,62.98,31.18,41,1008,1.74,poor
39.71,123.92,109.09,0.63,0.64,64.01,31.68,38,1008,1.5,poor
1.07,1.37,121.0,0.93,0.24,35.08,28.69,74,1009,1.54,good
1.46,1.8,136.78,1.26,0.25,34.71,28.38,74,1009,1.54,good
1.46,1.8,136.78,1.26,0.25,34.71,28.59,74,1010,1.54,good
6.91,22.07,76.66,0.07,0.39,55.89,22.72,76,1012,2.57,fair
6.91,22.07,76.66,0.07,0.39,55.89,21.1,78,1012,2.57,fair
11.48,19.84,84.41,0.61,1.37,67.32,16.12,55,1016,3.6,fair
0.5,1.58,61.34,0.01,0.02,35.46,29.9,62,1010,2.57,good
0.5,1.55,61.66,0.01,0.02,34.93,29.96,62,1010,2.57,good
0.5,1.44,61.4,0.01,0.01,35.47,29.8,62,1010,2.57,good
2.98,17.6,61.68,0.05,0.2,52.04,27.21,79,1011,7.6,good
0.59,0.77,35.36,0.03,0.02,1.86,28.05,64,1011,1.88,good
1.73,1.84,66.14,0.11,2.39,18.22,29.45,75,1010,0.82,good
10.86,15.63,272.47,6.61,5.39,33.18,30.81,67,1012,1.34,fair
10.41,12.03,337.19,7.24,1.46,23.71,26.05,94,1011,1.03,fair
9.28,14.24,238.11,6.11,5.68,35.38,30.77,69,1012,1.03,good
30.72,62.05,567.2,11.19,2.16,23.32,28.99,45,1005,3.09,moderate
35.58,92.21,106.37,0.12,0.4,62.53,26.09,89,1007,2.57,moderate
8.62,25.75,220.22,3.86,0.34,40.26,22.08,56,1008,3.09,fair
3.07,4.57,127.8,1.53,1.85,104.13,5.85,83,1005,5.14,moderate
6.19,8.09,126.04,1.97,0.88,78.05,13.1,38,1010,8.23,fair
4.47,6.14,128.6,2.43,2.51,98.32,10.18,56,1014,14.4,fair
0.74,2.69,103.66,0.18,0.1,37.64,27.49,77,1012,4.63,good
0.7,2.49,105.48,0.18,0.09,36.65,27.16,77,1013,4.63,good
0.5,1.52,107.15,0.17,0.07,36.76,27.09,78,1012,4.63,good
20.68,54.43,111.4,1.43,1.54,83.39,18.96,46,1009,3.78,moderate
18.03,49.01,107.02,0.93,1.13,76.26,19.48,47,1009,3.54,fair
20.68,54.43,111.4,1.43,1.54,83.39,18.81,46,1009,3.62,moderate
6.51,17.14,118.74,4.46,3.04,105.84,15.96,79,1016,3.6,moderate
6.35,18.21,116.7,3.79,2.58,98.03,13.73,94,1016,1.03,fair
5.99,16.47,117.86,3.3,2.18,94.52,17.86,77,1017,1.7,fair
1.67,1.8,126.23,1.6,0.4,19.58,24.12,93,1011,1.97,good
7.19,7.98,267.42,4.07,0.31,12.46,24.26,100,1011,1.03,good
1.64,1.82,127.1,1.95,0.57,18.88,24.04,93,1011,1.97,good
24.26,96.07,155.59,8.49,6.72,65.1,27.55,47,1011,3.6,moderate
24.26,96.07,155.59,8.49,6.72,65.1,27.76,46,1011,3.6,moderate
24.09,91.65,158.88,7.9,5.51,68.39,28.03,44,1011,2.06,moderate
1.72,5.31,60.04,0.03,0.11,43.88,25.81,73,1013,6.69,good
1.71,5.57,59.87,0.04,0.11,43.6,26.05,81,1012,2.09,good
1.83,5.71,59.94,0.03,0.11,43.46,24.82,83,1013,5.66,good
6.51,8.3,121.47,1.25,0.39,51.72,12.11,68,1012,1.54,good
6.66,8.67,130.75,1.91,0.21,51.0,12.58,59,1009,1.54,good
10.43,12.36,137.62,3.31,1.0,57.65,10.01,88,1013,3.68,fair
6.16,8.99,116.07,5.1,0.32,43.11,12.54,61,1014,3.09,good
10.32,14.66,151.92,5.21,3.78,75.08,8.99,71,1016,2.06,fair
6.86,8.85,113.24,1.78,0.57,60.55,14.78,47,1014,1.58,fair
0.57,0.66,124.75,0.85,0.4,78.36,7.59,68,996,5.35,fair
0.5,0.5,131.67,0.57,0.12,83.11,3.33,92,985,2.0,fair
2.77,3.53,128.04,0.33,0.21,79.33,11.87,62,1016,5.0,fair
15.33,26.49,390.3,2.25,0.3,9.37,18.18,88,1014,2.06,fair
7.39,12.98,264.74,2.64,0.72,18.56,17.72,93,1015,0.52,good
10.03,17.52,273.6,3.0,0.61,20.2,14.97,98,1016,0.76,fair
38.58,73.69,107.56,4.15,5.1,86.57,29.0,59,1008,0.99,moderate
39.14,129.48,131.99,0.63,2.75,99.96,22.62,66,1015,7.73,poor
49.33,84.25,131.33,4.56,15.42,73.2,27.32,64,1008,1.69,moderate
0.5,0.96,71.44,0.02,0.01,5.48,30.48,65,1009,1.78,good
0.5,0.96,71.44,0.02,0.01,5.48,30.63,64,1009,1.8,good
0.5,0.85,71.11,0.02,0.01,5.6,29.98,67,1009,2.02,good
0.5,0.77,69.1,0.04,0.01,16.55,27.0,89,1008,3.09,good
24.76,114.66,99.84,0.13,0.11,80.03,31.44,8,1007,7.87,poor
23.5,109.23,99.92,0.13,0.11,81.52,30.96,8,1007,7.55,poor
23.5,109.23,99.92,0.13,0.11,81.52,30.98,8,1007,7.56,poor
0.5,0.5,137.58,0.49,0.19,105.74,1.78,72,1008,0.89,moderate
0.5,0.5,135.54,0.85,0.65,105.64,3.63,51,1017,3.6,moderate
0.52,1.25,137.38,1.38,0.68,102.38,4.93,69,1016,6.95,moderate
3.69,4.53,122.83,2.5,1.36,6.69,27.57,90,1009,1.54,good
3.69,4.53,122.83,2.5,1.36,6.69,28.13,89,1009,2.68,good
3.69,4.53,122.83,2.5,1.36,6.69,28.22,89,1009,2.68,good
15.53,17.11,153.68,3.64,0.91,77.08,9.22,79,1016,2.06,fair
11.24,12.94,146.91,3.17,0.18,67.36,8.88,82,1015,1.03,fair
13.91,15.55,153.62,3.54,0.7,87.52,11.99,71,1015,0.89,fair
6.69,8.9,151.99,4.78,0.42,64.48,13.19,51,1014,4.12,fair
6.97,9.73,135.26,2.21,1.21,84.31,7.08,63,1009,1.54,fair
6.69,8.9,151.99,4.78,0.42,64.48,13.95,49,1014,4.12,fair
11.47,59.24,102.56,0.41,0.42,60.24,25.02,81,1010,4.03,moderate
11.04,60.39,109.06,0.37,0.31,49.13,23.71,78,1009,0.31,moderate
11.37,54.06,114.95,0.48,0.29,42.87,23.1,79,1009,1.0,moderate
27.84,151.09,106.46,0.71,1.21,82.09,20.7,90,1010,4.12,poor
40.59,176.93,136.35,1.54,1.23,70.84,22.8,41,1008,5.84,poor
29.63,155.26,106.39,0.96,1.35,83.2,20.67,90,1010,4.12,poor
0.5,0.69,69.35,0.07,0.01,16.15,27.99,74,1009,2.07,good
1.88,4.55,114.66,1.25,0.1,11.56,19.92,78,1012,1.67,good
0.85,3.16,79.53,0.36,0.03,14.74,21.29,73,1012,0.77,good
0.51,0.56,105.5,0.46,0.18,14.28,25.95,94,1011,1.03,good
0.58,0.66,106.76,0.27,0.1,12.6,25.96,94,1011,1.03,good
5.0,7.17,186.09,0.72,0.05,7.5,22.35,89,1010,1.02,good
1.3,2.08,110.77,0.14,0.01,15.68,27.79,42,1007,1.98,good
4.24,4.78,137.88,0.19,0.02,4.24,19.43,95,1011,1.37,good
2.26,3.92,89.4,0.04,0.06,22.93,26.02,89,1011,1.03,good
5.55,8.91,99.2,0.22,0.31,42.59,25.6,79,1010,5.14,good
5.55,8.91,99.2,0.22,0.31,42.59,25.94,78,1011,5.14,good
4.67,6.83,99.9,0.15,0.2,39.82,29.04,77,1009,2.87,good
11.82,34.68,108.13,1.3,0.92,56.29,15.86,65,1013,3.66,fair
37.2,49.39,205.48,22.65,8.21,69.8,13.42,58,1013,2.6,moderate
14.15,30.64,127.18,4.19,5.18,71.73,17.15,64,1011,2.38,fair
8.4,10.11,148.71,3.63,0.78,24.15,15.34,70,1017,2.57,good
10.05,11.65,142.79,3.57,0.95,27.69,12.32,75,1019,2.96,fair
3.27,3.94,119.34,0.7,0.45,65.78,24.75,82,1011,3.6,fair
22.94,59.49,224.82,1.22,0.27,33.35,31.98,45,1006,4.12,moderate
2.14,3.22,119.65,0.32,0.02,8.78,27.75,52,1009,1.93,good
12.92,38.45,130.85,0.29,0.03,27.12,31.05,22,1007,1.54,fair
0.88,2.89,103.94,0.14,0.12,28.22,29.06,84,1010,4.12,good
1.57,2.95,123.46,1.75,0.3,20.13,24.63,75,1010,1.29,good
1.72,2.67,110.69,1.33,0.19,17.82,26.23,68,1009,2.11,good
7.11,11.09,153.83,1.83,0.41,36.28,28.96,67,1010,3.12,good
6.37,10.43,134.58,1.41,0.34,35.53,32.25,59,1010,2.57,good
7.83,11.78,175.15,2.35,0.51,36.12,28.97,74,1010,2.06,good
6.13,19.33,228.47,1.28,0.39,57.55,14.06,72,1017,0.0,good
2.48,3.61,99.59,0.42,0.38,61.61,16.62,43,1017,0.75,fair
3.65,5.74,109.25,0.44,0.55,79.18,15.42,43,1016,3.56,fair
0.5,0.56,80.23,0.66,0.13,26.6,28.54,72,1012,2.82,good
0.78,1.93,79.7,0.56,0.15,29.6,26.53,84,1012,1.87,good
1.08,3.42,65.56,0.16,0.11,34.62,25.89,91,1013,1.61,good
9.59,17.82,130.29,2.9,0.7,78.19,16.92,59,1021,8.23,fair
20.62,93.32,133.69,0.46,0.26,78.41,21.99,40,1011,1.03,moderate
103.17,685.97,127.02,0.19,0.07,103.88,12.97,67,1020,10.29,very_poor
16.41,26.16,126.62,1.66,1.07,72.19,12.8,94,1018,1.03,fair
21.66,43.35,131.87,0.51,4.09,117.47,16.08,67,1018,1.54,moderate
21.07,32.92,124.89,0.65,2.89,106.74,16.88,67,1018,2.57,moderate
2.13,5.42,63.53,0.03,0.06,34.56,31.18,66,1012,6.69,good
36.84,41.8,191.65,10.54,4.64,57.6,12.79,49,1014,3.09,moderate
3.39,4.41,119.54,2.13,0.33,51.36,6.8,66,1015,0.75,good
8.93,11.32,118.0,2.7,0.41,42.54,9.31,68,1014,0.76,good
0.84,0.92,119.86,0.32,0.02,10.43,24.59,90,1011,1.54,good
0.87,0.94,123.98,0.56,0.02,10.29,24.48,90,1011,2.3,good
0.87,0.94,123.98,0.56,0.02,10.29,24.45,90,1011,2.3,good
6.8,8.89,319.66,11.04,3.01,16.79,21.7,19,1015,1.16,good
6.8,8.89,319.66,11.04,3.01,16.79,22.8,45,1015,0.51,good
24.49,31.58,248.67,10.84,32.19,75.2,22.28,83,1015,3.09,fair
1.48,1.87,74.08,0.28,0.01,7.02,23.38,95,1011,2.53,good
1.32,1.97,98.45,0.78,0.05,21.99,20.38,82,1012,2.32,good
0.5,0.94,79.31,0.34,0.02,15.14,17.04,96,1014,2.52,good
3.81,5.12,123.15,0.7,1.06,83.91,11.2,68,1004,0.45,fair
2.34,3.78,143.15,2.51,4.33,71.71,7.78,71,1009,4.97,fair
13.69,16.24,144.17,0.65,0.59,94.08,11.63,72,1012,5.08,fair
6.22,7.79,168.0,2.83,0.16,22.02,18.54,93,1012,1.6,good
6.22,7.79,168.0,2.83,0.16,22.02,18.39,94,1012,1.47,good
5.32,6.12,155.35,2.26,0.12,28.29,18.48,96,1012,1.37,good
1.04,1.88,140.31,1.36,0.53,88.87,5.36,91,1017,6.17,fair
1.24,2.96,129.26,0.26,0.4,106.54,16.02,71,1011,5.14,moderate
1.04,2.04,138.31,1.02,0.5,89.03,5.21,92,1017,7.2,fair
3.1,7.4,76.04,0.12,0.11,53.39,17.66,94,1012,1.54,good
9.73,12.57,180.67,3.38,0.27,35.1,20.35,86,1012,0.0,good
16.5,20.48,209.76,2.92,0.3,26.09,19.86,81,1012,1.75,fair
3.3,7.13,127.35,0.5,0.39,109.23,19.33,32,1014,2.36,moderate
2.25,2.87,94.56,0.14,0.36,66.63,15.75,47,1017,2.6,fair
3.02,4.39,111.83,0.94,0.46,68.98,18.38,46,1016,2.12,fair
1.95,6.04,133.42,0.62,0.37,19.0,26.93,89,1012,1.54,good
1.88,5.87,131.87,0.51,0.35,18.05,26.78,89,1012,1.54,good
2.68,2.87,191.57,2.19,0.12,14.69,22.3,90,1012,2.06,good
1.79,1.82,148.69,2.31,0.04,32.47,28.5,67,1009,1.23,good
2.34,2.44,180.34,1.37,0.08,16.67,25.29,85,1011,0.92,good
0.9,3.31,110.21,0.23,0.12,41.16,26.75,78,1012,2.57,good
0.56,2.2,110.51,0.21,0.09,40.51,27.85,78,1012,4.63,good
21.91,30.91,678.75,11.75,2.8,27.94,28.01,78,1011,3.6,fair
73.37,78.39,697.67,9.56,2.51,12.45,23.0,86,1013,2.39,poor
67.96,76.22,636.85,10.79,4.26,71.76,23.99,83,1012,2.06,poor
1.21,2.58,65.8,0.05,0.18,19.16,30.1,79,1011,1.03,good
2.13,10.85,61.49,0.01,0.07,44.89,29.95,74,1009,9.58,good
7.96,10.8,127.14,3.22,1.11,63.95,6.77,76,1015,0.0,fair
10.07,14.09,138.85,5.58,1.12,60.31,9.83,67,1016,1.47,fair
8.13,11.4,133.18,4.55,1.2,61.6,7.72,75,1016,1.52,fair
17.84,37.39,112.13,1.8,2.97,50.89,18.62,29,1014,0.42,fair
31.9,58.43,121.0,0.69,0.9,78.31,27.7,73,1009,7.31,moderate
29.51,52.86,124.51,1.73,2.44,74.11,21.17,66,1012,3.5,moderate
2.9,7.0,72.94,0.06,0.13,27.52,25.89,89,1011,2.06,good
2.9,7.0,72.94,0.06,0.13,27.52,25.84,89,1011,2.06,good
2.9,7.0,72.94,0.06,0.13,27.52,25.76,89,1011,2.06,good
4.3,6.11,150.56,4.38,0.82,16.02,9.12,96,1020,0.0,good
1.69,6.95,63.87,0.1,0.27,54.06,16.49,78,1012,6.17,good
22.17,31.02,245.51,5.27,3.85,42.16,22.52,68,1013,2.73,fair
2.97,3.82,83.96,0.63,0.07,23.01,15.14,88,1016,1.03,good
1.28,2.34,84.06,0.47,0.27,29.32,18.11,77,1015,1.55,good
1.09,1.79,77.61,0.37,0.24,29.85,17.53,85,1016,0.89,good
0.92,1.89,74.5,0.47,0.18,37.6,15.46,89,1019,0.94,good
0.95,1.77,71.28,0.42,0.14,28.22,13.04,96,1019,2.56,good
0.98,1.98,75.1,0.52,0.18,36.18,13.06,97,1019,1.3,good
4.26,8.73,117.46,3.43,0.28,66.59,12.11,89,1021,0.45,fair
4.26,8.73,117.46,3.43,0.28,66.59,12.33,89,1021,0.45,fair
13.85,61.92,118.27,3.78,1.03,76.98,29.84,57,1007,4.89,moderate
21.23,113.16,111.36,0.64,0.17,78.09,29.02,34,1007,3.09,poor
12.92,54.27,118.57,4.01,1.23,76.57,30.0,48,1006,3.09,moderate
2.63,4.52,195.76,1.44,0.06,45.9,15.03,56,1011,0.34,good
58.61,235.0,142.13,0.37,0.06,85.43,15.22,57,1011,2.11,very_poor
4.49,17.28,110.96,0.27,0.02,56.56,21.2,45,1012,2.46,good
1.54,2.97,108.74,1.14,0.47,42.19,25.1,83,1015,1.54,good
15.49,18.96,142.32,2.48,1.89,123.88,10.51,82,1018,1.54,moderate
13.39,16.83,153.46,4.06,2.52,123.67,11.23,72,1018,1.11,moderate
12.43,16.74,153.37,2.59,2.11,121.79,13.75,61,1018,2.22,moderate
5.01,5.93,133.51,2.28,1.01,99.07,13.09,72,1013,0.51,fair
4.21,5.19,122.31,2.17,0.28,53.6,3.84,100,1013,2.06,good
3.75,4.52,121.85,2.29,0.18,50.14,8.43,76,1013,2.34,good
10.18,31.16,75.33,0.03,0.28,38.27,25.0,88,1012,3.09,fair
18.3,76.34,76.25,0.33,0.08,24.58,16.92,100,1017,2.06,moderate
0.96,1.17,90.86,0.83,0.04,21.33,17.89,94,1016,1.54,good
15.44,60.26,64.2,0.26,0.06,44.68,10.88,46,1013,5.66,moderate
2.93,15.11,75.27,0.92,0.04,46.12,13.12,41,1022,4.12,good
3.37,18.98,75.18,0.56,0.06,50.44,12.21,37,1019,6.17,good
5.02,7.66,173.02,7.49,0.66,50.48,7.8,62,1024,0.51,good
4.39,6.79,137.75,3.96,0.46,73.17,8.49,67,1024,0.51,fair
6.75,8.48,146.66,5.23,0.53,67.77,6.72,55,1024,3.6,fair
5.13,7.62,75.8,2.41,1.42,22.72,19.04,66,1025,3.6,good
1.82,4.15,63.48,0.21,0.18,40.0,16.3,84,1025,0.51,good
0.5,0.64,61.78,0.21,0.04,40.43,21.55,79,1022,4.12,good
2.36,3.26,146.92,2.17,1.95,52.51,27.8,84,1011,7.2,good
2.36,3.26,146.92,2.17,1.95,52.51,27.77,84,1011,7.2,good
2.36,3.26,146.92,2.17,1.95,52.51,27.64,85,1011,7.2,good
4.59,9.45,127.88,0.36,0.24,87.48,13.03,94,1011,7.2,fair
4.74,10.07,130.75,1.23,0.15,60.24,12.92,85,1010,8.29,fair
2.06,4.13,91.19,0.88,0.06,55.24,9.48,87,1013,2.06,good
7.18,8.75,131.23,1.66,0.88,78.34,6.95,76,1024,2.57,fair
9.97,12.1,134.32,2.7,0.94,78.44,5.74,75,1024,2.57,fair
7.54,9.37,132.12,2.49,0.7,63.46,5.02,86,1024,0.43,fair
2.62,13.91,104.19,0.05,0.19,27.32,27.27,78,1015,3.6,good
12.22,34.05,142.61,1.02,0.86,37.34,20.99,94,1006,3.09,fair
14.19,31.74,131.87,0.05,0.14,51.18,25.91,89,1007,3.6,fair
12.38,32.8,145.4,1.37,1.11,36.25,21.0,94,1005,3.09,fair
17.31,19.85,163.87,4.75,1.15,81.46,7.74,71,1024,1.03,fair
16.71,19.86,178.18,10.1,1.87,79.36,9.19,79,1024,2.57,fair
20.43,23.96,191.29,9.28,1.54,77.83,7.16,90,1024,2.32,fair
4.17,8.36,157.66,1.34,0.11,27.27,31.69,42,1010,3.14,good
1.16,1.85,130.64,0.89,0.07,22.06,29.03,52,1011,2.16,good
3.42,6.24,161.82,1.03,0.14,28.92,31.36,42,1010,0.23,good
5.14,6.44,116.85,0.76,1.39,86.92,9.83,32,1022,2.06,fair
11.36,13.05,120.53,1.16,0.96,77.97,16.11,31,1021,5.14,fair
4.05,5.41,127.73,0.89,0.88,99.68,9.96,50,1022,2.06,fair
30.81,117.19,180.2,5.54,3.88,52.8,25.98,65,1009,2.06,poor
34.3,130.05,186.91,6.98,5.04,52.21,25.97,65,1009,2.06,poor
36.37,150.29,169.26,5.2,4.46,56.89,25.79,61,1009,5.83,poor
1.84,2.93,103.95,0.81,0.12,13.83,21.88,88,1014,0.51,good
2.02,3.01,134.92,1.3,0.19,27.64,15.43,97,1015,1.46,good
7.03,10.49,257.34,3.32,0.63,26.73,14.64,97,1015,0.94,good
0.51,1.22,90.57,0.07,0.04,25.73,25.99,83,1011,1.03,good
0.5,1.2,89.42,0.06,0.04,26.17,25.92,83,1011,1.03,good
0.51,1.23,89.47,0.07,0.04,25.84,25.9,80,1011,1.76,good
4.33,4.95,145.19,0.6,0.13,12.63,28.03,89,1009,1.54,good
4.33,4.95,145.19,0.6,0.13,12.63,27.99,89,1009,1.54,good
3.6,4.12,126.61,0.38,0.08,9.38,28.0,89,1009,1.54,good
3.22,6.35,64.01,0.72,0.14,42.33,10.99,57,1016,3.09,good
0.63,0.77,83.72,0.23,0.03,10.25,20.01,94,1012,4.63,good
2.1,3.35,73.15,1.46,0.38,41.51,20.84,37,1013,2.06,good
41.5,48.84,239.42,2.04,0.68,67.57,24.85,65,1013,1.03,moderate
60.5,82.95,334.7,1.42,5.41,211.32,27.78,66,1011,2.57,very_poor
6.88,8.04,140.35,9.19,0.65,29.44,20.44,83,1016,0.0,good
1.4,4.3,107.68,0.11,0.09,68.6,24.99,73,1013,3.6,fair
1.09,3.33,110.09,0.48,0.22,71.63,24.96,73,1012,4.12,fair
1.09,3.33,110.09,0.48,0.22,71.63,24.97,73,1012,4.12,fair
16.25,17.08,417.38,3.04,1.44,62.27,6.61,92,1013,1.54,fair
24.49,26.25,389.13,3.67,3.18,26.59,20.4,79,1007,1.8,fair
15.59,16.41,395.88,3.01,2.55,54.91,16.25,85,1009,1.53,fair
2.6,5.01,82.43,1.59,0.18,22.85,18.06,67,1016,1.18,good
1.94,2.48,74.11,0.94,0.13,16.16,18.98,68,1016,1.47,good
2.6,5.01,82.43,1.59,0.18,22.85,17.95,67,1016,1.21,good
0.5,0.5,139.26,0.46,0.3,83.71,0.25,61,1012,9.16,fair
0.5,0.5,136.69,0.38,0.61,95.19,0.99,75,1009,9.0,fair
0.73,1.15,144.83,1.77,0.98,75.55,1.0,65,1019,6.24,fair
5.51,11.36,106.22,0.23,0.15,33.58,29.45,1,1009,3.09,good
5.59,11.36,105.69,0.22,0.19,36.44,28.51,82,1009,6.73,good
4.01,8.14,107.25,0.31,0.25,44.04,29.37,65,1009,4.44,good
14.94,16.42,234.39,11.05,2.71,99.82,13.73,40,1022,1.54,fair
1.45,1.97,135.64,1.92,0.32,84.39,16.85,36,1022,2.06,fair
1.5,1.55,118.95,0.37,0.16,89.55,-1.77,66,1019,5.14,fair
3.23,4.25,137.04,0.48,0.08,3.99,26.2,83,1012,5.14,good
1.67,2.4,82.04,0.35,0.23,15.32,15.72,92,1016,1.47,good
1.81,3.45,99.48,0.25,0.02,3.06,21.54,89,1011,0.76,good
0.5,0.5,60.52,0.01,0.0,0.51,26.1,83,1011,1.54,good
0.5,0.5,60.52,0.01,0.0,0.51,25.96,83,1011,1.54,good
0.5,0.5,64.4,0.02,0.0,0.65,25.72,83,1011,1.54,good
3.23,4.25,137.04,0.48,0.08,3.99,26.2,83,1012,1.03,good
3.8,4.95,103.15,0.32,0.04,34.97,25.04,100,1011,0.51,good
6.75,8.65,170.57,1.67,0.36,29.11,21.97,96,1012,1.04,good
15.32,16.3,130.82,2.19,1.49,111.36,7.57,65,1022,1.54,moderate
11.84,14.07,137.29,3.45,0.39,53.68,11.19,62,1021,1.03,fair
17.2,19.13,158.71,5.27,1.76,77.74,9.59,59,1022,1.54,fair
0.5,0.99,81.0,0.18,0.08,26.54,27.72,94,1012,2.06,good
0.5,1.06,81.08,0.18,0.08,26.43,27.31,94,1012,2.06,good
1.0,2.57,95.96,0.66,0.14,15.66,26.19,78,1012,3.09,good
2.98,4.66,107.25,2.75,0.2,48.62,17.44,40,1017,5.66,good
5.98,7.84,137.72,4.65,0.39,48.09,16.72,40,1017,0.42,good
2.98,4.66,107.25,2.75,0.2,48.62,16.46,39,1017,5.66,good
0.5,0.5,102.43,0.05,0.01,23.47,24.95,100,1012,0.0,good
1.52,1.68,85.92,0.44,0.03,1.84,21.74,94,1013,0.0,good
6.85,8.99,173.17,0.94,0.13,3.02,18.54,91,1015,0.49,good
79.76,103.68,393.91,20.6,11.35,33.29,19.92,68,1013,4.0,very_poor
109.86,152.67,488.47,16.38,8.74,28.25,17.94,32,1011,8.41,very_poor
13.58,18.99,230.78,0.77,0.4,95.64,23.81,83,1013,2.33,fair
37.39,38.16,212.95,5.15,2.01,48.2,15.05,72,1015,0.29,moderate
2.94,3.38,108.76,1.86,0.37,12.64,28.03,54,1012,2.57,good
3.74,4.16,110.1,1.23,1.4,11.28,18.34,89,1014,4.92,good
0.5,0.66,106.64,0.29,0.16,30.92,21.95,85,1014,1.03,good
1.43,1.64,126.71,1.12,0.19,40.04,29.93,79,1009,3.6,good
0.5,0.65,105.64,0.34,0.19,30.77,23.46,81,1013,1.03,good
2.47,3.11,119.13,0.21,0.23,53.23,29.24,54,1012,4.63,good
4.59,6.25,132.97,0.52,0.54,64.95,28.16,65,1013,2.57,fair
2.67,3.19,113.86,0.06,0.03,50.68,27.19,74,1012,4.63,good
5.79,26.61,104.52,0.17,0.54,73.03,22.27,68,1016,4.63,fair
4.04,18.82,104.11,0.12,0.43,74.69,21.75,68,1017,8.75,fair
4.57,21.51,105.36,0.16,0.58,70.06,21.02,73,1016,6.69,fair
5.49,6.1,196.64,2.51,0.56,45.44,28.08,83,1012,4.12,good
5.49,6.1,196.64,2.51,0.56,45.44,28.16,83,1012,4.12,good
2.1,5.2,122.63,0.23,0.23,107.99,13.76,100,1011,0.0,moderate
1.42,2.89,120.75,0.18,0.15,107.0,17.96,82,1011,4.63,moderate
2.04,4.72,122.0,0.26,0.25,108.62,16.27,89,1011,1.54,moderate
6.71,8.94,156.72,5.1,1.48,71.22,5.19,63,1025,1.54,fair
4.67,7.53,241.71,13.89,2.93,56.85,5.54,59,1025,1.54,good
2.32,3.94,151.4,3.76,1.12,69.98,2.82,69,1025,1.03,fair
4.72,6.77,168.56,9.95,0.63,44.61,5.56,61,1025,1.03,good
6.65,11.63,169.77,9.86,0.87,50.47,3.45,89,1025,1.79,good
14.33,15.48,148.41,3.32,0.86,105.35,5.51,75,1023,0.51,moderate
15.49,37.12,127.77,0.54,0.1,47.91,28.23,73,1009,4.36,fair
10.87,25.12,196.98,1.4,0.22,36.0,22.94,84,1010,6.36,fair
13.26,33.31,190.96,1.42,0.18,37.84,25.06,77,1009,6.32,fair
3.43,4.99,147.32,4.37,1.36,91.78,5.08,78,1024,3.09,fair
1.41,3.14,141.51,1.7,0.36,92.38,2.64,83,1024,2.88,fair
2.0,4.53,142.13,3.24,0.43,74.57,3.12,86,1025,3.06,fair
2.79,12.03,103.5,1.35,1.06,33.87,23.01,82,1015,4.36,good
0.82,3.12,95.82,0.14,0.09,36.97,27.38,77,1013,3.09,good
2.71,5.02,150.39,4.77,1.07,39.04,22.65,99,1013,4.47,good
0.82,3.12,95.82,0.14,0.09,36.97,27.71,74,1013,3.09,good
2.4,3.94,120.08,4.79,0.24,46.36,16.37,94,1016,1.03,good
5.96,10.66,126.96,4.22,0.38,55.5,16.93,94,1016,3.6,good
15.22,81.55,112.71,3.96,0.41,63.97,13.67,82,1019,2.06,moderate
7.62,8.04,232.47,6.76,1.24,40.25,12.53,91,1015,0.79,good
9.6,25.19,92.06,0.5,0.26,48.82,29.93,66,1010,2.06,fair
5.84,6.78,240.5,10.71,1.25,17.86,16.95,72,1016,3.6,good
0.5,0.5,139.78,0.3,0.18,90.74,3.19,70,1010,5.66,fair
0.5,0.5,139.27,0.33,0.15,86.79,1.14,64,1007,4.63,fair
0.5,0.51,140.22,0.63,0.28,87.92,1.49,82,1004,7.37,fair
10.4,47.88,121.98,1.49,1.02,89.65,20.42,49,1012,3.09,fair
4.28,11.73,121.93,0.25,0.32,105.1,15.9,88,1012,6.17,moderate
10.4,47.88,121.98,1.49,1.02,89.65,20.42,55,1013,5.42,fair
7.79,46.39,111.09,0.16,0.23,84.88,18.98,68,1015,5.66,fair
4.09,20.85,110.24,0.23,0.58,87.75,18.01,82,1016,5.66,fair
1.88,7.42,112.36,0.2,0.39,95.79,18.62,81,1015,3.4,fair
11.41,21.21,203.79,3.17,0.29,30.03,17.35,63,1013,0.51,fair
11.83,22.47,134.5,1.28,0.16,35.75,23.82,54,1010,1.8,fair
15.04,33.06,114.81,0.27,0.09,50.65,29.15,48,1007,2.13,fair
1.23,2.52,106.73,0.87,0.02,82.7,18.19,44,1018,2.57,fair
6.76,12.26,122.61,0.95,1.02,112.49,17.88,55,1019,0.51,moderate
4.7,10.12,126.07,3.25,0.26,81.88,14.28,83,1019,1.03,fair
13.54,22.09,475.42,5.48,0.47,12.75,14.49,72,1015,2.06,fair
0.76,2.53,83.08,0.44,0.03,18.13,18.26,81,1013,1.66,good
19.31,47.02,256.67,3.64,0.45,29.72,17.85,70,1012,2.17,fair
0.5,0.5,140.38,0.75,0.38,86.78,1.45,58,1010,5.66,fair
0.5,0.5,139.82,0.7,0.35,86.46,1.4,60,1010,5.36,fair
0.5,0.5,141.55,0.83,0.44,80.25,0.44,63,1013,6.26,fair
1.26,2.64,63.73,0.11,0.1,26.01,29.94,79,1010,3.6,good
1.26,2.64,63.73,0.11,0.1,26.01,29.99,79,1010,3.6,good
1.14,2.74,63.13,0.06,0.04,23.06,28.83,70,1011,0.0,good
13.02,14.96,165.91,4.65,0.68,67.72,13.37,59,1022,3.6,fair
7.72,14.27,134.53,0.64,0.42,104.82,16.25,87,1019,1.48,moderate
7.91,9.55,128.29,2.34,0.46,67.15,11.84,70,1020,2.06,fair
1.04,1.52,77.84,0.28,0.1,19.06,25.01,94,1011,2.06,good
0.85,1.45,74.8,0.1,0.04,25.13,24.98,94,1010,1.03,good
0.54,0.62,50.06,0.05,0.01,0.91,21.12,95,1012,0.66,good
10.98,14.93,138.55,7.58,4.26,103.76,9.92,81,1025,3.09,moderate
15.84,17.91,134.5,13.23,2.42,46.97,11.67,72,1025,2.06,fair
9.24,10.37,133.17,2.72,0.69,78.01,8.66,84,1025,3.09,fair
2.18,3.39,101.68,2.85,0.15,50.48,9.08,81,1014,1.03,good
4.21,5.47,103.19,3.21,0.85,70.85,12.99,88,1014,0.51,fair
6.15,7.46,119.71,3.96,0.91,83.07,11.33,75,1013,1.37,fair
1.01,2.75,115.89,0.06,0.03,9.78,25.99,89,1012,2.06,good
1.01,2.75,115.89,0.06,0.03,9.78,25.99,89,1012,2.06,good
1.0,2.15,101.46,0.07,0.04,6.79,23.36,94,1012,1.21,good
37.39,42.31,161.26,4.99,1.11,64.68,10.61,81,1023,2.57,moderate
1.38,2.28,99.14,0.8,0.2,12.01,23.4,95,1012,1.51,good
0.69,1.6,82.9,0.23,0.46,29.77,26.23,89,1011,3.6,good
1.0,1.68,133.84,1.65,0.21,19.85,28.07,65,1011,3.73,good
5.8,11.51,127.16,1.47,0.58,78.69,16.67,93,1016,6.17,fair
19.58,114.32,107.13,1.17,1.22,69.97,19.94,85,1012,7.81,poor
18.81,108.74,106.61,1.19,1.17,69.0,20.54,80,1012,7.17,poor
19.58,114.32,107.13,1.17,1.22,69.97,19.81,86,1012,8.17,poor
18.41,73.06,100.0,0.46,0.56,69.07,24.8,78,1012,2.89,moderate
18.41,73.06,100.0,0.46,0.56,69.07,24.82,78,1012,2.95,moderate
1.74,2.69,130.07,0.5,0.1,14.44,22.76,94,1013,1.05,good
2.56,7.52,106.71,1.67,0.95,38.35,24.82,94,1015,1.03,good
2.56,7.52,106.71,1.67,0.95,38.35,24.94,94,1015,1.03,good
2.56,7.52,106.71,1.67,0.95,38.35,25.02,94,1015,1.03,good
1.72,2.68,132.68,0.54,0.33,20.3,25.66,86,1011,1.35,good
0.59,0.85,99.19,0.05,0.02,22.33,25.95,100,1012,2.57,good
1.12,1.3,74.97,0.06,0.01,1.66,19.5,99,1013,0.59,good
7.98,12.35,121.6,1.43,1.15,87.01,16.48,57,1016,0.45,fair
20.56,22.06,119.97,1.35,7.13,87.12,14.22,77,1017,3.09,fair
10.33,18.05,135.76,0.65,1.33,121.53,12.99,56,1018,0.36,moderate
3.48,6.12,119.4,0.26,0.63,34.93,21.42,90,1011,4.92,good
3.33,5.69,113.71,0.19,0.38,35.92,21.37,91,1012,4.92,good
3.26,5.61,118.49,0.22,0.5,34.99,18.28,84,1011,4.92,good
1.97,4.47,114.06,0.07,0.1,26.3,28.88,75,1011,5.66,good
1.97,4.47,114.06,0.07,0.1,26.3,28.43,77,1011,5.66,good
2.1,4.29,115.61,0.08,0.1,29.25,29.4,75,1011,5.66,good
37.8,147.72,107.47,0.45,0.9,82.24,23.06,83,1012,1.54,poor
40.81,137.24,110.22,0.35,0.45,71.33,24.66,62,1011,3.29,poor
41.34,146.47,110.69,0.35,0.66,79.48,24.82,62,1011,2.97,poor
0.76,0.88,101.78,0.24,0.05,4.62,26.99,89,1012,2.06,good
0.5,0.5,94.56,0.27,0.01,5.67,24.01,91,1012,1.85,good
0.8,0.95,100.55,0.23,0.06,6.54,24.59,90,1012,1.4,good
13.09,18.2,228.83,0.9,0.44,96.1,23.99,79,1013,4.02,fair
13.09,18.2,228.83,0.9,0.44,96.1,24.1,80,1013,4.02,fair
11.62,15.89,225.06,0.93,0.53,94.46,24.14,80,1013,4.12,fair
5.72,7.06,114.7,0.54,3.54,41.56,26.92,65,1012,2.06,good
16.03,18.79,267.09,3.38,1.19,72.35,30.69,74,1009,7.72,fair
8.91,10.19,175.05,1.62,0.46,71.34,29.9,79,1009,4.12,fair
6.38,7.72,129.79,2.17,0.27,72.03,14.38,38,1024,1.54,fair
20.94,23.89,161.1,4.27,2.23,105.16,18.06,52,1018,3.09,moderate
20.85,23.03,163.63,5.38,1.93,84.5,17.51,34,1021,5.14,fair
0.82,2.76,96.42,0.11,0.08,43.92,27.91,80,1013,1.55,good
0.82,2.76,96.42,0.11,0.08,43.92,27.64,80,1013,1.44,good
2.24,3.34,124.62,0.33,0.11,47.11,24.71,83,1013,1.62,good
2.28,4.42,135.58,1.79,0.57,72.57,8.52,49,1025,1.34,fair
1.34,2.35,135.62,0.87,0.67,90.38,3.88,56,1025,1.54,fair
2.12,3.82,132.4,2.6,0.4,78.56,7.81,58,1025,3.09,fair
31.22,33.63,469.5,1.03,0.57,84.25,27.55,79,1010,2.06,moderate
1.44,2.72,119.41,1.1,0.3,34.9,26.68,92,1010,1.03,good
31.22,33.63,469.5,1.03,0.57,84.25,27.13,83,1010,2.06,moderate
1.17,1.65,122.22,1.93,0.5,52.3,11.53,81,1026,2.06,good
1.34,2.95,123.15,0.69,0.39,83.61,10.87,81,1026,4.63,fair
1.17,2.19,122.58,0.86,0.35,67.2,8.97,93,1027,0.92,fair
8.99,28.87,118.98,1.4,0.44,88.14,14.28,71,1013,2.01,fair
10.23,33.0,127.11,9.7,0.88,71.55,16.83,80,1012,1.54,fair
4.17,12.47,122.37,0.76,0.59,101.16,16.11,82,1013,3.49,moderate
35.87,39.13,163.59,8.38,1.7,62.12,7.88,93,1025,1.54,moderate
36.65,119.56,107.69,0.11,0.28,53.24,29.01,79,1006,3.6,poor
37.99,88.53,306.19,7.44,2.54,42.63,29.03,37,1001,1.54,moderate
27.37,35.07,291.77,6.86,2.35,44.43,23.75,76,1009,6.26,moderate
36.4,117.14,157.16,2.34,1.03,72.49,25.95,53,1009,3.6,poor
28.43,70.39,206.42,1.24,3.0,108.45,15.12,92,1012,0.89,moderate
18.38,40.26,229.79,3.32,9.4,89.6,14.85,100,1012,11.83,fair
2.63,3.9,148.44,5.98,0.95,50.91,23.25,27,1013,3.88,good
40.98,163.06,117.08,0.83,0.19,90.51,12.08,66,1015,2.06,poor
3.82,4.18,137.75,5.87,0.7,45.41,10.77,38,1012,2.71,good
3.86,5.76,137.66,0.17,0.14,94.46,8.81,92,1010,8.23,fair
3.86,5.76,137.66,0.17,0.14,94.46,8.84,92,1010,8.23,fair
3.86,5.76,137.66,0.17,0.14,94.46,8.93,92,1010,8.23,fair
5.31,8.38,121.44,0.35,0.51,109.67,13.67,83,1020,0.51,moderate
7.11,11.95,144.81,2.1,0.5,77.4,16.44,74,1018,1.03,fair
4.86,8.52,121.81,0.47,0.5,109.79,13.39,70,1020,0.51,moderate
24.51,30.47,153.49,4.47,0.62,60.48,12.7,77,1022,4.12,fair
1.03,3.14,97.16,0.23,0.19,50.11,27.53,69,1013,1.54,good
0.89,2.62,97.11,0.19,0.15,48.88,26.46,75,1012,1.54,good
0.89,2.62,97.11,0.19,0.15,48.88,26.63,75,1012,1.54,good
11.48,30.31,123.45,2.7,1.01,82.78,15.05,63,1014,2.06,fair
14.44,35.36,131.55,5.09,1.77,77.42,15.95,63,1014,2.06,fair
17.79,36.34,149.64,11.74,2.26,63.18,12.56,78,1013,1.49,fair
6.83,8.37,197.23,22.85,4.48,71.97,13.52,96,1004,6.17,fair
5.14,6.85,179.4,13.76,3.22,82.37,14.22,94,1004,12.35,fair
3.04,3.67,166.33,9.91,2.66,88.64,16.32,81,1009,3.09,fair
0.5,0.54,86.39,0.44,0.08,24.47,17.62,88,1014,3.09,good
12.4,17.46,408.5,3.29,0.28,13.82,15.64,94,1014,1.19,fair
4.38,5.36,176.95,1.51,0.21,12.55,25.23,88,1010,2.06,good
3.59,4.32,95.7,1.96,0.49,82.15,12.11,73,1020,3.82,fair
1.6,2.15,82.96,0.18,0.21,75.22,13.51,67,1016,2.0,fair
1.7,2.45,94.99,0.91,0.14,71.01,13.15,62,1016,3.07,fair
25.81,30.0,607.6,9.87,2.0,40.46,28.16,71,1010,4.89,moderate
6.33,8.82,251.22,1.82,0.63,57.24,28.21,69,1010,2.98,good
27.12,28.06,491.21,6.36,1.07,8.32,28.67,68,1009,1.55,moderate
0.5,0.5,75.05,0.01,0.01,5.64,31.0,74,1008,2.06,good
3.5,6.38,75.79,0.06,0.09,29.86,26.41,79,1011,3.52,good
2.82,5.16,74.52,0.06,0.07,31.38,26.56,81,1010,2.88,good
3.25,6.08,74.83,0.05,0.08,30.03,27.85,76,1010,4.42,good
32.34,40.29,222.32,2.43,1.65,80.83,15.01,47,1012,2.74,moderate
43.19,50.81,253.03,6.17,7.19,69.02,13.58,66,1014,1.77,moderate
26.15,31.88,182.23,0.46,0.61,96.41,14.89,43,1011,3.1,moderate
44.98,50.38,254.34,22.34,1.85,65.05,16.76,55,1012,1.03,moderate
42.31,49.73,239.43,8.2,3.08,93.47,17.95,55,1011,2.06,moderate
41.0,45.51,206.05,2.58,0.33,80.09,16.95,55,1012,0.51,moderate
51.03,154.22,138.75,0.72,0.6,94.95,27.86,60,1009,1.6,poor
53.37,158.31,142.24,0.9,0.5,95.13,28.22,50,1009,0.89,poor
53.37,158.31,142.24,0.9,0.5,95.13,28.14,50,1009,0.89,poor
1.13,3.82,97.59,0.15,0.11,42.63,29.01,65,1011,2.57,good
1.13,3.82,97.59,0.15,0.11,42.63,29.01,65,1011,2.57,good
3.0,3.61,84.71,1.01,0.33,71.87,14.28,67,1019,3.0,fair
41.42,170.41,126.77,3.57,0.88,56.95,11.33,76,1017,1.0,poor
3.25,12.95,133.07,0.36,0.06,58.52,0.05,80,1021,2.0,good
50.63,53.55,1046.5,19.84,3.11,9.28,23.97,78,1009,1.03,poor
60.38,63.57,1429.98,24.79,1.96,13.27,26.16,76,1009,2.23,poor
15.33,15.93,419.04,2.77,0.31,6.33,27.04,84,1010,1.96,fair
4.47,10.91,121.87,3.19,1.48,102.67,17.63,72,1012,5.37,moderate
10.99,19.51,134.41,4.55,2.14,77.88,17.53,86,1013,2.29,fair
4.19,9.88,122.64,2.01,1.49,105.66,17.96,68,1013,2.8,moderate
2.32,12.04,100.47,0.22,0.25,26.74,26.93,83,1015,2.57,good
2.43,12.94,103.25,0.18,0.24,26.18,26.03,88,1015,2.57,good
1.16,1.56,99.55,1.63,0.5,43.83,26.72,89,1007,1.26,good
1.16,1.56,99.55,1.63,0.5,43.83,26.71,89,1007,1.05,good
1.16,1.56,99.55,1.63,0.5,43.83,26.64,89,1008,1.1,good
0.5,0.9,87.81,0.37,0.08,23.73,26.23,88,1013,2.37,good
0.69,1.35,103.79,0.58,0.15,25.71,22.87,96,1013,1.33,good
0.5,0.6,75.14,0.25,0.05,27.25,26.53,87,1013,1.7,good
1.01,1.34,80.68,0.77,0.2,32.55,12.17,83,1016,1.76,good
1.33,1.65,90.79,1.11,0.29,32.74,13.8,73,1017,1.53,good
0.72,0.86,75.77,0.54,0.08,33.0,12.51,85,1015,3.74,good
0.5,0.58,142.25,1.23,0.78,81.88,1.59,67,1015,4.63,fair
0.67,0.89,143.48,2.01,0.53,77.01,2.18,69,1017,4.63,fair
1.15,1.68,146.07,3.34,1.81,84.12,5.01,74,1018,7.89,fair
9.6,11.06,148.0,4.31,1.29,74.77,8.89,62,1023,4.63,fair
9.35,10.68,139.34,3.32,0.92,70.41,9.59,64,1023,2.68,fair
9.09,10.43,142.96,3.59,1.14,74.2,9.89,58,1023,4.63,fair
0.5,0.63,141.58,0.76,0.4,82.04,3.9,71,1012,3.6,fair
0.5,0.5,139.1,0.41,0.24,84.35,1.48,67,1011,7.08,fair
0.5,0.74,143.3,1.36,0.54,81.78,-0.05,100,1018,0.51,fair
5.45,15.13,135.74,1.05,0.33,105.3,17.94,63,1017,1.03,moderate
14.1,20.09,128.15,0.49,2.55,117.28,17.16,70,1020,3.94,moderate
14.95,41.52,153.88,1.42,1.63,109.54,17.75,64,1018,5.61,moderate
8.77,19.38,125.45,2.0,2.46,92.39,18.04,88,1011,2.06,fair
7.48,13.64,124.01,3.52,2.64,76.04,17.23,100,1011,0.0,fair
3.51,8.11,94.35,1.7,0.07,43.59,18.08,88,1012,2.57,good
7.9,15.28,131.86,0.56,0.6,99.16,16.36,81,1020,0.28,fair
0.51,1.22,141.37,0.85,0.37,93.51,5.58,38,1022,6.17,fair
0.5,0.81,137.92,0.59,0.27,92.32,4.62,48,1021,6.61,fair
0.5,0.99,134.27,0.69,0.45,92.84,4.53,58,1022,5.59,fair
11.28,15.4,140.72,0.87,0.82,120.15,13.88,88,1019,1.54,moderate
11.22,15.8,142.93,1.73,1.23,117.12,7.11,86,1020,2.75,moderate
11.65,17.04,147.64,3.28,2.05,120.11,11.48,94,1018,0.0,moderate
4.01,7.52,135.79,1.33,0.09,13.29,15.98,100,1015,1.03,good
1.67,2.69,77.52,0.36,0.05,14.5,24.0,94,1011,2.06,good
1.5,2.23,88.27,0.64,0.04,16.46,13.39,95,1017,1.29,good
1.07,2.08,97.45,0.01,0.06,23.42,26.98,83,1008,4.63,good
6.89,9.2,113.14,1.88,0.26,45.37,13.9,35,1022,4.12,good
6.44,8.72,112.88,2.06,0.37,43.47,13.31,69,1022,2.81,good
6.39,8.05,106.91,1.22,1.82,69.11,7.18,66,1021,1.87,fair
16.58,48.07,137.52,0.32,0.08,29.73,30.3,51,1011,4.12,fair
1.85,3.76,132.14,0.62,0.05,23.13,26.77,63,1011,2.28,good
3.56,7.85,137.69,0.58,0.06,25.2,29.98,42,1010,4.3,good
12.07,18.31,295.73,4.03,0.44,36.31,26.98,94,1008,1.54,fair
12.6,19.57,214.31,1.82,0.27,51.54,28.61,53,1006,2.01,fair
20.45,27.96,476.17,8.87,1.03,24.66,25.9,56,1008,2.35,fair
0.5,0.5,123.08,0.14,0.24,76.17,-0.93,80,1028,2.0,fair
0.5,0.5,124.57,0.43,0.08,75.52,2.07,65,1028,1.85,fair
0.5,0.5,129.6,0.61,0.28,83.78,3.77,63,1030,1.04,fair
8.68,11.27,217.55,1.01,0.7,91.19,24.85,83,1013,3.6,fair
8.09,10.72,212.66,0.44,0.22,93.19,24.96,83,1013,3.6,fair
8.09,10.72,212.66,0.44,0.22,93.19,24.82,83,1013,3.6,fair
1.79,4.06,115.72,0.22,0.12,30.45,28.08,74,1012,7.72,good
2.59,11.79,100.78,0.62,0.51,30.77,25.71,79,1015,3.67,good
2.58,12.11,100.13,0.6,0.54,31.69,25.96,80,1015,3.43,good
2.58,12.11,100.13,0.6,0.54,31.69,25.63,80,1015,3.53,good
27.87,102.39,111.3,0.25,1.17,74.38,18.96,78,1012,8.11,poor
5.81,24.77,109.36,0.89,1.34,81.21,17.93,77,1014,7.2,fair
46.19,210.54,111.43,0.22,0.09,66.63,32.46,12,1008,4.18,very_poor
18.98,22.75,120.95,0.16,3.58,111.45,13.34,82,1019,0.51,moderate
18.98,22.75,120.95,0.16,3.58,111.45,13.22,82,1019,0.51,moderate
18.98,22.75,120.95,0.16,3.58,111.45,12.99,82,1019,0.51,moderate
2.38,6.2,61.82,0.09,0.18,41.28,24.68,95,1010,4.57,good
2.34,6.44,61.62,0.06,0.16,41.89,22.15,95,1010,2.68,good
2.34,6.44,61.62,0.06,0.16,41.89,23.1,95,1010,2.68,good
0.5,0.5,99.99,0.02,0.01,16.34,29.97,84,1008,2.57,good
0.7,1.14,61.47,0.2,0.01,13.88,17.07,89,1016,1.29,good
1.44,2.95,73.53,0.63,0.17,19.65,16.26,85,1016,1.5,good
1.68,2.34,86.25,0.83,0.04,20.39,15.97,92,1015,0.79,good
15.64,18.62,172.01,4.0,3.31,88.33,24.96,33,1009,7.72,fair
0.68,2.27,118.62,0.16,0.25,105.33,18.03,63,1014,6.69,moderate
14.98,17.95,159.22,2.54,3.09,98.09,24.97,33,1010,7.72,fair
7.28,7.95,225.27,2.39,0.72,18.34,26.4,88,1008,0.0,good
13.44,15.11,167.36,3.21,3.7,20.72,26.48,89,1009,0.51,fair
8.31,8.93,227.25,1.73,0.44,16.7,26.62,88,1008,0.0,good
29.36,32.66,173.15,3.5,1.81,28.2,22.88,86,1011,0.89,moderate
29.36,32.66,173.15,3.5,1.81,28.2,23.06,86,1011,2.13,moderate
0.79,1.42,66.16,0.17,0.02,17.82,19.24,99,1014,1.65,good
4.15,13.75,61.88,0.05,0.18,52.39,27.62,77,1011,0.97,good
4.15,13.75,61.88,0.05,0.18,52.39,27.76,77,1011,1.12,good
4.06,13.07,61.23,0.05,0.19,50.37,27.55,77,1012,0.32,good
4.14,6.76,128.05,0.49,0.05,37.94,30.16,48,1009,7.72,good
15.17,37.98,221.01,1.03,0.31,42.92,30.74,35,1009,2.62,fair
42.85,85.85,705.91,9.23,2.02,25.68,29.45,36,1009,1.46,moderate
0.52,1.07,85.6,0.07,0.04,25.63,27.38,74,1011,1.35,good
19.54,33.02,468.81,5.63,0.86,18.59,28.93,38,1009,3.5,fair
12.4,25.81,347.57,3.3,0.82,19.47,23.4,90,1012,1.22,fair
2.43,4.07,99.82,0.16,2.75,33.73,28.75,57,1008,3.58,good
2.21,4.16,100.31,0.17,0.21,34.69,28.41,68,1009,1.93,good
2.31,3.84,99.62,0.18,2.56,33.5,30.79,55,1009,4.92,good
14.68,18.68,179.0,16.09,2.65,78.35,7.94,84,1025,2.57,fair
10.73,15.05,170.74,17.73,2.57,76.48,7.82,71,1026,3.58,fair
15.46,19.68,175.7,18.04,2.97,77.95,8.49,82,1025,2.57,fair
0.94,1.8,140.25,2.62,1.83,104.36,2.61,58,1025,1.25,moderate
0.62,2.15,134.37,0.77,0.89,110.26,2.27,75,1025,2.57,moderate
0.5,0.5,122.26,0.21,0.09,89.82,1.09,91,1027,0.45,fair
48.32,59.87,545.72,7.39,6.7,68.86,17.25,100,1007,0.0,moderate
42.71,52.38,485.13,4.84,3.6,67.16,17.28,57,1007,2.68,moderate
58.17,70.3,568.26,6.98,7.19,70.93,21.51,86,1005,1.21,poor
1.18,4.49,73.31,0.12,0.1,63.47,18.34,69,1020,5.66,fair
1.87,3.79,70.74,1.09,0.29,35.28,18.2,66,1020,2.06,good
1.54,3.48,68.74,0.32,0.23,47.14,14.78,83,1021,2.57,good
41.08,131.35,114.02,1.59,0.95,67.0,28.99,48,1005,2.06,poor
38.86,126.34,117.19,1.23,0.8,80.81,29.05,48,1005,2.06,poor
41.75,130.95,114.08,1.17,0.69,65.46,29.0,48,1005,2.06,poor
1.09,1.24,114.71,0.46,0.15,39.57,28.86,76,1009,3.09,good
1.95,2.23,135.41,1.0,0.34,40.33,28.78,75,1009,3.09,good
1.95,2.23,135.41,1.0,0.34,40.33,28.95,75,1010,3.09,good
6.61,20.63,74.47,0.07,0.34,54.95,20.14,78,1013,4.12,fair
6.61,20.63,74.47,0.07,0.34,54.95,21.1,78,1013,4.12,fair
8.66,15.51,81.69,0.47,1.15,67.78,15.12,62,1017,1.54,fair
0.82,2.23,64.71,0.05,0.05,36.7,29.9,58,1011,4.92,good
0.68,1.94,64.42,0.04,0.04,31.33,29.96,58,1011,4.92,good
0.64,1.89,64.32,0.03,0.03,32.74,29.8,58,1010,4.92,good
2.86,14.02,60.29,0.04,0.21,48.44,27.54,77,1011,6.6,good
1.14,1.45,39.84,0.07,0.04,4.98,29.0,62,1010,0.16,good
0.73,0.87,62.0,0.14,1.7,23.58,29.78,71,1010,1.16,good
9.41,12.12,225.31,5.67,4.93,30.51,29.87,73,1011,2.06,good
15.62,17.45,455.16,10.08,1.95,15.91,27.05,78,1011,2.57,fair
9.31,11.99,204.04,4.91,5.09,34.67,30.14,74,1011,2.06,good
28.16,54.17,551.25,10.32,2.46,25.09,25.99,50,1001,1.03,moderate
38.85,106.03,108.57,0.11,0.41,74.85,27.09,78,1004,3.6,poor
8.07,25.25,216.16,4.19,0.69,50.67,24.08,53,1002,3.09,fair
2.62,5.49,173.45,5.31,3.41,53.94,1.21,61,1023,1.03,good
4.04,5.74,153.55,4.0,1.64,55.41,1.2,68,1025,1.03,good
4.08,6.62,164.17,5.41,1.44,50.71,1.08,80,1026,1.03,good
0.92,3.03,110.01,0.16,0.09,38.4,27.14,79,1014,5.14,good
0.94,3.08,109.49,0.17,0.09,38.03,26.71,82,1014,5.14,good
0.95,3.03,109.81,0.18,0.09,38.62,26.85,79,1014,2.56,good
9.17,34.27,121.87,1.21,0.6,81.92,14.8,80,1013,0.49,fair
9.0,34.75,120.32,0.65,0.66,84.11,15.17,79,1013,0.53,fair
9.17,34.27,121.87,1.21,0.6,81.92,14.66,80,1013,0.79,fair
11.55,26.72,117.49,5.05,3.27,102.77,19.04,70,1015,5.14,moderate
7.87,20.67,117.78,3.93,2.46,92.38,13.73,100,1016,1.03,fair
7.69,20.01,120.81,3.19,2.0,90.99,18.97,77,1017,1.46,fair
3.52,3.98,110.58,1.47,0.42,28.66,21.9,96,1012,2.06,good
4.21,5.02,136.14,1.64,0.35,35.83,21.33,88,1012,3.09,good
3.31,3.74,109.36,1.63,0.51,26.34,21.78,95,1012,2.06,good
26.3,120.09,146.84,9.58,4.53,47.88,28.55,38,1008,1.54,poor
26.3,120.09,146.84,9.58,4.53,47.88,28.76,36,1008,1.54,poor
26.78,122.22,147.04,11.17,3.87,44.66,29.03,34,1009,1.03,poor
2.83,9.84,61.71,0.05,0.19,45.7,23.81,94,1011,8.75,good
2.94,11.93,61.75,0.05,0.2,47.15,23.13,79,1011,1.23,good
2.8,11.6,61.67,0.04,0.19,47.91,23.82,83,1011,1.54,good
2.6,3.84,128.49,0.82,0.59,94.23,8.08,42,1023,5.81,fair
0.57,1.23,132.39,0.88,0.42,86.78,4.15,53,1023,4.63,fair
0.85,1.46,132.55,0.65,0.51,103.85,4.35,57,1023,6.0,moderate
2.89,4.7,110.11,2.77,0.2,48.2,7.91,58,1023,2.06,good
5.75,8.6,128.79,2.72,1.84,70.08,8.99,46,1023,2.57,fair
2.77,4.74,109.4,1.6,0.47,59.77,9.23,52,1024,1.69,good
0.5,0.5,138.35,0.7,0.09,78.69,-0.19,96,989,7.4,fair
0.5,0.5,139.2,1.66,0.3,80.16,0.56,92,1000,7.0,fair
0.94,1.19,125.7,0.38,0.08,94.24,5.87,87,1016,6.0,fair
13.85,27.05,379.96,2.91,0.38,6.89,17.07,93,1015,1.03,fair
10.41,17.15,296.5,2.91,0.91,13.71,16.91,92,1015,0.94,fair
11.31,19.89,360.52,4.85,0.87,12.65,14.07,97,1017,0.75,fair
25.85,51.32,96.33,3.8,3.95,101.24,31.0,35,1007,1.67,moderate
45.78,188.96,110.24,0.43,0.5,76.31,24.56,49,1010,6.33,poor
48.18,84.13,130.79,6.9,25.74,80.9,28.87,47,1008,0.29,moderate
0.5,0.79,71.58,0.02,0.01,6.73,30.51,67,1010,1.79,good
0.5,0.79,71.58,0.02,0.01,6.73,30.55,66,1010,1.75,good
0.5,0.71,71.3,0.02,0.01,6.67,30.5,66,1009,1.93,good
0.5,1.18,70.19,0.05,0.02,14.75,28.56,78,1008,5.29,good
26.97,128.4,99.5,0.13,0.1,85.5,31.93,6,1008,6.95,poor
25.66,121.94,99.46,0.12,0.1,86.6,31.06,6,1008,6.54,poor
25.66,121.94,99.46,0.12,0.1,86.6,31.08,6,1008,6.52,poor
0.5,0.5,136.18,0.89,0.4,95.63,4.05,49,1019,4.63,fair
0.96,1.94,137.37,0.97,0.72,109.41,-0.35,75,1024,1.47,moderate
3.29,4.06,149.93,6.66,1.83,84.12,4.93,70,1024,2.75,fair
12.04,13.49,157.37,2.59,2.83,16.6,27.23,89,1009,1.03,fair
12.04,13.49,157.37,2.59,2.83,16.6,27.7,89,1009,2.68,fair
12.04,13.49,157.37,2.59,2.83,16.6,27.72,89,1009,2.68,fair
8.62,10.13,143.75,4.15,0.67,72.54,10.15,67,1024,0.51,fair
4.04,5.7,127.44,2.45,0.3,73.28,8.31,65,1024,2.06,fair
4.59,6.07,127.89,2.02,0.48,85.6,9.63,65,1024,0.89,fair
3.15,5.14,145.28,3.89,0.5,63.72,6.9,62,1025,2.06,fair
2.0,3.27,141.51,1.4,1.08,79.33,3.71,55,1025,2.06,fair
3.15,5.14,145.28,3.89,0.5,63.72,7.09,62,1025,2.06,fair
16.09,66.5,100.91,0.5,0.44,56.82,24.92,82,1012,3.19,moderate
11.25,38.03,107.19,0.43,0.26,46.51,24.89,84,1012,1.06,fair
9.31,28.0,118.57,0.57,0.25,40.39,24.58,86,1013,0.97,fair
20.0,136.85,107.95,0.63,1.11,70.89,20.7,88,1013,4.12,poor
45.83,238.61,146.75,1.98,2.05,75.35,20.81,56,1012,5.89,very_poor
22.2,148.62,108.12,0.84,1.22,71.01,20.67,88,1013,4.12,poor
0.5,0.76,66.76,0.05,0.01,17.24,27.87,74,1009,2.59,good
1.29,3.45,106.0,0.98,0.07,16.86,20.48,71,1012,1.65,good
1.22,4.47,80.13,0.25,0.02,17.54,23.79,60,1011,2.17,good
1.69,2.51,109.87,0.55,0.3,20.01,27.95,78,1012,0.0,good
1.17,1.67,96.63,0.29,0.16,11.18,27.96,78,1012,0.0,good
2.97,4.76,156.9,0.68,0.05,4.82,23.36,79,1010,1.19,good
3.37,9.34,111.66,0.1,0.01,22.84,30.22,42,1007,3.21,good
1.05,1.35,88.88,0.08,0.02,3.77,19.1,98,1012,1.2,good
1.18,2.08,80.14,0.04,0.03,23.39,26.44,82,1011,2.56,good
2.81,4.3,96.02,0.14,0.11,38.05,26.16,78,1010,4.63,good
2.81,4.3,96.02,0.14,0.11,38.05,28.94,70,1010,4.63,good
2.88,4.53,97.51,0.14,0.11,36.37,29.73,71,1008,2.55,good
16.4,25.29,122.95,1.97,2.1,52.69,14.43,88,1013,1.86,fair
19.25,29.94,159.34,15.59,2.35,51.57,17.29,50,1013,0.42,fair
19.02,32.4,142.11,5.25,8.71,83.13,14.65,82,1013,1.22,fair
3.48,4.34,85.34,1.1,1.67,41.02,17.34,65,1013,2.78,good
7.85,9.49,107.11,2.22,3.38,44.27,14.23,71,1015,3.26,good
4.68,5.67,122.57,0.7,0.51,62.26,24.89,89,1013,1.32,fair
12.46,35.79,201.58,1.14,0.26,21.58,31.98,43,1008,1.03,fair
0.58,0.8,114.68,0.29,0.02,6.34,26.44,62,1010,2.37,good
19.87,64.8,126.13,0.36,0.06,30.11,30.1,10,1008,3.77,moderate
0.5,0.9,90.43,0.23,0.11,26.89,26.06,89,1010,2.06,good
3.24,6.02,166.28,1.92,0.28,13.44,23.02,82,1011,1.84,good
2.06,3.63,137.6,1.4,0.11,14.18,24.8,72,1010,1.72,good
7.71,11.07,159.05,2.0,0.41,19.77,27.96,75,1008,4.09,good
6.88,10.25,143.45,1.6,0.37,22.82,28.99,84,1008,2.06,good
8.51,12.15,187.22,2.65,0.59,18.73,27.97,89,1008,1.54,good
31.97,144.38,178.28,0.77,0.34,89.0,13.06,82,1014,2.0,poor
3.21,4.26,99.64,0.61,0.66,66.39,15.04,53,1014,1.16,fair
2.98,4.31,105.54,0.56,1.34,92.23,11.27,76,1017,1.97,fair
0.8,1.1,93.35,0.95,0.19,25.14,27.84,74,1011,0.86,good
1.11,2.72,93.99,0.78,0.24,30.46,26.64,79,1012,1.88,good
1.23,4.21,68.71,0.23,0.15,36.69,27.11,77,1012,2.11,good
24.28,79.43,140.87,2.81,1.54,88.65,14.92,77,1013,1.03,moderate
60.3,308.16,122.16,0.48,0.31,92.81,18.99,37,1014,6.17,very_poor
21.83,136.14,125.01,0.29,0.02,98.01,13.97,44,1019,6.17,poor
18.61,30.03,126.55,2.1,0.52,66.21,17.8,82,1019,1.03,fair
18.09,50.93,128.65,0.45,1.11,118.29,18.4,60,1018,4.57,moderate
17.21,34.04,129.31,1.0,1.33,98.92,17.88,82,1019,1.54,fair
1.92,8.9,63.35,0.03,0.1,22.66,27.1,81,1011,6.74,good
15.77,19.98,132.63,3.43,2.63,69.38,13.85,80,1018,9.77,fair
4.94,5.93,111.09,1.25,0.71,67.22,9.02,65,1014,2.25,fair
6.67,8.52,111.52,1.46,0.49,64.65,10.85,66,1017,1.65,fair
1.32,2.9,134.15,0.15,0.03,11.27,26.26,82,1013,4.12,good
1.09,1.98,135.32,0.26,0.03,10.9,25.6,82,1013,3.23,good
1.09,1.98,135.32,0.26,0.03,10.9,25.57,82,1013,3.23,good
66.82,74.25,440.21,23.41,13.47,33.02,23.4,43,1014,1.03,poor
66.82,74.25,440.21,23.41,13.47,33.02,23.4,43,1014,1.03,poor
30.0,40.69,266.4,8.01,13.36,121.55,23.39,64,1015,2.06,moderate
1.37,1.69,73.08,0.29,0.02,5.34,23.68,96,1011,2.54,good
1.43,2.38,100.01,0.69,0.07,12.73,19.96,90,1012,1.83,good
0.9,1.76,81.36,0.44,0.03,8.89,17.78,95,1013,2.09,good
0.5,0.5,136.73,0.28,0.09,83.64,2.31,76,1015,0.45,fair
0.5,0.64,137.03,0.97,2.03,100.15,2.8,71,1008,7.45,moderate
0.5,0.5,135.57,0.3,0.23,107.81,6.31,49,1020,9.67,moderate
8.93,11.59,229.95,2.79,0.17,18.53,18.18,96,1013,0.64,good
8.93,11.59,229.95,2.79,0.17,18.53,18.01,97,1013,0.72,good
8.35,10.89,222.69,2.3,0.18,25.84,18.19,97,1013,0.69,good
2.79,4.1,152.82,4.56,1.12,107.19,11.86,68,1021,5.81,moderate
0.77,2.29,117.32,0.15,0.33,105.91,17.68,56,1013,9.77,moderate
2.04,3.3,145.26,3.11,0.8,106.26,10.54,74,1021,4.47,moderate
10.11,27.8,63.21,0.25,0.07,44.58,12.82,62,1009,11.83,fair
2.26,10.02,76.93,0.64,0.13,49.39,15.27,48,1015,5.14,good
2.53,12.07,71.61,0.48,0.09,50.31,13.19,47,1016,7.49,good
27.23,106.31,120.85,0.57,0.11,73.23,15.58,50,1016,3.24,poor
2.17,2.93,88.2,0.14,0.26,72.6,16.45,55,1015,2.36,fair
4.3,11.63,97.92,0.52,0.35,77.22,17.16,53,1014,3.89,fair
2.78,14.69,116.47,0.39,0.37,22.81,26.93,78,1014,3.09,good
2.56,13.54,113.69,0.3,0.33,23.4,26.78,78,1014,3.09,good
1.21,1.31,163.56,1.52,0.1,17.31,25.66,91,1015,1.18,good
3.46,3.48,163.98,1.14,0.16,45.17,28.08,70,1010,4.55,good
0.97,1.03,163.72,1.17,0.06,16.33,24.45,92,1013,0.99,good
1.52,3.78,113.19,0.33,0.09,41.68,26.75,78,1014,2.06,good
1.37,3.54,111.22,0.29,0.1,42.47,27.85,83,1014,3.09,good
11.95,18.99,445.07,8.24,2.46,38.4,28.03,83,1009,4.63,fair
27.51,31.81,384.68,4.41,1.23,14.75,24.0,85,1009,2.77,moderate
12.95,20.53,211.33,2.95,1.4,45.36,25.99,94,1009,2.57,fair
2.52,2.94,68.02,0.04,1.41,22.32,28.1,83,1011,4.12,good
1.51,5.93,60.26,0.01,0.05,32.56,30.51,69,1009,7.6,good
7.16,9.86,122.58,2.32,0.8,63.95,7.88,59,1023,3.6,fair
11.52,15.85,137.04,5.45,0.89,56.63,8.45,72,1021,1.98,fair
7.93,10.84,129.03,3.24,0.78,62.81,6.15,84,1023,2.22,fair
14.02,29.68,101.38,2.22,3.14,49.42,17.96,25,1014,0.08,fair
20.88,41.56,113.25,0.53,0.77,73.16,27.81,75,1009,6.99,fair
19.37,38.98,116.29,1.77,2.45,67.75,21.56,39,1012,3.26,fair
2.67,4.74,73.88,0.06,0.07,32.79,26.89,83,1010,2.57,good
2.67,4.74,73.88,0.06,0.07,32.79,26.84,83,1010,2.57,good
2.67,4.74,73.88,0.06,0.07,32.79,26.76,83,1010,2.57,good
4.59,6.23,112.08,2.52,0.83,27.42,11.34,95,1017,0.0,good
0.88,3.93,60.76,0.02,0.12,52.86,12.41,77,1021,1.34,good
17.99,26.23,236.18,5.21,3.35,33.28,24.18,55,1008,0.45,fair
1.49,2.27,76.63,0.6,0.05,16.68,15.14,94,1016,0.51,good
1.35,2.59,91.09,0.68,0.2,20.92,19.26,78,1015,1.12,good
1.03,1.82,78.86,0.5,0.23,22.73,16.97,87,1015,1.7,good
2.21,3.53,97.52,1.16,0.28,25.11,16.01,80,1017,1.79,good
2.93,4.26,96.27,1.6,0.23,13.52,16.88,71,1017,2.25,good
1.91,3.2,94.22,1.15,0.28,25.0,16.33,70,1017,2.21,good
4.75,9.29,117.48,4.55,0.37,60.15,13.56,88,1018,1.34,fair
4.75,9.29,117.48,4.55,0.37,60.15,13.78,88,1018,1.34,fair
30.66,109.58,126.32,2.74,0.78,78.87,29.84,55,1005,1.96,poor
41.32,171.6,119.91,1.02,0.62,74.46,29.02,54,1005,1.54,poor
27.7,90.91,126.02,3.37,1.13,81.49,30.0,45,1005,2.57,moderate
2.05,4.03,346.36,3.01,0.09,37.69,12.63,82,1011,1.54,good
51.14,167.76,223.18,0.66,0.02,68.69,16.31,61,1010,1.14,poor
4.55,10.38,102.59,0.14,0.06,71.93,22.6,50,1009,2.36,fair
2.51,11.98,99.48,0.9,0.9,44.62,26.29,79,1016,2.57,good
24.71,27.67,146.78,5.29,3.58,106.97,11.51,76,1017,2.06,moderate
23.36,27.79,175.54,6.35,3.76,98.69,12.23,79,1017,1.49,fair
13.29,18.09,147.12,1.84,1.33,107.36,15.35,69,1017,1.82,moderate
2.45,3.37,109.93,2.18,0.13,44.9,9.09,62,1014,4.12,good
1.59,2.37,108.85,2.15,0.12,40.02,2.84,70,1018,3.09,good
1.93,2.38,110.84,1.53,0.18,63.27,7.15,86,1015,1.63,fair
13.11,37.14,77.78,0.05,0.25,32.77,25.0,88,1010,3.6,fair
21.89,101.17,76.57,0.31,0.12,24.89,15.92,94,1016,2.06,poor
1.95,2.82,96.64,1.97,0.15,19.68,17.89,88,1015,1.03,good
2.05,5.45,84.89,1.24,0.09,34.29,12.26,61,1017,4.02,good
6.51,14.48,143.08,3.69,0.16,42.3,12.62,48,1018,1.54,good
10.22,20.81,290.39,8.15,0.61,28.91,9.88,73,1017,1.54,fair
8.13,11.29,187.79,9.19,0.55,39.32,9.3,61,1020,0.89,good
9.28,14.41,169.68,10.14,0.69,48.77,10.66,71,1019,1.03,good
9.22,10.74,167.48,7.05,0.74,66.4,9.49,49,1020,1.54,fair
11.85,14.83,92.04,3.1,2.49,33.78,19.59,70,1027,2.57,fair
6.43,12.2,78.5,6.29,3.86,29.92,16.36,90,1025,0.89,good
0.74,3.24,61.9,0.13,0.08,50.01,20.27,75,1023,4.12,good
3.13,4.45,174.76,3.75,2.66,42.29,28.48,80,1011,9.26,good
3.13,4.45,174.76,3.75,2.66,42.29,28.16,83,1011,9.26,good
3.13,4.45,174.76,3.75,2.66,42.29,28.2,83,1011,9.26,good
3.35,7.87,129.06,0.91,0.5,93.85,12.03,58,1018,12.35,fair
3.77,9.03,129.92,0.97,0.48,87.0,11.87,60,1018,15.45,fair
0.88,1.46,93.32,1.09,0.02,44.44,13.48,51,1017,8.23,good
10.53,12.67,135.04,2.0,0.65,81.19,9.95,76,1019,1.03,fair
11.09,13.66,135.93,4.39,1.06,76.71,6.74,81,1019,0.51,fair
9.23,11.72,137.66,4.09,0.51,58.92,8.51,94,1019,0.38,good
2.24,12.32,96.56,0.04,0.15,40.18,27.27,78,1015,4.63,good
26.63,59.53,158.56,0.94,0.95,50.2,26.99,89,1005,4.63,moderate
21.84,49.29,145.43,0.05,0.21,62.7,25.91,89,1008,2.57,fair
26.05,57.59,160.93,1.25,1.21,47.1,27.0,89,1005,4.63,moderate
25.42,28.72,192.2,8.41,2.93,93.08,11.9,53,1020,2.57,moderate
20.77,24.19,180.68,9.66,3.38,98.41,12.16,60,1021,4.47,fair
27.55,31.68,191.04,11.9,3.58,89.9,11.26,64,1021,4.46,moderate
5.41,10.53,175.36,1.81,0.14,28.84,29.06,61,1011,1.03,good
4.66,6.56,158.75,1.83,0.14,12.6,27.42,51,1011,1.75,good
5.39,10.38,193.74,1.82,0.27,24.33,30.64,47,1011,2.3,good
5.79,7.95,119.78,2.0,0.58,50.86,5.83,81,1020,2.06,good
3.94,5.28,124.89,0.9,0.49,84.48,6.11,81,1021,2.06,fair
0.99,1.83,128.82,1.16,0.16,58.53,3.96,81,1022,2.06,good
57.95,239.7,163.07,6.93,4.83,79.86,28.98,45,1006,3.09,very_poor
59.92,256.4,152.92,3.12,3.4,88.85,28.97,45,1006,3.09,very_poor
60.99,261.47,147.62,2.75,3.27,88.23,28.79,53,1006,3.18,very_poor
2.04,3.5,110.48,0.79,0.13,13.2,21.02,91,1014,2.61,good
5.97,9.18,233.36,2.78,0.61,25.03,15.89,95,1014,1.29,good
15.0,23.47,506.33,5.91,1.39,19.88,14.48,99,1014,1.31,fair
0.53,0.92,86.7,0.07,0.03,22.7,28.99,79,1010,3.09,good
0.53,0.96,85.76,0.06,0.03,22.58,28.92,79,1010,3.09,good
0.55,0.97,88.28,0.06,0.02,22.22,28.9,79,1010,2.76,good
1.15,1.21,107.85,0.32,0.12,5.18,26.03,94,1009,2.06,good
1.15,1.21,107.85,0.32,0.12,5.18,25.99,94,1009,2.06,good
0.82,0.85,94.73,0.18,0.06,4.73,26.0,94,1009,2.06,good
2.53,5.52,57.25,0.72,0.24,51.54,10.99,61,1019,2.57,good
2.59,2.81,103.74,0.29,0.07,22.27,21.01,88,1015,6.17,good
2.4,3.8,68.98,1.43,0.39,46.32,19.84,42,1014,4.63,good
3.34,3.59,130.04,2.48,0.09,8.6,21.66,93,1017,4.63,good
8.61,12.71,153.41,0.29,0.3,75.11,26.11,86,1014,7.2,fair
5.08,6.19,144.69,11.27,0.6,21.03,22.44,73,1017,0.0,good
1.23,3.59,108.22,0.08,0.05,57.89,25.99,73,1015,2.06,good
4.41,6.81,121.44,0.61,0.51,86.25,25.96,69,1015,5.14,fair
4.41,6.81,121.44,0.61,0.51,86.25,25.97,69,1015,5.14,fair
16.52,21.66,412.06,4.39,2.06,46.34,8.32,95,1012,0.87,fair
13.96,19.55,347.96,4.58,1.11,22.47,20.41,83,1007,1.53,fair
14.7,20.05,375.48,4.91,1.43,28.67,17.1,94,1009,1.04,fair
3.9,10.41,84.55,0.96,0.11,29.69,17.0,55,1015,2.67,good
2.62,3.77,79.71,0.68,0.05,15.17,20.24,47,1014,0.77,good
3.9,10.41,84.55,0.96,0.11,29.69,16.89,55,1015,2.62,good
0.5,0.62,138.89,0.9,0.42,84.68,-0.24,64,1015,6.0,fair
0.5,0.53,138.13,1.04,2.09,85.34,0.99,69,1014,5.0,fair
0.71,1.19,141.82,1.01,0.75,88.78,0.3,75,1021,5.14,fair
5.7,10.57,119.83,0.33,0.14,45.45,29.45,1,1011,4.63,good
4.5,9.97,114.29,0.3,0.18,46.17,28.21,78,1012,6.97,good
3.48,7.49,110.87,0.38,0.27,53.69,28.52,64,1012,4.45,good
4.79,5.66,169.33,8.88,1.54,95.02,14.05,46,1018,7.72,fair
1.57,1.92,136.18,3.2,0.17,65.18,20.98,28,1022,3.09,fair
0.5,0.5,111.75,0.12,0.06,86.64,7.94,43,1012,4.63,fair
5.56,10.25,181.34,1.27,0.39,4.77,26.2,89,1010,2.06,good
2.25,3.12,81.77,0.4,0.16,13.82,18.12,71,1013,0.7,good
2.9,3.64,104.66,0.22,0.03,8.33,21.82,92,1011,0.64,good
0.5,0.5,49.52,0.02,0.0,0.34,26.1,83,1011,1.54,good
0.5,0.5,49.52,0.02,0.0,0.34,25.96,83,1011,1.54,good
0.5,0.5,54.13,0.03,0.0,0.42,25.72,83,1011,1.54,good
5.56,10.25,181.34,1.27,0.39,4.77,26.2,89,1010,0.51,good
10.92,16.8,128.15,0.47,0.25,47.92,25.84,92,1010,3.38,fair
7.98,10.91,150.88,1.15,0.26,30.63,22.79,94,1010,1.21,good
12.86,13.77,129.64,2.55,1.49,108.04,10.44,67,1017,1.54,moderate
12.97,15.33,146.94,4.86,0.59,53.32,12.19,66,1016,0.51,fair
19.89,21.88,175.92,7.23,1.57,67.72,11.57,57,1017,1.03,fair
0.5,0.86,83.36,0.22,0.1,25.92,27.72,89,1010,2.57,good
0.5,0.87,83.09,0.21,0.09,25.97,27.31,89,1011,2.57,good
2.49,4.6,121.97,1.0,0.18,15.7,24.53,78,1011,0.67,good
5.01,7.23,194.19,7.74,0.23,34.79,18.53,37,1017,4.12,good
7.72,10.47,248.49,11.56,0.53,28.67,16.55,39,1017,1.06,good
5.01,7.23,194.19,7.74,0.23,34.79,17.57,41,1017,4.12,good
0.77,1.4,105.03,0.03,0.05,18.79,25.95,100,1009,0.0,good
1.83,2.2,99.51,0.59,0.02,1.25,23.74,88,1012,2.06,good
13.49,19.39,214.34,1.17,0.18,6.96,18.67,89,1013,1.37,fair
165.8,181.29,1472.6,104.48,69.21,3.19,16.92,63,1016,8.0,very_poor
49.17,68.4,481.81,44.19,30.1,28.55,13.94,31,1021,4.85,moderate
7.3,11.8,193.46,0.68,0.51,80.56,25.86,84,1011,3.2,fair
8.35,8.94,172.36,3.51,0.42,27.02,12.87,91,1016,0.51,good
2.49,2.96,112.12,1.84,0.45,17.01,26.03,69,1012,0.51,good
6.03,6.52,131.85,1.52,1.6,13.65,18.24,90,1015,2.24,good
1.35,1.58,107.15,0.5,0.32,40.6,20.6,85,1015,2.68,good
2.05,2.25,126.99,1.41,0.2,42.16,28.93,79,1011,3.6,good
1.83,2.09,106.13,0.48,0.32,41.1,21.35,89,1014,1.54,good
6.71,7.51,129.14,0.58,1.44,61.53,28.24,65,1014,6.17,fair
1.69,3.33,102.09,0.22,0.19,48.3,28.16,69,1014,1.03,good
2.19,2.81,110.38,0.04,0.03,42.63,24.19,88,1015,1.54,good
3.57,16.9,102.44,0.15,0.46,60.79,21.27,68,1016,6.17,fair
2.95,14.51,103.21,0.11,0.38,71.44,20.75,64,1017,8.23,fair
2.58,12.08,103.58,0.14,0.45,67.05,21.02,64,1017,5.66,fair
6.36,7.44,184.93,2.85,1.03,39.81,28.08,80,1012,6.69,good
6.36,7.44,184.93,2.85,1.03,39.81,28.16,80,1012,6.69,good
3.49,7.96,118.83,0.25,0.24,92.5,14.76,94,1012,3.09,fair
2.74,6.53,119.51,0.15,0.14,95.92,16.96,88,1012,2.06,fair
2.24,5.47,120.2,0.33,0.28,97.05,16.31,89,1012,2.06,fair
8.92,11.03,165.01,5.68,1.77,69.58,6.55,60,1021,1.54,fair
9.87,12.77,270.88,16.25,1.96,43.41,7.71,56,1021,1.03,good
9.07,11.53,163.97,5.67,1.47,64.91,4.15,75,1022,0.51,fair
9.35,11.35,164.36,7.3,1.69,77.09,7.04,56,1024,4.47,fair
8.13,10.01,151.58,4.03,1.57,92.52,7.15,66,1025,4.12,fair
13.1,14.14,147.9,3.58,0.77,102.49,6.34,73,1018,1.66,moderate
10.94,29.35,129.99,0.56,0.1,44.22,27.66,78,1007,2.89,fair
8.03,19.83,200.25,1.21,0.25,39.09,22.74,84,1008,3.52,good
11.56,30.08,221.48,1.63,0.25,38.67,25.99,67,1007,4.3,fair
10.05,11.16,172.96,9.81,1.91,76.92,7.32,61,1026,4.12,fair
3.24,3.97,146.94,2.39,0.54,90.84,2.69,79,1028,2.43,fair
6.22,7.23,150.09,3.24,0.83,94.11,4.08,80,1027,3.54,fair
2.46,12.91,100.85,1.85,1.39,43.31,26.01,76,1016,5.2,good
0.99,3.67,108.58,0.16,0.11,28.02,27.95,80,1014,3.09,good
5.33,8.38,148.73,4.16,0.87,28.56,26.76,78,1015,2.06,good
0.99,3.67,108.58,0.16,0.11,28.02,27.71,78,1015,3.09,good
36.84,145.78,129.27,7.62,0.37,41.88,16.37,88,1013,1.03,poor
20.89,82.38,119.24,4.98,0.38,60.79,16.93,94,1011,6.69,moderate
16.57,64.4,122.68,6.71,0.96,59.62,14.67,94,1015,0.0,moderate
9.78,11.08,335.65,11.97,1.59,15.86,12.53,90,1017,0.62,good
10.16,25.79,90.14,0.47,0.36,53.33,30.93,62,1011,2.06,fair
5.93,6.45,325.44,17.34,2.22,21.73,15.95,77,1016,2.57,good
0.5,0.5,142.42,0.36,0.19,97.26,4.19,60,1016,6.17,fair
0.5,0.57,141.66,0.74,0.27,89.72,0.14,80,1013,3.6,fair
0.5,0.52,142.19,0.68,0.24,87.58,1.73,75,1011,6.34,fair
15.98,48.95,125.42,1.49,5.86,110.75,18.42,68,1014,3.09,moderate
10.54,22.6,119.67,0.39,0.55,104.28,17.9,82,1015,4.12,moderate
15.98,48.95,125.42,1.49,5.86,110.75,18.42,75,1014,3.97,moderate
9.69,48.73,112.96,0.21,0.27,91.2,17.98,88,1015,2.57,fair
3.01,14.32,109.14,0.25,0.44,94.17,18.01,88,1015,4.63,fair
3.67,10.45,113.1,0.25,0.4,95.38,19.11,79,1015,6.87,fair
11.62,18.18,195.29,2.15,0.18,34.57,16.34,72,1012,1.54,fair
9.16,14.43,135.18,0.88,0.1,41.83,23.56,57,1009,0.54,good
18.84,43.66,149.17,1.32,0.08,40.37,29.71,40,1007,3.25,fair
1.98,4.16,104.43,0.7,0.03,65.77,17.57,39,1014,5.14,fair
7.09,10.85,118.89,0.64,0.73,112.48,17.06,55,1016,2.06,moderate
5.7,11.04,125.92,3.5,0.25,76.41,15.08,74,1016,2.24,fair
18.0,26.19,642.47,5.05,0.43,20.26,16.49,63,1014,2.06,fair
2.84,9.75,92.84,0.53,0.04,21.7,20.72,65,1012,3.56,good
7.3,15.99,222.72,2.49,0.27,32.85,16.17,74,1013,2.59,good
0.5,0.5,143.39,0.75,0.35,93.24,2.06,58,1016,6.71,fair
0.5,0.5,142.15,0.54,0.25,94.58,1.88,59,1016,6.71,fair
0.5,0.5,142.81,0.57,0.31,90.44,1.26,58,1018,8.49,fair
1.35,5.31,64.91,0.03,0.05,21.68,29.94,79,1012,3.09,good
1.35,5.31,64.91,0.03,0.05,21.68,29.99,79,1012,3.09,good
0.9,3.66,64.96,0.04,0.05,21.33,30.83,66,1012,2.57,good
35.56,38.78,212.25,5.33,2.17,102.16,13.98,57,1019,4.12,moderate
7.82,12.49,127.89,0.37,0.38,101.5,14.06,87,1017,1.31,moderate
8.73,11.62,129.17,2.15,0.2,50.52,14.54,71,1016,1.54,good
0.81,1.69,86.0,0.19,0.09,17.83,28.01,78,1010,2.57,good
1.25,3.54,86.84,0.05,0.07,18.89,26.98,89,1010,3.09,good
0.52,0.61,60.39,0.02,0.01,1.77,23.38,80,1010,0.74,good
29.88,33.9,156.35,26.81,8.34,73.42,10.56,79,1023,3.6,moderate
6.22,6.69,133.39,4.63,1.74,91.52,9.38,83,1026,4.12,fair
1.56,2.3,130.76,4.14,0.75,66.11,10.28,83,1030,3.09,fair
2.65,3.11,111.77,2.28,0.17,70.88,11.08,62,1019,10.29,fair
4.32,5.11,116.54,3.13,1.24,68.06,10.99,82,1023,1.03,fair
4.29,4.85,128.24,3.56,0.81,74.59,8.33,82,1023,1.09,fair
1.68,2.27,116.09,0.09,0.04,14.31,25.99,89,1012,1.03,good
1.68,2.27,116.09,0.09,0.04,14.31,25.99,89,1013,1.03,good
0.81,0.91,111.88,0.11,0.04,12.7,23.55,97,1013,1.21,good
23.28,27.48,140.55,4.76,1.71,96.01,10.61,87,1022,3.09,fair
1.85,3.44,121.6,1.31,0.11,7.41,23.64,89,1011,1.11,good
1.99,2.9,93.03,1.05,3.18,29.25,28.23,83,1010,2.06,good
1.82,2.67,138.31,2.36,0.21,16.4,28.54,61,1010,2.54,good
6.93,13.93,122.54,3.49,0.61,53.01,17.22,92,1012,7.72,good
9.88,38.19,120.43,1.5,2.3,82.73,22.08,68,1012,4.12,fair
10.26,39.47,116.83,1.45,2.18,83.3,22.02,68,1012,4.12,fair
9.88,38.19,120.43,1.5,2.3,82.73,22.01,68,1012,4.12,fair
33.59,96.82,100.24,0.53,0.55,71.34,26.04,78,1013,2.06,moderate
33.59,96.82,100.24,0.53,0.55,71.34,26.05,78,1012,2.06,moderate
6.45,8.85,187.69,0.86,0.22,12.38,20.71,98,1014,1.08,good
2.4,12.3,97.02,0.65,0.64,45.39,25.82,83,1016,4.12,good
2.4,12.3,97.02,0.65,0.64,45.39,25.94,83,1016,4.12,good
2.4,12.3,97.02,0.65,0.64,45.39,25.94,83,1016,4.12,good
1.5,2.29,112.9,0.1,0.07,25.02,26.92,100,1009,2.57,good
0.75,2.12,107.42,0.03,0.06,19.79,25.95,94,1010,3.09,good
1.15,1.38,84.65,0.09,0.02,1.35,21.22,95,1011,0.85,good
13.4,19.89,132.86,2.93,3.52,96.28,16.31,41,1018,3.09,fair
6.16,9.7,117.0,1.29,0.28,46.39,13.63,77,1020,0.89,good
36.08,41.0,132.59,0.57,4.93,116.22,14.36,74,1017,3.68,moderate
4.31,6.9,138.84,0.69,1.17,34.96,25.81,68,1011,5.14,good
3.04,4.85,126.07,0.43,0.69,34.53,27.0,66,1012,5.14,good
4.27,6.72,133.52,0.53,1.0,36.41,21.97,69,1012,5.14,good
6.32,27.48,94.93,0.04,0.21,19.72,29.04,71,1012,7.2,fair
6.32,27.48,94.93,0.04,0.21,19.72,28.54,71,1012,7.2,fair
6.5,26.41,95.21,0.04,0.21,18.61,29.57,71,1012,7.2,fair
22.72,96.98,127.47,0.64,1.47,91.58,24.06,83,1011,2.06,moderate
44.55,158.99,128.99,0.5,0.63,68.7,24.73,56,1011,2.85,poor
35.91,133.98,130.73,0.49,0.89,80.94,25.91,51,1011,2.42,poor
2.0,3.39,127.94,1.21,0.66,20.55,26.99,89,1012,4.12,good
0.92,1.13,125.12,0.27,0.07,14.67,24.33,91,1012,2.03,good
1.61,3.08,131.48,0.36,0.19,21.29,24.8,91,1013,2.02,good
7.41,12.52,192.15,0.62,0.49,80.16,24.78,81,1011,4.02,fair
7.41,12.52,192.15,0.62,0.49,80.16,24.97,81,1011,4.02,fair
8.37,13.76,193.65,0.71,0.61,80.3,25.9,81,1011,4.12,fair
14.37,15.7,116.09,0.62,10.67,37.85,31.42,22,1013,4.63,fair
10.15,12.53,219.66,3.39,0.69,48.03,30.69,70,1011,7.72,fair
9.53,10.75,157.38,1.06,0.36,80.46,30.9,79,1011,4.63,fair
9.55,11.13,129.71,3.64,0.23,52.73,6.69,87,1019,0.51,good
30.77,32.97,167.32,4.97,3.24,102.15,13.06,58,1017,0.0,moderate
23.3,25.1,160.89,4.34,2.39,104.21,13.51,67,1017,1.54,moderate
0.74,2.77,105.22,0.2,0.13,29.85,28.93,70,1014,3.6,good
0.74,2.77,105.22,0.2,0.13,29.85,28.43,70,1014,3.6,good
2.57,3.81,115.82,0.25,0.12,46.36,26.53,74,1015,3.44,good
4.53,7.54,136.07,2.53,0.25,49.84,9.72,54,1020,0.89,good
2.87,5.41,140.85,2.26,0.16,55.25,5.88,52,1020,1.54,good
9.86,13.92,150.19,7.72,1.1,54.96,11.14,48,1020,1.3,good
3.3,4.54,142.04,0.52,0.19,33.48,26.69,91,1009,1.03,good
4.17,5.98,201.74,2.85,0.83,30.2,26.68,94,1010,1.03,good
3.3,4.54,142.04,0.52,0.19,33.48,26.26,89,1009,1.03,good
5.17,6.12,134.19,3.96,1.27,59.09,8.24,90,1029,3.09,good
8.47,10.19,130.45,2.03,0.86,75.28,11.87,87,1027,3.6,fair
1.79,2.55,119.35,2.32,0.76,50.67,9.97,95,1028,2.46,good
13.14,29.23,128.06,2.76,1.06,75.45,13.17,85,1013,1.79,fair
11.26,29.89,130.86,9.39,1.66,75.01,16.74,84,1012,2.06,fair
2.67,5.29,122.51,0.32,0.42,104.31,16.41,82,1012,2.98,moderate
1.46,2.83,131.95,2.63,1.32,91.04,11.88,76,1028,5.66,fair
36.1,116.46,106.79,0.1,0.25,54.35,28.01,83,1006,1.54,poor
32.19,70.3,231.52,5.58,1.69,49.97,30.03,37,1000,2.57,moderate
27.75,35.6,330.79,8.35,2.89,38.85,25.07,88,1008,3.09,moderate
27.08,86.03,266.55,15.81,7.54,55.56,19.95,68,1006,5.66,moderate
23.14,90.17,166.41,1.98,0.39,66.78,17.34,89,1008,0.45,moderate
23.63,76.24,307.54,11.11,1.24,59.66,14.85,100,1008,2.06,moderate
4.36,6.5,137.18,5.44,1.65,58.77,16.99,34,1011,3.09,good
26.15,80.88,149.99,3.39,0.72,80.55,14.08,58,1013,0.0,moderate
13.99,21.36,176.03,8.45,0.93,46.54,18.54,26,1009,1.58,fair
5.46,9.64,117.85,0.11,0.25,94.32,9.81,86,1006,11.32,fair
5.46,9.64,117.85,0.11,0.25,94.32,9.84,86,1006,11.32,fair
5.46,9.64,117.85,0.11,0.25,94.32,9.93,86,1006,11.32,fair
5.55,7.55,119.14,0.26,0.4,109.26,14.16,71,1017,1.54,moderate
7.35,10.91,153.77,2.45,0.61,83.46,17.4,67,1016,1.03,fair
5.59,8.31,117.62,0.44,0.5,108.22,14.78,80,1017,1.03,moderate
25.65,29.32,141.65,2.85,1.37,101.95,12.7,70,1021,3.09,moderate
0.84,2.65,95.52,0.21,0.17,38.45,27.53,74,1014,3.09,good
0.91,2.98,95.13,0.19,0.16,39.72,27.03,76,1014,3.09,good
0.91,2.98,95.13,0.19,0.16,39.72,27.19,76,1014,3.09,good
7.46,17.96,128.0,2.57,1.43,93.87,14.05,77,1013,3.6,fair
4.45,12.9,125.94,2.27,1.75,111.58,14.95,77,1012,3.6,moderate
8.4,19.69,146.06,10.03,2.18,83.83,13.27,90,1012,1.91,fair
10.93,14.06,178.87,4.62,8.49,92.11,19.93,71,1013,6.69,fair
9.48,13.23,172.55,3.62,8.07,97.1,19.93,73,1013,6.69,fair
7.01,9.92,149.12,2.58,1.7,104.38,18.4,66,1013,2.06,moderate
0.58,0.68,88.22,0.46,0.12,21.39,15.62,94,1014,2.57,good
15.71,20.72,483.1,3.61,0.34,14.54,15.93,95,1014,1.1,fair
8.4,11.26,239.13,2.13,0.31,14.3,25.23,88,1009,1.03,good
6.18,8.91,95.12,1.53,0.62,91.93,11.11,75,1014,0.66,fair
1.33,1.73,76.99,0.23,0.21,71.37,15.51,77,1011,2.0,fair
1.88,3.56,91.08,1.17,0.15,66.83,13.27,55,1011,3.05,fair
15.87,19.08,475.18,6.65,1.34,45.12,28.63,71,1010,4.32,fair
4.6,6.85,247.48,1.6,0.41,56.75,28.69,71,1010,2.74,good
22.62,23.72,383.25,3.32,0.41,12.49,28.16,71,1009,0.83,fair
0.5,1.16,72.11,0.01,0.03,4.96,30.0,74,1009,1.03,good
2.06,4.41,71.57,0.05,0.11,33.31,26.43,82,1011,3.41,good
2.17,4.52,71.9,0.04,0.09,32.02,26.77,80,1010,3.47,good
1.97,4.66,70.81,0.03,0.1,33.65,28.21,74,1009,5.93,good
14.31,16.81,200.72,4.34,6.04,101.98,11.87,58,1012,5.52,moderate
7.18,8.0,208.32,3.83,4.02,101.34,7.94,87,1013,0.71,moderate
15.24,18.26,192.82,3.85,5.42,103.77,11.62,57,1013,6.26,moderate
9.29,12.32,188.63,3.58,3.02,114.29,11.76,87,1012,5.14,moderate
18.77,29.3,159.07,1.07,1.0,133.85,16.95,48,1011,2.57,moderate
7.23,10.25,178.19,1.48,2.17,117.4,11.95,87,1012,5.14,moderate
67.69,204.79,140.81,1.73,1.44,89.8,23.97,66,1004,5.04,very_poor
73.02,227.97,145.34,1.66,1.54,98.11,24.33,68,1004,4.02,very_poor
73.02,227.97,145.34,1.66,1.54,98.11,24.25,68,1004,4.02,very_poor
0.99,2.66,101.12,0.13,0.1,36.89,29.01,61,1013,2.57,good
0.99,2.66,101.12,0.13,0.1,36.89,29.01,61,1013,2.57,good
4.52,6.79,88.33,1.07,0.34,65.31,13.28,62,1016,2.0,fair
20.16,51.27,153.59,7.2,0.48,23.74,10.33,87,1011,2.0,moderate
6.47,17.91,124.04,0.27,0.04,92.14,12.05,66,1016,7.0,fair
47.66,51.91,687.91,7.1,1.67,30.27,22.97,83,1009,4.12,moderate
44.98,48.11,1028.18,17.04,1.95,22.73,24.62,80,1009,1.82,moderate
27.09,28.33,488.59,2.29,0.45,26.05,26.3,85,1010,1.99,moderate
2.82,6.92,121.56,3.5,1.43,95.79,17.08,85,1012,1.1,fair
13.19,19.17,145.97,4.38,4.26,77.64,17.42,83,1012,2.47,fair
2.87,6.95,121.76,2.54,1.36,96.36,17.41,86,1012,0.78,fair
2.47,11.7,97.19,0.5,0.55,46.51,26.93,74,1015,3.6,good
2.51,12.55,97.22,0.34,0.42,44.8,26.13,82,1015,3.6,good
0.5,0.51,82.14,1.07,0.46,17.94,26.16,91,1007,2.57,good
0.5,0.51,82.14,1.07,0.46,17.94,26.15,91,1007,1.34,good
0.5,0.51,82.14,1.07,0.46,17.94,26.08,91,1007,1.34,good
0.5,0.84,86.6,0.23,0.08,23.64,24.16,91,1013,5.28,good
3.02,6.31,128.82,0.77,0.25,31.68,22.07,98,1013,1.21,good
0.5,0.81,82.1,0.24,0.06,26.39,24.05,90,1012,3.51,good
0.62,1.47,63.4,1.35,0.1,34.33,5.89,46,1018,0.71,good
1.79,3.36,88.14,1.79,0.14,31.14,6.73,59,1018,0.81,good
0.61,1.96,59.56,1.16,0.1,35.54,5.51,49,1019,1.21,good
0.5,0.63,140.18,1.3,0.82,84.16,1.43,67,1017,3.6,fair
0.5,0.59,140.36,0.7,0.38,82.14,1.18,69,1019,3.09,fair
0.5,0.67,145.43,1.95,0.91,87.43,4.01,70,1022,8.87,fair
10.92,12.96,159.04,6.25,0.9,52.67,11.94,57,1018,3.6,fair
10.68,12.48,146.63,4.25,0.78,63.1,11.77,60,1018,2.24,fair
10.73,12.58,154.4,5.28,0.97,59.61,11.87,58,1018,3.6,fair
0.5,0.5,141.71,0.59,0.35,86.73,3.9,75,1017,4.12,fair
0.5,0.58,140.19,0.61,0.23,89.84,0.6,81,1015,4.96,fair
0.51,0.91,142.41,0.66,0.64,95.34,3.95,70,1022,3.6,fair
5.4,19.75,125.96,0.46,0.07,112.05,18.94,68,1012,10.29,moderate
17.11,26.04,168.24,1.9,1.76,115.58,17.7,52,1017,3.23,moderate
11.48,42.11,139.65,1.19,0.24,99.45,18.49,71,1015,6.45,fair
10.18,27.11,120.89,1.01,1.74,92.08,20.16,77,1010,2.06,fair
12.33,20.07,123.2,2.29,3.6,82.57,21.23,56,1009,3.6,fair
6.42,19.06,95.76,2.12,0.11,50.79,19.08,88,1008,1.54,good
6.99,11.39,130.16,0.67,0.55,96.08,14.48,88,1017,2.06,fair
2.83,4.66,141.53,1.96,0.66,79.13,4.46,58,1020,2.57,fair
2.48,3.64,140.87,1.33,0.4,73.88,6.06,47,1021,3.01,fair
2.7,5.51,149.78,2.98,0.24,54.89,5.76,47,1020,2.39,good
12.85,15.94,139.41,0.61,0.52,102.36,13.88,58,1017,1.54,moderate
13.61,16.25,141.5,1.53,1.12,103.69,9.17,84,1018,1.19,moderate
15.46,18.36,147.21,3.48,2.63,101.44,8.48,100,1017,0.51,moderate
6.25,9.55,165.79,1.83,0.1,11.35,16.98,100,1014,1.54,good
1.95,3.92,78.57,0.46,0.07,16.6,23.0,94,1010,1.54,good
3.6,5.99,108.94,1.04,0.17,13.91,13.34,88,1015,1.24,good
0.56,1.93,101.08,0.01,0.06,12.43,29.98,74,1010,6.69,good
6.44,7.79,109.5,1.41,1.82,76.66,7.9,71,1020,2.57,fair
6.24,7.74,108.47,1.72,1.82,68.48,7.31,84,1020,1.99,fair
6.63,7.93,98.95,1.21,1.13,49.89,8.32,87,1019,0.57,good
10.02,25.17,149.62,0.39,0.08,28.07,31.3,48,1011,2.06,fair
2.58,4.2,144.3,1.35,0.17,19.28,25.62,68,1012,2.43,good
2.99,5.37,153.49,0.93,0.11,13.59,29.15,40,1011,2.5,good
8.31,12.33,209.98,2.01,0.26,37.58,26.98,94,1009,1.54,good
25.59,37.15,205.28,1.54,0.25,65.13,28.66,50,1007,2.26,moderate
37.81,48.41,748.9,13.81,1.41,15.26,26.25,59,1008,2.63,moderate
2.19,11.72,122.03,0.16,0.21,97.64,-3.93,68,1027,1.0,fair
0.5,0.56,129.33,0.6,0.04,75.16,5.13,34,1022,2.2,fair
0.65,0.79,128.38,0.3,0.7,76.2,7.07,29,1023,4.59,fair
10.29,16.24,196.65,0.9,0.85,80.58,24.85,88,1011,5.66,fair
10.13,16.81,193.0,0.35,0.42,80.45,24.96,88,1011,5.66,fair
10.13,16.81,193.0,0.35,0.42,80.45,24.82,88,1011,5.66,fair
4.31,22.83,93.11,0.09,0.21,32.78,28.08,74,1013,7.72,fair
1.93,9.51,98.09,0.72,0.6,44.94,25.43,79,1016,4.08,good
1.91,9.52,97.71,0.63,0.55,44.09,25.69,80,1016,3.96,good
1.91,9.52,97.71,0.63,0.55,44.09,25.39,82,1016,4.02,good
6.46,23.95,109.58,0.23,1.03,80.72,18.96,85,1013,7.77,fair
2.66,9.97,108.67,0.76,1.08,87.46,17.93,88,1015,6.17,fair
55.53,241.46,111.5,0.27,0.12,61.45,31.49,12,1009,5.4,very_poor
18.93,27.45,117.82,0.13,1.21,104.5,16.34,88,1017,2.06,moderate
18.93,27.45,117.82,0.13,1.21,104.5,16.22,88,1017,2.06,moderate
18.93,27.45,117.82,0.13,1.21,104.5,15.99,88,1017,2.06,moderate
1.94,3.83,68.54,0.68,0.33,38.47,24.68,95,1010,3.28,good
1.91,3.84,64.6,0.39,0.23,40.39,22.15,95,1011,1.34,good
1.91,3.84,64.6,0.39,0.23,40.39,23.1,95,1011,1.34,good
0.5,1.41,94.99,0.04,0.03,13.51,29.97,84,1007,3.6,good
1.99,2.74,73.31,0.3,0.01,15.38,16.46,82,1014,0.53,good
2.18,3.67,82.57,0.96,0.21,14.33,17.0,65,1013,1.43,good
4.49,6.17,105.72,0.98,0.07,24.45,15.33,84,1014,1.03,good
15.32,17.95,196.96,5.08,2.2,107.07,25.94,22,1011,10.29,moderate
0.69,1.87,118.52,0.15,0.22,107.87,18.66,55,1016,6.69,moderate
13.13,15.53,169.61,3.04,1.63,102.75,25.97,22,1011,10.29,moderate
6.44,7.06,212.34,2.22,0.64,18.5,25.29,88,1008,0.0,good
12.32,13.83,207.42,6.74,4.21,12.17,25.52,94,1008,1.03,fair
7.63,8.33,214.61,1.69,0.4,15.32,25.51,88,1008,0.0,good
3.91,10.08,76.65,0.47,0.49,49.73,19.55,87,1015,7.2,good
3.91,10.08,76.65,0.47,0.49,49.73,19.97,88,1015,7.2,good
1.09,2.1,70.28,0.27,0.02,12.8,18.89,98,1012,1.35,good
2.59,7.92,61.32,0.06,0.13,46.51,28.73,75,1014,2.79,good
2.59,7.92,61.32,0.06,0.13,46.51,28.87,75,1014,1.55,good
2.12,6.17,62.18,0.07,0.12,41.94,28.66,75,1015,1.47,good
11.34,25.38,195.38,1.02,0.17,30.86,30.16,48,1010,1.03,fair
28.21,53.0,283.73,1.32,0.45,40.24,30.7,40,1008,1.77,moderate
58.16,114.97,664.86,7.14,2.22,44.44,30.05,30,1008,3.01,poor
0.65,1.05,95.09,0.05,0.02,21.78,28.56,77,1009,5.17,good
37.83,61.58,772.86,9.28,0.95,16.14,30.47,32,1009,1.46,moderate
13.52,28.02,351.34,3.19,0.74,19.19,24.4,85,1010,1.52,fair
12.9,13.32,107.56,0.22,12.41,40.95,32.27,46,1008,6.71,fair
29.74,30.93,114.23,0.33,10.93,52.21,30.78,61,1009,2.77,moderate
11.62,11.96,108.32,0.24,7.36,41.46,32.27,46,1009,6.71,fair
14.46,17.76,170.14,13.16,2.96,92.56,10.18,81,1023,6.17,fair
10.14,12.99,159.12,10.89,2.18,94.19,9.34,71,1023,6.17,fair
14.03,17.28,171.28,16.43,2.92,84.96,10.35,82,1023,6.17,fair
1.12,1.59,138.4,2.09,1.2,96.84,4.65,56,1030,1.47,fair
0.73,1.79,132.04,0.89,1.02,113.67,3.27,81,1030,2.06,moderate
0.5,0.55,123.92,0.37,0.06,84.8,0.87,82,1031,0.45,fair
18.42,24.79,377.41,5.57,6.23,63.28,19.25,100,1007,1.03,fair
39.85,50.42,455.67,4.84,6.42,74.39,18.96,80,1007,0.68,moderate
28.66,38.15,426.49,6.39,7.55,64.66,23.11,85,1006,0.9,moderate
2.12,4.07,71.37,0.43,0.52,55.62,19.39,21,1026,1.34,good
1.66,3.37,74.86,0.61,0.16,33.4,21.06,49,1022,1.54,good
1.1,1.87,66.16,0.68,0.27,32.99,15.88,80,1024,7.2,good
44.28,146.82,115.7,1.14,0.91,72.23,31.99,22,1004,2.57,poor
36.68,117.3,113.74,1.26,0.99,75.62,32.05,22,1004,2.57,poor
43.57,142.76,114.8,1.02,0.84,73.62,32.0,22,1004,2.57,poor
2.12,2.74,114.59,0.55,0.37,49.59,27.94,83,1009,2.57,good
2.6,3.52,123.95,0.89,0.64,51.43,27.69,87,1010,2.57,good
2.6,3.52,123.95,0.89,0.64,51.43,27.98,86,1010,2.57,good
6.49,22.18,73.4,0.06,0.36,55.82,20.14,83,1013,4.63,fair
6.49,22.18,73.4,0.06,0.36,55.82,21.1,83,1013,4.63,fair
9.77,16.77,85.18,0.62,1.3,64.66,16.12,51,1017,2.06,fair
0.69,1.96,65.88,0.18,0.09,23.28,30.9,66,1012,7.6,good
0.71,2.24,65.03,0.12,0.07,21.64,30.96,66,1012,7.6,good
0.7,2.22,65.08,0.1,0.06,20.45,30.8,66,1011,7.6,good
1.47,7.81,61.58,0.03,0.14,48.3,27.88,71,1011,3.63,good
1.3,1.58,35.54,0.04,0.03,2.57,27.21,71,1011,0.27,good
1.24,1.73,65.79,0.11,2.22,20.17,30.75,67,1010,1.59,good
7.31,8.83,179.28,4.2,3.59,31.63,30.23,72,1011,3.09,good
23.36,25.5,476.81,11.46,2.16,20.27,28.05,78,1011,3.6,fair
7.08,8.62,164.79,3.88,3.75,33.59,30.57,73,1011,3.09,good
39.7,96.79,478.22,11.25,2.28,22.7,27.99,44,1001,4.12,moderate
33.83,88.44,115.9,0.13,0.69,90.31,27.09,74,1002,4.63,moderate
3.25,8.81,167.25,1.0,0.22,83.66,26.08,47,1003,5.14,fair
7.25,11.13,189.05,7.01,2.98,48.53,3.4,52,1023,3.37,good
12.45,14.58,166.83,3.98,2.48,66.02,3.1,70,1022,0.51,fair
8.22,10.91,171.43,5.17,2.15,60.31,7.99,57,1023,4.47,fair
1.22,2.46,112.41,0.37,0.1,29.83,27.32,79,1016,3.09,good
1.4,2.7,109.9,0.38,0.11,30.41,27.22,81,1016,3.09,good
1.48,2.63,108.06,0.42,0.11,32.63,27.06,81,1016,0.0,good
11.45,30.65,125.08,1.53,0.85,83.03,16.43,83,1013,1.42,fair
9.26,27.78,122.28,0.62,0.75,83.86,16.61,81,1013,1.91,fair
11.45,30.65,125.08,1.53,0.85,83.03,16.36,83,1013,1.37,fair
12.62,27.33,126.64,3.94,3.03,113.16,19.04,72,1010,3.6,moderate
15.67,31.21,135.95,4.48,2.5,99.51,15.73,88,1010,0.0,fair
14.88,28.37,141.64,4.07,1.94,96.04,15.72,81,1011,1.87,fair
2.72,6.96,73.78,1.13,0.34,36.8,15.79,65,1017,1.79,good
4.9,8.3,121.31,2.45,0.54,40.2,17.26,77,1016,3.6,good
2.52,6.94,71.65,1.18,0.38,35.41,15.71,65,1017,1.79,good
34.83,134.23,132.34,4.44,2.16,67.3,28.95,49,1005,0.51,poor
34.83,134.23,132.34,4.44,2.16,67.3,28.89,47,1005,0.51,poor
36.19,132.16,140.81,7.85,4.02,64.23,29.03,45,1005,0.51,poor
1.81,4.4,63.9,0.26,0.27,44.1,25.81,78,1011,5.66,good
1.81,4.47,61.41,0.1,0.16,45.49,26.05,79,1010,2.71,good
1.95,4.83,61.0,0.08,0.16,44.68,23.82,83,1011,2.57,good
2.3,4.24,128.85,1.9,0.16,52.49,7.85,72,1020,0.51,good
3.51,6.2,146.42,3.05,0.16,46.89,6.37,46,1020,1.03,good
0.67,1.25,133.4,0.9,0.53,91.57,3.25,71,1022,5.03,fair
6.4,9.72,118.72,4.91,0.67,50.77,8.63,71,1019,1.54,good
8.03,12.65,156.97,6.43,3.94,70.19,8.99,66,1019,1.03,fair
14.28,17.61,119.23,3.1,7.16,70.03,7.38,65,1019,1.71,fair
0.5,0.5,135.48,0.63,0.28,88.73,-0.19,98,995,9.1,fair
0.5,0.5,142.59,2.4,0.5,81.83,2.78,67,1006,7.0,fair
0.71,1.02,135.95,0.54,0.11,65.25,2.87,70,1027,1.0,fair
22.35,30.34,548.49,2.59,0.38,5.01,17.07,93,1014,1.54,fair
18.57,28.13,455.1,3.45,1.37,18.5,16.92,95,1016,0.47,fair
20.71,32.55,474.49,5.34,1.35,15.51,15.15,98,1016,0.95,fair
17.07,69.23,115.6,3.35,13.84,105.18,27.0,39,1008,6.3,moderate
21.84,60.21,101.31,1.63,2.12,54.62,27.96,29,1006,0.75,moderate
28.37,95.25,123.82,19.31,68.61,70.33,26.1,35,1008,4.42,moderate
0.53,1.59,69.6,0.01,0.03,6.8,30.68,67,1010,2.21,good
0.53,1.59,69.6,0.01,0.03,6.8,30.76,66,1010,2.16,good
0.51,1.42,69.12,0.02,0.03,6.9,30.64,66,1010,2.62,good
0.5,0.62,71.66,0.05,0.01,11.15,28.0,83,1008,1.54,good
31.2,144.4,105.03,0.21,0.19,72.96,29.56,11,1009,8.75,poor
31.1,142.81,104.49,0.2,0.17,71.94,29.1,11,1009,8.66,poor
31.1,142.81,104.49,0.2,0.17,71.94,29.17,11,1009,8.64,poor
0.5,0.5,146.04,1.71,0.89,91.85,2.31,70,1025,2.06,fair
1.28,1.83,142.92,5.36,3.59,98.01,2.17,71,1028,2.33,fair
9.91,11.04,170.59,10.32,2.82,76.47,7.93,65,1026,3.73,fair
9.12,10.41,174.9,5.09,3.16,10.48,25.97,94,1008,1.54,good
9.12,10.41,174.9,5.09,3.16,10.48,25.97,96,1008,1.54,good
9.12,10.41,174.9,5.09,3.16,10.48,26.0,97,1008,1.54,good
10.47,12.66,149.29,6.9,0.47,47.76,10.63,77,1019,1.03,fair
7.32,10.1,137.23,5.83,0.26,50.73,8.96,76,1020,1.54,good
7.1,9.21,133.33,5.0,0.44,51.85,9.88,77,1019,0.67,good
4.83,6.93,144.89,3.8,0.2,48.58,7.94,63,1020,1.54,good
4.12,7.19,140.31,2.0,0.57,66.96,7.61,39,1021,3.6,fair
4.83,6.93,144.89,3.8,0.2,48.58,7.81,64,1020,1.54,good
16.43,52.98,103.73,0.51,0.41,54.08,24.86,85,1013,2.24,moderate
11.25,34.53,104.1,0.56,0.34,47.31,24.21,95,1012,0.52,fair
10.21,27.96,110.7,0.5,0.25,43.98,23.14,98,1013,0.8,fair
6.92,28.07,103.91,0.91,1.37,77.77,20.7,85,1014,4.12,fair
15.59,75.84,136.76,1.68,1.3,67.57,20.18,53,1012,6.24,moderate
6.9,27.84,103.75,1.22,1.57,78.82,20.67,85,1014,4.12,fair
0.5,1.17,68.19,0.05,0.03,16.99,28.26,75,1008,3.13,good
2.64,7.44,111.58,0.87,0.08,23.64,22.85,60,1010,2.03,good
3.41,12.59,85.1,0.23,0.03,18.69,25.19,52,1010,3.85,good
0.78,0.91,117.07,1.04,0.38,15.1,26.95,83,1013,2.06,good
0.74,0.85,116.57,0.68,0.24,15.77,26.96,83,1013,2.06,good
5.01,8.53,184.05,0.86,0.06,3.93,21.68,88,1010,1.73,good
8.73,28.42,111.49,0.25,0.03,27.58,29.67,34,1006,2.3,fair
3.72,4.71,143.24,0.24,0.04,2.96,18.23,92,1011,1.65,good
0.83,2.76,84.7,0.03,0.05,19.0,27.02,94,1010,0.0,good
2.7,4.11,102.39,0.19,0.18,38.57,26.16,77,1011,5.14,good
2.7,4.11,102.39,0.19,0.18,38.57,26.94,74,1011,5.14,good
4.16,5.66,101.89,0.12,0.85,34.54,30.81,70,1009,1.54,good
8.99,13.98,114.83,2.15,1.53,47.14,15.47,83,1010,3.83,good
9.07,16.89,154.9,13.67,2.26,54.33,15.63,62,1011,1.79,good
35.98,46.07,190.96,7.19,22.2,93.59,14.39,85,1011,3.03,moderate
3.41,4.75,105.77,2.2,1.7,27.1,16.08,82,1017,1.64,good
4.25,6.59,111.89,2.76,1.96,25.99,13.18,96,1016,1.42,good
4.59,5.67,121.66,0.41,0.31,58.95,26.47,79,1015,0.0,good
53.92,193.68,247.33,2.37,0.67,38.33,30.98,23,1007,2.57,poor
3.6,8.33,122.44,0.24,0.02,13.13,28.14,51,1008,2.46,good
15.42,47.15,127.39,0.38,0.09,30.06,27.37,15,1008,3.08,fair
1.12,1.76,114.09,0.58,0.25,30.64,29.06,79,1010,2.06,good
7.92,11.89,205.13,2.79,0.45,13.01,25.4,68,1011,0.07,good
4.86,7.05,162.06,2.26,0.14,11.9,27.66,64,1011,0.7,good
6.77,9.38,178.77,2.27,0.47,16.98,31.78,61,1008,5.24,good
5.93,8.78,168.58,1.91,0.42,17.82,32.25,61,1008,3.6,good
7.86,10.85,203.8,2.67,0.56,16.65,29.97,74,1008,3.09,good
42.98,143.89,362.53,1.55,0.3,81.91,17.06,77,1009,2.0,poor
5.68,14.7,99.73,0.63,1.09,63.99,17.31,59,1010,0.85,fair
3.13,6.29,102.06,0.59,1.06,77.26,14.26,62,1011,1.11,fair
0.86,1.18,95.48,0.96,0.2,25.5,28.15,72,1012,0.17,good
1.24,2.94,100.01,0.99,0.26,28.9,26.53,81,1012,2.09,good
1.34,4.46,73.59,0.32,0.17,34.84,26.8,79,1012,2.3,good
13.98,23.04,168.42,5.64,1.05,80.57,20.92,49,1011,6.17,fair
38.19,177.59,115.82,0.6,0.39,78.25,16.99,59,1009,4.12,poor
33.72,174.34,117.97,0.37,0.06,87.55,15.97,41,1013,5.14,poor
10.27,16.96,132.72,2.87,0.19,54.01,16.8,94,1015,3.09,fair
29.64,96.34,124.65,0.35,0.8,110.92,18.08,82,1014,5.14,moderate
19.28,32.04,134.51,1.13,0.6,98.04,17.88,88,1016,4.12,fair
2.29,5.61,63.86,0.02,0.03,25.78,30.18,79,1012,4.12,good
7.57,10.09,156.47,6.3,3.14,68.66,8.86,75,1020,3.6,fair
6.6,8.14,124.63,2.31,0.4,56.19,10.5,68,1017,1.92,good
13.36,16.07,138.12,2.65,0.14,33.31,4.56,80,1019,1.14,fair
2.38,11.15,103.76,0.25,0.1,26.96,25.71,82,1013,3.09,good
2.33,10.86,106.3,0.26,0.1,25.67,25.6,82,1013,2.66,good
2.33,10.86,106.3,0.26,0.1,25.67,25.57,82,1013,2.66,good
117.68,128.27,553.4,23.56,12.71,22.07,24.21,54,1013,1.79,very_poor
117.68,128.27,553.4,23.56,12.71,22.07,24.24,53,1013,1.79,very_poor
107.75,125.7,545.45,32.17,27.14,71.93,24.2,66,1014,1.03,very_poor
2.7,3.46,85.3,0.46,0.04,6.21,23.86,94,1010,2.18,good
2.1,2.92,131.54,0.92,0.05,8.27,19.56,91,1012,2.15,good
1.2,1.85,81.12,0.37,0.02,13.42,20.04,81,1012,2.66,good
1.02,1.93,137.6,1.04,0.18,59.25,3.98,67,1017,3.22,good
0.5,1.17,155.25,2.02,3.71,71.97,3.32,67,1015,5.01,fair
1.39,2.11,137.49,0.56,0.55,90.42,7.95,61,1021,5.38,fair
8.19,10.35,198.9,2.52,0.2,20.79,16.82,93,1013,0.73,good
8.19,10.35,198.9,2.52,0.2,20.79,16.77,95,1013,0.86,good
7.7,9.67,205.21,2.5,0.21,26.6,17.09,96,1013,0.67,good
9.9,11.49,170.12,4.3,1.62,127.15,14.19,51,1024,5.14,moderate
1.44,3.64,124.94,0.16,0.45,128.73,18.76,48,1015,7.2,moderate
10.5,12.04,171.25,3.52,1.39,129.0,13.43,54,1024,5.14,moderate
0.65,1.51,66.82,0.37,0.03,44.97,13.2,77,1016,2.57,good
9.75,21.92,170.58,3.87,0.33,29.89,10.35,69,1019,0.45,fair
7.12,16.36,110.59,2.04,0.16,29.35,9.86,71,1019,1.88,good
25.06,93.17,120.42,1.27,0.18,45.65,17.48,67,1010,2.21,moderate
2.09,2.65,82.06,0.2,0.24,71.35,17.99,58,1010,1.18,fair
8.57,25.13,97.92,0.73,0.6,76.86,18.81,55,1010,1.16,fair
2.37,12.17,100.03,0.34,0.33,35.26,25.93,89,1015,4.12,good
2.26,11.6,99.38,0.29,0.3,35.81,25.78,89,1015,4.12,good
0.71,0.82,170.2,1.75,0.23,12.13,22.05,87,1015,1.03,good
2.62,2.66,163.75,0.87,0.07,52.47,28.09,71,1010,3.73,good
0.83,0.9,167.91,1.34,0.1,14.44,26.81,69,1013,0.6,good
2.92,9.37,97.22,0.39,0.31,39.51,26.75,83,1016,2.06,good
2.19,4.71,102.99,0.53,0.22,36.49,27.85,78,1016,4.12,good
16.07,23.17,416.98,7.93,2.37,40.95,29.01,84,1010,3.09,fair
25.37,29.68,508.04,4.47,1.14,6.43,24.0,88,1008,1.55,moderate
21.97,32.59,486.17,5.18,1.82,31.58,26.99,89,1007,2.57,fair
8.04,10.6,66.47,0.03,6.64,17.98,31.1,74,1012,4.63,good
1.17,4.05,62.55,0.01,0.04,24.91,32.95,73,1011,7.22,good
8.07,11.45,135.93,4.35,1.75,71.63,7.32,66,1018,0.51,fair
12.14,16.5,145.56,6.22,1.19,64.64,11.73,70,1018,1.51,fair
7.54,11.29,140.48,5.77,1.87,68.29,8.72,70,1019,0.83,fair
17.15,36.36,103.82,2.88,6.01,51.88,18.3,50,1013,1.15,fair
31.82,53.54,114.96,0.62,0.98,74.44,27.94,76,1007,6.27,moderate
29.86,53.79,119.51,1.92,3.18,70.68,22.35,52,1011,2.42,moderate
3.1,7.8,72.2,0.03,0.12,32.44,26.89,89,1009,1.54,good
3.1,7.8,72.2,0.03,0.12,32.44,26.84,89,1009,1.54,good
3.1,7.8,72.2,0.03,0.12,32.44,26.76,89,1009,1.54,good
4.55,7.84,130.03,4.57,0.65,23.56,10.99,90,1016,0.0,good
1.03,3.82,61.36,0.03,0.13,53.67,11.62,86,1024,2.06,good
1.08,4.01,72.17,0.68,0.64,52.85,18.07,70,1017,5.82,good
3.94,5.07,92.75,0.78,0.07,20.54,17.36,67,1013,0.99,good
3.5,6.57,149.5,1.3,0.2,14.69,20.14,69,1013,2.03,good
2.51,4.43,109.64,0.92,0.21,19.73,18.62,75,1014,1.75,good
4.14,5.41,99.22,0.97,0.38,29.32,17.12,78,1015,2.68,good
4.42,5.86,116.6,2.36,0.38,14.57,16.9,54,1015,2.45,good
3.75,5.03,99.67,0.96,0.38,29.43,15.92,68,1015,2.7,good
6.45,9.29,119.27,1.49,0.36,104.71,11.14,91,1014,0.89,moderate
6.45,9.29,119.27,1.49,0.36,104.71,11.36,91,1014,0.89,moderate
50.21,169.87,206.6,13.81,6.07,57.63,30.84,45,1005,3.34,poor
59.54,224.0,139.77,4.57,2.74,77.36,30.02,45,1005,2.06,very_poor
45.12,144.78,210.67,17.38,6.4,55.79,31.0,42,1005,1.54,poor
2.75,4.88,291.12,2.06,0.05,37.03,13.05,63,1011,0.63,good
23.72,104.75,124.06,0.33,0.14,95.43,18.79,31,1012,7.08,poor
6.77,21.12,113.93,0.21,0.02,61.11,21.28,53,1011,0.33,fair
2.07,6.87,114.3,1.77,0.97,51.64,25.66,79,1015,4.12,good
79.28,82.13,129.13,3.08,20.33,113.04,12.51,71,1018,1.54,very_poor
102.02,106.41,128.72,2.64,24.95,109.08,13.23,75,1017,3.47,very_poor
63.35,68.04,120.12,1.3,16.13,103.06,16.3,69,1017,2.94,poor
0.5,0.63,112.87,0.4,0.1,80.59,11.09,66,1013,1.54,fair
0.95,1.4,102.58,0.86,0.1,63.84,5.84,70,1016,3.6,fair
1.42,1.85,109.59,0.83,0.1,79.94,5.81,89,1016,1.54,fair
13.6,50.43,68.94,0.05,0.37,34.65,25.0,83,1010,2.57,moderate
23.22,93.61,74.58,0.37,0.11,28.42,15.92,94,1013,1.03,moderate
3.8,4.84,100.18,2.01,0.1,12.83,16.89,94,1014,1.54,good
19.5,30.07,197.8,3.26,0.56,48.1,15.86,70,1012,3.6,fair
9.8,18.73,161.07,3.3,0.12,45.09,15.95,56,1011,0.45,good
16.39,26.11,224.68,3.81,0.32,53.84,14.95,63,1012,3.6,fair
6.39,7.99,174.96,7.58,0.61,43.51,9.79,41,1022,2.06,good
6.56,8.36,140.39,4.02,0.87,78.29,13.05,62,1020,2.57,fair
8.54,9.38,164.61,6.59,0.47,52.61,11.16,48,1021,6.17,good
7.03,8.64,77.69,1.72,0.87,35.33,19.28,70,1029,3.6,good
1.07,4.02,63.58,0.7,0.53,51.0,16.98,81,1029,0.89,good
1.43,1.78,71.04,0.27,0.05,37.31,22.61,73,1025,4.63,good
3.43,10.77,122.46,2.94,2.5,38.32,27.8,79,1010,9.77,good
3.43,10.77,122.46,2.94,2.5,38.32,27.77,80,1010,9.77,good
3.43,10.77,122.46,2.94,2.5,38.32,27.64,80,1010,9.77,good
2.4,7.88,133.5,1.52,0.93,104.65,11.03,58,1018,6.17,moderate
2.73,8.4,132.35,1.57,0.86,93.5,10.7,61,1018,6.35,fair
0.5,0.75,106.69,1.24,0.04,50.17,8.48,93,1018,1.03,good
9.28,11.08,128.9,1.67,0.64,89.81,9.95,76,1018,1.54,fair
13.89,16.35,138.04,4.49,0.71,71.14,10.74,66,1019,2.06,fair
10.49,12.24,137.71,3.33,0.5,69.04,10.41,92,1018,0.56,fair
1.89,6.07,94.28,0.05,0.12,39.27,25.27,69,1014,7.2,good
16.47,40.26,155.97,1.23,0.91,42.99,22.99,88,1007,3.09,fair
9.93,29.54,142.16,0.04,0.31,50.57,22.73,87,1008,3.82,fair
17.7,38.73,160.66,1.65,1.13,41.57,23.0,88,1007,3.09,fair
11.92,13.52,150.01,3.57,3.16,106.21,12.12,48,1022,3.6,moderate
11.19,12.96,155.66,5.83,4.54,104.58,12.61,47,1023,6.17,moderate
12.25,14.07,156.27,5.27,4.38,107.55,12.61,44,1022,6.57,moderate
6.52,9.01,199.09,2.38,0.16,27.76,33.06,46,1011,2.06,good
4.55,6.92,187.48,2.72,0.17,9.5,26.56,66,1011,3.0,good
7.16,10.72,210.33,1.89,0.22,24.34,27.87,59,1012,2.42,good
6.7,8.98,121.47,2.06,0.68,53.37,9.83,76,1018,1.54,good
5.79,7.29,128.99,1.28,0.51,83.28,8.11,76,1019,4.12,fair
1.35,2.36,122.57,1.67,0.23,52.02,4.06,100,1020,0.0,good
52.21,177.89,174.84,6.21,4.72,72.8,27.98,57,1006,2.06,poor
55.51,185.07,189.19,8.1,6.37,66.32,27.97,57,1006,2.06,poor
58.29,199.88,177.18,7.19,7.1,71.76,27.79,52,1006,2.43,poor
2.96,4.41,129.09,0.92,0.15,12.25,20.82,84,1012,1.13,good
3.8,5.55,192.24,1.79,0.35,22.35,15.77,92,1014,0.92,good
14.13,20.49,485.4,4.86,1.2,24.87,13.19,97,1014,0.57,fair
0.6,1.5,94.76,0.11,0.05,22.86,26.89,84,1010,2.01,good
0.57,1.39,94.77,0.16,0.07,24.53,27.27,82,1010,3.15,good
0.54,1.47,95.07,0.1,0.05,23.63,27.48,80,1009,2.88,good
1.32,1.49,84.17,0.43,0.17,2.54,26.03,94,1010,1.54,good
1.32,1.49,84.17,0.43,0.17,2.54,25.99,94,1010,1.54,good
0.91,1.01,70.21,0.24,0.09,2.25,26.0,94,1010,1.54,good
1.13,2.67,55.04,0.78,0.19,51.39,10.99,76,1016,3.09,good
2.1,2.29,97.25,0.28,0.04,12.96,23.01,83,1012,1.54,good
1.3,2.28,66.54,1.69,0.41,49.44,19.84,42,1011,3.6,good
3.44,4.18,85.55,1.25,0.21,25.27,20.95,95,1017,3.13,good
5.12,6.37,179.81,0.38,0.12,69.77,25.11,91,1015,4.12,fair
9.97,12.49,142.6,7.38,1.4,41.63,23.44,69,1018,2.57,good
1.75,4.66,104.77,0.1,0.1,69.69,25.99,65,1017,4.12,fair
4.14,7.36,113.18,0.54,0.9,86.68,25.96,65,1018,5.14,fair
4.14,7.36,113.18,0.54,0.9,86.68,25.97,65,1018,5.14,fair
17.39,20.09,442.2,6.93,1.8,22.59,9.82,92,1013,0.51,fair
6.44,7.73,277.54,5.38,1.38,18.79,21.64,90,1008,1.66,good
13.47,16.21,390.0,6.24,1.26,15.77,17.44,94,1010,1.15,fair
3.39,5.32,93.76,2.17,0.88,39.97,16.49,46,1017,2.51,good
6.84,10.37,92.89,1.57,0.78,26.11,19.25,75,1015,3.21,good
3.39,5.32,93.76,2.17,0.88,39.97,16.89,49,1017,2.19,good
0.5,0.74,143.53,1.08,0.25,85.19,-0.99,69,1021,4.09,fair
0.5,0.63,141.55,1.4,1.75,72.87,-0.01,86,1019,5.0,fair
0.76,1.3,143.97,1.31,0.82,82.82,-0.36,72,1024,3.87,fair
2.02,7.48,98.2,0.22,0.12,41.27,28.9,1,1013,2.57,good
1.91,7.59,96.87,0.19,0.13,40.36,28.22,75,1013,6.25,good
2.71,7.37,103.98,0.45,0.23,49.36,28.65,60,1013,4.62,good
9.65,10.34,194.65,8.33,2.15,99.67,14.78,81,1011,1.34,fair
3.34,3.77,126.39,1.0,0.31,103.33,20.56,28,1013,7.2,moderate
0.53,1.13,104.16,0.12,0.09,91.79,12.8,35,1014,5.66,fair
5.02,6.95,165.9,0.85,0.16,3.64,24.2,94,1010,1.03,good
5.57,7.66,130.31,0.61,1.1,20.18,18.52,70,1013,2.05,good
2.73,4.59,106.62,0.26,0.03,4.0,20.79,95,1011,0.31,good
0.56,0.73,69.0,0.06,0.0,1.11,28.1,78,1009,1.03,good
0.56,0.73,69.0,0.06,0.0,1.11,27.96,78,1010,1.03,good
0.61,0.87,70.37,0.09,0.01,1.13,27.72,78,1009,1.03,good
5.02,6.95,165.9,0.85,0.16,3.64,24.2,94,1010,1.03,good
9.95,23.31,86.86,0.18,0.19,32.1,26.04,94,1011,4.63,fair
9.79,14.27,132.11,1.32,0.29,27.31,22.38,99,1011,1.51,good
6.0,6.23,142.82,2.12,0.24,77.66,12.98,80,1016,1.03,fair
6.52,7.72,138.29,4.18,0.44,27.75,12.19,100,1015,1.03,good
12.99,13.77,178.12,6.4,1.56,84.6,14.93,72,1016,2.06,fair
0.5,1.09,83.63,0.22,0.09,24.31,28.72,84,1011,4.12,good
0.51,1.11,83.26,0.24,0.09,24.72,28.31,84,1011,4.12,good
3.31,6.23,147.86,1.43,0.22,8.41,25.77,72,1011,3.43,good
6.89,9.53,185.34,7.96,0.29,28.12,19.84,49,1016,5.66,good
11.5,14.71,233.23,10.72,0.56,30.42,18.87,47,1017,1.81,fair
6.89,9.53,185.34,7.96,0.29,28.12,19.81,50,1016,5.66,good
0.5,0.5,116.03,0.03,0.01,19.03,21.95,100,1010,0.0,good
1.31,1.49,95.1,0.82,0.04,1.96,19.73,98,1012,1.16,good
11.0,13.05,214.64,1.17,0.15,2.8,19.07,87,1012,1.71,fair
9.62,11.36,303.96,24.46,18.73,90.13,10.92,87,1021,5.0,fair
33.28,57.11,396.97,17.37,9.93,27.35,14.94,17,1022,3.27,moderate
6.88,12.85,156.83,1.1,0.73,59.59,25.09,92,1010,2.54,good
6.38,7.05,178.65,4.63,0.69,28.95,15.03,90,1016,2.06,good
2.89,3.48,132.57,4.12,0.72,16.31,27.03,61,1010,4.12,good
6.12,6.64,121.15,1.63,2.26,10.89,20.07,87,1013,4.47,good
1.3,1.55,112.04,0.61,0.37,45.28,21.31,77,1015,6.17,good
1.89,2.15,126.91,1.26,0.21,41.97,28.93,65,1011,2.06,good
1.46,1.7,111.61,0.54,0.34,47.16,24.35,67,1013,6.17,good
6.25,7.84,129.22,0.33,0.49,60.8,28.24,61,1016,4.63,fair
7.85,11.03,124.53,0.33,1.74,66.42,28.16,74,1015,2.06,fair
21.58,24.07,126.84,0.32,2.7,76.23,28.19,65,1015,6.69,fair
3.2,14.65,104.66,0.16,0.41,78.06,22.27,64,1015,4.63,fair
2.1,9.84,104.33,0.13,0.3,76.3,20.75,68,1016,5.66,fair
2.18,9.98,103.99,0.14,0.37,78.59,21.02,68,1016,4.63,fair
3.93,8.49,119.58,1.65,0.85,35.18,27.53,75,1011,8.23,good
3.93,8.49,119.58,1.65,0.85,35.18,27.61,75,1011,8.23,good
15.52,31.87,125.51,0.29,1.55,115.32,14.76,94,1012,1.03,moderate
14.28,31.06,123.24,0.23,1.31,113.09,17.96,88,1012,5.66,moderate
17.47,34.64,125.66,0.35,1.39,112.37,16.61,93,1012,1.54,moderate
13.81,15.37,152.14,2.75,2.48,93.84,6.72,44,1025,2.06,fair
16.98,19.46,191.96,7.26,4.53,88.1,6.66,39,1023,2.68,fair
13.33,15.93,181.38,4.41,4.24,85.84,4.18,48,1024,2.06,fair
3.29,4.44,156.94,6.61,1.7,68.35,5.6,58,1028,3.6,fair
5.88,7.08,149.24,4.42,1.63,87.06,5.81,62,1029,2.57,fair
11.67,12.15,177.27,5.22,0.79,94.21,11.89,61,1019,0.45,fair
15.78,38.89,126.17,0.6,0.11,39.62,28.19,76,1007,2.85,fair
12.21,26.31,226.14,1.85,0.26,32.48,23.48,84,1008,3.57,fair
14.62,33.9,228.29,1.81,0.26,35.53,26.93,66,1007,3.8,fair
3.66,4.52,162.4,7.06,1.54,79.82,5.01,74,1030,3.09,fair
1.41,2.33,152.23,3.75,0.3,71.62,4.91,67,1030,1.65,fair
1.34,2.05,145.09,2.95,0.58,90.11,3.93,76,1030,2.67,fair
2.06,9.18,101.2,1.89,1.42,45.82,26.01,80,1015,4.28,good
1.58,3.58,99.12,0.28,0.15,37.52,26.63,77,1014,3.6,good
7.45,9.92,172.34,5.57,1.75,31.16,24.47,88,1015,1.34,good
1.58,3.58,99.12,0.28,0.15,37.52,27.71,74,1015,3.6,good
17.51,39.32,112.78,2.31,0.23,67.22,18.37,77,1007,5.66,fair
7.48,23.62,127.33,4.36,1.08,64.88,16.93,94,1010,1.54,fair
19.92,77.97,119.74,4.93,0.62,65.56,15.53,68,1011,1.96,moderate
10.91,11.77,316.74,9.9,1.84,43.55,13.53,91,1015,0.63,fair
12.94,37.58,93.58,0.7,0.43,52.36,31.93,55,1009,2.06,fair
6.1,8.21,256.29,10.9,1.68,27.35,18.95,59,1016,2.57,good
0.55,1.07,153.48,1.5,0.61,90.38,3.19,56,1022,4.12,fair
0.5,0.71,146.49,0.85,0.15,81.98,3.14,60,1020,2.57,fair
0.5,0.5,144.03,0.47,0.19,90.57,2.06,71,1019,3.43,fair
13.75,37.4,128.93,4.83,13.12,98.62,19.42,52,1014,2.57,fair
19.23,35.2,121.7,0.89,1.07,80.96,14.9,88,1015,0.0,fair
13.75,37.4,128.93,4.83,13.12,98.62,19.42,48,1014,2.88,fair
7.64,42.9,109.9,0.2,0.27,85.64,18.98,82,1014,5.66,fair
3.79,16.27,109.31,0.29,0.52,83.13,17.92,88,1014,6.78,fair
3.58,13.5,110.23,0.21,0.43,87.99,17.89,87,1014,6.64,fair
16.89,44.67,165.13,2.11,0.36,37.91,16.79,61,1012,1.67,fair
21.46,65.88,109.88,0.76,0.5,51.81,23.32,63,1009,1.41,moderate
19.79,79.9,103.96,0.3,0.14,74.57,29.3,8,1007,4.05,moderate
1.11,1.56,104.1,0.49,0.03,61.6,16.4,68,1009,5.14,fair
5.68,10.8,118.19,0.52,0.49,100.76,17.29,72,1013,3.09,moderate
8.18,14.05,128.54,3.77,0.24,74.05,17.44,78,1011,2.24,fair
21.82,34.98,654.35,6.26,1.02,24.83,17.49,63,1014,3.6,fair
2.79,7.82,99.16,0.58,0.04,19.98,20.99,68,1012,2.6,good
21.77,52.03,340.72,4.66,0.45,24.91,17.13,36,1011,1.28,moderate
0.51,0.86,150.29,1.64,0.67,93.07,2.57,54,1022,8.05,fair
0.5,0.59,146.04,1.19,0.54,95.95,2.45,55,1022,4.92,fair
0.5,0.5,145.34,0.41,0.14,78.81,1.26,56,1024,6.71,fair
2.18,9.82,61.11,0.01,0.1,33.74,30.94,70,1014,4.12,good
2.18,9.82,61.11,0.01,0.1,33.74,30.99,70,1014,4.12,good
2.48,9.74,61.35,0.01,0.11,31.13,30.83,58,1013,3.09,good
11.94,13.8,173.22,5.24,1.39,84.56,15.8,55,1016,7.72,fair
7.14,12.14,126.53,0.31,0.37,98.58,14.7,85,1014,2.5,fair
7.39,8.72,129.1,2.33,0.64,70.59,12.89,95,1014,1.34,fair
2.15,2.47,95.88,0.24,0.07,17.76,25.01,88,1010,2.57,good
1.9,2.78,96.51,0.1,0.04,24.83,24.98,88,1010,2.57,good
0.94,0.96,96.28,0.04,0.0,3.48,21.85,97,1010,0.61,good
7.85,11.9,137.02,4.99,3.14,108.21,8.25,70,1024,3.6,moderate
3.76,5.82,133.76,2.64,1.68,103.94,6.05,81,1027,4.12,moderate
2.96,4.52,131.82,2.95,0.89,94.06,6.15,85,1032,2.57,fair
2.36,2.94,112.14,1.11,0.1,71.45,9.08,87,1019,4.63,fair
9.06,10.02,118.17,4.12,2.23,75.32,10.99,82,1019,0.0,fair
15.4,16.45,141.95,5.79,1.57,85.4,5.33,91,1018,0.9,fair
0.97,1.02,109.19,0.09,0.03,13.39,26.99,83,1012,1.03,good
0.97,1.02,109.19,0.09,0.03,13.39,26.99,83,1012,1.03,good
1.6,1.76,104.98,0.11,0.05,12.53,23.34,98,1012,1.12,good
17.19,19.42,140.86,2.36,1.78,115.17,11.61,71,1018,7.72,moderate
1.89,3.11,125.65,1.31,0.12,5.59,22.97,96,1011,0.95,good
1.07,2.27,95.96,0.61,1.32,21.64,27.23,78,1011,3.09,good
2.58,3.67,173.4,2.67,0.17,10.29,27.62,64,1011,2.56,good
9.74,20.57,119.43,1.42,0.79,81.97,16.67,89,1011,2.06,fair
7.32,24.88,116.22,1.35,2.26,89.71,20.49,74,1012,8.41,fair
7.5,25.39,112.92,1.3,2.07,89.05,21.04,68,1012,7.07,fair
7.32,24.88,116.22,1.35,2.26,89.71,20.09,77,1012,8.9,fair
20.16,79.66,102.52,0.66,1.03,84.46,25.73,72,1012,3.65,moderate
20.16,79.66,102.52,0.66,1.03,84.46,25.72,72,1012,3.68,moderate
7.35,9.32,170.96,0.61,0.14,11.0,20.65,93,1013,0.32,good
1.36,6.26,98.94,0.41,0.39,47.03,25.82,78,1015,3.6,good
1.36,6.26,98.94,0.41,0.39,47.03,25.94,78,1015,3.6,good
1.36,6.26,98.94,0.41,0.39,47.03,26.02,78,1015,3.6,good
1.0,2.01,102.95,0.41,0.22,16.44,26.18,84,1010,3.14,good
0.5,0.72,103.74,0.05,0.02,20.4,23.95,100,1010,0.0,good
2.71,2.88,93.36,0.19,0.02,2.36,20.62,100,1012,0.94,good
15.31,20.7,126.88,1.65,2.02,104.87,15.91,69,1017,2.57,moderate
6.05,8.32,112.33,1.44,0.21,28.79,14.16,81,1018,0.89,good
29.19,34.03,129.46,0.68,2.0,117.52,14.36,70,1018,0.96,moderate
14.25,16.29,136.91,0.39,2.36,52.82,21.94,87,1012,4.92,fair
9.37,11.4,122.53,0.26,1.42,44.83,22.47,87,1012,4.92,good
13.34,15.09,136.32,0.33,1.94,51.63,20.35,77,1012,4.92,fair
3.63,14.09,98.44,0.05,0.15,36.26,28.88,71,1013,9.26,good
3.63,14.09,98.44,0.05,0.15,36.26,28.43,73,1013,9.26,good
3.45,13.36,98.27,0.05,0.14,36.74,29.4,71,1012,9.26,good
11.93,32.37,121.61,0.62,2.27,99.41,24.06,83,1011,2.57,fair
17.45,45.51,144.42,0.59,0.82,77.8,25.36,46,1010,2.92,fair
15.27,38.09,137.5,0.58,1.48,91.32,27.44,31,1010,1.85,fair
2.77,4.39,117.36,1.35,0.72,23.89,26.68,86,1011,3.29,good
1.17,1.35,113.07,0.28,0.05,16.82,25.14,88,1011,1.84,good
2.79,4.27,119.28,0.42,0.2,24.55,25.46,89,1011,2.12,good
6.96,14.14,155.5,0.87,0.6,59.55,24.79,88,1010,3.58,good
6.96,14.14,155.5,0.87,0.6,59.55,24.86,89,1010,3.58,good
7.52,15.53,157.38,0.86,0.64,59.2,25.11,89,1010,3.6,good
13.27,15.99,126.24,0.79,9.48,66.62,29.42,34,1014,2.57,fair
8.86,11.15,202.17,2.58,0.51,54.56,30.69,62,1013,7.2,good
4.93,6.34,146.82,1.06,0.26,70.17,28.9,70,1012,6.17,fair
18.25,20.06,133.77,3.87,0.77,58.62,13.82,67,1019,1.54,fair
15.66,20.45,141.44,3.54,2.07,111.27,14.06,67,1016,0.0,moderate
17.53,20.42,140.28,3.37,1.96,115.63,16.51,55,1017,3.09,moderate
2.13,5.19,118.48,0.29,0.26,36.28,28.93,74,1014,3.6,good
2.13,5.19,118.48,0.29,0.26,36.28,28.43,74,1014,3.6,good
11.98,14.39,171.25,0.58,0.47,77.73,26.2,82,1016,6.45,fair
6.3,8.95,134.28,1.87,0.43,64.28,10.06,38,1021,4.12,fair
4.5,5.98,135.31,0.93,0.9,91.71,7.88,31,1021,6.17,fair
4.52,6.6,135.63,3.62,0.79,77.91,12.25,55,1020,4.36,fair
14.42,17.26,340.59,3.25,1.23,31.85,27.19,90,1010,1.54,fair
36.61,43.86,624.83,6.18,2.27,54.42,26.68,97,1010,0.51,moderate
14.42,17.26,340.59,3.25,1.23,31.85,26.38,94,1010,1.54,fair
6.21,7.5,132.85,2.02,1.47,108.93,9.0,90,1029,4.63,moderate
5.46,8.31,138.71,1.06,1.23,119.59,8.87,81,1027,5.14,moderate
6.14,7.03,133.44,1.43,1.14,105.35,7.97,95,1028,2.65,moderate
6.04,22.76,119.42,2.76,0.88,72.03,13.17,74,1014,1.34,fair
10.74,33.07,125.17,10.57,1.69,65.07,16.74,81,1014,1.03,fair
9.15,19.25,119.94,0.61,0.87,92.78,16.66,82,1014,1.64,fair
6.23,8.71,136.96,3.33,2.69,115.88,7.88,87,1030,5.14,moderate
18.65,35.86,95.69,0.16,0.46,62.3,28.01,83,1007,1.54,fair
40.95,86.14,617.75,21.68,2.11,19.33,30.03,39,1002,5.14,moderate
19.69,27.11,334.26,10.22,2.76,28.97,23.81,74,1008,5.81,fair
28.4,112.92,165.03,1.55,0.26,92.8,16.95,94,1009,2.57,poor
30.38,116.46,192.34,2.63,0.88,64.99,16.23,86,1009,2.68,poor
31.83,76.99,246.51,8.25,7.19,67.67,13.85,100,1008,3.09,moderate
7.41,10.32,181.2,9.7,1.89,59.7,13.99,62,1012,5.14,good
25.25,110.34,103.78,0.69,0.27,88.16,17.08,51,1015,3.09,poor
6.42,7.88,134.48,4.66,0.72,52.07,9.77,36,1010,4.18,good
2.38,13.38,133.37,0.07,0.26,106.32,4.81,80,1010,8.23,moderate
2.38,13.38,133.37,0.07,0.26,106.32,4.84,80,1010,8.23,moderate
2.38,13.38,133.37,0.07,0.26,106.32,4.93,80,1010,8.23,moderate
4.76,6.89,114.47,0.31,0.39,105.78,15.32,56,1016,1.54,moderate
9.65,12.06,193.96,7.88,1.53,63.54,16.35,85,1016,4.63,fair
7.66,9.84,124.94,0.65,0.83,111.73,14.34,88,1016,0.51,moderate
20.6,22.55,144.61,2.32,1.38,106.38,12.14,72,1017,8.23,moderate
1.86,5.28,111.47,0.2,0.2,33.88,28.53,74,1014,5.14,good
1.86,5.24,109.17,0.18,0.19,34.29,27.57,79,1014,5.14,good
1.86,5.24,109.17,0.18,0.19,34.29,27.74,79,1014,5.14,good
5.15,17.51,123.83,3.84,1.33,80.24,15.05,58,1014,1.03,fair
4.88,18.09,129.6,5.54,1.95,85.38,15.95,58,1014,1.03,fair
6.41,19.61,151.13,13.92,2.54,60.22,13.73,84,1014,1.85,fair
21.72,30.19,185.58,5.22,3.29,109.27,17.59,87,1012,4.63,moderate
22.95,32.62,184.53,4.52,3.22,114.98,17.87,89,1011,4.63,moderate
29.36,36.96,206.03,10.32,4.47,82.78,18.97,48,1015,3.6,moderate
0.86,1.0,94.9,0.51,0.15,22.35,16.62,100,1014,1.54,good
11.97,17.91,400.22,4.02,0.49,17.63,16.48,96,1013,2.62,fair
9.88,13.74,314.62,2.98,0.37,10.61,27.23,89,1011,1.54,good
10.68,17.38,104.22,2.6,0.87,68.23,11.11,68,1013,1.39,fair
1.51,2.33,78.0,0.12,0.21,75.92,17.51,59,1014,4.0,fair
1.49,2.26,93.45,0.94,0.15,71.79,12.55,69,1013,3.21,fair
19.36,22.67,551.14,9.32,1.47,33.55,28.41,68,1010,3.12,fair
4.83,8.34,181.3,1.38,0.36,46.16,28.22,70,1010,2.0,good
18.63,19.4,405.6,4.26,0.79,9.47,27.55,76,1010,1.4,fair
0.5,0.91,69.64,0.01,0.01,5.7,32.0,66,1010,0.51,good
2.15,6.37,66.45,0.05,0.15,37.46,26.32,77,1011,0.43,good
2.32,6.39,68.06,0.04,0.13,36.95,26.79,80,1011,3.93,good
2.44,7.36,65.77,0.04,0.19,37.54,28.18,73,1010,5.46,good
28.94,33.96,261.21,4.77,6.24,92.33,12.66,50,1019,1.62,moderate
17.01,21.17,271.5,4.64,4.38,52.92,13.71,45,1018,0.95,fair
25.99,30.6,218.05,3.1,3.93,107.08,13.44,43,1019,0.96,moderate
35.91,43.66,329.15,10.93,4.54,75.21,12.76,76,1019,1.54,moderate
21.6,24.61,210.22,7.35,6.05,105.69,13.95,58,1019,1.03,moderate
30.96,38.69,293.14,3.27,3.77,88.31,12.95,76,1019,1.54,moderate
54.0,204.06,157.35,0.61,3.19,117.09,23.97,52,1008,8.08,very_poor
50.02,187.33,157.96,0.6,3.32,118.36,24.33,54,1009,1.34,poor
50.02,187.33,157.96,0.6,3.32,118.36,24.25,54,1008,1.34,poor
3.54,7.05,113.95,0.25,0.29,52.14,29.01,74,1014,5.66,good
3.54,7.05,113.95,0.25,0.29,52.14,29.01,74,1014,5.66,good
10.9,12.5,95.98,1.29,0.89,80.43,10.28,82,1016,1.0,fair
17.52,41.49,157.71,5.86,0.45,28.83,15.33,77,1012,2.0,fair
1.63,3.67,128.44,0.25,0.08,64.74,-2.95,86,1022,2.0,fair
57.5,63.07,746.53,12.33,3.19,29.97,23.97,78,1009,0.0,poor
27.52,30.11,682.04,10.25,1.45,34.82,25.81,73,1010,1.93,moderate
36.51,37.96,600.9,2.47,0.32,21.06,27.12,81,1010,1.6,moderate
8.74,18.3,121.94,3.73,1.93,90.12,17.63,76,1013,3.52,fair
7.72,16.14,136.8,5.77,2.67,69.64,17.57,80,1014,4.06,fair
9.13,18.28,123.64,2.87,2.18,90.39,17.96,78,1014,1.73,fair
1.71,7.4,96.73,0.44,0.44,48.6,26.93,83,1014,2.57,good
1.59,7.3,96.59,0.31,0.33,47.54,26.03,88,1014,2.57,good
0.5,0.62,92.49,0.79,0.37,12.9,26.72,88,1008,3.65,good
0.5,0.62,92.49,0.79,0.37,12.9,26.71,88,1008,0.45,good
0.5,0.62,92.49,0.79,0.37,12.9,26.64,88,1008,0.45,good
1.9,2.88,94.02,0.37,0.14,30.68,26.2,89,1011,3.29,good
3.78,5.23,110.66,0.59,0.19,39.29,22.75,98,1012,0.92,good
0.5,0.93,80.24,0.3,0.07,23.55,25.67,88,1012,2.05,good
0.76,1.86,65.38,1.28,0.14,36.97,3.64,45,1022,1.1,good
2.56,4.48,97.2,2.0,0.28,30.45,4.04,41,1022,0.67,good
0.86,2.23,66.5,1.61,0.17,32.43,3.25,57,1023,0.99,good
0.52,1.08,144.19,1.89,0.99,75.61,-0.01,64,1022,2.06,fair
0.5,0.66,140.33,0.89,0.44,81.25,-0.72,69,1024,1.54,fair
0.5,0.5,142.17,1.81,0.66,91.77,0.01,70,1026,7.43,fair
11.42,12.74,140.03,3.19,3.95,114.32,11.42,52,1020,7.2,moderate
10.79,12.03,137.79,2.77,2.78,99.56,11.84,56,1020,4.92,fair
10.97,12.21,138.22,2.88,2.89,99.56,11.99,52,1020,7.2,fair
0.5,0.59,143.99,0.93,0.7,82.94,3.9,80,1022,3.09,fair
0.5,0.94,143.16,0.94,0.32,89.19,-1.63,81,1022,2.25,fair
0.5,0.5,138.82,0.2,0.16,97.96,2.95,70,1026,2.57,fair
15.55,52.38,107.63,0.76,0.05,68.19,18.94,52,1010,3.6,moderate
19.29,40.6,237.54,4.42,1.26,93.95,21.04,37,1014,3.97,fair
18.51,53.37,132.2,1.49,0.15,78.57,18.89,67,1013,8.11,moderate
7.25,18.28,115.23,0.99,2.37,93.32,18.04,82,1011,1.03,fair
7.81,14.87,115.7,2.22,2.32,84.06,18.23,88,1011,0.0,fair
2.66,4.58,101.23,1.88,0.14,42.31,17.08,100,1011,3.09,good
9.54,13.98,137.05,0.97,0.94,109.0,14.89,77,1015,2.06,moderate
2.76,4.13,136.8,1.42,0.76,78.57,10.02,26,1021,3.6,fair
2.01,3.04,130.68,1.0,0.37,68.4,6.78,57,1021,1.75,fair
3.46,5.07,139.84,1.38,0.71,80.71,5.84,49,1021,2.03,fair
80.3,83.76,139.15,2.58,9.33,107.53,13.88,72,1018,1.54,very_poor
61.27,65.73,148.39,3.28,6.51,102.63,6.38,79,1018,0.67,poor
66.47,71.77,166.68,5.87,6.49,88.0,9.48,93,1017,0.0,poor
7.21,10.77,162.62,1.72,0.1,12.36,15.98,100,1016,2.57,good
2.44,3.85,84.09,0.42,0.05,12.93,25.0,94,1012,2.06,good
4.51,5.86,119.76,0.89,0.06,11.75,13.04,75,1017,1.18,good
0.63,2.32,91.66,0.01,0.06,9.49,28.98,79,1011,3.09,good
7.07,8.74,111.29,1.84,0.7,71.21,11.9,71,1018,1.03,fair
7.08,9.04,114.94,2.19,1.14,77.37,11.31,83,1018,1.2,fair
7.86,9.3,107.34,1.9,0.94,73.93,9.59,82,1018,0.75,fair
7.51,18.46,141.84,0.29,0.06,26.4,31.3,42,1009,0.51,good
2.61,3.76,147.1,0.97,0.07,20.27,26.35,70,1011,4.47,good
3.25,4.62,147.92,0.64,0.06,20.13,29.82,53,1010,6.28,good
9.8,12.84,356.64,5.39,0.51,27.61,27.98,94,1010,2.57,good
6.47,9.51,199.08,1.52,0.26,48.94,28.49,50,1009,3.51,good
15.66,21.97,481.11,10.33,1.24,17.45,25.65,63,1010,1.54,fair
4.87,25.1,113.14,0.28,0.21,88.63,2.07,48,1013,0.0,fair
4.85,20.44,104.97,0.61,0.05,73.25,8.22,41,1011,3.41,fair
2.88,10.94,117.18,0.67,0.16,82.2,6.99,66,1017,8.72,fair
8.64,18.31,161.14,0.85,0.72,58.5,24.85,94,1010,1.54,good
8.95,20.57,160.49,0.33,0.32,60.19,24.96,94,1010,1.54,fair
8.95,20.57,160.49,0.33,0.32,60.19,24.82,94,1010,1.54,fair
3.47,14.87,99.38,0.11,0.17,34.56,27.08,78,1014,8.23,good
2.03,8.44,99.3,0.89,0.8,51.27,25.23,82,1014,3.84,good
1.96,7.91,98.97,0.82,0.74,49.22,25.55,82,1015,3.89,good
1.96,7.91,98.97,0.82,0.74,49.22,25.41,82,1015,4.41,good
5.94,21.25,109.16,0.24,0.95,82.85,18.96,86,1013,7.05,fair
3.34,10.78,107.8,0.78,1.08,88.28,17.93,88,1014,5.14,fair
42.48,197.12,106.09,0.19,0.08,66.63,30.73,13,1009,5.03,poor
15.05,24.29,114.02,0.13,1.16,108.0,17.34,82,1015,3.09,moderate
15.05,24.29,114.02,0.13,1.16,108.0,17.22,82,1015,3.09,moderate
15.05,24.29,114.02,0.13,1.16,108.0,16.99,82,1015,3.09,moderate
1.42,2.46,73.36,1.43,0.65,28.26,24.68,94,1012,4.8,good
1.41,2.52,73.1,1.23,0.51,29.83,22.15,94,1013,0.89,good
1.41,2.52,73.1,1.23,0.51,29.83,23.1,94,1013,0.89,good
0.5,0.5,93.62,0.05,0.01,9.4,27.97,94,1008,1.03,good
2.61,3.19,82.24,0.23,0.05,26.41,15.77,78,1016,1.34,good
1.44,2.97,72.12,0.38,0.14,20.37,16.42,85,1015,2.07,good
3.85,5.04,92.29,0.74,0.05,39.89,15.33,89,1015,1.55,good
19.61,22.91,184.21,4.1,2.16,87.27,29.97,10,1009,5.14,fair
2.6,8.22,122.04,0.17,0.63,111.65,19.71,60,1016,6.17,moderate
15.3,17.91,157.55,2.43,1.57,86.92,29.97,10,1010,5.14,fair
10.89,11.37,232.35,2.52,0.83,26.47,25.29,94,1009,0.0,fair
3.78,4.9,137.31,2.67,1.35,7.94,26.52,94,1009,0.51,good
10.78,11.2,216.99,1.29,0.39,22.55,25.51,94,1009,0.0,fair
3.2,6.7,94.37,0.78,1.33,54.27,19.55,75,1021,5.14,good
3.2,6.7,94.37,0.78,1.33,54.27,18.97,77,1020,5.14,good
1.6,3.96,67.88,0.21,0.03,18.21,18.73,99,1014,1.72,good
1.69,5.02,65.1,0.04,0.12,24.77,28.73,72,1016,1.31,good
1.69,5.02,65.1,0.04,0.12,24.77,28.87,72,1016,2.17,good
1.7,4.78,64.92,0.06,0.15,24.68,28.66,72,1017,1.03,good
21.39,41.47,203.51,0.75,0.12,34.57,32.16,43,1008,2.57,fair
127.11,408.56,444.67,3.86,1.81,44.84,30.27,12,1008,4.72,very_poor
118.83,411.4,489.42,7.21,2.17,41.44,28.23,12,1009,4.44,very_poor
0.57,1.59,99.42,0.1,0.05,22.19,24.13,94,1009,1.54,good
116.17,343.21,622.78,7.48,1.73,28.42,29.67,13,1008,2.56,very_poor
4.66,12.32,207.92,1.76,0.63,19.47,23.81,90,1009,0.72,good
2.24,5.4,103.13,0.22,7.65,62.77,31.85,35,1009,6.71,fair
4.51,7.56,105.87,0.27,7.32,68.39,31.65,45,1008,2.43,fair
1.91,4.86,103.0,0.16,3.95,61.43,32.67,36,1009,8.05,fair
7.27,8.95,154.58,7.73,4.74,100.77,11.18,55,1025,5.66,moderate
4.81,6.3,149.35,7.49,3.98,98.21,11.3,59,1026,8.23,fair
5.38,6.94,151.69,8.02,4.22,99.66,11.62,56,1025,5.66,fair
3.18,4.06,141.2,4.65,2.13,92.23,6.98,70,1029,0.61,fair
1.87,3.55,130.21,0.94,0.76,97.06,8.27,87,1031,3.6,fair
0.65,0.79,127.11,0.34,0.42,79.18,5.78,95,1028,0.45,fair
23.59,28.82,396.16,5.4,5.92,75.15,18.25,100,1008,1.54,fair
39.86,47.14,442.39,3.6,4.37,84.02,18.72,71,1008,1.51,moderate
35.79,43.52,447.15,6.26,7.08,72.82,22.97,89,1005,0.38,moderate
1.41,2.87,73.75,0.44,0.36,58.2,19.61,52,1029,2.09,good
1.05,1.91,72.87,0.48,0.09,44.25,19.95,48,1020,1.03,good
0.62,1.03,73.02,0.44,0.15,38.38,16.4,82,1022,9.26,good
41.72,135.99,123.24,1.89,1.27,72.43,32.99,24,1005,2.06,poor
32.84,100.02,120.94,2.5,1.42,71.71,33.05,24,1005,2.06,poor
41.39,133.14,123.35,1.85,1.26,72.35,33.0,24,1005,2.06,poor
1.13,2.05,117.67,0.62,0.41,45.68,29.97,67,1009,6.69,good
1.11,2.11,119.98,0.73,0.48,43.45,29.82,68,1009,6.17,good
1.11,2.11,119.98,0.73,0.48,43.45,29.99,68,1009,6.17,good
5.34,17.82,70.93,0.06,0.34,57.67,22.72,75,1011,4.12,good
5.34,17.82,70.93,0.06,0.34,57.67,20.1,83,1011,4.12,good
10.51,19.38,83.8,0.65,1.48,67.43,16.12,55,1015,2.06,fair
1.11,4.18,61.03,0.01,0.05,23.65,29.9,70,1012,7.6,good
1.15,4.25,61.08,0.01,0.04,24.56,29.96,70,1012,7.6,good
1.17,4.46,61.18,0.01,0.04,24.11,29.8,70,1012,7.6,good
1.45,7.22,60.19,0.03,0.13,44.01,27.84,71,1012,5.39,good
1.89,2.69,34.83,0.06,0.04,2.53,27.41,68,1012,1.05,good
2.16,2.64,71.83,0.07,5.07,6.57,28.47,76,1010,4.17,good
9.75,12.11,196.57,5.65,4.15,33.78,31.49,70,1012,3.6,good
17.21,20.51,431.25,9.71,2.02,23.23,26.05,73,1011,4.12,fair
9.3,11.76,175.39,5.25,4.55,35.89,31.62,72,1012,3.6,good
38.56,58.94,605.97,9.19,2.13,40.41,21.99,83,1003,2.57,moderate
34.53,84.93,122.27,0.1,0.56,83.07,28.09,83,1003,4.12,moderate
7.31,21.65,232.98,3.39,0.27,36.26,22.08,64,1005,4.12,fair
2.75,4.78,164.17,3.86,2.02,67.87,2.82,52,1026,3.09,fair
7.66,8.89,150.17,2.49,1.21,77.71,0.95,66,1024,0.51,fair
6.4,8.2,156.04,4.36,3.3,71.01,0.88,72,1026,0.51,fair
1.99,6.01,97.9,0.31,0.23,38.63,24.48,91,1015,1.9,good
2.08,7.18,97.17,0.28,0.23,38.17,24.18,91,1015,1.45,good
2.12,7.38,96.88,0.3,0.25,37.74,24.49,87,1015,1.88,good
7.41,28.25,119.72,1.99,0.89,70.99,17.54,79,1014,1.04,fair
6.4,25.22,117.1,1.07,0.79,71.56,17.29,76,1014,1.75,fair
7.41,28.25,119.72,1.99,0.89,70.99,17.53,79,1014,0.86,fair
4.79,11.75,122.34,1.02,1.13,106.48,15.62,88,1008,2.57,moderate
11.89,24.45,125.49,3.31,2.22,100.9,19.73,56,1006,4.63,moderate
16.05,29.22,131.49,4.29,2.5,95.69,17.31,72,1007,0.94,fair
4.57,8.71,75.24,1.32,0.41,36.51,18.56,64,1015,0.0,good
8.13,10.73,150.02,3.09,0.45,37.26,16.33,82,1016,3.09,good
4.43,8.31,74.9,1.39,0.47,36.98,17.91,69,1015,0.0,good
47.6,151.51,136.32,5.85,4.66,81.41,29.95,48,1005,2.06,poor
47.6,151.51,136.32,5.85,4.66,81.41,29.89,48,1005,2.06,poor
47.51,148.6,142.6,8.98,6.08,73.1,30.03,48,1005,1.54,poor
1.9,3.05,77.1,0.61,0.3,34.31,23.81,88,1013,3.09,good
2.13,3.39,75.35,0.51,0.25,38.66,22.02,80,1013,0.77,good
1.83,3.07,74.47,0.46,0.21,37.66,25.82,73,1013,2.57,good
3.83,5.95,124.14,2.0,0.08,39.33,9.94,71,1018,3.58,good
5.29,7.16,140.59,1.47,0.78,78.58,8.32,49,1021,2.68,fair
0.98,1.78,130.24,1.05,0.58,89.11,4.3,77,1020,1.63,fair
12.01,15.45,115.64,4.57,1.9,46.81,10.77,65,1018,1.03,fair
9.14,13.89,153.37,5.9,3.58,73.23,14.99,51,1019,0.51,fair
10.92,14.4,114.81,3.04,2.13,53.44,12.01,55,1019,2.11,fair
0.5,0.5,142.27,0.89,0.22,80.76,0.77,88,1009,5.26,fair
0.5,0.5,146.36,2.49,0.87,82.1,3.33,67,1016,0.45,fair
1.3,1.82,147.25,1.2,0.14,50.61,0.87,80,1031,1.0,good
31.43,49.86,720.7,3.51,0.43,4.54,17.71,100,1015,1.03,moderate
17.27,24.67,498.84,3.78,1.09,15.95,16.1,97,1016,0.94,fair
23.19,33.66,573.68,5.92,1.16,17.29,13.11,95,1014,1.77,fair
9.61,33.55,112.08,1.87,2.11,108.27,25.0,43,1009,6.05,moderate
4.38,12.22,99.71,0.59,0.11,58.18,25.32,32,1009,4.27,good
18.13,53.73,125.63,16.2,61.8,77.48,24.42,36,1009,2.71,moderate
0.77,3.24,65.07,0.02,0.09,7.76,31.2,65,1011,3.65,good
0.77,3.24,65.07,0.02,0.09,7.76,31.22,64,1011,3.16,good
0.77,3.21,65.01,0.01,0.09,7.79,30.88,66,1011,4.09,good
0.5,0.8,72.84,0.04,0.01,9.87,26.0,94,1008,1.03,good
16.24,87.26,103.89,0.12,0.1,94.46,26.96,12,1009,6.75,moderate
15.7,83.14,104.35,0.12,0.1,93.27,26.82,12,1010,6.88,moderate
15.7,83.14,104.35,0.12,0.1,93.27,26.89,12,1010,6.85,moderate
0.5,0.72,145.02,1.0,0.29,74.93,3.05,69,1028,1.38,fair
1.3,1.66,141.27,2.87,1.39,89.19,2.43,66,1029,1.58,fair
6.5,7.38,160.84,8.26,2.39,76.17,4.93,77,1029,2.41,fair
2.78,3.87,132.03,1.96,0.98,7.88,26.97,94,1009,1.54,good
2.78,3.87,132.03,1.96,0.98,7.88,26.94,94,1009,1.54,good
2.78,3.87,132.03,1.96,0.98,7.88,27.0,94,1009,1.54,good
12.61,14.46,140.79,3.85,1.15,84.94,12.26,94,1019,1.03,fair
10.76,13.28,135.61,5.05,0.59,53.9,12.0,85,1020,1.03,fair
11.77,13.86,134.17,4.35,0.74,59.38,11.09,92,1020,0.59,fair
8.28,10.64,150.47,4.43,0.5,58.89,8.58,52,1021,3.09,good
2.72,3.6,138.7,0.91,1.39,95.0,7.13,33,1023,5.66,fair
8.28,10.64,150.47,4.43,0.5,58.89,9.27,49,1021,3.09,good
29.36,83.06,100.38,0.54,0.58,68.66,24.61,85,1012,2.1,moderate
22.92,59.77,102.1,0.44,0.37,54.77,23.89,95,1012,0.76,moderate
19.09,47.25,107.16,0.48,0.31,50.22,24.11,94,1012,0.6,fair
5.52,21.07,104.18,0.71,1.18,87.65,20.14,88,1013,6.17,fair
9.24,40.08,138.88,1.74,1.62,78.87,20.2,53,1012,6.13,fair
5.76,21.45,104.14,0.97,1.37,89.34,20.11,88,1013,6.17,fair
0.52,1.22,65.41,0.03,0.03,20.59,28.35,80,1008,5.05,good
5.35,11.38,163.78,1.71,0.17,17.05,21.82,63,1010,2.62,good
2.68,9.16,93.96,0.33,0.03,20.35,24.06,57,1009,3.87,good
2.51,3.13,111.19,1.34,0.56,25.06,27.95,78,1011,2.06,good
2.1,2.61,109.64,0.84,0.37,24.17,27.96,78,1011,2.06,good
3.52,5.32,154.23,0.58,0.05,6.53,23.65,70,1009,1.93,good
12.37,39.08,110.17,0.64,0.04,19.37,29.73,43,1007,1.77,fair
2.19,2.55,118.83,0.11,0.02,4.3,20.2,83,1010,1.47,good
1.66,3.87,94.68,0.04,0.04,19.99,27.36,76,1010,3.12,good
17.15,23.15,109.89,0.31,4.77,55.62,26.16,79,1011,5.66,fair
17.15,23.15,109.89,0.31,4.77,55.62,26.94,78,1012,5.66,fair
10.39,15.92,109.02,0.3,5.21,64.74,30.74,65,1009,2.2,fair
8.13,15.37,117.06,1.89,4.72,65.91,15.12,87,1011,4.73,fair
6.96,14.03,175.81,24.09,3.02,32.23,15.07,68,1013,0.7,good
15.42,22.88,147.19,4.66,5.31,63.7,13.71,87,1013,4.31,fair
3.29,4.72,97.24,1.48,1.26,33.6,13.67,92,1023,1.04,good
4.6,6.65,111.15,2.42,1.59,33.68,11.12,96,1022,1.81,good
3.24,7.65,110.67,0.28,0.28,62.45,25.96,82,1016,3.6,fair
22.26,70.33,208.94,1.32,0.39,26.57,31.98,12,1007,3.09,moderate
4.85,11.21,114.18,0.39,0.03,10.69,28.2,60,1008,2.57,good
21.24,66.64,115.48,0.41,0.09,42.78,27.76,8,1008,6.5,moderate
0.76,1.62,104.36,0.58,0.23,24.26,28.06,83,1011,1.03,good
11.44,15.27,240.4,2.28,0.31,10.36,21.86,93,1012,1.31,fair
5.38,7.33,180.13,2.07,0.16,9.07,24.81,74,1009,3.04,good
9.04,10.67,223.23,2.34,0.52,20.46,29.96,61,1009,2.78,good
8.18,9.71,217.63,2.16,0.54,22.0,32.81,63,1009,3.09,good
10.64,12.8,256.96,3.05,0.7,19.97,29.97,79,1009,3.6,fair
15.85,35.76,307.27,1.19,0.13,64.44,15.06,94,1014,2.0,fair
7.54,12.96,113.56,0.61,1.29,68.16,18.85,50,1011,1.16,fair
5.38,13.29,122.4,0.6,0.84,64.25,16.52,59,1013,1.73,fair
2.01,3.58,149.48,2.22,0.39,18.26,27.8,73,1012,0.32,good
1.85,4.53,125.9,1.27,0.4,27.86,26.08,83,1012,1.8,good
1.65,5.55,73.69,0.24,0.19,35.84,26.38,83,1012,1.79,good
14.39,39.9,162.47,5.13,1.02,65.28,15.92,72,1016,1.03,fair
35.6,173.21,108.42,0.34,0.16,79.25,15.99,51,1012,2.06,poor
61.41,319.05,120.06,0.32,0.05,91.23,18.97,63,1014,2.06,very_poor
18.31,35.86,124.66,1.84,0.35,72.46,18.8,68,1013,0.51,fair
19.28,51.21,122.65,0.88,0.5,90.94,20.08,68,1013,2.06,moderate
17.99,45.35,124.54,1.21,0.64,82.31,17.88,88,1014,3.09,fair
3.31,10.96,62.45,0.02,0.07,50.8,28.18,78,1013,3.6,good
11.8,15.82,154.62,6.51,2.56,48.62,8.82,81,1019,4.12,fair
8.06,9.31,117.72,1.4,0.7,79.12,11.55,69,1014,1.12,fair
12.15,14.46,129.86,3.33,0.28,42.0,7.99,80,1018,0.19,fair
1.54,5.58,95.7,0.26,0.07,27.35,25.71,80,1012,4.12,good
1.5,5.52,96.61,0.3,0.06,27.16,25.6,80,1012,3.72,good
1.5,5.52,96.61,0.3,0.06,27.16,25.57,80,1012,3.72,good
90.16,97.25,418.5,26.68,9.89,27.77,26.12,51,1011,1.03,very_poor
90.16,97.25,418.5,26.68,9.89,27.77,25.39,45,1011,0.45,very_poor
36.64,41.21,311.07,22.94,12.38,43.96,25.62,69,1012,2.06,moderate
2.07,2.92,76.58,0.42,0.04,8.31,23.17,98,1011,2.51,good
3.77,5.71,169.61,1.27,0.12,3.58,19.56,84,1012,1.74,good
0.61,0.84,76.03,0.26,0.02,18.53,18.41,91,1012,1.71,good
0.5,1.15,135.62,0.95,0.07,62.55,3.98,62,1021,1.85,fair
0.9,2.16,154.45,3.47,0.69,52.55,2.34,65,1020,2.08,good
0.89,1.4,129.25,0.45,0.38,87.05,9.64,68,1020,4.37,fair
4.65,6.59,212.38,2.92,0.17,16.18,17.43,96,1012,0.52,good
4.65,6.59,212.38,2.92,0.17,16.18,17.17,97,1013,0.64,good
3.55,4.78,193.58,2.18,0.12,22.99,16.67,98,1013,0.57,good
6.92,8.32,167.8,6.14,1.42,90.37,14.18,50,1019,4.63,fair
4.31,12.17,127.32,0.22,0.93,111.34,20.84,48,1016,6.69,moderate
10.97,12.76,177.54,5.36,1.38,96.85,13.73,54,1019,4.63,fair
11.43,23.2,150.27,3.88,4.21,61.01,14.16,62,1013,3.6,fair
9.75,18.86,144.77,2.38,0.26,41.89,13.68,71,1016,2.57,good
12.93,21.76,138.67,1.6,0.23,48.62,10.9,72,1015,3.77,fair
10.98,31.18,127.99,1.1,0.2,48.0,18.39,60,1011,1.81,fair
1.47,2.68,83.29,0.11,0.13,73.37,17.54,58,1012,1.9,fair
6.11,14.19,99.5,0.77,0.41,72.34,18.43,59,1011,2.59,fair
1.62,6.09,100.39,0.43,0.32,40.16,26.93,74,1014,3.09,good
1.56,5.94,99.9,0.38,0.31,40.32,26.78,74,1014,3.09,good
1.15,3.06,131.92,1.84,0.23,21.44,21.67,83,1013,2.57,good
4.5,4.53,209.3,1.67,0.13,46.2,27.93,74,1009,5.44,good
1.65,2.7,163.84,1.73,0.1,14.61,24.99,86,1012,2.33,good
1.98,8.51,94.52,0.23,0.28,40.28,26.75,78,1015,3.6,good
2.43,9.84,95.85,0.35,0.38,41.56,27.85,78,1015,4.12,good
50.04,62.92,1237.78,21.8,5.66,15.9,29.01,84,1010,2.57,poor
16.47,18.45,565.16,7.3,2.21,29.9,22.0,70,1012,7.4,fair
32.38,37.62,783.48,23.37,11.92,29.7,22.99,94,1010,2.57,moderate
3.43,7.48,62.42,0.02,1.68,24.58,29.1,79,1014,5.14,good
2.02,9.01,59.18,0.01,0.06,29.43,32.95,76,1011,5.87,good
10.71,14.1,126.17,4.26,1.15,68.11,12.32,66,1018,3.09,fair
15.03,19.54,143.19,6.76,0.92,58.63,10.66,88,1018,0.84,fair
10.26,13.8,130.33,5.1,0.91,62.83,9.7,86,1018,1.09,fair
18.73,42.67,105.75,2.95,7.2,53.88,18.61,56,1013,1.27,fair
31.66,52.72,115.47,0.34,0.63,78.9,28.67,71,1007,4.82,moderate
31.2,55.21,124.2,1.97,2.67,76.65,23.33,58,1011,0.34,moderate
2.81,7.61,68.84,0.03,0.11,35.01,27.89,83,1010,3.09,good
2.81,7.61,68.84,0.03,0.11,35.01,27.84,83,1010,3.09,good
2.81,7.61,68.84,0.03,0.11,35.01,27.76,83,1010,3.09,good
5.5,7.82,136.96,5.31,0.49,26.89,10.59,62,1018,2.13,good
0.78,2.85,62.18,0.04,0.12,51.42,13.61,83,1023,3.13,good
1.72,5.18,84.76,1.14,0.82,48.14,15.29,65,1022,0.45,good
9.95,11.24,96.2,0.78,0.18,26.84,17.5,73,1014,2.36,good
5.61,7.4,110.51,0.79,0.33,23.08,16.47,77,1014,1.63,good
4.78,6.09,94.49,0.63,0.32,25.83,15.82,74,1014,2.24,good
6.28,8.3,98.03,0.64,0.36,33.06,16.42,61,1017,2.03,good
5.71,7.27,107.12,0.6,0.23,27.4,15.74,88,1016,3.84,good
6.38,8.51,98.73,0.67,0.33,31.12,14.32,74,1017,2.4,good
7.56,15.75,125.38,3.99,0.51,79.98,13.14,94,1016,0.45,fair
7.56,15.75,125.38,3.99,0.51,79.98,13.36,94,1016,0.45,fair
47.42,158.3,157.71,8.28,3.02,76.29,30.84,45,1005,3.88,poor
47.14,164.44,126.33,0.75,0.56,96.09,30.02,54,1005,1.03,poor
47.9,156.31,188.58,15.24,4.21,63.57,31.0,42,1004,1.54,poor
4.15,8.03,286.16,2.15,0.18,52.78,13.86,57,1009,0.61,good
19.07,59.92,216.74,0.94,0.06,62.81,17.9,37,1009,1.69,moderate
8.89,25.66,102.0,0.3,0.07,58.25,23.47,38,1008,2.43,fair
1.31,4.22,98.74,0.54,0.46,53.48,25.1,78,1013,2.06,good
42.3,44.97,119.09,2.93,5.22,111.23,12.51,67,1016,2.06,moderate
50.4,55.4,121.83,2.14,3.85,109.97,13.23,67,1016,2.83,poor
46.1,52.36,121.73,1.13,2.27,106.4,15.68,56,1016,2.98,moderate
2.77,3.27,127.27,3.63,1.07,51.84,9.09,66,1015,3.09,good
2.26,3.25,105.64,1.89,0.77,66.53,0.84,86,1017,2.06,fair
1.82,2.48,112.89,3.18,0.55,47.64,4.82,86,1018,0.13,good
17.86,57.59,72.24,0.04,0.22,36.45,25.0,88,1011,3.09,moderate
32.76,146.22,63.53,0.28,0.14,27.52,15.92,94,1015,1.54,poor
2.44,3.06,99.86,1.6,0.09,16.67,15.89,94,1015,2.06,good
11.21,42.66,100.52,1.74,0.08,31.77,16.47,58,1014,3.29,fair
6.46,10.66,160.11,3.92,0.16,41.85,17.61,52,1015,1.09,good
15.42,34.02,309.16,7.61,0.39,29.61,13.74,92,1013,2.06,fair
7.79,8.95,157.6,3.52,3.32,94.48,4.47,48,1031,3.09,fair
18.84,21.34,188.76,8.16,0.7,45.66,5.91,48,1028,1.54,fair
9.96,11.12,166.6,5.57,0.68,56.56,3.38,41,1030,3.09,good
9.03,10.64,95.27,3.41,1.59,25.67,20.38,82,1031,2.57,good
11.46,18.56,126.76,6.74,2.18,48.38,19.74,62,1027,10.29,fair
0.62,1.97,64.52,0.16,0.07,44.58,21.5,77,1027,4.92,good
2.7,10.89,111.91,2.37,2.44,42.25,27.8,78,1008,9.83,good
2.7,10.89,111.91,2.37,2.44,42.25,27.61,79,1008,9.83,good
2.7,10.89,111.91,2.37,2.44,42.25,27.64,81,1008,9.83,good
3.24,6.2,134.42,1.21,0.48,97.35,10.03,87,1019,6.17,fair
4.08,7.94,134.14,1.54,0.37,79.71,9.83,79,1019,5.36,fair
3.42,4.4,104.2,1.27,0.09,69.21,8.48,100,1018,1.03,fair
34.12,36.42,127.49,1.91,2.91,80.73,8.95,93,1022,2.57,moderate
11.5,12.13,127.83,1.6,0.85,81.54,8.74,87,1024,1.54,fair
19.53,20.74,132.39,2.87,1.18,60.43,8.14,97,1022,2.18,fair
2.15,9.49,94.48,0.05,0.14,44.93,26.27,78,1012,3.6,good
4.09,8.16,144.73,1.38,0.76,24.74,20.99,94,1008,2.06,good
2.09,5.04,131.35,0.05,0.46,27.85,21.91,94,1009,4.12,good
4.41,7.98,150.36,1.82,0.93,24.54,21.0,94,1008,2.06,good
4.61,5.26,133.93,1.76,1.44,105.33,11.74,48,1025,3.6,moderate
5.68,6.6,142.82,3.59,2.1,102.65,12.53,51,1026,3.58,moderate
4.89,5.76,140.32,2.9,1.95,105.32,12.57,45,1025,6.35,moderate
6.33,8.47,210.64,2.47,0.14,22.43,30.06,66,1010,3.09,good
4.14,5.54,159.74,1.78,0.1,13.27,27.25,78,1012,1.54,good
6.25,9.63,214.59,1.62,0.2,20.05,29.48,54,1011,3.23,good
6.57,8.13,116.35,1.74,0.5,45.14,8.83,93,1018,2.06,good
8.44,9.78,124.58,1.24,0.89,70.88,13.11,76,1017,3.09,fair
4.73,6.17,124.59,1.56,0.73,72.21,11.0,96,1020,2.57,fair
41.88,120.44,153.56,8.38,16.12,86.53,26.98,50,1007,3.09,poor
41.94,123.15,145.36,7.57,15.3,90.88,26.97,50,1007,3.09,poor
44.4,138.11,146.24,6.96,15.61,91.63,26.79,61,1008,6.48,poor
2.05,2.84,120.13,0.46,0.03,8.22,22.17,87,1013,0.87,good
2.31,3.32,146.66,1.52,0.15,14.82,16.04,92,1014,1.0,good
11.71,16.17,322.77,3.4,0.71,15.8,14.11,96,1014,0.72,fair
0.5,1.48,96.98,0.09,0.05,19.82,27.7,80,1011,6.1,good
0.55,1.44,96.35,0.16,0.06,20.57,27.07,82,1011,4.45,good
0.5,1.42,96.94,0.07,0.04,19.93,27.23,80,1011,3.87,good
0.98,1.1,86.86,0.54,0.14,4.61,28.03,94,1010,1.03,good
0.98,1.1,86.86,0.54,0.14,4.61,27.99,94,1010,1.03,good
0.85,0.94,73.3,0.31,0.09,3.5,28.0,94,1010,1.03,good
1.54,2.29,62.83,1.36,0.19,46.46,10.99,71,1014,2.57,good
1.6,1.9,92.29,0.4,0.04,10.2,23.01,88,1010,2.57,good
1.51,2.69,66.99,1.7,0.39,48.45,20.84,40,1011,3.09,good
2.66,4.09,83.65,1.61,0.27,22.81,18.44,93,1017,4.12,good
14.95,22.66,168.36,0.73,1.14,74.66,25.94,87,1014,5.66,fair
8.77,11.35,149.3,9.26,1.03,28.23,21.44,68,1018,1.54,good
1.61,5.48,106.04,0.13,0.12,68.17,25.99,69,1014,4.63,fair
2.43,6.16,107.87,0.34,0.42,75.63,25.96,65,1014,2.57,fair
2.43,6.16,107.87,0.34,0.42,75.63,25.97,65,1014,2.57,fair
10.65,11.6,424.69,4.46,1.41,27.88,7.28,94,1015,1.1,fair
9.37,10.3,365.49,4.3,1.41,25.42,20.17,97,1011,1.37,good
12.19,13.31,429.48,5.39,1.22,17.7,16.19,98,1012,1.43,fair
1.13,1.48,94.22,1.12,0.54,37.2,17.27,78,1019,5.83,good
1.15,1.77,76.84,0.34,0.35,40.52,18.1,78,1019,7.22,good
1.13,1.48,94.22,1.12,0.54,37.2,17.17,78,1019,5.86,good
0.71,1.28,143.35,1.26,0.19,78.47,0.32,73,1027,3.62,fair
0.77,1.21,147.17,2.1,0.99,58.34,-0.01,93,1025,4.0,good
1.32,2.4,153.38,2.37,0.73,63.53,0.61,76,1030,3.28,fair
3.8,7.92,109.42,0.18,0.14,46.2,28.9,1,1010,3.09,good
3.47,7.41,109.26,0.15,0.16,49.21,28.36,75,1011,7.02,good
3.04,6.31,107.86,0.24,0.23,52.33,28.69,65,1010,4.65,good
1.71,2.58,209.87,16.93,2.37,61.59,7.95,78,1009,5.66,fair
7.3,7.87,149.75,1.73,0.65,102.54,14.52,69,1007,4.63,moderate
0.58,1.01,101.79,0.22,0.11,88.12,15.29,31,1020,4.63,fair
3.73,5.36,159.73,0.88,0.19,3.55,26.2,83,1010,3.09,good
3.39,5.43,137.4,0.63,1.28,23.47,14.27,79,1016,1.7,good
2.44,3.62,97.5,0.25,0.03,5.6,21.72,91,1011,1.0,good
0.5,0.67,67.11,0.02,0.0,1.23,24.1,94,1009,1.54,good
0.5,0.67,67.11,0.02,0.0,1.23,23.96,94,1009,1.54,good
0.51,0.74,67.78,0.04,0.01,1.05,23.72,94,1009,1.54,good
3.73,5.36,159.73,0.88,0.19,3.55,26.2,83,1010,1.03,good
6.79,18.54,83.43,0.17,0.09,31.28,25.04,100,1011,0.51,good
11.31,23.32,131.43,1.52,0.41,22.85,22.14,97,1011,1.29,fair
7.81,8.21,168.65,3.49,0.8,65.72,11.03,42,1021,5.14,fair
4.79,6.34,137.43,4.84,0.33,32.77,12.19,66,1018,1.03,good
7.5,8.24,162.03,4.52,1.59,87.41,11.22,53,1021,2.59,fair
0.5,0.9,90.88,0.24,0.09,21.23,24.72,100,1012,3.09,good
0.5,0.83,88.65,0.22,0.09,22.49,24.31,100,1012,3.09,good
4.16,7.1,162.23,1.47,0.23,6.53,22.04,90,1013,0.91,good
10.72,13.81,188.58,6.79,0.19,32.32,20.73,52,1011,3.09,fair
15.26,18.5,225.72,8.68,0.45,38.35,20.16,48,1011,0.77,fair
10.72,13.81,188.58,6.79,0.19,32.32,21.3,49,1011,3.09,fair
0.5,0.75,93.07,0.05,0.02,17.63,25.95,94,1010,0.51,good
1.48,1.81,93.91,0.69,0.06,2.73,22.74,94,1012,2.06,good
5.19,9.87,196.79,1.74,0.28,3.07,19.08,89,1014,1.0,good
61.47,77.93,591.2,49.81,55.72,32.66,10.95,82,1020,3.0,poor
62.7,87.64,372.17,19.88,15.7,40.85,15.94,20,1014,1.91,poor
16.68,27.38,365.86,32.28,44.81,45.85,20.24,73,1015,3.48,fair
3.06,3.68,172.17,4.49,0.39,10.22,14.51,82,1014,2.57,good
3.49,4.01,132.98,3.57,0.87,19.22,28.03,57,1009,5.14,good
7.32,7.99,136.37,2.8,5.14,10.8,23.99,64,1012,2.57,good
0.92,1.43,108.81,0.44,0.28,39.06,22.43,73,1013,7.2,good
1.67,2.05,121.13,1.07,0.23,38.19,29.93,74,1009,3.6,good
0.98,1.51,108.11,0.45,0.31,41.27,25.83,67,1011,7.2,good
3.18,6.72,113.9,0.27,0.34,54.29,29.24,51,1013,4.12,good
5.43,8.94,115.23,0.34,1.36,66.77,27.16,74,1013,4.12,fair
6.62,8.51,114.63,0.24,1.8,63.89,28.19,61,1013,6.17,fair
2.66,11.59,102.53,0.16,0.36,71.58,21.27,73,1015,5.14,fair
2.05,8.9,101.79,0.12,0.27,71.43,20.75,68,1016,5.66,fair
1.86,8.17,102.24,0.14,0.35,73.16,21.02,68,1016,4.12,fair
3.79,9.38,110.08,1.35,0.67,37.13,27.53,78,1009,6.17,good
3.79,9.38,110.08,1.35,0.67,37.13,27.61,78,1009,6.17,good
13.2,27.5,120.89,0.27,1.16,116.28,10.76,100,1015,0.0,moderate
12.82,27.6,120.07,0.19,1.26,117.62,15.96,88,1014,2.06,moderate
12.51,26.67,120.07,0.35,1.12,116.22,16.42,83,1015,2.57,moderate
2.98,3.76,142.0,1.87,1.73,91.87,3.75,47,1032,2.06,fair
4.28,5.68,156.41,4.76,4.3,88.4,2.25,56,1031,3.13,fair
3.46,4.92,160.3,3.87,3.35,82.58,1.43,64,1031,1.03,fair
2.3,3.41,152.43,5.21,1.77,71.35,5.13,71,1032,1.03,fair
3.7,5.45,156.76,5.44,1.29,77.29,5.71,73,1032,0.51,fair
10.11,10.69,197.79,5.28,0.49,81.56,6.94,50,1026,6.37,fair
21.77,46.58,142.26,0.86,0.22,45.8,28.6,74,1008,2.91,fair
17.02,33.97,227.24,1.98,0.25,33.75,23.89,72,1009,3.33,fair
19.78,44.04,214.37,1.68,0.27,38.6,26.73,59,1008,4.5,fair
9.18,9.89,171.34,8.22,1.32,73.19,6.75,62,1032,2.57,fair
5.57,7.57,163.02,6.11,0.42,55.44,7.09,78,1032,2.48,good
9.85,11.64,172.3,8.75,0.87,59.12,5.29,77,1032,3.06,good
2.47,9.89,99.76,1.68,1.36,53.06,24.01,76,1013,4.78,good
2.66,5.3,102.7,0.36,0.32,50.84,25.13,85,1012,2.57,good
9.12,11.39,182.97,4.27,2.17,63.34,23.71,88,1013,5.14,fair
2.66,5.3,102.7,0.36,0.32,50.84,24.71,88,1013,2.57,good
12.55,26.5,134.28,6.06,0.68,56.76,17.37,94,1013,1.03,fair
7.25,17.45,131.37,5.97,0.76,62.88,15.93,94,1013,3.09,fair
19.86,71.86,121.62,4.94,0.73,57.03,13.67,88,1013,1.03,moderate
4.97,5.72,308.58,12.68,1.6,6.44,13.53,89,1013,0.8,good
12.96,44.68,85.72,0.75,0.4,48.62,28.93,70,1008,2.57,fair
5.13,7.21,242.81,9.72,1.02,16.23,18.95,55,1014,7.2,good
0.6,0.69,142.29,0.62,0.32,88.45,3.19,81,1024,3.09,fair
0.52,0.92,145.68,0.66,0.15,83.63,-1.86,80,1025,4.12,fair
0.75,1.33,150.08,0.93,0.29,82.47,1.14,78,1023,2.22,fair
22.42,46.77,142.61,6.4,17.61,101.76,18.42,72,1015,4.12,moderate
17.87,32.98,122.33,0.94,2.99,91.74,15.9,88,1016,2.06,fair
22.42,46.77,142.61,6.4,17.61,101.76,18.42,66,1015,3.92,moderate
6.11,31.21,106.93,0.2,0.18,82.89,18.98,68,1014,5.66,fair
3.94,15.36,106.75,0.4,0.62,81.38,19.01,82,1014,5.14,fair
2.11,5.47,108.08,0.27,0.35,83.09,18.67,79,1015,5.37,fair
18.87,50.16,182.54,2.61,0.42,41.09,15.49,64,1013,0.97,moderate
18.71,57.84,119.35,1.1,0.32,50.92,22.52,61,1010,1.93,moderate
15.01,59.5,107.52,0.37,0.16,76.07,28.02,26,1008,1.52,moderate
1.05,1.77,103.88,0.97,0.04,43.35,13.49,85,1013,2.57,good
13.6,27.51,124.62,0.8,0.59,93.18,17.44,70,1014,3.09,fair
10.89,21.18,137.24,5.87,0.24,65.54,18.22,79,1014,2.57,fair
37.55,56.58,701.04,5.76,0.66,27.44,15.58,74,1014,0.89,moderate
2.11,4.22,96.76,0.54,0.05,20.16,19.31,77,1012,1.86,good
23.61,64.45,249.85,3.17,0.5,41.37,17.0,44,1013,1.18,moderate
0.88,1.17,144.14,1.48,0.61,87.3,3.0,58,1023,5.36,fair
0.91,1.13,144.09,1.74,0.72,89.36,2.89,56,1023,3.58,fair
0.86,1.33,150.66,1.6,0.4,82.49,3.2,75,1022,4.02,fair
3.07,8.33,62.03,0.01,0.08,42.54,28.94,74,1014,4.12,good
3.07,8.33,62.03,0.01,0.08,42.54,28.99,74,1014,4.12,good
2.13,6.51,62.4,0.01,0.09,37.15,29.83,62,1013,3.6,good
10.03,11.01,135.86,1.09,1.63,112.04,15.88,34,1019,8.23,moderate
9.4,16.91,124.05,0.5,0.48,104.48,15.42,58,1015,1.12,moderate
9.32,11.45,129.1,2.21,0.86,79.89,15.58,81,1015,1.34,fair
2.62,3.1,102.55,0.17,0.07,25.44,28.01,83,1010,3.6,good
2.4,3.23,92.42,0.1,0.05,25.79,26.98,89,1010,4.12,good
2.53,2.58,114.34,0.18,0.0,5.42,22.48,95,1011,0.83,good
13.9,16.93,159.12,5.87,5.03,115.88,10.66,70,1024,5.66,moderate
10.42,12.41,141.96,4.68,3.32,109.48,7.69,76,1026,4.63,moderate
3.71,4.5,133.04,2.19,0.99,101.6,8.16,76,1030,4.12,moderate
1.82,2.77,112.32,2.23,0.13,57.26,9.08,71,1019,5.66,good
6.2,7.02,118.97,3.74,1.56,72.56,7.99,87,1021,3.09,fair
10.41,11.25,137.59,5.92,1.48,72.96,5.33,91,1021,1.19,fair
0.55,0.64,113.9,0.07,0.03,9.01,26.99,83,1010,3.09,good
0.55,0.64,113.9,0.07,0.03,9.01,26.99,83,1010,3.09,good
0.8,0.93,108.71,0.11,0.05,10.2,23.55,93,1010,1.01,good
8.46,9.6,138.31,1.65,1.03,97.4,14.61,67,1016,7.72,fair
1.95,3.32,123.75,1.41,0.13,6.18,21.49,96,1012,0.58,good
1.16,1.62,97.38,0.77,1.23,19.75,28.23,74,1012,1.03,good
3.69,4.65,185.55,2.4,0.19,15.76,25.99,75,1012,2.94,good
2.38,4.88,112.63,1.79,0.45,68.39,16.11,86,1014,2.57,fair
7.43,23.39,112.9,1.31,1.86,88.18,21.08,78,1012,4.12,fair
7.58,23.86,109.5,1.27,1.72,88.05,21.02,78,1012,4.12,fair
7.43,23.39,112.9,1.31,1.86,88.18,21.01,78,1012,4.12,fair
8.91,25.45,99.03,0.63,1.02,88.52,26.04,83,1012,2.06,fair
8.91,25.45,99.03,0.63,1.02,88.52,26.05,83,1012,2.06,fair
6.45,7.71,174.51,0.51,0.1,7.25,20.44,99,1014,0.47,good
1.55,5.46,97.77,0.64,0.56,52.46,25.82,78,1013,2.06,good
1.55,5.46,97.77,0.64,0.56,52.46,25.94,78,1013,2.06,good
1.55,5.46,97.77,0.64,0.56,52.46,26.02,78,1013,2.06,good
0.72,1.25,99.08,0.07,0.02,20.61,26.31,85,1010,2.63,good
0.58,1.35,92.83,0.06,0.02,17.5,27.32,82,1011,3.05,good
1.01,1.24,74.96,0.07,0.02,0.96,20.44,98,1012,0.95,good
20.34,23.56,121.48,1.67,1.24,92.5,16.98,63,1015,1.34,fair
9.82,12.48,113.78,1.58,1.12,52.6,15.65,74,1017,2.06,good
29.97,32.79,127.42,0.67,1.58,106.42,17.51,60,1016,0.88,moderate
11.4,13.78,131.51,0.51,1.69,42.82,23.42,73,1011,5.81,fair
10.18,12.14,117.23,0.33,1.17,42.91,24.5,71,1012,5.14,fair
11.23,13.31,129.86,0.4,1.42,43.91,20.95,65,1011,5.81,fair
2.88,10.15,99.33,0.04,0.12,42.97,28.88,74,1013,7.2,good
2.88,10.15,99.33,0.04,0.12,42.97,28.43,75,1013,7.2,good
2.79,9.3,99.57,0.04,0.12,42.56,29.37,74,1013,7.2,good
12.03,30.85,122.59,0.66,2.13,99.57,24.06,73,1010,2.57,fair
14.87,30.51,144.6,0.56,0.79,79.14,25.13,47,1010,2.75,fair
14.17,30.53,139.84,0.58,1.49,92.94,26.0,45,1010,1.82,fair
1.92,2.6,122.4,1.27,0.61,25.48,26.99,83,1010,3.09,good
1.31,1.48,106.76,0.33,0.07,18.83,24.74,86,1010,1.91,good
2.03,3.16,117.64,0.36,0.17,23.73,24.64,88,1010,1.83,good
16.96,28.4,364.08,27.05,40.5,48.37,19.96,65,1015,5.81,fair
16.96,28.4,364.08,27.05,40.5,48.37,20.03,67,1015,5.81,fair
16.16,26.65,360.37,26.55,35.47,45.97,20.06,70,1015,6.17,fair
19.71,22.07,127.14,0.85,10.27,69.33,30.42,32,1011,5.14,fair
5.26,6.69,140.57,1.46,0.54,55.65,29.69,62,1011,7.2,good
2.39,3.5,119.23,0.78,0.28,62.69,28.9,74,1010,6.17,fair
6.12,6.23,138.43,1.21,0.43,92.78,7.72,74,1026,2.06,fair
64.49,70.34,137.11,1.92,4.56,114.31,15.06,58,1016,1.54,poor
4.41,5.55,139.49,1.69,0.6,104.84,11.62,68,1022,8.14,moderate
7.42,11.69,117.81,0.69,1.15,66.37,28.93,74,1013,3.09,fair
7.42,11.69,117.81,0.69,1.15,66.37,28.43,74,1013,3.09,fair
15.06,17.32,199.94,0.84,0.6,82.53,26.06,82,1013,7.72,fair
3.32,4.55,139.2,1.06,0.83,88.24,7.65,46,1027,4.12,fair
0.55,1.02,136.0,0.43,0.34,108.44,5.88,39,1025,7.72,moderate
4.0,5.04,136.86,3.22,0.44,56.96,8.92,43,1024,5.96,good
21.33,23.18,534.69,2.98,0.77,50.78,27.44,87,1011,0.89,fair
16.45,17.86,384.41,4.99,0.95,44.7,26.68,94,1010,1.54,fair
21.33,23.18,534.69,2.98,0.77,50.78,28.0,85,1011,0.96,fair
2.61,4.31,128.8,1.58,1.07,108.49,11.02,72,1024,6.69,moderate
7.18,10.82,133.86,1.51,1.66,122.31,13.87,50,1019,8.75,moderate
3.25,4.97,127.11,1.56,1.26,111.4,12.97,69,1020,6.04,moderate
17.18,38.27,121.64,2.56,1.03,82.79,13.17,71,1015,0.89,fair
19.78,45.23,125.29,9.2,1.87,73.78,16.83,90,1015,1.03,fair
12.01,22.29,118.93,0.85,1.73,103.34,17.47,88,1015,0.96,moderate
2.59,4.27,133.84,2.59,1.88,110.38,10.88,58,1027,8.23,moderate
24.38,48.36,112.61,0.06,0.18,65.49,28.01,83,1008,0.0,fair
46.71,81.61,421.55,9.85,4.71,50.75,28.03,47,1003,2.06,moderate
28.31,39.11,307.67,9.9,3.56,35.26,23.25,80,1010,7.6,moderate
23.09,122.24,161.45,3.33,0.35,66.1,20.95,73,1012,1.03,poor
22.13,105.6,150.84,3.37,1.08,60.2,14.56,87,1012,0.45,poor
23.67,77.26,220.0,10.58,3.12,48.35,11.85,100,1013,1.54,moderate
7.94,16.37,160.12,5.35,1.84,71.14,14.84,58,1009,4.12,fair
23.27,92.96,105.9,0.86,0.23,83.52,17.08,48,1011,3.09,moderate
9.95,21.9,125.22,3.41,0.57,75.17,11.77,18,1010,2.98,fair
1.07,3.79,133.17,0.06,0.12,107.74,4.81,80,1011,4.63,moderate
1.07,3.79,133.17,0.06,0.12,107.74,4.84,80,1010,4.63,moderate
1.07,3.79,133.17,0.06,0.12,107.74,4.93,80,1011,4.63,moderate
18.29,20.69,121.67,0.3,1.87,112.03,18.58,49,1016,2.06,moderate
11.25,13.57,220.89,7.52,0.39,47.22,14.7,77,1020,5.59,fair
21.45,23.39,145.83,0.6,4.2,121.73,17.9,46,1015,2.57,moderate
6.2,7.08,136.39,1.29,0.71,98.09,14.92,66,1015,9.26,fair
1.58,5.33,96.75,0.2,0.2,34.59,27.53,69,1013,2.57,good
1.73,5.61,98.69,0.19,0.19,35.08,26.46,76,1012,2.57,good
1.73,5.61,98.69,0.19,0.19,35.08,26.63,76,1012,2.57,good
14.58,31.34,124.21,3.19,1.46,90.09,15.05,51,1016,1.54,fair
13.42,30.88,126.6,3.7,2.02,100.11,15.95,51,1015,1.54,moderate
18.55,36.64,146.92,10.79,2.71,77.65,13.68,71,1015,0.19,fair
2.4,3.9,176.68,11.45,5.03,102.99,14.11,72,1023,4.63,moderate
2.32,4.28,169.06,7.23,4.26,108.09,14.63,77,1023,4.63,moderate
1.88,2.06,166.75,6.66,1.48,118.19,13.36,82,1020,2.06,moderate
1.42,1.68,112.57,0.48,0.11,24.25,16.5,94,1015,0.43,good
12.69,20.74,356.58,3.65,0.49,16.58,15.18,90,1013,1.66,fair
5.68,7.56,211.0,2.29,0.39,17.79,25.23,94,1011,1.54,good
11.1,14.87,110.88,2.68,1.12,68.72,14.11,63,1011,2.11,fair
1.76,2.71,78.04,0.24,0.17,60.58,12.51,76,1011,3.0,fair
1.99,3.14,95.28,1.22,0.1,55.04,12.76,72,1011,2.81,good
60.76,67.84,1117.17,14.75,2.99,36.26,29.07,69,1010,2.78,poor
11.4,15.32,257.74,2.25,0.89,53.05,28.77,69,1010,1.63,fair
23.3,24.33,512.15,4.81,0.55,7.53,26.57,79,1011,3.39,fair
0.5,1.24,70.5,0.01,0.03,5.83,31.0,74,1009,2.57,good
4.29,17.12,71.26,0.04,0.24,42.96,25.0,78,1012,1.54,good
4.16,15.71,71.51,0.05,0.24,39.16,26.65,81,1011,4.02,good
4.99,21.49,71.37,0.04,0.3,45.81,28.09,77,1011,7.11,fair
56.45,62.8,246.72,2.38,3.14,109.83,15.67,34,1017,0.28,poor
49.36,55.66,284.69,6.61,14.58,65.31,16.58,42,1016,0.58,moderate
41.6,46.92,210.16,0.9,1.14,112.18,15.12,39,1017,0.65,moderate
50.27,55.61,291.46,20.34,2.6,69.48,14.76,67,1016,1.03,poor
1.29,1.67,159.43,0.71,0.4,123.57,13.95,82,1017,2.57,moderate
47.98,52.07,225.11,3.62,1.25,91.67,14.95,67,1017,1.03,moderate
49.76,203.86,149.07,1.53,2.18,96.76,26.75,46,1010,5.57,very_poor
50.19,214.81,144.39,1.27,2.05,95.27,27.11,50,1010,2.68,very_poor
50.19,214.81,144.39,1.27,2.05,95.27,27.03,50,1010,2.68,very_poor
9.29,14.18,114.83,0.26,0.8,64.21,29.01,74,1012,5.14,fair
9.29,14.18,114.83,0.26,0.8,64.21,29.01,74,1012,5.14,fair
13.9,16.28,92.61,0.93,1.72,79.38,10.28,76,1013,2.0,fair
11.16,24.04,151.49,7.2,0.43,31.77,16.33,72,1009,3.0,fair
4.16,4.52,145.44,1.72,2.59,91.33,10.05,40,1020,2.0,fair
47.57,49.15,618.65,6.48,1.08,40.68,21.97,83,1012,1.03,moderate
30.8,33.8,631.13,7.93,1.16,34.17,22.18,78,1013,5.13,moderate
28.45,29.3,508.82,3.58,0.66,16.39,25.5,77,1012,0.86,moderate
14.82,28.32,122.47,4.93,2.39,97.64,19.3,82,1015,1.24,fair
19.96,32.54,162.66,5.44,4.78,91.85,17.3,81,1015,1.41,fair
15.63,28.28,121.74,4.52,2.09,98.96,19.63,75,1015,1.22,fair
1.8,7.02,96.64,0.42,0.32,44.42,26.93,74,1012,3.09,good
1.99,8.64,96.81,0.29,0.27,44.01,26.03,82,1012,3.09,good
0.5,0.74,99.75,0.59,0.29,14.63,26.16,93,1008,3.67,good
0.5,0.74,99.75,0.59,0.29,14.63,26.15,93,1009,1.79,good
0.5,0.74,99.75,0.59,0.29,14.63,26.08,93,1009,1.79,good
0.93,1.48,100.07,0.36,0.15,26.17,25.25,88,1012,1.58,good
5.53,9.8,180.84,1.61,0.31,24.5,21.14,98,1014,1.65,good
0.5,0.5,83.33,0.31,0.07,21.66,24.8,87,1013,5.49,good
5.88,7.52,116.06,2.39,0.63,41.42,11.79,42,1021,2.78,good
6.39,8.43,119.02,1.77,0.54,47.05,10.82,62,1022,1.0,good
2.6,3.38,82.19,1.87,0.39,45.21,11.85,37,1020,2.69,good
1.65,2.89,154.63,3.59,1.04,57.53,0.57,80,1028,0.51,good
1.0,1.52,147.34,1.32,0.57,76.78,0.18,86,1028,0.51,fair
0.5,0.57,143.71,2.3,1.29,84.89,0.01,66,1030,2.54,fair
5.78,6.62,136.6,2.6,3.45,106.92,9.7,44,1025,6.69,moderate
6.42,7.26,136.33,2.18,2.97,106.14,9.72,49,1024,3.58,moderate
6.48,7.33,136.4,2.26,3.01,105.63,9.88,46,1024,6.69,moderate
1.15,2.18,154.38,2.1,0.39,67.9,1.68,76,1027,1.03,fair
1.36,2.3,149.55,1.5,0.27,79.04,-1.18,78,1027,2.03,fair
0.5,0.5,140.88,0.84,0.47,91.67,3.95,70,1029,1.03,fair
28.49,101.09,179.04,2.83,1.59,76.94,20.94,60,1012,0.0,poor
27.27,79.08,207.41,3.21,0.47,86.05,22.93,39,1013,5.06,moderate
35.0,103.94,184.58,1.92,0.15,86.68,19.35,72,1012,5.51,poor
4.35,13.27,112.85,2.27,3.93,80.26,16.99,88,1014,1.54,fair
4.15,8.45,113.51,3.19,4.21,79.57,15.23,100,1015,1.54,fair
4.29,5.52,105.5,2.43,0.46,54.17,17.08,94,1014,1.54,good
9.01,14.94,125.59,0.93,0.96,114.14,16.12,59,1016,3.09,moderate
0.99,1.33,136.07,0.83,0.8,96.17,7.3,57,1024,3.09,fair
1.65,2.04,131.16,0.6,0.79,83.03,6.55,57,1024,2.79,fair
0.68,1.43,137.01,1.11,0.36,86.53,4.2,61,1025,2.85,fair
41.82,46.51,121.73,1.86,3.68,109.03,14.88,63,1017,2.06,moderate
39.18,44.84,126.99,2.29,4.21,103.22,6.56,90,1017,1.6,moderate
40.16,46.49,143.74,4.49,4.73,94.78,9.48,100,1016,0.51,moderate
4.26,6.75,117.02,0.98,0.08,17.25,16.98,100,1018,2.57,good
1.37,2.46,69.7,0.27,0.05,20.15,25.0,88,1015,2.06,good
1.89,2.72,83.88,0.43,0.04,19.85,14.6,90,1020,1.95,good
1.4,4.34,100.3,0.01,0.09,34.51,29.98,79,1010,10.29,good
10.3,11.7,109.46,1.48,0.46,66.99,12.9,58,1019,6.17,fair
8.92,10.7,110.07,1.98,0.49,60.33,12.31,85,1019,4.29,fair
13.5,14.68,103.53,1.45,0.76,55.39,9.67,89,1017,1.88,fair
1.42,2.18,146.1,0.27,0.03,27.38,29.3,51,1011,1.03,good
2.41,3.05,140.75,0.79,0.06,21.04,26.26,70,1012,3.51,good
3.09,4.42,151.89,0.67,0.06,18.91,28.31,59,1011,4.75,good
6.37,8.63,308.47,4.72,0.5,25.82,25.98,94,1010,0.0,good
13.19,20.2,352.86,4.73,0.49,42.17,26.75,61,1010,3.16,fair
23.52,29.14,759.31,15.16,1.33,1.99,24.81,63,1010,1.29,fair
0.5,0.5,118.4,0.85,3.0,81.65,2.07,51,1025,8.0,fair
0.5,0.5,116.05,0.16,0.15,86.06,1.16,54,1030,4.0,fair
0.5,0.5,118.34,0.32,0.16,86.17,6.58,46,1029,3.64,fair
14.56,23.15,352.95,25.55,25.39,41.16,20.85,73,1015,8.75,fair
15.55,25.27,360.78,25.74,26.46,41.3,20.96,73,1015,8.75,fair
15.55,25.27,360.78,25.74,26.46,41.3,20.82,73,1015,8.75,fair
3.9,20.49,99.39,0.08,0.2,52.02,28.08,70,1014,7.2,fair
2.25,8.46,99.3,0.87,0.67,52.01,25.97,78,1012,2.06,good
2.08,7.53,98.99,0.78,0.61,51.24,25.95,78,1012,2.06,good
2.08,7.53,98.99,0.78,0.61,51.24,26.03,78,1013,2.06,good
4.58,16.18,107.49,0.27,0.89,79.35,18.96,83,1013,6.58,fair
3.07,9.14,106.22,0.82,0.99,82.72,17.93,88,1014,5.66,fair
42.73,210.33,111.08,0.17,0.09,71.61,30.74,16,1010,3.84,very_poor
20.94,58.39,128.79,0.2,0.68,105.5,17.34,88,1014,5.14,moderate
20.94,58.39,128.79,0.2,0.68,105.5,17.22,88,1014,5.14,moderate
20.94,58.39,128.79,0.2,0.68,105.5,16.99,88,1014,5.14,moderate
3.29,5.55,74.96,0.7,0.8,45.64,24.68,94,1014,2.24,good
3.36,5.61,75.41,0.55,0.6,44.37,22.15,94,1014,0.89,good
3.36,5.61,75.41,0.55,0.6,44.37,23.1,94,1014,0.89,good
0.5,1.08,103.02,0.04,0.03,19.51,28.97,84,1008,3.09,good
1.47,2.6,84.96,0.34,0.08,26.0,15.17,80,1018,1.09,good
3.64,5.74,80.84,0.25,0.15,33.97,15.45,94,1018,2.27,good
1.31,2.05,73.5,0.45,0.04,38.32,15.51,92,1017,0.74,good
13.17,15.4,151.88,2.19,1.7,91.63,30.53,6,1007,5.14,fair
4.29,14.24,119.24,0.2,0.75,106.07,19.17,64,1015,6.69,moderate
12.11,14.1,143.88,1.53,1.35,92.41,30.97,6,1008,5.14,fair
9.46,9.92,330.65,2.82,0.76,34.08,25.29,94,1010,0.0,good
6.69,7.4,187.65,3.65,1.72,8.56,26.52,89,1010,0.51,good
8.05,8.49,265.07,1.35,0.33,27.87,25.51,94,1009,0.0,good
7.47,11.87,155.14,2.27,0.55,22.91,18.99,80,1022,2.57,good
7.47,11.87,155.14,2.27,0.55,22.91,18.97,82,1022,2.57,good
11.22,17.97,80.53,0.22,0.22,33.87,18.24,99,1016,1.79,fair
1.47,4.96,61.09,0.04,0.12,43.85,29.29,70,1017,2.54,good
1.47,4.96,61.09,0.04,0.12,43.85,29.43,70,1017,2.45,good
1.43,4.75,60.91,0.03,0.13,42.68,29.22,70,1018,0.99,good
10.35,19.98,189.21,0.41,0.07,45.46,35.16,34,1008,2.57,fair
35.09,106.35,305.56,1.48,0.52,40.55,30.18,11,1008,3.48,poor
91.75,226.29,914.44,12.65,3.62,32.26,29.03,10,1009,4.64,very_poor
0.5,1.29,101.44,0.07,0.03,19.58,28.36,76,1010,6.44,good
24.06,58.58,443.45,4.79,1.57,24.51,29.18,11,1009,2.28,moderate
13.5,30.25,388.96,3.42,0.87,13.98,23.93,95,1011,2.31,fair
1.69,2.81,105.82,0.17,6.85,38.37,32.45,40,1007,6.71,good
7.97,9.61,110.61,0.33,6.76,56.14,31.14,55,1007,2.8,good
1.32,2.25,106.43,0.15,3.3,36.34,32.69,44,1007,3.49,good
7.29,8.69,155.84,7.48,4.67,100.4,11.97,46,1028,6.17,moderate
7.47,9.03,158.64,8.63,5.51,98.26,11.28,50,1029,5.66,fair
8.11,9.71,160.89,9.24,5.89,100.32,12.46,46,1028,6.17,moderate
3.37,4.59,134.86,3.78,1.09,77.55,7.53,78,1028,0.49,fair
2.34,3.86,127.62,1.38,0.99,98.91,6.27,93,1032,1.54,fair
0.55,0.69,121.56,0.36,0.2,62.17,8.0,85,1029,0.45,fair
16.26,19.04,401.78,6.02,5.21,52.92,16.25,100,1009,1.54,fair
18.0,20.37,424.37,3.09,2.4,74.05,15.34,81,1010,0.17,fair
20.22,23.05,422.12,5.52,4.96,65.13,20.23,91,1008,1.09,fair
0.68,1.73,71.01,0.11,0.05,58.75,19.39,46,1031,2.24,good
0.9,3.63,63.37,0.14,0.14,52.34,15.11,47,1037,1.54,good
1.37,5.07,63.73,0.22,0.19,52.13,13.72,67,1037,7.72,good
45.09,141.58,113.52,1.6,0.85,60.41,30.99,29,1004,1.03,poor
42.26,135.35,113.16,2.44,1.2,59.47,31.05,29,1004,1.03,poor
44.25,138.4,113.43,1.86,0.94,60.06,31.0,29,1004,1.03,poor
1.32,1.68,142.67,0.75,0.35,34.99,27.78,89,1007,3.09,good
1.2,1.56,144.89,0.84,0.42,32.27,26.02,97,1007,3.09,good
1.2,1.56,144.89,0.84,0.42,32.27,26.3,96,1007,3.09,good
7.91,20.75,73.52,0.05,0.33,58.47,22.17,76,1009,2.06,fair
7.91,20.75,73.52,0.05,0.33,58.47,20.1,77,1009,2.06,fair
12.37,22.0,82.87,0.68,1.52,71.73,16.12,47,1013,0.0,fair
1.94,4.34,61.86,0.11,0.1,28.23,31.9,62,1012,7.72,good
1.91,4.18,61.4,0.08,0.08,26.52,31.96,62,1012,7.72,good
1.64,3.6,60.94,0.06,0.06,24.49,31.8,62,1012,7.72,good
2.19,6.53,62.44,0.05,0.14,40.86,26.99,76,1012,2.3,good
1.73,2.35,38.14,0.04,0.04,3.26,24.28,80,1013,2.36,good
1.19,2.33,66.31,0.07,3.57,6.18,30.21,69,1012,2.06,good
6.02,9.12,209.11,6.32,5.44,35.91,30.02,61,1012,0.45,good
11.73,14.9,308.17,5.81,1.66,47.11,28.05,74,1011,3.09,fair
5.31,8.35,181.88,5.72,5.63,39.89,30.51,62,1012,0.45,good
21.18,33.95,388.47,6.21,3.97,62.15,23.99,64,1003,1.03,fair
36.52,85.78,118.03,0.12,0.79,98.34,27.09,83,1003,2.57,moderate
11.67,30.11,304.25,4.22,0.38,42.04,22.08,64,1004,0.0,fair
5.46,8.81,194.35,7.48,3.14,48.54,0.95,74,1030,0.0,good
3.92,4.94,153.68,2.59,2.05,79.15,-0.9,70,1030,0.51,fair
3.58,5.36,158.76,4.02,1.47,62.69,-0.86,80,1032,1.03,fair
2.08,8.21,98.02,0.21,0.22,48.27,27.0,81,1013,4.63,good
1.97,7.43,98.67,0.24,0.22,48.71,26.97,83,1013,4.63,good
1.88,6.98,98.47,0.25,0.22,48.73,26.6,82,1013,4.63,good
18.16,44.7,120.01,1.91,0.73,80.26,16.82,84,1015,0.53,fair
16.51,40.73,116.58,0.99,0.7,80.8,16.86,83,1015,0.95,fair
18.16,44.7,120.01,1.91,0.73,80.26,16.75,84,1015,0.48,fair
1.19,2.72,116.01,0.71,0.6,100.59,14.87,86,1014,1.54,moderate
9.29,15.13,131.87,1.35,0.94,110.45,15.73,88,1013,3.09,moderate
9.12,14.45,130.47,1.14,0.88,110.87,13.97,83,1013,1.44,moderate
7.97,9.7,103.1,1.86,0.35,28.09,21.79,83,1013,0.0,good
13.6,15.05,261.29,4.95,0.36,18.68,19.33,94,1015,1.03,fair
8.44,10.2,104.92,2.02,0.44,28.19,21.7,83,1013,0.0,good
52.49,170.52,157.94,6.09,13.94,85.75,26.95,61,1006,4.12,poor
52.49,170.52,157.94,6.09,13.94,85.75,26.89,61,1006,4.12,poor
51.06,160.0,162.21,6.59,14.25,85.37,27.03,61,1006,4.12,poor
1.72,2.68,71.54,0.22,0.08,35.39,22.81,88,1015,3.09,good
1.3,2.35,67.67,0.17,0.08,35.17,22.57,79,1015,3.0,good
1.32,2.69,66.46,0.13,0.08,35.69,24.82,78,1016,3.09,good
2.81,3.82,133.29,1.93,0.53,67.89,9.97,70,1021,7.72,fair
0.73,0.88,135.79,0.43,0.47,101.99,6.37,66,1025,1.03,moderate
1.85,2.77,125.78,0.61,0.68,101.27,9.55,89,1021,1.89,moderate
5.94,6.1,124.47,0.99,3.24,98.11,9.69,74,1023,3.6,fair
4.8,6.37,131.28,2.36,1.31,75.46,9.99,93,1021,5.14,fair
5.33,5.73,124.64,1.01,1.81,80.78,10.34,85,1023,3.89,fair
0.5,0.5,149.86,1.77,0.31,57.31,1.35,79,1022,2.15,good
0.52,0.93,145.21,0.9,0.32,75.49,1.11,76,1021,0.0,fair
2.14,2.64,137.98,1.43,0.33,64.43,6.87,53,1025,4.0,fair
23.56,39.22,666.44,3.2,0.34,1.21,19.71,83,1014,1.54,fair
14.5,21.77,463.51,3.2,0.71,8.23,17.16,92,1014,1.4,fair
17.33,25.56,500.03,3.5,0.52,5.98,14.16,96,1016,0.58,fair
10.14,28.03,109.62,2.43,7.64,99.85,23.0,41,1009,5.5,fair
7.0,15.43,103.93,0.52,0.6,64.63,23.5,48,1010,3.87,fair
19.33,48.28,124.98,19.65,69.51,70.76,23.04,41,1009,2.76,fair
1.36,4.81,63.88,0.02,0.12,14.38,30.65,69,1011,4.57,good
1.36,4.81,63.88,0.02,0.12,14.38,30.53,68,1011,3.76,good
1.27,4.46,63.59,0.02,0.11,14.9,30.59,67,1011,5.75,good
0.59,1.89,74.67,0.04,0.04,12.23,27.0,78,1009,3.6,good
19.09,88.75,104.16,0.16,0.51,86.46,27.48,12,1009,5.71,moderate
18.55,84.95,104.3,0.16,0.54,88.03,27.23,12,1009,5.75,moderate
18.55,84.95,104.3,0.16,0.54,88.03,27.25,12,1009,5.74,moderate
0.5,0.82,135.61,1.05,0.12,60.7,7.69,69,1026,1.03,fair
4.99,6.52,154.04,3.47,0.54,72.78,4.9,40,1030,2.12,fair
8.81,9.54,168.75,9.36,1.5,67.74,7.93,74,1031,3.95,fair
4.98,5.62,154.08,2.88,1.34,9.31,26.97,89,1010,1.54,good
4.98,5.62,154.08,2.88,1.34,9.31,26.97,89,1010,1.54,good
4.98,5.62,154.08,2.88,1.34,9.31,27.0,89,1010,1.54,good
5.8,5.98,144.18,0.95,0.34,116.24,4.72,95,1026,2.06,moderate
12.7,13.95,155.34,3.59,0.42,63.29,5.8,53,1028,3.6,fair
8.4,8.92,145.13,1.62,0.58,96.13,3.43,94,1027,1.89,fair
6.94,8.02,154.48,2.19,3.76,104.36,4.81,47,1029,4.12,moderate
2.03,2.54,140.3,1.01,1.51,98.15,3.03,47,1028,6.69,fair
6.94,8.02,154.48,2.19,3.76,104.36,4.91,48,1029,4.12,moderate
14.4,44.74,98.7,0.52,0.59,71.78,24.86,79,1012,2.06,fair
14.11,30.42,105.7,0.71,0.4,42.88,24.93,91,1012,0.3,fair
11.16,21.45,118.02,0.6,0.23,38.4,23.94,95,1012,0.53,fair
5.84,20.24,103.87,0.76,1.17,82.39,20.7,88,1013,4.12,fair
7.64,30.9,135.06,1.64,1.43,77.69,20.54,56,1012,6.51,fair
5.98,20.09,103.9,1.05,1.36,84.73,20.67,88,1013,4.12,fair
0.84,3.42,65.62,0.02,0.07,20.67,28.02,80,1009,6.75,good
3.12,6.36,123.08,0.88,0.09,22.02,20.91,77,1011,0.96,good
1.17,3.29,96.8,0.32,0.03,22.19,23.59,63,1010,2.65,good
1.14,1.34,115.33,1.27,0.47,22.8,26.95,83,1010,2.57,good
1.03,1.26,113.21,0.66,0.27,17.9,26.96,83,1010,2.57,good
5.58,8.19,172.69,0.89,0.11,11.33,22.42,88,1009,2.59,good
18.58,55.96,110.63,0.79,0.06,24.37,30.18,15,1007,2.8,moderate
7.23,10.04,169.03,0.41,0.06,5.92,20.26,93,1010,2.32,good
0.76,1.25,94.6,0.06,0.03,21.29,26.9,82,1011,1.72,good
19.37,22.31,110.22,0.2,1.6,54.33,25.6,78,1009,5.66,fair
19.37,22.31,110.22,0.2,1.6,54.33,25.94,78,1010,5.66,fair
27.55,31.93,122.38,0.33,5.38,68.42,30.81,74,1007,2.57,moderate
19.54,30.12,121.5,1.88,2.44,64.0,14.82,88,1014,3.43,fair
22.32,36.45,174.59,20.69,4.6,51.65,16.18,56,1014,2.1,fair
24.76,33.93,151.62,5.67,12.37,96.44,13.81,74,1015,2.64,fair
7.06,10.27,99.6,1.33,0.95,35.37,16.06,81,1022,0.98,good
9.24,12.4,119.03,3.46,2.36,31.92,12.3,90,1023,1.09,good
1.6,4.68,106.27,0.28,0.21,51.49,25.45,81,1014,7.38,good
14.73,41.52,241.01,1.86,0.53,22.29,29.98,9,1007,3.6,fair
6.71,17.02,110.21,0.32,0.03,12.12,28.08,52,1007,1.99,good
14.9,49.09,105.79,0.23,0.09,69.81,26.85,13,1009,6.57,fair
0.85,1.32,110.24,0.75,0.27,21.4,28.06,74,1011,1.54,good
8.26,11.48,235.18,3.03,0.54,20.56,23.23,84,1012,1.33,good
5.75,7.55,182.4,1.99,0.13,12.08,24.88,78,1012,1.86,good
9.4,11.15,233.75,2.98,0.7,17.27,28.96,70,1010,3.31,good
8.39,10.08,210.81,2.33,0.57,19.31,29.99,79,1010,3.6,good
9.78,11.74,256.09,3.27,0.71,17.09,28.97,84,1010,3.09,good
10.88,33.59,389.15,2.5,0.37,54.68,17.06,88,1011,1.0,fair
8.22,14.36,106.85,0.68,0.91,57.1,18.96,45,1010,0.61,good
4.07,7.53,109.69,0.6,0.91,70.34,16.8,54,1010,0.75,fair
1.9,4.11,90.12,0.57,0.2,26.86,27.41,74,1013,0.49,good
2.03,4.75,105.21,1.03,0.36,29.43,25.88,82,1013,1.5,good
1.82,5.32,68.13,0.17,0.16,35.09,26.15,81,1013,1.54,good
15.28,41.69,159.87,5.62,1.37,61.33,15.92,77,1014,4.12,fair
31.32,139.58,109.31,0.99,0.62,64.41,15.99,59,1008,2.06,poor
32.09,110.87,123.11,0.2,0.14,98.77,20.97,56,1010,6.17,poor
16.1,34.39,124.7,3.29,0.28,50.77,18.8,88,1012,4.63,fair
26.75,97.56,163.44,1.62,0.41,85.94,20.08,83,1014,3.09,moderate
25.5,78.16,134.9,1.43,0.88,88.8,18.88,94,1012,6.17,moderate
1.83,6.98,63.87,0.02,0.05,42.6,28.18,78,1014,5.66,good
28.43,33.75,180.61,10.86,5.1,49.13,10.54,71,1017,4.63,moderate
3.83,4.91,114.84,1.75,0.44,62.93,6.8,66,1015,0.79,fair
13.17,16.21,126.59,3.57,1.77,72.32,7.65,69,1017,0.68,fair
2.02,8.38,107.61,0.22,0.08,29.64,25.71,79,1010,6.17,good
2.02,8.22,110.56,0.26,0.08,28.79,25.6,79,1010,3.89,good
2.02,8.22,110.56,0.26,0.08,28.79,25.57,79,1010,3.89,good
7.04,8.71,257.38,18.26,5.73,25.88,19.95,90,1015,4.12,good
7.04,8.71,257.38,18.26,5.73,25.88,19.96,90,1015,4.12,good
19.21,26.26,372.58,33.36,15.81,27.23,21.17,87,1014,5.66,fair
1.39,2.03,71.29,0.36,0.03,12.13,23.04,96,1012,3.56,good
3.74,5.98,170.46,1.09,0.07,2.89,19.74,86,1012,2.33,good
1.36,2.32,84.71,0.56,0.04,13.06,17.68,93,1014,2.46,good
0.5,1.55,137.84,1.38,0.1,54.01,2.31,80,1026,2.29,good
0.71,1.9,145.85,2.5,0.35,48.44,2.87,73,1023,1.99,good
1.96,2.29,132.81,0.58,1.08,104.86,7.9,61,1023,3.07,moderate
3.54,5.1,164.65,1.84,0.13,20.43,17.57,95,1012,0.77,good
3.54,5.1,164.65,1.84,0.13,20.43,17.31,96,1012,0.84,good
3.06,4.36,154.08,1.63,0.11,25.56,17.53,97,1012,0.72,good
1.82,2.61,136.33,2.55,0.54,102.33,10.72,82,1011,4.63,moderate
7.2,20.4,124.11,0.29,1.18,103.08,22.27,49,1014,5.66,moderate
2.06,3.07,136.26,2.06,0.49,100.8,10.38,84,1011,4.47,moderate
9.92,44.66,81.5,0.62,0.06,41.12,18.68,74,1013,4.66,fair
10.23,15.39,200.51,4.01,0.27,30.89,16.95,67,1015,1.54,fair
13.33,19.01,163.31,2.32,0.35,38.8,16.53,86,1015,1.82,fair
4.69,9.99,119.76,1.12,0.16,54.68,21.26,48,1009,1.6,good
2.82,3.9,82.71,0.18,0.12,66.11,17.17,59,1010,1.88,fair
5.17,10.25,100.7,0.98,0.26,70.96,18.88,54,1009,1.69,fair
2.79,13.33,101.36,0.53,0.44,41.56,25.48,75,1012,3.92,good
2.68,12.63,99.92,0.44,0.4,41.47,26.04,74,1012,4.4,good
2.76,3.73,156.75,2.72,0.23,22.54,21.67,89,1011,2.06,good
3.7,3.88,198.94,2.43,0.14,28.78,28.49,72,1007,4.68,good
1.92,2.72,138.79,1.15,0.09,26.53,26.78,87,1010,2.58,good
1.64,5.49,96.62,0.22,0.21,48.88,26.75,78,1013,3.09,good
1.87,7.0,97.32,0.24,0.25,51.35,27.85,74,1013,3.6,good
33.2,42.44,823.83,14.14,3.59,22.5,28.01,89,1010,3.09,moderate
67.07,76.64,763.77,15.01,5.56,15.38,22.0,63,1016,4.02,poor
52.14,62.18,660.3,14.83,9.24,57.79,22.99,53,1016,2.57,poor
5.19,18.85,61.53,0.02,5.82,33.59,28.1,83,1015,6.17,good
1.0,5.31,61.66,0.01,0.04,30.14,30.51,72,1011,4.46,good
13.95,16.23,121.59,3.31,1.03,66.65,8.59,78,1020,4.47,fair
18.34,21.49,131.81,5.68,1.49,63.65,9.83,90,1019,1.21,fair
15.11,17.33,124.96,3.74,1.48,73.73,8.76,86,1020,2.33,fair
30.51,68.31,105.0,2.82,9.87,65.3,18.56,56,1013,1.01,moderate
33.24,54.16,112.57,0.57,1.39,86.41,28.56,73,1007,2.5,moderate
41.61,76.12,112.29,2.04,2.66,82.7,23.04,70,1011,1.0,moderate
3.41,8.0,72.94,0.04,0.1,29.78,27.89,83,1011,3.09,good
3.41,8.0,72.94,0.04,0.1,29.78,27.84,83,1011,3.09,good
3.41,8.0,72.94,0.04,0.1,29.78,27.76,83,1011,3.09,good
14.22,16.21,216.4,6.68,2.99,41.97,13.73,89,1020,0.51,fair
0.65,2.29,62.82,0.07,0.13,53.24,15.24,79,1016,6.71,good
5.55,8.89,145.91,3.71,1.45,39.72,18.63,66,1021,0.45,good
2.35,3.22,116.73,0.55,0.23,28.56,14.14,77,1017,0.0,good
1.96,3.05,95.75,0.58,0.4,26.48,14.26,78,1017,1.43,good
1.53,2.35,84.25,0.42,0.32,28.05,13.3,79,1017,2.43,good
0.58,0.66,78.89,0.4,0.12,26.47,13.56,87,1020,2.48,good
1.23,1.85,73.35,0.33,0.16,34.15,16.39,80,1020,5.73,good
0.5,0.52,73.96,0.39,0.11,25.55,13.08,96,1020,2.53,good
10.51,21.13,125.97,3.47,0.41,76.49,12.26,95,1021,0.45,fair
10.51,21.13,125.97,3.47,0.41,76.49,12.48,95,1021,0.45,fair
39.05,113.51,176.09,4.44,1.42,106.91,28.84,63,1007,2.55,poor
43.49,152.96,179.35,0.6,0.62,135.71,28.02,65,1007,2.06,poor
37.13,108.07,175.26,5.19,1.71,98.99,29.0,58,1007,3.09,poor
4.65,9.75,301.65,2.3,0.13,55.43,14.29,51,1011,0.85,good
25.03,140.94,135.97,0.39,0.06,81.9,14.55,73,1012,4.54,poor
7.0,19.83,102.28,0.34,0.09,63.09,23.67,34,1011,1.71,fair
1.53,5.04,103.78,1.15,0.98,54.78,25.66,78,1013,2.57,good
7.08,7.95,129.0,1.6,1.15,93.45,12.51,38,1018,2.06,fair
4.06,5.13,134.91,1.29,1.16,104.91,13.23,62,1017,4.93,moderate
5.44,9.79,130.67,1.11,1.19,110.51,12.4,85,1016,2.25,moderate
4.55,5.11,113.24,2.95,1.49,81.33,12.09,58,1015,2.57,fair
4.35,5.54,112.69,4.08,1.51,57.68,4.84,75,1018,1.54,good
3.94,4.71,109.38,3.33,1.36,73.88,6.12,88,1018,1.56,fair
14.02,46.51,71.06,0.04,0.26,37.89,24.0,88,1011,2.57,fair
27.09,118.84,68.84,0.34,0.12,27.35,15.92,94,1016,2.06,poor
4.11,4.83,107.88,1.45,0.08,17.6,17.89,94,1015,1.54,good
20.3,36.87,285.0,15.72,6.48,49.61,17.81,78,1012,3.6,fair
8.7,13.78,168.72,3.51,0.24,43.86,18.73,53,1009,3.6,good
20.52,28.77,241.81,4.28,1.07,67.21,19.07,83,1010,0.89,fair
9.46,11.63,199.87,7.94,0.87,50.98,6.11,57,1029,2.57,good
9.63,13.0,185.73,8.69,0.63,58.29,2.53,70,1029,1.03,good
6.11,7.17,158.67,5.21,0.64,61.79,3.98,61,1030,1.03,fair
6.16,9.94,89.33,3.13,1.95,22.97,19.15,84,1029,4.12,good
6.25,8.94,102.09,2.94,1.87,54.75,21.61,55,1024,8.75,good
0.85,1.48,64.82,0.19,0.05,44.62,21.36,78,1025,3.6,good
4.2,14.07,130.13,2.73,2.37,52.3,27.8,80,1008,9.26,good
4.2,14.07,130.13,2.73,2.37,52.3,27.77,81,1008,9.26,good
4.2,14.07,130.13,2.73,2.37,52.3,27.64,82,1008,9.26,good
2.68,5.33,128.54,0.32,0.18,103.98,12.03,87,1020,3.09,moderate
3.16,6.36,128.99,0.52,0.18,91.65,11.75,85,1020,6.09,fair
4.78,5.66,98.41,1.24,0.08,61.36,10.48,100,1019,2.06,fair
1.44,2.06,133.41,0.95,2.89,106.82,-0.05,100,1028,1.54,moderate
1.95,2.5,129.29,0.74,1.11,102.19,1.74,80,1028,2.57,moderate
1.65,2.34,138.21,1.39,2.27,95.47,2.43,80,1028,1.38,fair
1.52,7.27,90.91,0.05,0.11,48.93,26.27,78,1012,3.6,good
4.71,6.56,158.82,2.33,4.14,21.7,23.99,94,1008,2.06,good
1.6,2.98,119.03,0.07,0.95,27.7,22.96,92,1009,3.96,good
5.31,7.39,170.85,3.05,3.66,20.96,24.0,94,1008,2.06,good
3.78,4.39,140.65,2.17,2.42,111.54,8.69,52,1025,3.65,moderate
3.7,4.39,142.7,3.38,2.19,111.65,11.25,41,1025,3.6,moderate
4.67,5.44,144.03,2.89,2.38,113.06,12.17,44,1024,3.97,moderate
15.03,38.6,215.03,2.58,0.18,23.67,33.19,31,1009,2.69,fair
6.91,11.15,205.16,2.23,0.14,9.45,29.25,70,1010,0.51,good
17.57,43.02,248.54,2.28,0.36,20.56,31.94,41,1009,3.15,fair
0.82,1.07,131.99,1.24,0.55,76.14,2.83,87,1026,2.06,fair
0.65,0.7,131.88,0.95,0.18,67.96,6.11,81,1025,3.09,fair
1.65,1.69,129.82,0.68,0.38,100.39,5.66,88,1023,5.14,moderate
33.46,124.49,158.39,11.27,30.08,91.51,25.98,53,1009,5.66,poor
34.69,135.16,154.17,11.85,29.89,88.77,25.97,53,1009,5.66,poor
36.02,145.1,154.23,12.27,32.2,85.54,25.79,53,1009,5.88,poor
2.56,3.41,124.35,0.61,0.07,9.06,21.6,88,1013,0.82,good
2.85,3.96,147.13,1.45,0.19,17.54,14.75,96,1015,1.57,good
12.98,18.25,373.05,4.61,0.86,14.32,13.45,97,1015,0.98,fair
0.5,0.88,97.83,0.09,0.04,18.81,27.64,80,1010,3.46,good
0.5,0.87,97.06,0.09,0.04,19.69,27.03,81,1010,2.53,good
0.5,0.93,98.0,0.08,0.03,18.58,26.82,82,1010,2.22,good
1.24,1.33,114.3,0.39,0.14,5.83,27.03,89,1010,2.06,good
1.24,1.33,114.3,0.39,0.14,5.83,26.99,89,1010,2.06,good
1.01,1.09,95.81,0.23,0.08,5.07,27.0,89,1010,2.06,good
1.57,3.02,56.52,0.73,0.16,50.39,8.99,81,1020,3.6,good
1.37,1.6,94.29,0.56,0.04,11.26,23.01,78,1009,3.09,good
1.79,2.3,74.17,1.4,0.27,40.56,19.84,42,1013,2.06,good
4.74,6.31,140.08,1.16,0.19,52.76,19.62,88,1020,4.12,good
1.64,4.06,95.51,0.15,0.07,50.65,25.94,81,1017,5.14,good
5.0,7.24,97.24,3.65,0.96,43.31,20.44,83,1019,0.0,good
1.33,4.52,106.91,0.08,0.06,62.6,26.99,69,1013,2.57,fair
1.82,5.58,105.93,0.33,0.24,67.48,26.96,69,1011,4.63,fair
1.82,5.58,105.93,0.33,0.24,67.48,26.97,69,1011,4.63,fair
20.78,25.15,483.52,5.61,1.4,26.53,6.55,95,1014,0.56,fair
23.25,26.06,388.36,4.61,1.46,27.91,19.83,88,1010,1.92,fair
22.21,25.51,382.25,4.78,1.29,28.06,16.69,85,1011,1.6,fair
2.63,2.85,85.83,1.01,0.21,33.1,15.95,100,1015,1.54,good
1.18,1.57,68.04,0.35,0.28,29.4,16.47,89,1016,2.43,good
2.63,2.85,85.83,1.01,0.21,33.1,15.86,100,1015,1.54,good
1.12,1.51,140.92,0.97,0.23,84.05,4.49,82,1024,2.74,fair
0.92,1.69,138.92,2.09,0.26,42.42,3.99,70,1024,2.0,good
3.61,4.96,145.44,2.87,1.37,65.37,8.63,70,1026,2.6,fair
3.33,6.37,125.36,0.24,0.13,37.41,29.45,1,1008,3.6,good
3.37,7.43,125.46,0.18,0.13,37.95,28.02,78,1008,7.32,good
6.35,8.6,137.28,0.62,0.24,41.68,28.84,64,1008,5.02,good
0.86,1.24,148.56,5.59,1.88,81.77,9.11,47,1013,6.17,fair
0.5,0.5,131.61,0.71,0.08,71.82,8.73,69,1009,5.14,fair
0.78,1.16,100.73,0.18,0.12,92.54,20.79,19,1014,1.54,fair
3.53,6.7,144.76,0.76,0.18,2.72,27.2,78,1011,1.54,good
6.72,9.59,188.29,0.89,1.25,16.13,13.86,81,1016,1.8,good
2.69,3.62,102.28,0.26,0.02,5.79,22.94,84,1011,0.25,good
3.28,9.73,73.09,0.06,0.01,1.62,25.1,88,1010,0.0,good
3.28,9.73,73.09,0.06,0.01,1.62,24.96,88,1010,0.0,good
3.26,9.8,75.39,0.1,0.01,1.5,24.72,88,1010,0.0,good
3.53,6.7,144.76,0.76,0.18,2.72,27.2,78,1011,1.54,good
11.97,34.15,73.91,0.14,0.18,30.21,25.04,100,1011,4.63,fair
11.48,22.46,102.2,0.86,0.39,26.15,22.43,98,1012,1.53,fair
10.23,10.89,155.58,2.93,1.58,95.45,8.09,42,1025,3.6,fair
4.88,5.92,136.93,4.41,0.48,56.46,12.19,62,1023,0.51,good
8.7,9.9,158.5,6.1,1.13,59.51,8.9,40,1025,3.09,good
0.5,1.22,82.48,0.3,0.15,23.58,27.72,89,1010,2.06,good
0.68,2.36,87.9,0.28,0.15,25.06,27.31,89,1010,2.06,good
10.2,17.28,222.31,2.19,0.32,3.94,26.22,61,1010,1.02,fair
17.84,25.96,263.58,10.27,0.73,35.51,18.12,70,1014,0.89,fair
20.47,27.21,289.07,11.91,0.77,37.84,18.58,55,1014,1.32,fair
17.84,25.96,263.58,10.27,0.73,35.51,18.43,66,1014,2.09,fair
0.5,0.61,93.48,0.04,0.02,15.97,25.95,94,1011,0.51,good
1.9,2.04,92.88,0.56,0.28,8.04,20.74,88,1013,2.06,good
5.56,8.91,186.26,1.49,0.3,3.94,18.56,92,1015,1.51,good
83.74,105.77,536.21,29.06,22.22,35.94,15.92,59,1017,3.0,very_poor
122.52,148.94,441.82,20.88,16.34,42.1,18.94,27,1011,3.59,very_poor
23.05,30.59,300.5,6.43,9.85,63.74,22.91,76,1015,1.68,fair
1.54,2.28,153.59,4.78,0.47,10.39,15.26,62,1014,1.83,good
4.03,4.53,116.05,2.29,1.13,17.2,27.03,61,1008,4.63,good
8.08,8.63,132.56,2.78,4.24,10.03,22.99,78,1011,2.57,good
3.64,4.94,107.53,0.31,0.46,43.09,21.66,84,1012,7.72,good
2.41,2.95,129.1,1.61,0.3,42.52,29.93,74,1008,3.6,good
5.33,6.86,109.59,0.36,0.77,46.04,25.14,72,1010,7.72,good
3.85,6.82,113.98,0.27,0.44,58.29,29.24,58,1011,3.6,good
7.17,9.84,129.79,0.31,0.29,65.16,28.16,74,1012,2.57,fair
17.93,21.87,113.33,0.3,2.68,66.97,29.19,58,1011,6.69,fair
3.28,14.46,100.47,0.19,0.44,62.44,22.27,73,1016,5.14,fair
2.47,11.34,99.71,0.14,0.36,70.19,21.75,68,1017,7.72,fair
2.51,10.72,100.95,0.15,0.42,64.2,21.02,78,1016,5.66,fair
5.46,10.44,154.68,1.93,1.08,53.93,27.53,76,1009,6.17,good
5.46,10.44,154.68,1.93,1.08,53.93,27.61,76,1009,6.17,good
11.3,20.27,116.48,0.26,0.73,111.35,13.76,100,1013,3.09,moderate
8.28,16.04,114.64,0.12,0.57,116.47,14.96,72,1013,1.54,moderate
10.62,19.4,115.86,0.36,0.77,111.44,16.33,84,1013,2.57,moderate
8.83,10.98,172.44,7.93,1.44,55.66,6.73,63,1030,2.57,good
6.61,8.82,213.32,10.38,1.79,58.95,4.71,61,1029,0.51,good
11.45,13.98,178.37,5.65,2.53,68.88,6.27,65,1029,2.06,fair
10.46,13.14,186.18,14.99,2.77,50.22,7.26,84,1030,0.51,fair
6.52,8.67,155.97,7.05,1.28,66.31,7.35,80,1030,0.51,fair
12.71,13.44,171.84,4.11,0.73,101.84,4.82,58,1028,4.31,moderate
18.45,38.72,141.23,0.84,0.22,43.02,29.07,77,1008,2.95,fair
13.14,26.31,215.9,1.63,0.24,32.43,24.93,76,1010,2.46,fair
15.87,35.82,201.23,1.42,0.33,40.95,27.72,64,1009,4.22,fair
14.02,15.0,164.37,7.32,1.18,79.56,9.15,69,1029,3.09,fair
9.76,11.99,161.74,7.92,0.35,42.12,8.15,70,1030,2.91,good
19.65,21.92,186.06,14.55,1.19,44.3,6.65,74,1030,1.84,fair
2.81,12.09,104.14,1.84,1.5,63.51,23.01,79,1013,4.0,fair
1.42,4.63,95.38,0.16,0.14,42.54,23.16,93,1012,0.45,good
10.02,12.44,181.32,4.31,2.16,82.43,26.76,74,1013,2.06,fair
1.42,4.63,95.38,0.16,0.14,42.54,23.71,100,1012,0.0,good
7.88,18.06,133.25,8.3,0.32,37.29,17.37,88,1016,2.06,good
4.74,10.92,127.18,4.25,0.79,75.79,17.93,88,1018,1.54,fair
9.58,35.65,117.73,5.71,0.5,62.35,18.67,77,1016,5.66,fair
6.23,7.23,348.3,11.16,1.44,1.52,13.53,90,1013,0.59,good
10.85,38.5,80.35,0.49,0.41,47.58,29.93,66,1007,2.06,fair
5.91,8.68,251.17,11.21,1.27,9.74,17.95,59,1015,3.6,good
0.64,0.92,124.01,1.1,0.23,73.58,5.19,93,1022,2.57,fair
2.45,3.01,145.71,2.69,0.07,49.9,6.14,93,1022,4.12,good
1.44,1.98,141.52,1.84,0.13,54.21,5.09,92,1022,0.72,good
26.84,52.78,135.89,5.4,16.81,106.26,19.42,63,1014,5.14,moderate
12.26,26.85,118.75,0.87,1.9,85.19,14.9,82,1015,1.03,fair
26.84,52.78,135.89,5.4,16.81,106.26,19.41,59,1014,3.03,moderate
8.03,52.51,105.29,0.19,0.33,82.38,17.98,68,1019,6.17,moderate
4.8,22.93,105.05,0.29,0.57,79.34,19.01,82,1017,6.69,fair
3.67,16.61,104.87,0.23,0.4,81.5,18.12,80,1018,7.37,fair
17.41,33.2,228.4,3.11,0.32,35.88,15.79,67,1014,1.21,fair
14.37,39.89,140.42,1.5,0.3,48.76,22.12,54,1011,2.6,fair
13.25,46.09,106.31,0.46,0.23,66.31,29.61,22,1007,2.26,fair
0.86,1.87,100.37,0.88,0.02,50.29,15.04,64,1017,1.54,good
15.84,30.87,122.79,0.42,0.45,94.53,17.23,71,1020,6.69,fair
15.33,28.22,139.04,5.81,0.39,67.06,18.69,80,1019,3.09,fair
35.93,50.92,702.95,6.3,0.89,23.2,15.11,74,1015,0.97,moderate
1.24,3.38,103.11,0.88,0.06,10.49,17.71,88,1014,1.73,good
25.15,56.5,371.16,5.01,0.66,36.85,18.38,43,1013,1.46,moderate
0.77,1.19,127.56,2.4,0.52,66.67,8.46,75,1021,6.26,fair
0.74,1.1,126.28,2.48,0.61,68.09,8.28,77,1021,4.02,fair
0.74,1.31,129.64,1.61,0.27,64.43,5.91,84,1021,1.03,fair
1.58,6.55,63.23,0.01,0.07,40.79,27.94,89,1013,4.63,good
1.58,6.55,63.23,0.01,0.07,40.79,27.99,89,1013,4.63,good
1.55,5.53,62.96,0.01,0.08,39.6,27.83,74,1012,1.03,good
6.67,8.92,133.61,2.76,0.38,58.39,15.37,39,1021,3.6,good
9.18,20.31,147.55,0.6,0.84,124.85,15.95,67,1021,1.89,moderate
7.12,8.54,143.01,1.95,0.61,84.93,14.87,74,1021,2.24,fair
2.66,3.34,89.81,0.18,0.07,22.36,28.01,83,1011,2.57,good
1.6,2.69,86.28,0.07,0.05,24.56,26.98,89,1011,2.06,good
4.86,5.03,136.35,0.13,0.01,5.97,23.12,91,1011,0.89,good
9.5,11.34,150.1,7.07,4.38,104.62,11.86,68,1021,3.6,moderate
15.66,17.14,149.55,6.53,4.32,96.79,9.03,61,1021,0.45,fair
16.3,17.76,144.34,4.14,3.0,112.51,9.9,73,1022,3.09,moderate
2.37,2.91,102.79,2.13,0.2,69.43,13.08,76,1020,3.09,fair
8.01,8.84,114.56,4.39,1.77,78.6,8.99,87,1016,3.09,fair
14.33,15.21,135.54,5.69,1.37,85.28,7.33,83,1016,3.26,fair
0.54,0.57,97.7,0.05,0.02,5.03,26.99,89,1011,3.09,good
0.54,0.57,97.7,0.05,0.02,5.03,26.99,89,1011,3.09,good
0.54,0.56,102.86,0.1,0.04,5.98,23.89,95,1011,1.09,good
8.79,11.12,135.54,2.29,0.35,43.62,15.61,82,1019,4.12,good
3.69,5.44,128.13,1.48,0.71,13.02,24.1,82,1011,1.62,good
0.86,1.22,98.65,0.22,0.2,23.83,29.23,84,1010,1.54,good
10.99,16.39,227.31,3.39,0.28,22.1,31.26,47,1009,2.64,fair
2.84,6.6,108.11,2.81,0.62,62.51,17.22,71,1018,6.69,fair
9.64,27.03,138.02,1.86,2.75,87.11,23.08,60,1012,3.6,fair
9.9,27.02,134.92,1.75,2.71,89.63,23.02,60,1011,3.6,fair
9.64,27.03,138.02,1.86,2.75,87.11,23.01,60,1012,3.6,fair
9.93,22.79,102.8,0.68,1.01,90.15,27.04,69,1011,2.06,fair
9.93,22.79,102.8,0.68,1.01,90.15,27.05,69,1011,2.06,fair
6.23,10.87,172.74,0.73,0.15,3.61,23.24,70,1012,0.49,good
1.49,5.37,101.85,0.76,0.64,51.84,25.82,73,1013,2.57,good
1.49,5.37,101.85,0.76,0.64,51.84,25.94,73,1013,2.57,good
1.49,5.37,101.85,0.76,0.64,51.84,26.02,73,1013,2.57,good
0.91,1.66,97.97,0.04,0.02,21.2,26.73,82,1011,0.08,good
0.52,0.91,97.83,0.04,0.02,15.71,24.95,100,1012,1.54,good
3.12,3.38,102.84,0.31,0.05,6.61,20.04,99,1013,0.42,good
15.86,19.01,121.44,2.45,1.91,89.53,15.68,73,1015,7.72,fair
4.08,4.19,128.68,1.69,7.29,72.59,10.46,71,1020,4.02,fair
16.34,19.6,118.26,0.44,1.36,112.55,18.81,59,1014,0.69,moderate
14.03,16.58,144.54,0.37,1.29,46.76,20.04,100,1010,3.13,fair
12.76,14.76,133.64,0.25,0.98,48.06,21.36,100,1010,3.58,fair
11.9,14.22,138.12,0.29,1.0,45.18,17.8,100,1010,3.13,fair
1.69,6.69,91.59,0.06,0.11,50.52,28.94,68,1012,6.17,good
1.69,6.69,91.59,0.06,0.11,50.52,28.83,69,1012,6.17,good
1.76,7.4,91.17,0.06,0.12,51.54,29.4,68,1012,6.17,good
13.92,33.32,136.56,0.62,1.31,91.9,24.06,69,1011,2.57,fair
15.25,35.88,144.1,0.38,0.34,66.07,25.04,47,1011,3.15,fair
14.75,35.25,138.91,0.42,0.55,75.14,25.3,54,1011,2.86,fair
1.18,1.46,113.82,0.84,0.34,12.61,26.99,83,1010,3.09,good
1.15,1.33,98.83,0.26,0.02,8.48,24.66,95,1011,1.51,good
0.98,1.11,109.23,0.3,0.08,14.22,25.49,89,1011,1.79,good
20.45,27.94,282.83,3.84,5.4,72.0,22.25,73,1015,2.68,fair
20.45,27.94,282.83,3.84,5.4,72.0,22.4,73,1015,2.68,fair
25.55,33.97,304.01,5.91,8.86,71.57,22.82,73,1015,3.09,moderate
20.91,22.73,148.19,0.92,11.45,75.21,30.25,40,1010,3.09,fair
8.65,11.07,232.87,4.01,0.68,40.82,30.69,62,1008,6.69,good
4.32,5.0,150.71,1.3,0.33,50.08,29.9,79,1008,5.66,good
4.45,5.14,135.99,1.3,0.8,96.02,7.16,60,1028,1.54,fair
1.7,2.85,132.56,0.61,2.21,116.2,12.06,28,1023,7.2,moderate
2.48,3.28,133.73,0.93,1.03,114.63,10.51,34,1027,2.06,moderate
4.22,9.31,101.24,0.34,0.36,55.08,28.93,74,1012,4.12,good
4.22,9.31,101.24,0.34,0.36,55.08,28.43,74,1012,4.12,good
11.64,14.32,180.79,0.55,0.47,76.18,26.41,82,1012,7.95,fair
3.22,5.61,142.79,2.51,0.38,58.75,6.95,48,1028,0.89,good
1.73,2.76,143.23,0.82,0.4,87.71,4.88,45,1027,3.09,fair
1.53,2.56,137.97,1.85,0.44,82.09,3.92,52,1027,3.55,fair
19.99,21.54,517.99,2.12,0.59,57.08,25.78,91,1011,0.45,fair
2.33,3.26,157.41,1.84,0.29,34.62,25.01,95,1011,1.03,good
19.99,21.54,517.99,2.12,0.59,57.08,25.25,94,1011,0.0,fair
17.1,18.44,147.05,2.38,0.77,85.49,14.14,69,1017,3.09,fair
5.2,7.3,142.56,0.54,0.46,123.13,10.87,100,1016,5.14,moderate
12.38,14.45,141.6,1.55,0.48,70.56,11.97,95,1016,1.58,fair
11.04,30.47,115.78,2.16,0.59,75.32,13.17,86,1013,0.45,fair
15.09,41.43,119.87,10.49,1.92,74.01,17.66,81,1013,2.57,fair
9.5,19.44,115.62,0.82,1.28,100.51,17.77,81,1013,2.54,moderate
18.66,19.94,149.6,3.25,2.12,107.91,11.88,71,1020,7.72,moderate
25.46,58.37,109.15,0.07,0.16,57.14,29.01,79,1009,3.09,moderate
59.93,83.15,472.0,6.13,4.51,68.5,24.03,60,1004,4.12,poor
28.0,35.01,384.04,11.36,3.63,37.6,22.59,80,1012,4.92,moderate
35.77,166.17,186.61,4.33,3.03,80.51,19.95,60,1012,0.0,poor
22.59,100.65,195.81,5.48,2.64,65.6,16.23,90,1013,1.34,poor
22.57,54.44,316.09,12.02,2.07,53.68,13.85,94,1013,0.51,moderate
6.66,9.03,167.2,6.1,2.96,78.96,13.99,51,1013,4.12,fair
25.93,137.07,122.19,1.51,0.35,74.06,12.08,87,1017,2.06,poor
16.14,25.13,193.67,8.54,2.08,80.95,8.77,34,1012,3.68,fair
0.53,0.98,131.46,0.07,0.08,101.62,4.81,74,1008,3.09,moderate
0.53,0.98,131.46,0.07,0.08,101.62,4.83,75,1008,3.09,moderate
0.53,0.98,131.46,0.07,0.08,101.62,4.93,75,1008,3.09,moderate
4.21,7.22,135.46,0.57,0.53,113.76,14.8,61,1020,4.12,moderate
10.82,12.17,165.08,2.26,0.9,106.47,12.7,58,1026,3.09,moderate
4.04,7.25,141.38,1.05,0.7,108.1,14.11,47,1020,4.12,moderate
10.05,12.83,136.56,1.43,0.28,57.19,15.43,77,1019,1.54,fair
3.19,8.15,102.46,0.26,0.27,46.5,29.53,66,1012,3.09,good
3.61,8.57,104.12,0.23,0.26,47.85,27.02,84,1011,3.09,good
3.61,8.57,104.12,0.23,0.26,47.85,27.19,84,1011,3.09,good
10.22,26.29,120.4,3.27,1.09,82.83,17.05,42,1014,2.57,fair
11.38,29.56,126.31,5.49,1.45,83.15,17.95,42,1013,2.57,fair
13.43,31.87,146.28,13.75,2.69,67.38,13.77,74,1013,2.12,fair
3.94,6.4,168.01,10.91,3.22,63.76,11.4,95,1006,5.66,fair
3.5,6.96,145.18,5.8,2.0,57.51,11.72,96,1005,5.66,good
2.28,3.83,141.19,1.23,0.64,90.08,17.19,84,1001,7.2,fair
0.5,0.55,93.9,0.55,0.07,24.38,16.62,100,1015,4.63,good
18.4,24.38,571.41,5.98,0.47,18.43,15.59,91,1013,1.67,fair
4.18,6.58,151.39,1.38,0.35,21.11,26.23,83,1012,4.12,good
9.05,13.87,99.79,1.4,0.51,93.72,17.11,59,1011,2.1,fair
1.72,3.05,76.5,0.23,0.23,56.98,16.51,72,1014,3.0,good
2.35,4.05,93.28,1.33,0.13,53.95,11.94,83,1014,2.69,good
80.37,86.36,1413.63,21.35,3.31,38.22,28.58,65,1011,4.52,very_poor
16.27,18.87,328.82,3.31,1.09,64.14,28.58,64,1011,3.39,fair
35.13,36.3,516.24,2.9,0.36,7.36,27.91,70,1010,1.39,moderate
0.5,1.03,68.91,0.01,0.03,6.15,32.0,70,1008,4.63,good
3.63,6.53,76.4,0.06,0.08,31.24,26.17,77,1013,1.17,good
2.51,3.74,74.58,0.06,0.04,24.33,26.52,80,1012,2.29,good
3.24,6.17,75.21,0.07,0.08,27.68,27.79,73,1012,3.31,good
54.56,59.99,254.88,1.87,2.54,94.29,16.7,35,1009,3.79,poor
52.2,57.97,318.19,8.94,15.88,72.17,16.09,49,1006,3.15,poor
49.75,55.06,226.81,0.67,0.93,97.84,14.93,44,1010,3.94,moderate
52.54,60.71,215.65,4.5,2.84,113.59,14.76,55,1009,4.12,poor
28.29,33.8,175.65,2.63,5.38,136.1,11.95,71,1009,3.09,moderate
57.95,67.07,217.53,0.8,2.16,117.98,14.95,55,1009,4.12,poor
40.23,176.28,145.35,3.84,8.59,86.96,27.31,45,1011,4.02,poor
37.44,177.36,144.76,4.72,9.86,81.39,27.67,38,1011,2.24,poor
37.44,177.36,144.76,4.72,9.86,81.39,27.59,38,1011,2.24,poor
7.27,13.15,115.77,0.2,0.62,57.15,29.01,70,1010,5.14,good
7.27,13.15,115.77,0.2,0.62,57.15,29.01,70,1010,5.14,good
11.25,12.71,88.05,1.37,1.21,70.3,12.28,67,1012,0.0,fair
7.24,14.35,133.32,4.82,0.58,56.24,17.33,63,1010,3.0,good
4.25,4.26,196.74,0.8,0.08,83.05,7.05,93,1013,5.0,fair
49.48,50.64,914.9,14.24,2.15,8.32,23.97,78,1011,1.03,moderate
43.11,49.85,560.09,7.52,1.89,53.02,25.17,71,1012,2.53,moderate
23.02,24.42,548.88,3.71,0.61,8.25,26.49,70,1012,1.21,fair
10.52,21.31,117.66,2.34,1.46,100.7,18.19,77,1013,0.19,moderate
22.65,34.51,171.39,6.32,6.04,83.89,17.59,75,1013,0.52,fair
10.57,22.67,117.03,2.69,1.68,100.15,18.52,82,1013,1.15,moderate
1.95,9.2,93.85,0.4,0.4,56.28,27.93,69,1012,3.09,good
1.77,8.84,92.88,0.27,0.27,54.83,27.07,69,1012,3.09,good
0.5,1.15,86.33,0.65,0.38,10.53,26.16,92,1010,4.11,good
0.5,1.15,86.33,0.65,0.38,10.53,26.15,92,1010,0.89,good
0.5,1.15,86.33,0.65,0.38,10.53,26.08,92,1010,0.89,good
0.68,1.27,84.59,0.31,0.13,30.33,26.37,85,1011,1.82,good
2.44,4.46,118.45,0.94,0.29,29.11,23.29,80,1012,1.22,good
0.5,0.8,83.03,0.26,0.09,25.62,26.18,84,1011,3.01,good
2.7,2.84,122.83,1.79,0.14,32.32,11.57,95,1014,3.98,good
2.94,3.16,122.05,1.7,0.19,35.07,11.27,96,1016,0.85,good
0.83,0.91,90.56,1.24,0.06,34.68,10.63,96,1014,1.0,good
3.55,4.28,145.67,3.83,1.43,68.68,6.35,62,1024,2.06,fair
5.51,6.56,150.16,3.59,0.97,60.69,7.18,57,1025,2.06,fair
11.21,12.02,163.0,7.95,1.31,45.62,1.01,85,1026,2.21,fair
3.87,4.63,142.89,2.71,2.07,100.35,10.38,34,1025,3.6,moderate
4.33,5.03,141.67,2.24,1.81,101.65,10.42,40,1025,2.68,moderate
4.26,4.97,142.44,2.38,1.83,100.73,10.69,38,1025,3.6,moderate
3.92,4.8,143.74,2.52,0.33,63.93,5.57,85,1024,1.54,fair
3.16,4.06,144.29,2.73,0.44,65.84,5.19,94,1024,1.88,fair
4.16,4.74,142.79,3.02,0.44,57.0,-0.05,93,1026,0.51,good
20.33,68.8,196.87,3.57,0.88,73.5,18.94,72,1014,2.57,moderate
18.18,48.23,235.88,3.91,0.57,94.39,21.77,55,1012,4.4,fair
27.56,121.28,174.17,2.05,0.12,80.71,19.76,72,1014,3.1,poor
4.06,11.08,112.03,2.41,3.08,83.65,16.99,77,1019,1.54,fair
3.19,6.49,111.07,3.55,3.31,77.28,11.23,100,1019,0.0,fair
2.4,3.6,99.44,2.13,0.18,41.85,16.08,88,1019,0.51,good
8.17,14.46,150.3,0.92,1.42,129.46,16.9,63,1023,3.09,moderate
0.5,1.14,139.3,0.86,0.37,85.97,1.69,57,1026,4.12,fair
0.53,0.96,134.4,0.86,0.7,79.22,4.84,63,1025,2.8,fair
0.76,1.57,140.42,0.91,0.33,84.02,3.51,64,1026,2.24,fair
2.09,4.28,135.45,0.54,3.33,116.34,11.88,32,1022,6.17,moderate
1.85,3.37,133.92,0.54,3.52,118.77,1.26,62,1024,3.39,moderate
1.73,3.25,134.71,0.64,2.91,117.61,12.48,28,1021,4.63,moderate
1.1,2.45,85.53,0.48,0.09,25.32,17.98,100,1019,2.57,good
1.57,2.06,75.44,0.28,0.07,26.66,23.0,94,1016,3.09,good
0.5,0.65,66.75,0.21,0.02,37.48,14.9,92,1020,1.74,good
1.44,3.29,95.3,0.01,0.09,36.55,29.98,74,1009,6.69,good
1.09,1.31,122.78,0.43,0.76,92.22,2.9,87,1024,2.57,fair
1.4,1.71,123.33,0.62,0.94,88.31,2.31,89,1025,3.0,fair
3.52,3.78,118.98,0.8,1.16,80.48,3.76,85,1024,1.83,fair
6.11,14.62,179.11,0.97,0.1,19.86,32.3,43,1011,4.63,good
5.81,9.3,174.58,1.52,0.09,11.49,29.5,46,1011,0.73,good
5.77,9.79,179.38,0.82,0.09,14.39,31.63,38,1011,2.06,good
5.19,7.69,305.22,4.1,0.49,20.75,24.98,88,1010,0.0,good
3.65,6.65,212.79,1.86,0.29,50.88,26.01,64,1009,1.68,good
15.87,20.31,580.67,10.73,1.29,16.23,25.64,59,1010,2.38,fair
1.25,2.29,119.81,1.94,5.88,70.97,0.07,51,1024,1.0,fair
0.5,0.5,113.85,0.67,0.07,56.26,4.7,37,1023,1.25,good
0.56,0.67,115.84,0.78,0.21,59.81,8.82,41,1023,1.66,good
35.75,46.02,346.3,10.06,15.78,70.71,21.85,78,1015,4.12,moderate
28.28,37.58,306.58,1.5,4.26,82.81,21.96,78,1015,4.12,moderate
28.28,37.58,306.58,1.5,4.26,82.81,21.82,78,1015,4.12,moderate
2.4,8.88,95.42,0.09,0.14,43.4,28.08,74,1013,7.2,good
2.36,9.91,97.63,0.74,0.82,67.41,24.97,83,1013,2.06,fair
2.3,9.78,97.77,0.71,0.78,65.97,24.95,83,1013,2.06,fair
2.3,9.78,97.77,0.71,0.78,65.97,25.03,83,1013,2.06,fair
14.55,70.48,109.62,0.27,0.89,67.85,19.96,79,1014,6.41,moderate
4.83,17.01,103.82,1.03,1.38,79.88,18.93,82,1016,7.2,fair
33.92,126.67,129.51,0.23,0.08,41.39,31.79,15,1010,3.74,poor
15.95,39.3,116.88,0.17,0.49,89.91,18.34,88,1016,5.66,fair
15.95,39.3,116.88,0.17,0.49,89.91,18.22,88,1016,5.66,fair
15.95,39.3,116.88,0.17,0.49,89.91,17.99,88,1016,5.66,fair
2.12,7.28,66.47,0.05,0.15,43.19,25.23,87,1015,4.6,good
2.16,7.69,66.85,0.05,0.15,45.88,22.7,86,1015,1.34,good
2.16,7.69,66.85,0.05,0.15,45.88,23.65,86,1015,1.34,good
0.5,1.26,113.26,0.03,0.04,23.35,29.97,79,1009,5.14,good
3.21,4.76,93.6,0.34,0.1,35.43,15.14,82,1017,0.77,good
4.8,15.54,75.8,0.36,0.22,47.65,15.59,94,1017,1.38,good
2.45,3.52,82.12,0.62,0.05,38.47,14.23,94,1016,0.44,good
11.91,13.47,129.03,1.42,1.5,99.88,30.53,10,1004,7.72,fair
6.2,24.49,126.6,0.27,1.03,114.31,18.84,68,1012,6.17,moderate
11.55,13.1,125.19,1.11,1.42,102.2,30.97,11,1005,7.72,moderate
8.37,8.71,236.98,1.57,0.72,29.61,26.4,88,1009,0.51,good
5.96,6.5,161.32,1.49,0.79,9.91,27.13,89,1010,0.51,good
8.04,8.41,236.32,0.93,0.25,22.11,26.62,88,1009,0.51,good
4.13,8.82,98.03,1.06,0.84,41.11,22.33,83,1014,5.66,good
4.13,8.82,98.03,1.06,0.84,41.11,21.97,83,1014,5.66,good
5.31,17.27,71.58,0.25,0.07,29.81,20.97,88,1016,3.09,good
1.68,5.1,61.59,0.04,0.12,45.66,29.29,71,1016,3.45,good
1.68,5.1,61.59,0.04,0.12,45.66,29.43,71,1016,3.08,good
1.74,5.28,61.44,0.04,0.13,45.39,29.22,71,1017,1.95,good
44.22,137.93,206.21,1.15,0.29,27.48,36.16,21,1008,2.06,poor
64.05,162.61,500.55,4.18,1.73,32.98,28.19,11,1009,2.09,poor
55.82,189.16,327.33,4.22,1.34,55.93,26.48,11,1010,2.15,poor
0.5,1.17,96.79,0.08,0.04,18.17,28.13,89,1010,1.54,good
30.96,63.29,485.9,4.91,1.21,32.99,30.89,10,1009,2.79,moderate
24.82,48.59,581.15,4.96,1.62,11.78,24.2,92,1010,1.41,fair
2.81,4.46,97.08,0.21,7.03,34.6,30.8,56,1006,4.02,good
10.13,11.56,123.05,0.41,6.63,52.07,29.95,59,1006,2.96,fair
1.83,3.42,94.88,0.17,3.17,31.78,30.89,55,1006,4.02,good
3.75,4.79,152.83,6.88,3.07,108.15,12.56,52,1026,4.12,moderate
3.79,5.15,156.8,9.03,4.22,102.68,12.83,48,1026,4.47,moderate
3.97,5.17,158.74,8.64,3.69,106.84,13.5,51,1026,4.12,moderate
2.3,3.1,127.4,3.91,1.49,79.39,6.98,89,1024,1.06,fair
1.61,2.65,127.73,2.0,1.26,90.43,4.27,100,1028,0.0,fair
0.5,0.55,115.06,0.25,0.24,72.65,7.29,82,1024,1.34,fair
40.08,51.23,632.38,9.03,6.04,57.59,15.25,100,1010,1.03,moderate
37.87,48.05,543.88,6.11,4.3,62.44,15.59,70,1011,1.62,moderate
46.7,56.35,567.51,7.76,6.93,68.2,20.12,93,1009,0.72,moderate
1.54,6.93,63.34,0.24,0.22,58.81,16.72,64,1036,2.57,good
1.24,3.13,66.39,0.89,0.38,38.27,15.51,65,1035,3.6,good
1.42,5.12,63.75,0.56,0.38,46.21,13.2,66,1036,3.6,good
39.72,124.65,110.47,2.56,1.55,58.46,30.99,33,1006,1.03,poor
41.27,132.82,112.0,2.29,1.36,63.48,31.05,33,1006,1.03,poor
39.7,123.15,109.02,2.13,1.31,56.67,31.0,33,1006,1.03,poor
2.36,2.67,128.6,1.15,0.32,45.08,27.08,87,1007,5.14,good
2.27,2.53,125.61,1.09,0.34,42.02,27.13,89,1007,5.14,good
2.27,2.53,125.61,1.09,0.34,42.02,27.39,88,1007,5.14,good
8.76,19.62,74.81,0.05,0.27,58.34,23.83,71,1010,2.06,good
8.76,19.62,74.81,0.05,0.27,58.34,21.1,78,1010,2.06,good
13.99,22.96,79.09,0.77,1.9,75.83,16.12,55,1015,3.09,fair
1.41,3.57,60.1,0.09,0.09,34.61,30.9,66,1012,7.72,good
1.39,3.41,59.89,0.07,0.08,32.52,30.96,66,1012,7.72,good
1.44,3.56,59.68,0.05,0.06,31.07,30.8,66,1012,7.72,good
3.0,6.83,64.52,0.09,0.13,24.24,27.47,79,1012,1.09,good
0.91,1.31,39.59,0.05,0.05,4.21,28.57,57,1013,0.47,good
6.62,6.88,65.75,0.12,8.11,7.35,30.81,66,1011,1.74,good
6.43,9.27,185.16,4.65,3.95,35.66,29.09,69,1012,2.06,good
24.73,26.71,457.57,9.05,1.63,47.12,28.05,83,1011,3.09,fair
6.28,9.24,161.11,4.21,4.21,41.46,29.25,71,1012,2.06,good
27.53,41.58,299.03,3.77,5.89,78.41,24.99,69,1004,0.0,moderate
39.75,113.66,107.48,0.11,0.56,75.45,28.09,78,1003,5.14,poor
15.97,38.54,280.83,3.67,0.49,46.78,23.08,64,1006,2.06,fair
8.44,11.41,186.9,6.7,2.07,50.02,8.65,50,1027,1.54,good
16.37,18.65,190.11,6.41,3.44,67.03,7.1,53,1029,1.03,fair
7.03,9.64,169.94,5.48,1.26,49.4,9.1,67,1029,2.57,good
1.5,4.9,96.54,0.24,0.17,54.27,25.6,91,1013,3.6,good
1.25,4.13,96.24,0.23,0.15,53.47,25.35,93,1013,3.6,good
1.29,4.16,96.68,0.24,0.16,53.55,25.77,89,1013,3.6,good
12.7,38.48,114.42,1.66,0.78,79.82,15.99,83,1014,1.65,fair
11.57,34.42,111.74,0.93,0.74,78.47,16.13,81,1014,1.72,fair
12.7,38.48,114.42,1.66,0.78,79.82,15.9,84,1014,1.64,fair
0.5,1.06,108.87,1.26,0.88,90.66,15.17,83,1019,1.54,fair
1.49,3.1,118.38,2.7,1.63,94.91,13.73,94,1019,1.03,fair
2.04,4.16,120.94,2.08,1.46,102.27,13.42,85,1020,1.35,moderate
9.31,10.41,159.63,1.42,0.28,26.11,25.79,78,1010,2.06,good
7.47,8.31,222.2,3.55,0.3,22.77,23.33,83,1013,1.54,good
9.16,10.01,156.29,1.36,0.32,24.75,25.7,78,1011,2.06,good
34.96,137.9,168.34,6.75,25.01,92.52,27.14,40,1009,7.2,poor
34.96,137.9,168.34,6.75,25.01,92.52,27.64,38,1009,7.2,poor
33.88,127.65,168.81,7.39,25.36,93.42,28.03,36,1009,6.69,poor
1.88,7.62,66.63,0.08,0.16,55.87,24.81,78,1016,7.2,good
2.04,8.85,65.6,0.09,0.17,57.26,22.57,81,1017,2.78,good
1.95,8.57,65.05,0.08,0.16,57.22,23.82,78,1017,2.57,good
1.75,2.53,136.49,1.64,0.13,66.52,4.45,90,1026,2.68,fair
0.68,1.38,138.48,0.91,0.41,84.6,2.77,67,1026,2.68,fair
0.91,1.01,133.16,0.48,0.51,111.46,7.45,69,1024,4.48,moderate
1.77,2.94,128.8,1.73,0.79,82.11,7.14,55,1026,3.09,fair
4.68,7.02,157.95,3.84,0.76,53.63,5.99,75,1026,0.0,good
1.69,3.14,126.85,1.92,0.22,54.09,7.56,43,1026,2.22,good
0.81,1.24,154.46,3.17,0.51,48.97,1.22,70,1022,1.53,good
1.02,1.24,140.17,1.07,0.06,50.49,4.44,92,1020,1.78,good
1.89,2.49,134.23,1.45,0.16,54.33,7.87,46,1020,1.0,good
20.62,34.52,635.54,3.39,0.36,2.91,16.71,100,1014,3.6,fair
14.73,21.62,465.87,3.45,0.91,12.7,18.1,93,1014,1.33,fair
16.79,26.32,490.17,4.45,0.75,8.02,15.57,98,1016,0.6,fair
12.68,34.57,104.8,2.25,4.9,108.61,23.0,39,1009,4.45,moderate
48.55,159.62,140.78,0.55,7.92,149.55,23.85,30,1012,3.63,poor
25.04,56.78,124.98,16.8,67.34,73.53,23.77,36,1009,2.18,moderate
1.02,3.12,62.86,0.02,0.1,18.68,29.55,70,1012,4.23,good
1.02,3.12,62.86,0.02,0.1,18.68,29.48,69,1012,3.5,good
0.9,2.73,62.74,0.03,0.09,18.77,28.88,73,1012,4.69,good
0.5,1.45,76.44,0.03,0.03,11.8,29.0,79,1009,4.12,good
21.04,93.73,101.53,0.13,0.67,86.81,28.31,10,1008,6.2,moderate
20.39,89.56,101.94,0.12,0.67,87.59,28.04,10,1009,6.19,moderate
20.39,89.56,101.94,0.12,0.67,87.59,28.06,10,1009,6.2,moderate
1.73,2.21,128.95,1.06,0.24,73.44,5.64,87,1024,1.79,fair
1.47,2.28,135.38,2.16,0.56,81.66,5.67,64,1027,3.09,fair
12.16,13.07,157.02,7.51,1.45,79.24,9.93,81,1029,3.65,fair
4.65,5.27,150.3,1.18,0.54,11.14,27.68,90,1010,1.03,good
4.65,5.27,150.3,1.18,0.54,11.14,28.13,88,1010,2.24,good
4.65,5.27,150.3,1.18,0.54,11.14,28.22,88,1010,2.24,good
4.45,5.06,141.23,1.03,0.93,115.07,1.54,84,1029,2.06,moderate
6.54,8.01,145.37,3.03,0.54,76.18,2.82,67,1029,1.03,fair
5.28,6.07,138.57,1.34,0.96,102.57,2.35,77,1029,1.3,moderate
9.93,11.74,178.3,6.09,1.65,74.14,6.51,55,1029,2.72,fair
3.82,5.4,147.6,1.77,0.79,70.64,2.17,61,1028,1.54,fair
9.93,11.74,178.3,6.09,1.65,74.14,6.61,55,1029,2.57,fair
10.86,28.1,98.96,0.71,0.66,71.11,25.79,76,1011,2.56,fair
5.04,6.85,125.83,0.75,0.32,40.57,24.5,89,1012,0.89,good
5.85,8.01,150.8,0.94,0.41,38.46,24.0,84,1012,0.82,good
7.06,22.9,106.09,1.25,1.58,79.56,21.25,88,1013,5.14,fair
13.78,55.44,130.03,1.67,0.94,68.31,23.68,34,1012,6.28,moderate
7.24,22.99,109.18,1.69,1.91,79.17,21.22,88,1013,5.14,fair
0.76,2.66,62.05,0.02,0.06,23.76,27.95,80,1010,5.22,good
1.8,4.58,121.16,1.18,0.12,13.94,19.96,70,1012,1.77,good
1.14,3.37,92.62,0.46,0.05,13.57,22.18,59,1012,2.76,good
0.89,0.95,95.23,0.37,0.22,4.38,26.95,83,1011,3.09,good
0.79,0.85,95.07,0.23,0.12,4.02,26.96,83,1011,3.09,good
7.88,10.67,248.38,0.84,0.09,13.15,23.08,76,1009,2.47,good
14.11,44.94,109.0,0.89,0.1,26.94,28.45,15,1008,2.41,fair
6.95,8.62,189.61,0.39,0.07,4.36,19.85,93,1010,1.44,good
2.4,3.13,87.64,0.04,0.02,23.19,27.02,89,1012,2.06,good
23.1,25.21,126.86,0.25,1.57,65.09,26.72,75,1008,5.66,fair
23.1,25.21,126.86,0.25,1.57,65.09,27.94,65,1009,5.66,fair
29.93,33.6,133.75,0.36,5.08,71.59,33.81,52,1006,4.12,moderate
16.63,25.2,114.74,2.64,1.69,39.65,15.89,72,1013,1.41,fair
15.35,28.07,149.86,14.38,2.55,61.08,18.4,40,1013,1.14,fair
40.29,50.85,175.47,6.74,19.29,98.64,15.84,59,1013,1.46,moderate
9.82,11.75,85.25,26.52,33.52,16.23,15.61,86,1014,1.82,fair
8.57,10.48,85.77,24.59,32.0,17.73,12.49,91,1016,2.37,fair
2.03,6.33,106.19,0.29,0.22,59.31,25.78,75,1012,2.57,good
30.39,94.43,325.89,3.19,1.2,33.27,29.98,10,1007,3.6,moderate
5.27,11.4,113.32,0.37,0.02,10.09,29.58,37,1008,2.01,good
13.87,45.86,110.21,0.37,0.12,57.03,27.37,10,1009,5.94,fair
0.63,0.97,97.95,0.15,0.07,24.08,29.06,79,1010,0.51,good
15.36,21.63,238.61,1.76,0.2,11.04,25.85,62,1010,0.66,fair
12.35,16.41,191.87,1.59,0.1,10.07,28.56,51,1010,1.41,fair
6.2,8.4,207.81,2.45,0.73,23.5,29.88,70,1010,2.16,good
5.6,7.98,183.79,1.93,0.6,22.48,30.59,61,1010,2.72,good
7.38,9.77,243.49,2.85,0.85,20.28,30.56,85,1010,2.0,good
7.8,22.47,227.99,1.14,0.37,54.73,14.06,88,1013,1.0,fair
6.49,9.52,103.42,0.55,0.58,51.78,20.87,43,1011,1.46,good
3.74,6.09,101.95,0.53,0.69,69.89,17.78,39,1012,3.34,fair
1.04,2.66,102.64,1.03,0.27,24.17,27.56,71,1013,0.26,good
0.92,2.81,108.21,0.78,0.32,30.79,25.9,82,1013,2.08,good
0.66,3.23,66.25,0.13,0.1,35.93,26.14,81,1013,2.01,good
3.53,7.82,127.87,3.19,0.37,64.56,14.92,72,1020,2.06,fair
66.72,388.31,121.0,0.21,0.21,92.61,19.99,56,1014,8.23,very_poor
18.06,104.84,119.6,0.11,0.01,88.72,14.97,82,1017,4.12,poor
29.57,54.23,168.13,2.83,1.18,73.28,16.8,94,1018,3.09,moderate
35.61,131.14,145.65,0.77,0.51,87.36,20.49,69,1015,8.08,poor
23.67,78.29,130.09,1.24,0.63,90.69,18.88,94,1017,2.06,moderate
1.32,7.7,64.05,0.02,0.05,47.59,27.18,83,1013,3.6,good
8.18,9.44,143.41,4.5,3.42,79.71,12.05,79,1017,7.72,fair
4.72,5.67,109.23,1.77,0.51,69.1,11.8,62,1011,0.99,fair
21.04,24.34,126.01,2.59,1.82,63.87,8.36,87,1016,1.15,fair
1.79,5.54,104.69,0.39,0.08,32.73,25.71,77,1011,4.63,good
2.01,5.65,108.0,0.44,0.07,30.93,25.6,77,1011,2.95,good
2.01,5.65,108.0,0.44,0.07,30.93,25.57,77,1011,2.95,good
8.01,11.93,298.92,20.5,6.67,28.74,19.47,77,1017,5.66,good
8.01,11.93,298.92,20.5,6.67,28.74,19.61,77,1016,5.66,good
26.0,34.81,301.77,19.32,27.43,67.42,20.62,81,1015,4.63,moderate
3.42,4.62,75.36,0.36,0.03,11.2,23.85,89,1012,3.23,good
3.59,5.44,136.01,1.02,0.08,6.68,20.5,83,1012,3.01,good
1.13,2.04,76.51,0.37,0.04,19.29,17.82,85,1014,3.0,good
0.59,1.34,138.69,0.86,0.17,68.4,3.6,63,1025,1.97,fair
0.5,1.05,144.83,1.53,0.19,51.98,2.69,72,1023,1.67,good
0.5,0.6,134.59,0.64,0.8,94.67,6.83,60,1024,4.61,fair
10.53,14.11,250.12,3.32,0.22,17.54,17.2,95,1013,1.32,fair
10.53,14.11,250.12,3.32,0.22,17.54,17.22,95,1013,1.19,fair
9.13,11.84,244.12,2.77,0.19,25.11,17.24,97,1013,0.95,good
2.19,2.98,163.1,5.89,1.4,97.99,15.41,55,1008,6.17,fair
8.33,27.7,128.24,0.24,1.35,114.7,21.53,64,1010,6.69,moderate
3.02,3.89,169.33,6.37,1.12,90.17,15.32,55,1008,6.17,fair
15.12,33.35,134.51,1.02,2.83,70.58,17.66,72,1014,2.57,fair
8.57,12.28,144.85,2.19,0.35,47.82,15.95,82,1012,2.57,good
14.04,18.89,165.68,2.11,0.2,47.43,16.23,77,1013,3.77,fair
3.3,5.64,113.76,1.02,0.19,54.63,21.63,45,1010,2.14,good
2.38,3.5,82.31,0.18,0.19,63.5,17.78,63,1012,3.73,fair
5.07,8.21,102.36,1.1,0.56,74.21,19.98,56,1012,2.94,fair
1.85,9.42,96.9,0.61,0.43,49.75,26.93,74,1012,2.06,good
1.61,8.15,95.37,0.48,0.37,49.77,26.78,74,1012,2.06,good
13.98,17.74,275.13,3.19,0.37,42.6,21.67,89,1011,2.06,fair
5.68,8.43,151.29,1.7,0.39,45.94,28.46,73,1007,5.18,good
5.33,6.54,231.6,1.87,0.1,28.41,27.63,77,1010,1.08,good
1.06,3.27,96.2,0.18,0.13,47.5,26.75,74,1013,2.57,good
1.77,5.21,98.12,0.29,0.26,52.74,27.85,69,1013,3.09,good
22.42,30.27,582.05,11.65,3.06,27.28,29.01,65,1010,2.57,fair
57.48,69.1,536.29,7.12,1.78,20.52,22.0,80,1013,2.93,poor
31.84,41.9,364.42,5.41,3.25,87.6,22.99,78,1013,1.54,moderate
5.36,11.28,62.52,0.01,6.02,40.49,29.1,74,1014,5.14,good
0.8,4.38,61.45,0.01,0.04,25.61,31.62,77,1010,6.36,good
3.18,4.3,138.3,1.86,0.33,67.77,3.43,89,1025,0.51,fair
2.46,3.32,137.74,1.74,0.25,74.82,3.92,86,1025,2.56,fair
3.36,4.55,140.78,1.88,1.01,77.32,2.65,87,1026,2.71,fair
32.54,64.37,108.88,3.5,13.39,66.86,18.24,58,1014,1.74,moderate
33.82,51.22,112.4,0.18,0.86,79.99,28.63,76,1008,2.26,moderate
35.44,72.76,111.37,1.89,2.32,80.77,23.24,63,1012,0.57,moderate
2.05,3.17,72.58,0.04,0.03,22.63,25.89,94,1012,1.03,good
2.05,3.17,72.58,0.04,0.03,22.63,25.84,94,1012,1.03,good
2.05,3.17,72.58,0.04,0.03,22.63,25.76,94,1012,1.03,good
2.39,3.76,101.13,3.11,2.85,34.92,13.43,91,1016,0.45,good
1.28,6.91,64.28,0.06,0.24,59.82,13.26,80,1016,3.09,good
11.14,12.83,205.85,3.04,0.91,40.52,21.41,69,1011,3.69,fair
2.26,2.95,93.58,0.52,0.08,29.64,14.14,82,1017,1.03,good
2.37,3.48,99.68,0.79,0.2,21.96,13.44,80,1017,0.91,good
2.23,3.23,93.18,0.67,0.22,24.46,13.04,79,1017,1.74,good
3.07,4.44,128.26,2.01,0.73,26.83,13.3,94,1019,2.47,good
6.41,7.14,87.36,0.98,0.31,25.32,14.42,92,1018,2.14,good
1.69,2.44,111.52,1.31,0.46,28.92,13.23,95,1019,2.67,good
20.67,26.68,122.74,1.9,0.63,84.91,13.56,83,1024,1.79,fair
20.67,26.68,122.74,1.9,0.63,84.91,13.78,83,1024,1.79,fair
30.07,106.8,167.73,4.48,1.28,91.08,29.84,52,1007,3.54,poor
40.51,165.0,161.15,0.69,0.57,114.0,28.02,51,1007,0.51,poor
27.86,93.59,168.06,4.65,1.66,95.13,30.0,51,1006,3.09,moderate
4.66,10.08,176.28,1.66,0.1,63.94,14.8,51,1008,0.48,fair
12.17,61.86,120.38,0.32,0.02,78.54,12.61,78,1013,1.48,moderate
7.09,20.37,121.51,0.79,0.08,57.39,17.55,70,1015,3.46,fair
2.59,9.51,108.45,1.27,1.07,60.84,25.66,77,1015,2.57,fair
1.03,1.22,126.39,1.09,3.85,105.26,9.51,37,1020,0.51,moderate
0.89,1.16,126.01,1.46,2.84,106.35,10.23,53,1020,3.2,moderate
1.41,2.47,128.0,0.79,2.1,102.16,11.26,61,1018,2.81,moderate
6.41,7.12,110.94,3.25,1.08,78.67,11.09,66,1011,1.54,fair
3.39,4.63,103.32,2.83,0.89,60.87,5.84,81,1013,0.0,fair
4.56,5.36,106.64,3.39,0.83,60.25,7.95,82,1013,1.63,fair
10.72,30.92,76.41,0.05,0.14,38.42,25.0,88,1011,2.57,fair
22.12,100.42,71.05,0.35,0.12,28.19,15.92,88,1016,2.06,poor
3.75,4.72,111.14,2.34,0.24,17.21,15.89,100,1015,3.09,good
14.01,19.86,154.04,0.96,0.13,50.32,20.09,75,1012,1.03,fair
8.36,16.69,114.0,0.81,0.1,49.55,19.95,57,1016,3.6,good
14.77,23.48,160.32,1.12,0.13,55.97,22.22,71,1012,3.58,fair
5.14,6.71,148.5,7.4,0.42,39.95,11.59,64,1026,1.54,good
8.08,11.05,150.0,9.7,1.0,53.97,8.29,74,1026,1.03,good
6.1,6.83,134.16,6.13,0.45,55.7,8.38,70,1027,1.03,good
7.75,11.02,96.19,3.93,2.05,22.5,19.84,86,1025,2.57,good
3.9,6.68,82.12,3.82,1.88,57.28,20.58,56,1019,6.69,good
1.34,3.73,63.37,0.2,0.08,43.15,23.18,76,1022,4.63,good
4.04,14.39,122.67,2.5,2.17,56.72,27.8,78,1009,9.77,good
4.04,14.39,122.67,2.5,2.17,56.72,27.77,80,1009,9.77,good
4.04,14.39,122.67,2.5,2.17,56.72,27.64,81,1009,9.77,good
2.24,4.15,123.53,0.28,0.1,97.11,14.03,88,1013,6.17,fair
2.51,5.09,123.92,0.85,0.11,82.64,12.6,89,1012,5.83,fair
4.3,4.89,103.5,1.21,0.18,60.02,14.48,77,1013,2.06,fair
2.49,3.11,131.94,0.95,2.13,101.33,6.95,70,1026,1.03,moderate
3.26,3.9,128.22,1.43,0.64,81.88,3.74,81,1026,1.03,fair
2.73,3.4,136.83,1.93,1.4,80.85,5.14,82,1027,1.16,fair
1.44,6.93,90.65,0.04,0.09,45.63,27.27,74,1014,6.17,good
10.42,13.96,194.98,4.12,1.29,25.77,24.99,88,1006,2.06,fair
1.76,3.82,87.8,0.08,0.93,22.35,22.33,89,1007,4.18,good
12.67,16.47,215.29,4.81,1.56,26.69,24.0,88,1006,2.06,fair
7.38,8.65,132.82,3.07,0.14,55.39,11.79,62,1020,3.6,good
7.03,8.11,137.42,3.49,0.53,72.93,11.15,69,1020,1.54,fair
13.43,14.49,158.61,4.89,0.51,71.99,14.63,60,1020,2.93,fair
27.11,80.71,216.01,2.4,0.22,25.59,33.06,49,1006,1.03,moderate
27.47,81.61,188.99,2.05,0.18,15.67,30.25,54,1007,1.03,moderate
27.61,75.03,240.85,2.51,0.39,26.15,35.63,27,1006,2.86,moderate
1.14,1.59,129.87,1.71,0.07,57.15,-0.17,93,1026,1.03,good
0.54,0.73,124.74,0.67,0.08,71.08,4.11,93,1025,2.57,fair
1.03,1.46,132.62,1.41,0.28,66.16,5.21,81,1024,2.06,fair
40.97,139.37,277.7,9.07,16.96,75.28,25.98,50,1008,1.54,poor
42.71,153.74,272.8,10.81,17.84,71.0,25.97,50,1008,1.54,poor
45.71,163.69,269.33,8.99,19.38,77.05,25.79,53,1008,4.1,poor
2.22,3.1,127.46,0.53,0.05,7.76,21.17,88,1015,1.84,good
3.19,4.69,164.02,1.63,0.28,21.92,14.84,95,1016,0.98,good
10.16,15.92,352.62,4.1,0.92,16.16,14.02,99,1016,0.71,fair
0.64,2.26,95.41,0.06,0.08,14.28,28.99,84,1009,5.14,good
0.62,2.36,95.01,0.06,0.08,14.4,28.92,84,1009,5.14,good
0.69,2.6,94.88,0.06,0.09,14.34,28.9,86,1009,3.18,good
0.5,0.5,72.56,0.23,0.08,3.79,26.03,89,1009,2.57,good
0.5,0.5,72.56,0.23,0.08,3.79,25.99,89,1009,2.57,good
0.5,0.5,61.56,0.14,0.05,2.95,26.0,89,1009,2.57,good
0.85,1.35,53.45,1.08,0.14,50.86,9.99,71,1019,0.0,good
0.58,0.76,84.01,0.66,0.06,6.56,26.01,83,1009,6.17,good
0.97,1.62,63.88,1.79,0.42,55.77,18.84,39,1013,3.09,good
4.37,8.17,142.53,3.33,0.81,29.74,23.31,85,1019,2.06,good
2.43,9.2,87.89,0.11,0.06,48.28,24.95,92,1017,1.54,good
4.96,7.12,114.99,4.51,0.94,42.22,22.44,60,1021,2.57,good
2.11,8.53,105.22,0.07,0.09,53.93,26.99,69,1013,4.12,good
2.39,7.03,107.73,0.28,0.25,61.97,26.96,65,1012,3.09,fair
2.39,7.03,107.73,0.28,0.25,61.97,26.97,65,1012,3.09,fair
24.45,25.37,571.95,9.21,1.16,29.65,6.96,97,1012,0.41,fair
11.0,12.45,371.54,9.01,1.69,16.18,19.8,92,1008,1.4,fair
17.22,18.49,475.92,8.09,1.29,22.04,15.73,98,1010,0.92,fair
3.86,7.52,126.29,3.37,0.31,18.89,11.95,100,1016,1.03,good
2.92,3.93,88.82,0.98,0.05,18.43,19.94,54,1015,1.8,good
3.86,7.52,126.29,3.37,0.31,18.89,11.86,100,1016,1.03,good
2.34,3.21,128.58,4.52,0.17,41.87,8.64,77,1024,2.69,good
1.95,2.54,132.94,1.96,0.14,44.09,1.99,93,1025,3.0,good
4.58,5.48,134.23,3.55,0.49,47.68,8.07,83,1025,3.35,good
5.33,9.6,124.95,0.32,0.2,39.42,29.45,1,1006,3.09,good
3.69,9.01,110.71,0.24,0.15,35.29,28.62,82,1007,9.7,good
5.1,7.85,126.29,0.51,0.23,46.96,28.94,69,1007,4.86,good
5.77,6.27,166.44,11.28,2.83,67.18,8.14,60,1012,5.14,fair
0.5,0.5,134.1,1.56,0.06,68.34,10.41,40,1011,5.14,fair
0.94,1.26,100.19,0.16,0.08,97.41,20.53,24,1012,4.63,fair
4.27,6.17,158.0,0.78,0.17,3.5,25.2,83,1011,2.06,good
6.35,9.0,152.64,0.63,0.91,16.34,13.63,84,1016,1.14,good
2.05,2.37,100.39,0.24,0.03,5.18,21.13,93,1012,0.72,good
1.31,3.12,88.75,0.02,0.0,3.76,23.16,77,1009,1.71,good
1.31,3.12,88.75,0.02,0.0,3.76,22.86,78,1009,1.73,good
1.41,3.32,89.71,0.03,0.0,3.67,23.05,75,1009,1.72,good
4.27,6.17,158.0,0.78,0.17,3.5,25.2,83,1011,2.06,good
10.69,29.14,80.69,0.2,0.15,34.23,24.64,94,1011,2.42,fair
14.12,29.53,117.94,1.16,0.37,25.84,23.04,98,1012,1.15,fair
22.95,23.84,159.62,2.11,1.68,125.09,9.27,72,1024,0.0,moderate
6.23,7.62,127.4,1.83,0.33,58.41,13.19,82,1024,0.51,good
9.08,9.94,143.23,6.5,0.72,52.37,11.67,59,1023,0.45,good
0.65,2.51,96.33,0.13,0.12,14.22,28.72,84,1010,3.6,good
0.65,2.41,97.85,0.13,0.11,14.8,28.31,84,1010,3.6,good
6.05,9.15,173.18,1.23,0.22,15.02,25.39,81,1010,3.46,good
10.63,15.91,178.59,5.16,0.35,48.27,16.62,72,1019,0.77,fair
12.24,17.44,229.3,8.57,0.61,39.94,15.98,61,1019,0.55,fair
10.63,15.91,178.59,5.16,0.35,48.27,16.52,77,1019,1.1,fair
0.79,1.48,104.09,0.02,0.05,16.62,27.95,94,1009,1.03,good
0.87,1.05,94.02,0.5,0.07,6.15,21.74,88,1011,1.54,good
6.5,10.65,189.52,1.14,0.13,3.23,19.33,87,1013,0.49,good
63.51,72.78,288.54,14.33,14.9,88.68,17.92,59,1011,4.0,poor
88.59,99.28,351.67,16.44,11.77,75.81,14.94,27,1008,1.9,very_poor
8.89,15.61,202.14,0.74,0.51,90.19,25.09,85,1012,3.5,fair
1.01,1.49,142.79,3.92,0.29,10.64,17.73,59,1015,2.57,good
4.77,5.27,123.4,2.84,1.32,16.49,27.03,61,1010,3.6,good
5.94,6.39,138.23,3.13,4.23,8.74,23.99,64,1012,3.09,good
2.33,2.69,108.55,0.5,0.21,36.17,21.72,87,1013,2.57,good
2.34,2.58,130.85,2.0,0.25,37.22,27.93,78,1008,1.03,good
3.03,3.44,108.63,0.55,0.25,39.22,23.63,84,1012,2.68,good
3.81,6.62,109.78,0.17,0.29,51.58,29.24,65,1011,4.12,good
9.88,13.35,145.85,0.4,0.32,69.56,28.16,74,1013,2.06,fair
11.77,15.45,107.36,0.17,1.03,57.21,30.19,54,1012,5.66,fair
5.53,25.25,100.06,0.23,0.38,65.87,22.27,68,1016,5.66,fair
4.4,20.82,99.49,0.16,0.31,62.38,21.75,78,1017,10.29,fair
4.91,21.85,98.81,0.2,0.38,66.6,21.02,88,1017,6.17,fair
6.92,15.15,139.59,1.91,1.04,51.98,27.53,76,1010,7.2,good
6.92,15.15,139.59,1.91,1.04,51.98,27.61,76,1010,7.2,good
9.11,15.51,113.38,0.2,0.67,105.76,11.76,94,1011,0.0,moderate
9.51,16.56,113.66,0.13,0.56,103.93,17.96,82,1011,3.09,moderate
8.24,14.88,111.41,0.28,0.57,104.02,17.03,83,1011,1.03,moderate
9.19,10.84,139.05,4.67,0.83,54.43,9.17,66,1026,2.06,good
4.54,5.47,148.5,7.15,0.92,52.69,8.12,69,1026,0.51,good
5.6,7.12,138.04,4.13,0.74,60.94,8.04,82,1026,1.26,fair
9.52,10.58,139.5,6.02,1.15,62.76,12.61,68,1025,1.82,fair
5.4,6.3,131.84,3.94,1.46,83.61,13.16,59,1023,2.24,fair
11.72,12.17,144.79,4.15,0.55,104.56,6.11,74,1025,2.46,moderate
17.5,38.56,135.66,0.64,0.09,33.63,29.13,74,1008,1.67,fair
16.67,31.29,272.27,2.43,0.21,25.62,25.33,71,1009,2.4,fair
15.63,34.29,198.49,1.33,0.21,35.34,28.13,62,1008,2.83,fair
11.22,11.85,131.61,8.22,1.41,66.95,9.15,75,1023,2.06,fair
11.41,12.1,139.05,4.69,1.14,83.5,12.14,72,1021,3.33,fair
6.17,7.11,137.87,5.73,2.33,85.71,9.86,76,1022,4.43,fair
2.03,8.61,99.78,1.51,1.15,58.03,25.01,74,1015,3.35,good
1.77,8.53,91.9,0.13,0.17,43.79,26.84,81,1013,5.14,good
11.07,13.64,148.45,3.85,1.81,52.72,28.76,74,1014,5.14,fair
1.77,8.53,91.9,0.13,0.17,43.79,28.71,74,1013,5.14,good
4.85,6.36,140.33,9.88,0.39,43.44,14.37,100,1021,1.03,good
7.46,12.31,123.66,5.6,0.38,62.0,17.93,94,1019,2.57,fair
4.26,8.07,130.39,5.34,0.21,54.72,13.26,97,1022,1.75,good
3.82,5.25,310.84,11.89,1.15,4.79,13.53,77,1015,1.1,good
13.17,40.86,85.78,0.6,0.45,49.89,30.93,62,1008,3.6,fair
4.24,6.12,234.85,11.75,1.18,16.28,15.95,63,1018,4.63,good
4.75,5.46,129.77,1.48,0.39,81.04,9.19,71,1015,2.06,fair
1.98,2.99,118.84,1.83,0.2,56.06,10.14,66,1017,3.09,good
0.99,1.42,120.57,0.82,0.12,72.39,7.05,84,1016,2.35,fair
21.21,48.34,165.54,10.86,18.17,93.38,20.42,56,1011,4.63,fair
17.76,32.64,131.64,4.81,16.35,85.93,15.9,82,1011,2.06,fair
21.21,48.34,165.54,10.86,18.17,93.38,20.42,46,1011,4.45,fair
9.18,58.29,105.66,0.18,0.4,83.7,17.98,82,1019,6.17,moderate
10.06,40.4,101.32,0.35,0.55,79.69,19.01,88,1018,8.23,fair
4.87,23.04,102.17,0.24,0.52,82.97,18.18,82,1019,8.05,fair
18.43,32.52,261.95,3.9,0.43,32.77,17.41,53,1013,1.47,fair
13.59,36.33,139.2,1.31,0.27,45.3,22.57,54,1011,2.94,fair
11.82,37.63,104.23,0.51,0.23,67.11,29.74,20,1007,2.23,fair
1.61,3.12,100.53,1.05,0.11,67.71,16.97,72,1019,4.92,fair
18.39,21.96,120.17,0.8,0.88,92.93,17.23,68,1024,3.09,fair
6.74,12.51,131.59,3.6,0.26,72.09,17.92,89,1022,2.06,fair
31.28,46.09,687.38,6.91,0.97,24.47,15.49,63,1015,1.03,moderate
1.7,4.44,92.5,0.74,0.04,11.85,18.99,75,1013,1.97,good
24.85,47.83,349.71,4.67,0.54,27.51,19.92,41,1012,0.52,fair
4.82,5.56,130.65,1.75,0.47,74.8,5.68,83,1013,5.81,fair
4.55,5.27,129.77,2.23,0.65,76.86,5.42,86,1013,1.34,fair
6.11,7.42,134.78,2.42,0.52,70.02,8.81,63,1013,1.34,fair
1.73,5.13,63.41,0.01,0.06,44.34,27.94,83,1012,5.14,good
1.73,5.13,63.41,0.01,0.06,44.34,27.99,83,1012,5.14,good
1.87,5.4,63.2,0.02,0.07,43.02,29.83,66,1011,2.57,good
1.85,2.34,114.18,2.79,0.05,26.96,15.99,90,1020,1.54,good
6.12,11.42,142.78,0.48,1.28,136.58,14.39,71,1025,0.86,moderate
5.83,8.16,131.59,1.08,0.43,98.6,16.38,49,1023,5.14,fair
4.63,7.42,88.39,0.12,0.12,22.33,28.01,83,1010,4.12,good
5.83,12.14,84.17,0.05,0.16,24.77,26.98,89,1010,3.6,good
2.59,2.78,94.08,0.11,0.0,4.22,22.27,94,1011,1.06,good
15.54,18.96,150.47,17.12,9.2,105.71,15.0,73,1019,4.02,moderate
5.83,7.89,152.15,8.24,0.98,62.89,11.13,89,1019,1.83,fair
5.3,7.43,144.56,5.15,1.49,91.52,10.12,89,1015,1.03,fair
2.25,2.58,100.06,2.99,0.16,68.8,13.08,82,1014,2.06,fair
2.57,2.83,100.92,2.89,0.43,71.5,10.99,93,1017,0.51,fair
6.85,7.3,132.54,6.44,0.68,73.73,9.33,96,1016,2.35,fair
0.66,0.67,98.33,0.08,0.02,5.58,26.99,83,1012,2.06,good
0.66,0.67,98.33,0.08,0.02,5.58,26.99,83,1012,2.06,good
0.57,0.58,95.95,0.07,0.02,5.31,23.64,97,1012,0.97,good
14.04,17.91,136.88,3.16,0.65,55.88,11.61,87,1021,1.03,fair
1.19,2.36,111.71,0.67,0.1,10.61,24.25,90,1010,2.53,good
0.63,2.12,100.27,0.16,0.19,15.54,29.23,84,1009,3.6,good
17.41,28.41,227.4,2.53,0.31,29.35,33.58,39,1006,3.73,fair
7.26,11.6,108.63,3.31,1.56,81.28,18.33,86,1019,5.66,fair
27.87,92.68,122.62,1.96,1.84,74.07,24.08,60,1010,4.63,moderate
26.89,90.81,118.86,1.86,1.78,76.22,24.02,60,1010,4.63,moderate
27.87,92.68,122.62,1.96,1.84,74.07,24.01,60,1010,4.63,moderate
15.24,45.33,123.47,0.9,1.04,93.59,27.04,74,1011,2.06,fair
15.24,45.33,123.47,0.9,1.04,93.59,27.05,74,1011,2.06,fair
4.48,5.72,131.15,0.65,0.14,15.2,24.48,78,1012,2.6,good
1.82,9.04,97.83,0.39,0.41,61.44,25.82,73,1015,2.06,fair
1.82,9.04,97.83,0.39,0.41,61.44,25.94,73,1015,2.06,fair
1.82,9.04,97.83,0.39,0.41,61.44,26.02,73,1015,2.06,fair
1.99,2.94,95.62,0.16,0.1,22.48,26.92,100,1010,2.57,good
1.17,2.58,102.67,0.03,0.07,17.31,25.95,100,1010,1.54,good
1.85,2.09,84.72,0.14,0.04,3.49,21.35,99,1011,0.88,good
0.86,1.94,129.16,0.84,0.76,98.52,11.75,72,1018,7.72,fair
0.91,1.31,126.15,1.26,0.62,56.09,9.32,83,1023,3.09,good
0.64,1.34,127.17,0.44,0.82,98.55,12.7,76,1018,8.82,fair
7.24,9.59,121.56,0.25,0.72,44.83,20.6,90,1010,8.94,good
6.98,9.15,116.51,0.21,0.48,46.24,21.36,89,1011,8.94,good
6.45,8.65,118.51,0.22,0.62,44.16,18.28,82,1011,8.94,good
2.44,6.47,98.96,0.04,0.08,39.16,29.11,71,1011,8.23,good
2.44,6.47,98.96,0.04,0.08,39.16,28.94,71,1011,8.23,good
2.32,6.33,99.77,0.04,0.08,37.86,29.57,71,1011,8.23,good
25.72,107.2,139.19,0.74,1.38,90.28,25.06,78,1010,3.09,poor
25.32,104.82,147.35,0.44,0.28,66.32,28.6,44,1010,2.72,poor
25.75,105.47,142.92,0.51,0.54,76.13,27.54,48,1010,2.88,poor
1.12,1.36,116.8,0.72,0.19,9.46,27.99,83,1011,5.14,good
0.61,0.62,104.2,0.29,0.01,6.38,23.5,94,1012,1.4,good
0.82,0.87,112.81,0.28,0.06,7.89,24.2,92,1012,1.27,good
8.97,15.79,200.26,0.82,0.56,89.31,24.19,82,1012,7.6,fair
8.97,15.79,200.26,0.82,0.56,89.31,24.37,82,1012,7.6,fair
8.54,15.73,194.18,0.87,0.6,86.5,25.06,82,1012,7.72,fair
24.37,25.79,148.56,0.74,3.59,60.58,28.03,58,1011,3.6,fair
11.78,13.06,200.78,2.94,1.12,40.13,31.69,58,1007,8.23,fair
3.22,4.04,134.75,1.39,0.58,48.07,29.9,74,1007,4.12,good
6.06,6.82,131.35,2.93,0.35,61.6,12.16,59,1026,2.06,fair
1.39,2.14,124.97,0.44,1.52,116.61,14.06,33,1024,3.6,moderate
6.36,8.02,136.71,1.77,2.04,121.14,14.51,41,1026,3.6,moderate
3.0,10.89,96.37,0.2,0.27,51.71,29.93,70,1013,2.06,good
3.0,10.89,96.37,0.2,0.27,51.71,29.43,70,1013,2.06,good
16.87,21.34,201.51,0.77,0.64,86.04,26.89,83,1013,7.59,fair
6.92,9.17,140.78,3.58,0.46,52.77,11.39,53,1025,1.79,good
3.42,5.19,142.42,2.97,0.2,50.24,10.88,50,1025,2.57,good
4.35,6.42,143.04,6.7,0.39,53.67,10.03,61,1025,2.24,good
2.97,5.49,94.11,0.74,0.29,32.82,26.11,90,1010,0.45,good
2.16,3.35,98.68,0.75,0.19,36.25,25.57,95,1010,1.03,good
2.97,5.49,94.11,0.74,0.29,32.82,24.75,100,1010,0.0,good
2.5,5.56,124.96,0.46,0.46,111.66,11.46,82,1017,4.63,moderate
1.71,2.92,131.71,0.44,0.44,119.37,11.87,100,1017,4.12,moderate
1.28,1.85,132.65,0.48,0.28,107.9,10.97,95,1017,2.55,moderate
13.3,38.66,112.27,1.98,0.85,81.12,10.95,68,1013,2.18,fair
17.2,47.2,123.7,7.79,1.44,65.45,14.89,80,1012,1.03,fair
8.06,15.94,115.85,1.89,2.99,94.4,15.99,78,1013,0.45,fair
2.48,5.35,133.38,1.07,0.9,118.4,9.88,93,1017,3.09,moderate
26.11,67.72,104.39,0.07,0.17,53.96,29.01,79,1007,2.57,moderate
84.46,113.26,492.71,4.52,5.64,101.37,26.03,69,1001,3.09,very_poor
43.55,51.6,472.78,11.44,2.31,35.04,21.86,82,1010,8.05,moderate
26.86,91.49,244.66,7.1,6.78,99.06,23.95,53,1010,5.14,moderate
15.05,58.74,129.22,1.22,1.37,96.15,16.79,83,1012,3.58,moderate
21.63,52.5,199.1,5.86,11.28,90.84,15.85,88,1012,5.14,moderate
7.51,10.89,202.54,10.62,2.64,69.51,17.62,25,1013,2.06,fair
17.06,85.01,135.48,2.71,0.44,64.58,12.08,82,1017,2.06,moderate
15.5,21.11,187.21,8.41,1.5,84.62,8.77,22,1011,2.61,fair
0.5,0.67,139.46,0.07,0.22,101.93,0.81,55,1021,5.14,moderate
0.5,0.67,139.46,0.07,0.22,101.93,0.84,55,1021,5.14,moderate
0.5,0.67,139.46,0.07,0.22,101.93,0.93,55,1021,5.14,moderate
1.86,3.2,125.66,0.31,0.53,126.35,12.41,38,1024,3.09,moderate
16.51,18.36,185.24,7.31,1.52,86.52,12.8,64,1026,1.03,fair
1.65,3.1,129.04,0.51,0.97,124.81,13.0,38,1023,1.54,moderate
12.78,16.19,132.41,3.67,0.5,45.31,13.25,71,1020,2.06,fair
3.33,15.19,94.02,0.25,0.32,39.06,28.53,79,1012,6.69,good
3.39,15.58,94.03,0.23,0.31,39.32,27.02,84,1012,6.69,good
3.39,15.58,94.03,0.23,0.31,39.32,27.19,84,1012,6.69,good
10.72,28.56,118.08,3.32,1.47,91.47,15.05,29,1013,2.57,fair
8.81,23.75,122.64,5.12,2.33,95.79,15.95,29,1013,2.57,fair
12.61,28.98,140.35,12.53,3.93,75.39,12.67,75,1013,2.3,fair
2.33,4.13,147.88,1.6,1.59,121.44,20.87,43,1004,6.69,moderate
2.67,5.55,148.74,1.67,1.55,127.08,20.47,52,1005,6.69,moderate
27.8,33.93,185.48,4.7,4.06,115.9,16.69,61,1012,3.6,moderate
0.8,1.09,103.14,0.64,0.1,29.22,16.35,95,1015,0.57,good
12.42,17.0,505.87,4.09,0.35,18.4,15.73,94,1014,1.44,fair
3.55,5.11,152.57,1.32,0.28,21.58,25.23,94,1012,2.57,good
5.09,7.55,96.13,1.28,0.44,83.93,13.11,59,1015,2.12,fair
1.47,2.5,74.73,0.32,0.13,47.76,14.51,88,1015,0.0,good
2.89,6.11,90.99,0.84,0.13,57.23,11.61,68,1015,0.45,good
31.55,34.46,662.52,11.07,1.64,30.49,29.3,62,1010,2.71,moderate
6.65,7.93,224.86,2.7,0.56,39.32,28.95,64,1010,2.38,good
30.53,31.33,439.87,3.99,0.45,9.82,26.58,79,1010,1.31,moderate
0.5,0.5,69.4,0.01,0.01,5.57,26.0,94,1009,3.09,good
2.23,4.33,75.35,0.1,0.09,28.61,26.0,89,1013,1.03,good
2.51,5.1,73.7,0.1,0.11,31.25,27.75,73,1012,2.88,good
2.99,5.86,75.89,0.08,0.11,32.21,27.82,75,1012,2.49,good
117.65,128.78,332.83,2.18,1.15,104.78,17.28,46,1011,2.11,very_poor
101.86,109.19,274.59,4.76,7.7,77.24,18.99,35,1009,1.65,very_poor
113.7,125.12,308.17,0.85,0.5,122.54,16.94,47,1011,2.39,very_poor
122.33,136.11,306.9,7.28,1.03,133.32,15.76,77,1012,3.09,very_poor
103.56,117.41,268.29,2.0,3.28,157.23,15.95,44,1013,1.54,very_poor
121.66,135.45,296.56,1.42,0.68,143.6,15.95,77,1013,3.09,very_poor
44.77,167.58,137.65,1.31,6.7,128.61,26.75,35,1008,2.55,poor
47.37,177.66,139.95,1.53,7.88,129.25,27.11,41,1008,1.34,poor
47.37,177.66,139.95,1.53,7.88,129.25,27.03,41,1008,1.34,poor
8.82,15.37,145.61,0.32,0.54,61.15,29.01,70,1011,5.14,fair
8.82,15.37,145.61,0.32,0.54,61.15,29.01,70,1011,5.14,fair
8.1,14.18,85.4,1.14,0.33,63.67,16.28,55,1015,3.0,fair
7.34,16.54,128.25,3.59,0.62,53.99,16.33,88,1015,5.0,good
1.52,2.01,128.77,0.42,0.04,53.96,5.05,81,1021,2.0,good
38.62,40.38,775.41,6.76,0.85,8.54,24.97,78,1010,1.03,moderate
66.76,71.39,1377.32,20.67,2.31,18.48,26.67,77,1010,1.12,poor
23.56,24.52,449.76,2.98,0.32,18.85,27.67,79,1011,2.01,fair
7.34,14.75,115.39,5.22,1.59,95.49,15.97,75,1013,2.96,fair
10.79,18.07,130.92,5.6,2.92,79.51,16.69,73,1013,3.56,fair
8.07,14.76,120.17,4.31,1.31,93.96,16.3,67,1013,1.74,fair
1.56,6.39,94.87,0.42,0.31,46.16,27.93,69,1014,3.6,good
1.54,6.93,93.92,0.28,0.22,46.39,26.96,79,1014,3.6,good
0.51,1.84,103.96,0.55,0.32,16.42,26.72,91,1009,2.22,good
0.51,1.84,103.96,0.55,0.32,16.42,26.71,91,1009,0.89,good
0.51,1.84,103.96,0.55,0.32,16.42,26.64,91,1009,0.89,good
0.5,0.99,86.91,0.24,0.12,22.75,26.85,85,1011,2.18,good
1.0,2.26,99.58,0.67,0.27,29.07,23.8,95,1012,1.6,good
0.5,1.06,89.67,0.18,0.08,25.02,27.27,85,1011,2.62,good
2.44,3.77,115.64,2.63,0.26,24.62,7.83,81,1019,0.62,good
4.99,7.56,164.67,3.7,0.54,22.58,7.43,84,1020,1.06,good
0.86,1.77,80.54,1.09,0.07,34.35,8.34,81,1019,1.44,good
3.7,4.31,131.41,5.1,0.85,50.4,7.3,80,1023,3.09,good
3.71,5.03,131.83,4.37,0.33,34.54,8.18,76,1023,3.09,good
15.26,16.41,160.77,7.0,3.16,79.37,4.01,87,1022,4.57,fair
5.84,6.9,120.29,2.63,0.13,53.16,10.33,56,1022,2.06,good
5.88,7.08,115.77,3.09,0.1,42.85,8.97,72,1022,1.63,good
5.77,6.86,117.58,3.08,0.11,47.31,9.83,62,1022,2.06,good
4.19,4.93,128.72,1.8,0.45,80.46,10.03,62,1019,2.06,fair
1.98,2.89,123.39,2.88,0.4,57.87,7.36,88,1022,3.0,good
7.28,7.99,143.23,2.48,0.88,87.96,4.95,93,1021,1.03,fair
8.3,13.81,207.15,3.95,0.29,73.74,17.83,85,1017,7.96,fair
12.08,23.51,142.5,1.46,0.86,94.76,18.15,78,1013,7.46,fair
13.37,29.16,139.69,1.28,0.12,71.93,17.93,84,1014,8.63,fair
4.44,11.47,109.66,2.49,3.24,85.05,16.99,82,1019,1.03,fair
3.58,7.34,108.09,3.28,3.96,80.51,12.23,100,1019,0.0,fair
4.22,6.53,94.62,2.62,0.24,49.4,15.08,94,1018,1.54,good
7.92,11.25,152.05,0.84,1.52,137.59,15.92,63,1026,2.06,moderate
1.86,3.42,142.77,3.78,0.31,44.52,9.46,45,1024,2.57,good
1.67,2.47,137.37,2.44,0.37,54.06,6.82,71,1024,1.79,good
2.64,3.02,135.43,1.12,0.33,80.24,7.55,73,1024,2.7,fair
0.95,2.53,128.57,0.33,1.33,115.43,12.88,35,1023,4.12,moderate
1.52,3.18,128.22,0.41,2.44,116.24,4.49,62,1024,3.32,moderate
1.33,3.45,127.55,0.45,2.1,117.4,11.47,37,1022,1.54,moderate
3.81,6.81,138.76,1.33,0.08,12.78,15.98,100,1019,1.54,good
2.6,4.69,88.55,0.65,0.12,20.37,21.28,92,1017,1.2,good
2.06,2.74,96.21,0.74,0.03,11.58,13.81,96,1021,1.6,good
0.5,0.79,93.99,0.01,0.01,26.49,30.98,74,1009,1.54,good
0.64,0.86,117.85,0.84,3.0,95.77,1.9,80,1025,1.03,fair
0.67,1.0,119.74,1.12,2.84,86.12,1.31,75,1025,1.96,fair
1.93,2.08,119.22,1.64,5.58,84.4,3.84,78,1024,1.42,fair
37.76,121.04,166.3,0.81,0.13,23.2,34.3,29,1009,2.06,poor
23.88,74.17,167.7,1.09,0.11,21.32,32.34,33,1008,1.24,moderate
28.07,91.22,168.36,0.72,0.11,20.87,33.44,21,1007,3.04,moderate
11.95,14.5,469.51,6.14,0.73,18.56,25.98,94,1010,1.03,fair
2.28,3.74,191.73,2.07,0.2,24.88,26.13,72,1007,5.82,good
22.16,25.77,748.12,13.48,1.24,2.12,24.59,77,1009,2.93,fair
0.62,1.06,117.65,0.11,0.28,65.71,2.07,55,1021,1.0,fair
0.61,1.64,110.15,0.53,0.06,49.74,5.68,58,1021,1.44,good
0.79,1.3,116.62,0.37,0.07,51.6,9.7,53,1020,0.89,good
7.68,15.6,182.02,0.97,0.69,80.88,24.85,88,1012,6.69,fair
7.61,15.42,179.97,0.4,0.28,80.99,24.96,88,1012,6.69,fair
7.61,15.42,179.97,0.4,0.28,80.99,24.82,88,1012,6.69,fair
3.75,16.93,96.25,0.08,0.15,45.45,27.08,78,1012,9.77,good
1.71,6.3,98.71,0.86,0.65,54.43,25.97,78,1014,3.6,good
1.65,6.33,98.29,0.77,0.6,52.8,25.95,78,1014,3.6,good
1.65,6.33,98.29,0.77,0.6,52.8,26.03,78,1014,3.6,good
26.65,113.2,106.48,0.26,0.58,61.8,20.95,73,1013,7.88,poor
11.49,47.23,100.13,1.21,1.14,80.94,19.93,73,1016,8.75,fair
15.91,55.09,168.26,0.22,0.05,30.33,36.12,17,1009,2.59,moderate
5.83,17.51,124.67,0.26,1.75,119.57,16.34,72,1019,5.14,moderate
5.83,17.51,124.67,0.26,1.75,119.57,16.22,72,1019,5.14,moderate
5.83,17.51,124.67,0.26,1.75,119.57,15.99,72,1019,5.14,moderate
2.34,6.13,62.7,0.05,0.15,50.94,23.57,92,1016,4.16,good
2.4,6.42,62.57,0.05,0.14,51.03,21.04,92,1016,0.45,good
2.4,6.42,62.57,0.05,0.14,51.03,21.99,92,1015,0.45,good
0.5,1.21,122.63,0.02,0.03,31.81,29.97,84,1009,4.12,good
3.15,5.04,91.09,0.36,0.02,19.52,18.11,94,1017,2.06,good
3.81,9.34,82.52,0.78,0.24,27.76,19.34,73,1016,3.6,good
2.41,3.86,82.77,0.34,0.03,38.57,14.58,97,1017,1.55,good
18.11,19.88,163.53,1.81,1.61,104.62,27.75,28,1006,5.14,moderate
6.18,23.11,124.51,0.21,0.61,105.16,20.49,68,1012,4.63,moderate
18.98,20.95,166.31,1.59,1.74,110.05,27.97,28,1006,5.14,moderate
9.47,9.82,261.01,2.1,0.64,26.06,24.73,94,1009,1.54,good
7.24,7.72,142.31,1.26,0.63,15.06,25.52,89,1009,1.03,good
9.05,9.43,240.78,1.14,0.36,21.94,24.95,94,1009,1.54,good
9.69,11.52,157.62,1.36,0.64,46.36,21.77,87,1015,5.66,good
9.69,11.52,157.62,1.36,0.64,46.36,21.97,94,1015,5.66,good
2.96,9.48,70.37,0.27,0.05,27.4,21.97,94,1016,0.0,good
0.91,2.86,62.8,0.03,0.05,39.92,28.18,72,1014,2.85,good
0.91,2.86,62.8,0.03,0.05,39.92,28.32,72,1014,2.34,good
0.94,2.97,62.87,0.03,0.05,39.74,28.11,72,1014,1.67,good
62.59,215.36,188.74,0.99,0.29,43.08,34.16,15,1007,1.54,very_poor
52.65,146.12,393.58,3.43,1.59,60.62,29.55,10,1008,4.11,poor
57.52,173.58,635.22,9.42,2.73,39.53,28.6,12,1008,3.73,poor
0.74,2.74,94.41,0.06,0.09,14.22,28.4,82,1009,5.58,good
66.91,152.04,796.42,10.27,3.07,48.24,28.76,11,1008,3.36,poor
1.73,6.52,129.63,0.78,0.4,13.88,25.86,86,1010,2.17,good
4.63,6.06,99.14,0.2,5.11,40.29,30.3,64,1007,5.14,good
12.22,14.98,108.8,0.26,5.87,45.28,29.88,63,1007,2.63,fair
6.58,8.18,105.09,0.35,3.12,43.59,29.53,66,1007,4.92,good
7.59,8.97,153.38,7.88,1.54,82.78,12.03,70,1020,1.03,fair
7.77,9.06,171.2,19.14,3.4,74.71,13.48,57,1020,1.34,fair
8.36,10.04,157.52,7.83,1.65,85.69,13.02,65,1019,0.89,fair
15.62,17.7,140.91,2.54,2.3,115.69,9.65,66,1015,2.88,moderate
20.82,25.91,144.19,1.67,2.39,118.79,8.27,76,1016,3.6,moderate
1.45,1.61,113.49,0.21,0.32,103.97,9.11,73,1011,1.84,moderate
45.37,50.92,595.71,9.31,5.57,52.38,15.25,100,1007,1.03,moderate
42.29,49.05,610.43,7.04,2.91,53.8,16.5,78,1008,0.84,moderate
57.59,63.74,632.24,9.59,5.81,53.74,19.83,83,1006,1.16,poor
2.98,6.63,63.57,0.26,2.92,59.66,17.56,63,1034,2.68,good
2.54,5.23,80.87,1.82,0.37,32.66,13.2,74,1032,4.12,good
1.95,3.26,87.12,1.56,0.22,32.67,13.94,75,1033,9.26,good
37.42,108.41,116.78,1.96,1.41,59.88,33.99,20,1006,2.57,poor
34.66,102.53,115.14,2.52,1.73,64.65,34.05,20,1006,2.57,poor
34.37,97.59,112.92,1.96,1.28,57.8,34.0,20,1006,2.57,moderate
0.8,1.06,136.68,1.58,0.23,31.54,26.64,95,1007,5.14,good
0.95,1.31,150.38,2.1,0.42,30.84,26.17,94,1008,5.14,good
0.95,1.31,150.38,2.1,0.42,30.84,26.4,94,1008,5.14,good
6.97,18.58,69.59,0.04,0.41,58.41,23.28,74,1011,5.14,good
6.97,18.58,69.59,0.04,0.41,58.41,21.1,78,1011,5.14,good
17.23,28.7,81.83,0.66,1.33,70.99,16.12,51,1015,1.03,fair
1.3,4.1,59.97,0.06,0.08,32.31,30.9,62,1011,7.6,good
1.35,4.61,59.73,0.05,0.08,31.31,30.96,62,1011,7.6,good
1.19,3.99,59.62,0.03,0.06,30.91,30.8,62,1011,7.6,good
2.59,8.9,63.89,0.05,0.11,19.61,27.53,80,1010,2.09,good
0.99,1.34,35.31,0.02,0.02,2.08,28.41,61,1011,0.1,good
1.52,2.62,63.26,0.05,2.95,17.11,28.92,73,1009,4.38,good
5.87,10.63,160.17,5.57,3.72,42.16,31.05,64,1011,1.79,good
16.02,17.28,539.42,13.08,1.8,11.76,27.05,94,1010,3.09,fair
5.68,10.38,138.23,4.37,3.58,46.88,31.17,66,1011,1.54,good
42.41,56.05,501.91,6.73,4.61,69.28,25.99,61,1000,4.12,moderate
39.62,96.13,113.79,0.11,1.11,99.09,30.09,54,1002,3.09,moderate
24.67,51.35,325.2,8.45,1.07,50.02,24.08,57,1002,4.12,moderate
5.31,7.81,144.38,6.2,1.18,38.77,10.2,78,1025,1.92,good
22.17,24.63,163.32,6.88,3.45,50.99,7.55,79,1025,0.51,fair
5.44,7.11,131.85,4.5,0.86,50.67,7.22,82,1026,1.03,good
2.06,8.09,98.69,0.28,0.25,46.75,26.97,84,1014,6.17,good
2.07,7.54,99.85,0.32,0.25,47.39,26.09,90,1015,5.14,good
2.13,7.69,100.01,0.34,0.26,46.75,26.53,83,1014,6.17,good
14.85,45.3,112.24,2.37,1.22,75.38,16.26,73,1013,1.66,fair
13.11,39.66,108.37,1.47,1.1,76.9,16.35,73,1013,1.89,fair
14.85,45.3,112.24,2.37,1.22,75.38,16.18,73,1013,1.65,fair
1.22,3.27,107.97,1.12,0.95,97.2,15.78,83,1019,2.57,fair
1.3,2.63,108.33,3.1,1.85,88.68,13.73,88,1018,1.54,fair
1.5,3.08,109.52,2.34,1.76,95.11,13.97,76,1019,0.95,fair
1.42,1.61,104.8,1.4,0.21,18.78,29.12,76,1010,1.54,good
14.2,14.89,216.25,2.58,0.23,43.55,26.33,78,1012,2.57,fair
1.71,1.98,110.11,1.67,0.29,20.2,28.61,75,1010,1.54,good
47.7,159.47,262.39,5.0,8.75,98.82,26.95,39,1008,4.12,poor
47.7,159.47,262.39,5.0,8.75,98.82,26.89,39,1008,4.12,poor
46.61,150.96,267.75,4.88,8.2,99.02,27.03,39,1008,3.09,poor
1.85,5.86,62.52,0.05,0.14,52.44,24.81,73,1016,5.66,good
1.93,6.11,61.99,0.05,0.14,51.99,20.91,80,1017,0.05,good
2.21,7.95,61.91,0.04,0.16,51.92,22.82,78,1016,3.09,good
1.89,3.31,135.98,2.62,0.17,51.83,8.93,56,1024,3.09,good
1.81,2.56,136.95,1.97,0.23,58.65,8.32,67,1024,3.09,good
0.93,1.36,136.65,1.28,0.78,83.51,3.8,75,1024,4.13,fair
3.86,5.07,129.54,2.92,0.72,63.58,6.89,66,1025,1.54,fair
1.32,2.37,135.65,2.48,0.41,65.06,7.99,76,1025,0.51,fair
3.95,5.43,122.53,2.65,0.32,50.9,9.23,50,1025,1.41,good
0.59,0.72,137.59,1.69,0.17,62.36,3.73,68,1022,2.43,fair
1.52,1.9,112.68,0.83,0.05,43.74,7.04,76,1014,2.55,good
1.94,3.21,134.23,0.67,0.24,74.08,13.87,30,1007,5.0,fair
27.72,42.92,597.22,3.04,0.34,2.05,17.07,100,1016,1.54,moderate
19.32,26.77,456.11,2.9,0.84,12.26,16.85,97,1017,0.85,fair
18.86,28.4,446.67,3.08,0.6,9.12,13.66,99,1016,0.37,fair
14.45,32.81,102.46,3.33,4.64,102.73,24.0,30,1008,3.56,moderate
44.16,165.28,112.91,0.36,4.58,113.87,26.37,26,1009,5.47,poor
24.62,55.73,136.16,12.0,51.29,83.25,25.47,23,1009,2.3,moderate
1.02,2.73,63.25,0.02,0.06,23.61,30.46,65,1010,3.78,good
1.02,2.73,63.25,0.02,0.06,23.61,30.5,63,1010,3.23,good
0.98,2.63,62.82,0.02,0.06,23.29,30.08,65,1010,4.2,good
0.5,1.07,62.51,0.02,0.03,18.65,28.0,83,1009,2.06,good
22.5,100.57,100.63,0.22,0.2,67.97,29.5,10,1008,3.61,poor
21.88,96.43,100.77,0.19,0.2,69.13,29.48,10,1008,3.59,moderate
21.88,96.43,100.77,0.19,0.2,69.13,29.55,10,1008,3.58,moderate
2.94,3.3,127.18,0.76,0.95,112.86,14.01,46,1016,2.24,moderate
10.15,10.78,141.78,2.99,0.83,92.64,8.49,76,1021,3.6,fair
11.3,11.93,130.97,9.48,1.56,57.13,9.93,75,1023,3.2,fair
6.46,6.92,135.46,1.18,0.52,10.68,25.97,89,1009,1.03,good
6.46,6.92,135.46,1.18,0.52,10.68,25.97,89,1009,1.03,good
6.46,6.92,135.46,1.18,0.52,10.68,26.0,89,1009,1.03,good
8.58,9.86,148.17,5.44,0.81,62.79,5.43,87,1028,1.54,fair
6.22,7.57,127.68,4.4,0.17,43.7,8.04,76,1026,0.0,good
5.44,6.52,133.45,4.06,0.59,64.35,7.71,78,1027,2.07,fair
6.22,7.49,149.03,7.0,0.53,44.69,11.01,67,1025,0.51,good
4.98,6.89,136.44,3.03,0.76,51.82,7.82,66,1025,1.03,good
6.22,7.49,149.03,7.0,0.53,44.69,10.4,69,1025,0.51,good
11.34,29.91,109.92,0.81,0.72,73.66,25.61,73,1011,3.1,fair
5.62,11.7,101.43,0.5,0.34,49.63,24.94,86,1012,0.51,good
3.95,7.29,115.96,0.66,0.33,39.51,24.65,88,1012,0.99,good
23.89,105.74,100.53,1.27,1.05,73.34,21.81,87,1012,5.14,poor
43.99,180.94,119.89,1.18,0.75,67.93,26.32,36,1010,7.32,poor
25.55,105.22,101.2,1.71,1.27,72.51,21.78,87,1012,5.14,poor
0.6,2.67,62.76,0.02,0.06,23.46,26.95,82,1010,5.5,good
5.0,9.6,172.06,1.99,0.16,11.13,22.28,64,1011,3.28,good
1.45,4.26,90.94,0.45,0.03,13.25,24.71,58,1010,2.89,good
0.73,0.74,105.91,0.62,0.14,8.52,25.95,83,1012,0.0,good
0.66,0.67,99.84,0.42,0.08,6.85,25.96,83,1012,0.0,good
5.83,7.76,246.29,0.89,0.1,12.1,24.93,69,1009,1.89,good
12.58,33.83,113.3,0.73,0.09,24.77,28.98,20,1008,1.59,fair
7.86,9.06,175.78,0.27,0.04,2.79,19.06,97,1012,3.21,good
3.46,7.16,81.34,0.04,0.11,22.93,27.81,80,1010,3.25,good
9.55,10.9,112.19,0.12,0.4,46.18,27.83,65,1009,5.66,good
9.55,10.9,112.19,0.12,0.4,46.18,28.94,58,1009,5.66,good
19.75,21.38,127.27,0.14,0.82,51.89,31.24,61,1007,2.44,fair
14.44,20.02,118.1,1.58,2.41,61.94,14.09,91,1011,4.25,fair
19.21,31.82,166.27,24.72,3.76,43.91,15.63,55,1012,2.18,fair
23.97,30.36,151.72,6.46,8.21,69.75,13.09,84,1012,4.41,fair
8.24,11.15,164.22,5.35,1.61,21.17,16.42,89,1017,1.69,good
7.58,9.61,149.48,4.76,1.22,23.66,12.67,93,1018,1.69,good
1.92,6.79,103.0,0.28,0.23,50.39,26.64,82,1013,3.6,good
30.38,76.69,326.44,2.88,1.0,30.64,30.05,16,1007,3.38,moderate
12.48,36.09,110.15,0.37,0.04,18.56,30.1,27,1007,1.81,fair
13.33,45.07,116.33,0.46,0.21,67.45,28.38,13,1008,4.98,fair
0.56,1.93,98.25,0.14,0.11,14.17,29.06,79,1010,3.6,good
8.44,13.91,206.3,1.43,0.25,18.54,26.31,62,1009,1.08,good
13.04,19.18,204.6,1.12,0.15,24.51,29.76,49,1009,1.62,fair
9.76,10.95,232.73,3.2,0.78,24.36,28.96,68,1009,2.51,good
9.46,10.73,209.86,2.42,0.6,25.76,29.47,68,1009,3.61,good
11.34,12.99,267.42,3.69,0.81,21.85,30.56,99,1009,2.72,fair
18.03,77.66,162.03,0.98,0.22,73.18,14.06,88,1015,2.0,moderate
2.68,3.07,106.09,0.32,0.27,74.62,15.53,78,1015,3.72,fair
2.6,4.55,109.36,0.8,0.47,55.86,12.46,92,1017,2.44,good
0.77,1.7,95.0,0.83,0.21,20.36,27.07,59,1012,0.35,good
1.04,2.85,107.52,0.89,0.35,23.76,25.95,70,1012,1.57,good
0.9,3.16,74.89,0.34,0.16,27.74,26.31,75,1012,0.98,good
7.66,10.31,180.85,6.0,0.85,60.3,11.92,100,1015,1.03,fair
32.66,166.47,125.84,1.1,0.05,42.65,12.99,100,1016,3.09,poor
20.97,106.65,129.82,0.89,0.13,58.6,13.97,72,1018,2.06,poor
16.86,22.24,142.12,2.28,2.22,88.5,15.8,77,1023,3.6,fair
14.95,27.64,121.88,0.28,0.71,111.2,18.08,88,1020,4.12,moderate
28.6,45.16,132.32,0.95,3.35,100.47,17.88,63,1021,8.23,moderate
2.15,11.5,65.45,0.02,0.08,47.44,27.18,65,1013,4.63,good
0.89,1.25,135.05,1.83,1.98,97.77,9.2,67,1021,5.14,fair
0.88,1.02,127.87,1.58,0.8,81.18,6.18,75,1015,1.34,fair
0.74,0.95,124.03,1.35,0.79,80.9,7.43,84,1020,2.22,fair
1.83,7.94,101.32,0.15,0.06,28.98,25.71,78,1012,0.45,good
1.79,7.5,105.43,0.25,0.06,27.71,25.6,78,1012,3.04,good
1.79,7.5,105.43,0.25,0.06,27.71,25.57,78,1012,3.04,good
28.73,33.69,548.9,15.16,3.99,13.47,23.08,45,1013,1.79,moderate
28.73,33.69,548.9,15.16,3.99,13.47,23.13,46,1013,1.79,moderate
53.17,67.18,352.63,14.34,24.02,90.62,23.95,81,1014,0.45,poor
2.91,3.41,83.68,0.3,0.02,8.83,22.62,97,1013,2.54,good
4.61,6.91,176.75,1.36,0.11,3.92,18.71,80,1014,2.17,good
1.35,2.29,83.92,0.38,0.03,18.89,18.56,83,1014,3.47,good
1.76,2.8,133.66,1.55,0.16,52.24,6.76,76,1026,0.45,good
0.72,1.25,143.33,1.76,0.27,57.5,2.99,67,1025,1.97,good
1.17,1.42,134.79,0.47,1.62,100.36,7.81,65,1023,3.75,moderate
2.99,4.26,173.56,1.96,0.1,19.44,17.39,100,1014,0.74,good
2.99,4.26,173.56,1.96,0.1,19.44,17.4,100,1014,0.74,good
1.9,2.61,172.42,1.58,0.08,26.97,17.72,100,1014,0.74,good
4.8,5.72,168.99,5.47,2.0,105.16,13.62,64,1011,6.17,moderate
8.32,22.22,135.19,0.24,0.83,111.25,22.47,63,1012,6.17,moderate
4.74,5.52,165.42,4.36,1.75,106.38,12.86,68,1011,9.26,moderate
10.74,13.58,148.57,3.3,0.73,46.11,18.21,87,1011,1.54,fair
11.17,13.92,191.6,3.11,0.23,36.26,19.23,97,1011,1.03,fair
10.8,12.89,166.53,2.43,0.26,28.49,18.75,94,1013,2.06,fair
7.34,21.12,115.35,0.25,0.05,86.47,17.18,69,1014,2.99,fair
1.99,3.01,79.53,0.27,0.09,54.08,15.46,70,1014,2.81,good
2.43,4.58,92.08,0.32,0.14,69.47,16.8,70,1013,2.61,fair
1.63,8.15,94.95,0.48,0.34,45.05,26.93,78,1013,1.54,good
1.57,7.92,94.39,0.41,0.32,44.96,26.78,78,1013,1.54,good
3.62,4.43,158.67,1.71,0.2,34.91,28.79,73,1012,1.4,good
9.0,13.19,182.8,3.25,0.43,37.91,29.3,71,1007,5.16,good
9.45,10.01,286.15,1.97,0.19,31.98,29.16,75,1011,1.46,good
1.29,4.08,98.29,0.24,0.16,48.14,26.75,74,1014,4.12,good
1.94,6.73,99.33,0.31,0.27,48.38,27.85,69,1014,4.12,good
13.53,17.96,449.39,9.33,2.39,25.94,29.01,79,1010,4.12,fair
38.94,45.77,441.01,4.6,1.36,20.77,24.0,81,1009,0.93,moderate
45.57,57.59,397.43,3.29,1.47,88.82,25.99,83,1009,2.06,moderate
5.88,9.44,62.52,0.01,5.96,34.09,29.1,74,1011,5.14,good
0.53,1.48,65.58,0.02,0.03,12.33,30.51,75,1010,3.45,good
0.82,1.56,127.15,1.48,0.13,67.38,5.65,75,1024,1.03,fair
0.72,1.47,129.84,1.98,0.4,74.52,4.75,72,1025,2.3,fair
0.97,1.68,128.3,1.47,0.43,75.89,3.58,78,1025,2.98,fair
32.18,57.22,112.24,3.64,7.66,54.34,19.76,46,1014,1.46,moderate
24.85,45.23,112.93,0.54,1.19,76.65,28.86,68,1008,2.32,fair
36.71,62.92,116.12,1.74,3.02,79.94,23.64,72,1011,1.05,moderate
3.37,6.7,78.68,0.11,0.13,35.34,27.89,83,1012,3.09,good
3.37,6.7,78.68,0.11,0.13,35.34,27.84,83,1012,3.09,good
3.37,6.7,78.68,0.11,0.13,35.34,27.76,83,1012,3.09,good
5.85,8.23,174.25,5.86,0.65,17.21,10.53,90,1018,1.13,good
3.3,11.39,63.34,0.1,0.35,54.17,15.01,74,1015,8.23,good
11.05,15.85,211.0,4.23,1.81,38.74,16.51,79,1015,2.03,fair
2.47,3.31,86.9,0.5,0.09,29.65,14.14,88,1017,0.51,good
3.89,5.38,107.3,0.78,0.31,28.91,12.62,79,1017,1.51,good
3.49,4.66,93.98,0.61,0.26,31.61,12.49,81,1017,1.72,good
10.88,14.35,196.39,3.35,0.9,20.37,14.9,80,1018,2.0,fair
13.72,15.66,141.2,3.08,0.28,16.85,15.75,63,1017,1.55,fair
7.57,9.9,156.48,2.45,0.57,19.67,13.66,74,1018,1.97,good
6.23,12.16,123.02,1.91,0.44,91.28,7.8,91,1019,2.51,fair
6.23,12.16,123.02,1.91,0.44,91.28,6.94,86,1019,2.81,fair
32.91,135.04,175.86,12.0,3.37,60.96,28.73,45,1006,2.04,poor
46.55,205.42,135.87,1.94,2.13,82.28,28.64,60,1006,2.71,very_poor
31.98,125.69,168.74,9.46,3.22,65.17,28.43,47,1006,2.4,poor
5.42,14.08,189.63,1.71,0.1,71.31,12.88,70,1008,0.7,fair
10.13,37.39,146.0,0.47,0.05,77.97,13.54,61,1014,1.62,fair
3.66,7.25,128.46,0.95,0.06,45.05,18.78,62,1013,5.0,good
1.51,5.86,99.92,0.92,0.7,46.17,26.34,72,1016,8.22,good
1.91,2.64,120.52,0.53,1.65,112.76,10.43,68,1019,1.83,moderate
2.77,4.1,122.03,0.77,1.65,112.46,12.2,70,1018,2.52,moderate
2.85,5.51,121.16,0.73,1.76,111.79,12.48,70,1018,1.31,moderate
2.2,2.78,107.88,2.06,0.38,72.6,13.58,69,1013,2.02,fair
1.67,2.12,103.59,3.03,0.17,38.82,8.98,90,1015,1.54,good
2.64,3.16,107.39,2.17,0.53,78.26,8.96,86,1015,0.64,fair
10.0,25.31,81.98,0.07,0.17,41.53,24.18,89,1011,1.9,fair
20.98,96.35,75.88,0.33,0.09,27.16,15.21,87,1018,0.6,moderate
1.71,1.9,93.91,0.91,0.04,21.89,14.93,93,1017,0.4,good
1.09,3.75,81.13,1.02,0.06,38.87,12.51,49,1027,3.1,good
4.64,19.25,97.1,1.88,0.07,43.98,14.41,35,1027,2.31,good
3.55,8.19,168.6,4.07,0.21,32.29,10.46,48,1027,1.59,good
8.03,9.89,134.69,5.83,0.74,57.91,11.12,64,1018,1.53,good
11.88,14.78,132.64,7.72,1.02,55.42,9.14,74,1020,1.22,fair
6.7,7.61,123.97,5.8,0.19,44.42,10.27,63,1019,1.84,good
3.47,5.68,77.73,4.04,2.69,46.27,21.56,71,1022,5.78,good
1.01,1.6,74.03,1.72,0.65,46.87,19.52,73,1010,8.01,good
1.23,3.09,63.46,0.26,0.05,39.86,22.25,78,1021,2.92,good
3.6,10.67,108.32,2.13,1.78,44.85,27.54,79,1010,10.52,good
3.6,10.67,108.32,2.13,1.78,44.85,27.62,79,1010,10.54,good
3.6,10.67,108.32,2.13,1.78,44.85,27.54,79,1010,10.52,good
2.44,5.42,126.12,1.23,0.38,82.66,11.22,83,1017,11.99,fair
2.53,6.29,124.75,1.26,0.45,78.72,10.92,87,1018,10.2,fair
5.29,6.07,108.07,0.96,0.14,62.69,13.33,96,1015,2.34,fair
3.95,4.87,124.81,1.65,0.88,64.58,6.86,89,1022,0.27,fair
5.69,6.67,123.38,2.26,0.44,56.01,9.37,79,1021,1.96,good
4.59,5.39,126.27,2.25,0.45,54.19,7.69,84,1022,1.17,good
1.92,9.62,96.91,0.04,0.1,37.65,26.45,74,1015,8.06,good
9.76,19.78,152.58,2.33,2.56,31.39,21.72,89,1006,4.43,good
4.96,7.88,107.96,0.06,1.34,32.07,22.28,92,1008,7.02,good
9.96,18.99,161.07,3.05,2.57,27.65,20.71,94,1006,4.2,good
3.73,5.41,123.95,2.74,0.16,54.75,13.95,90,1013,4.06,good
2.9,4.37,128.0,4.05,0.27,53.66,13.88,92,1012,2.46,good
2.93,3.75,144.09,4.67,0.35,58.72,14.24,92,1012,2.68,good
22.25,56.03,184.01,1.21,0.14,42.51,35.77,19,1007,2.72,moderate
5.14,7.3,181.9,1.11,0.07,24.88,28.38,56,1008,4.36,good
20.52,44.05,190.58,0.72,0.13,38.23,34.81,27,1007,2.73,fair
0.63,0.89,119.41,1.12,0.29,73.09,4.27,88,1022,1.47,fair
0.53,0.71,124.91,0.99,0.15,75.96,5.9,95,1022,2.19,fair
1.07,1.36,129.42,0.91,0.5,84.39,6.44,86,1021,3.67,fair
46.06,197.86,157.18,6.34,9.79,89.13,26.89,53,1006,1.29,poor
51.07,221.03,150.99,3.4,7.96,97.5,26.96,51,1006,1.13,very_poor
51.8,231.07,145.15,2.56,5.8,96.86,27.09,48,1006,0.85,very_poor
2.5,3.23,101.16,0.39,0.03,12.31,20.89,85,1015,1.16,good
4.59,6.15,149.74,1.4,0.26,29.55,14.42,94,1016,1.33,good
7.39,11.1,280.5,3.19,0.8,27.44,13.89,97,1016,0.89,good
1.37,3.62,99.67,0.08,0.14,17.11,28.6,79,1009,6.36,good
1.44,3.7,98.48,0.09,0.15,17.35,28.21,78,1009,4.91,good
1.42,3.82,99.82,0.07,0.14,17.27,28.13,79,1009,4.34,good
0.53,0.59,64.39,0.23,0.11,3.39,27.93,92,1010,1.29,good
0.53,0.59,64.39,0.23,0.11,3.39,27.82,91,1010,1.44,good
0.52,0.55,59.6,0.13,0.06,3.43,27.6,91,1010,1.65,good
1.49,1.85,67.24,0.87,0.1,43.09,6.29,75,1023,4.74,good
1.72,1.87,90.82,0.26,0.1,18.61,22.82,86,1017,4.6,good
1.47,1.92,69.62,0.54,0.13,37.06,16.59,62,1021,0.83,good
13.57,17.48,121.2,2.35,0.14,24.77,23.2,68,1021,1.93,fair
66.69,78.85,335.78,1.33,2.32,158.94,25.82,70,1015,0.73,poor
6.5,7.99,119.8,7.15,0.36,35.05,22.46,63,1020,1.54,good
2.57,8.39,103.38,0.1,0.22,52.22,26.67,84,1014,6.85,good
10.09,18.7,118.94,0.6,1.04,65.26,29.2,75,1012,9.3,fair
10.09,18.7,118.94,0.6,1.04,65.26,30.13,66,1011,9.63,fair
18.38,20.84,535.71,9.37,1.41,10.69,7.31,97,1012,0.47,fair
14.73,17.93,423.25,12.23,1.16,5.35,20.03,88,1009,0.55,fair
17.19,20.07,501.87,10.86,1.28,5.88,15.9,96,1010,1.25,fair
4.92,9.19,128.43,3.27,0.85,25.59,17.28,57,1019,1.37,good
5.77,6.96,93.7,1.32,0.26,18.42,20.81,57,1018,3.27,good
4.92,9.19,128.43,3.27,0.85,25.59,17.13,58,1019,1.32,good
3.1,3.64,114.32,1.84,0.09,45.04,11.16,71,1018,2.98,good
1.38,1.78,128.52,1.08,1.01,65.86,8.57,75,1020,5.17,fair
5.71,7.15,127.53,3.4,1.36,61.57,10.85,68,1018,3.31,fair
10.94,16.89,142.17,0.42,0.41,52.99,29.28,80,1008,6.64,fair
8.11,15.69,124.3,0.37,0.46,45.51,28.7,84,1008,10.22,good
14.81,18.73,158.17,0.68,1.57,65.28,29.12,71,1007,5.07,fair
0.76,0.9,134.61,2.35,1.11,87.77,6.38,47,1014,2.75,fair
0.5,0.5,129.77,0.42,0.07,81.25,7.42,72,1011,2.7,fair
0.81,1.06,97.76,0.17,0.07,91.66,19.82,35,1012,3.32,fair
4.29,7.07,136.8,0.57,0.12,3.02,24.84,81,1011,0.42,good
4.75,6.91,134.41,0.56,1.33,19.79,14.05,79,1017,1.32,good
2.96,4.71,90.91,0.3,0.05,5.3,21.5,92,1012,0.86,good
2.9,7.03,68.56,0.08,0.0,1.72,24.31,68,1009,1.07,good
2.9,7.03,68.56,0.08,0.0,1.72,23.74,70,1009,0.8,good
3.02,7.34,71.31,0.1,0.01,2.16,24.14,67,1009,1.25,good
4.29,7.07,136.8,0.57,0.12,3.02,25.63,77,1011,0.41,good
10.43,21.81,90.21,0.34,0.2,39.18,24.55,94,1011,2.26,fair
11.31,19.27,136.69,1.13,0.32,29.27,22.79,97,1012,0.91,fair
12.73,13.51,133.09,1.43,0.2,73.47,13.99,77,1017,1.78,fair
3.55,4.34,112.05,1.02,0.51,88.64,14.54,66,1018,2.37,fair
7.27,8.13,132.19,4.44,0.55,56.51,14.62,79,1017,1.44,good
0.71,2.29,97.61,0.12,0.12,14.62,27.44,85,1011,3.2,good
0.71,2.25,97.51,0.13,0.12,14.46,26.73,85,1011,2.59,good
1.6,3.18,121.17,0.9,0.14,8.68,24.04,91,1012,2.69,good
12.7,17.13,240.53,7.7,0.18,43.5,20.78,37,1015,1.29,fair
16.89,21.57,265.48,8.97,0.5,48.5,19.34,38,1015,0.97,fair
12.7,17.13,240.53,7.7,0.18,43.5,20.15,38,1015,1.15,fair
2.74,3.67,98.14,0.06,0.07,24.47,25.47,90,1010,0.41,good
1.62,1.81,89.87,0.74,0.06,2.91,20.97,97,1012,1.15,good
4.35,6.94,154.58,0.75,0.09,3.42,19.0,90,1014,1.3,good
43.52,44.69,467.23,28.09,10.24,36.42,15.75,92,1009,3.25,moderate
32.21,43.42,289.34,14.28,7.87,30.76,13.36,53,1010,1.49,moderate
5.47,9.21,172.2,0.91,0.64,59.31,26.33,86,1011,2.21,good
6.4,7.02,175.75,6.37,0.93,20.2,15.4,87,1018,1.26,good
5.54,5.94,124.93,2.37,2.08,17.11,20.47,92,1012,1.33,good
6.1,6.55,130.57,2.65,4.25,12.37,21.78,88,1014,0.71,good
1.36,1.89,101.65,0.58,0.24,27.61,21.42,90,1015,2.52,good
0.9,1.1,108.92,1.44,0.22,20.07,27.18,90,1011,1.74,good
2.02,2.51,105.6,0.51,0.22,31.49,22.97,92,1013,1.78,good
6.91,10.04,134.95,0.21,0.26,54.46,28.83,65,1013,6.38,good
3.62,12.91,97.45,0.3,0.32,48.31,24.61,92,1014,1.24,good
10.06,14.18,139.2,0.16,0.19,62.14,27.5,61,1013,3.45,fair
6.8,31.33,100.04,0.25,0.38,56.68,22.3,81,1015,7.87,fair
5.72,27.49,102.08,0.19,0.33,39.7,21.71,80,1017,8.63,fair
5.72,26.41,99.0,0.23,0.4,46.89,21.24,85,1016,8.38,fair
4.15,9.39,116.9,1.82,0.7,37.85,27.73,75,1011,9.02,good
4.15,9.39,116.9,1.82,0.7,37.85,27.66,75,1011,8.74,good
5.57,7.65,111.84,0.45,0.91,111.24,13.17,80,1008,4.75,moderate
5.96,8.01,111.63,0.3,1.17,114.03,14.4,79,1008,2.71,moderate
6.79,10.95,112.17,0.62,1.0,103.94,15.42,75,1008,0.79,moderate
3.5,4.45,117.16,3.36,0.84,51.86,10.58,57,1018,1.66,good
6.95,8.04,148.24,7.31,1.6,58.38,9.88,67,1020,1.12,good
8.88,10.19,127.42,4.23,0.76,54.28,9.67,69,1020,1.72,good
4.87,5.76,126.52,5.4,1.57,66.75,11.67,63,1015,2.94,fair
4.14,5.91,137.67,7.74,0.59,39.15,13.74,89,1014,0.92,good
11.68,12.07,129.93,2.36,0.32,102.6,10.96,66,1017,1.04,moderate
10.84,27.91,171.76,1.28,0.07,23.39,29.0,73,1009,2.83,fair
10.32,22.12,349.94,2.92,0.18,15.27,24.63,71,1011,2.65,fair
10.02,21.47,255.89,2.22,0.16,19.31,27.83,60,1010,3.52,fair
24.84,26.04,156.49,6.13,1.56,100.28,11.51,71,1012,3.73,moderate
34.74,37.28,151.54,2.25,0.56,77.63,10.89,89,1012,4.06,moderate
33.52,35.84,148.66,4.36,0.4,55.37,10.77,92,1013,3.75,moderate
2.15,10.93,95.8,1.16,0.9,54.81,25.19,73,1016,4.77,good
2.52,11.37,96.7,0.17,0.22,50.98,27.18,80,1014,1.68,good
3.09,7.05,103.03,1.32,0.38,33.04,28.41,80,1014,5.39,good
2.52,11.37,96.7,0.17,0.22,50.98,27.16,79,1015,1.24,good
4.98,9.59,110.97,1.84,0.11,68.43,19.95,58,1014,1.62,fair
4.69,10.34,114.57,3.31,0.53,65.9,17.75,97,1015,1.91,fair
11.34,53.02,118.64,0.8,0.16,91.45,14.87,63,1020,1.97,moderate
4.7,5.99,264.43,9.76,0.94,5.81,12.53,77,1016,1.42,good
13.09,35.13,91.7,0.61,0.44,49.45,24.37,91,1010,2.31,fair
3.11,3.84,213.4,10.11,0.94,11.72,12.95,94,1018,0.55,good
7.7,8.18,124.11,0.71,0.88,117.94,8.06,73,1007,5.28,moderate
2.2,2.74,118.48,0.94,0.5,98.87,11.46,57,1011,3.53,fair
3.02,3.43,121.32,0.66,0.41,102.08,9.03,67,1009,3.72,moderate
15.86,53.05,127.57,5.6,8.47,87.72,20.06,61,1008,6.23,moderate
14.3,29.42,117.93,2.68,2.61,71.94,18.85,77,1009,4.04,fair
15.86,53.05,127.57,5.6,8.47,87.72,20.31,60,1008,6.54,moderate
16.8,109.97,103.18,0.18,0.36,82.22,18.01,73,1018,5.91,poor
7.44,34.43,101.41,0.33,0.6,80.78,18.39,86,1016,8.71,fair
8.0,41.06,101.69,0.23,0.57,86.0,18.5,81,1017,9.09,fair
12.21,23.62,172.51,2.44,0.35,47.3,16.98,55,1014,0.33,fair
11.9,22.0,136.97,1.2,0.28,46.99,23.25,49,1011,2.57,fair
11.6,29.63,115.33,1.13,0.25,41.57,32.42,25,1006,2.27,fair
1.54,2.36,98.39,0.99,0.02,53.71,14.71,82,1015,1.65,good
5.4,13.05,122.52,0.63,1.09,112.06,17.14,85,1019,2.56,moderate
7.78,11.74,129.58,2.78,0.12,55.39,18.65,88,1017,2.74,good
24.03,34.79,523.18,4.7,0.47,18.47,14.33,83,1017,0.99,fair
0.9,2.57,88.81,0.72,0.03,11.82,17.15,89,1016,3.07,good
16.58,30.02,245.22,2.64,0.46,38.98,19.8,44,1013,0.63,fair
7.99,8.51,124.62,0.99,0.89,114.99,7.48,77,1005,5.37,moderate
8.44,8.99,125.33,1.35,1.0,116.24,6.42,81,1006,3.77,moderate
6.07,6.85,128.89,1.54,0.93,107.23,5.84,64,1005,2.26,moderate
2.2,4.69,64.66,0.04,0.07,46.17,26.75,77,1012,4.1,good
2.2,4.69,64.66,0.04,0.07,46.17,27.3,76,1012,4.98,good
1.42,3.25,64.03,0.04,0.08,46.89,28.89,66,1011,1.64,good
3.93,4.08,119.82,1.02,0.06,69.24,15.88,74,1013,3.57,fair
6.01,14.07,125.15,0.22,0.85,113.77,13.85,63,1020,5.68,moderate
4.18,6.76,121.17,1.22,0.71,97.39,15.99,41,1018,6.01,fair
9.44,19.48,97.89,0.17,0.2,30.12,26.45,90,1010,3.69,good
7.4,21.51,93.66,0.07,0.24,29.91,26.46,87,1010,6.22,fair
2.38,2.53,88.34,0.04,0.0,3.68,23.81,83,1011,1.26,good
5.58,6.24,133.47,22.39,6.35,47.44,12.89,88,1010,1.9,good
6.16,6.62,125.19,8.07,0.66,42.18,11.6,95,1010,3.24,good
4.18,5.31,128.75,3.58,0.64,82.81,10.56,90,1014,2.93,fair
1.61,2.03,97.85,2.53,0.13,65.47,15.77,78,1015,1.14,fair
1.63,1.76,100.17,1.93,0.19,69.78,10.7,97,1016,1.65,fair
5.4,5.75,121.53,5.55,0.65,67.14,9.36,96,1016,0.86,fair
0.94,1.12,106.67,0.07,0.02,8.57,26.07,87,1013,4.84,good
0.94,1.12,106.67,0.07,0.02,8.57,24.01,94,1013,2.34,good
0.71,0.82,105.36,0.07,0.03,8.98,23.93,94,1013,1.1,good
4.99,6.0,121.25,1.7,0.22,49.82,12.38,92,1011,3.76,good
1.2,2.36,111.29,0.77,0.09,7.26,24.33,91,1011,2.62,good
1.08,2.55,94.98,0.17,0.2,17.8,28.18,79,1010,4.65,good
2.75,5.78,160.59,1.36,0.29,24.02,31.47,49,1008,5.96,good
4.72,9.79,108.93,2.28,1.25,84.69,16.09,91,1017,1.2,fair
46.86,121.07,136.02,1.91,1.19,72.77,20.3,84,1009,5.2,poor
43.84,118.93,133.76,2.01,1.11,73.88,22.14,72,1010,4.1,poor
46.86,121.07,136.02,1.91,1.19,72.77,20.39,83,1009,5.11,poor
9.82,31.23,106.79,0.46,0.4,47.58,26.01,79,1012,3.67,fair
9.82,31.23,106.79,0.46,0.4,47.58,26.02,79,1012,3.72,fair
4.41,5.59,145.21,0.61,0.12,3.39,22.01,97,1014,0.52,good
2.15,10.76,97.09,0.38,0.33,49.35,25.75,70,1016,4.65,good
2.15,10.76,97.09,0.38,0.33,49.35,25.47,72,1016,4.28,good
2.15,10.76,97.09,0.38,0.33,49.35,25.95,70,1016,4.85,good
3.97,5.28,100.44,0.2,0.12,26.44,26.51,86,1010,0.84,good
3.26,5.52,99.22,0.05,0.09,23.61,27.51,82,1011,1.42,good
0.81,1.02,75.63,0.08,0.02,1.36,21.01,98,1012,0.84,good
0.58,1.3,125.95,0.41,0.4,104.53,10.3,73,1017,4.32,moderate
1.19,1.74,121.55,1.55,0.61,57.55,10.08,77,1019,0.9,good
0.5,0.79,121.41,0.22,0.42,111.62,11.45,55,1018,1.72,moderate
4.02,6.18,113.01,0.26,0.7,39.36,22.07,65,1011,3.99,good
3.81,5.61,108.89,0.19,0.41,40.12,22.39,70,1012,2.81,good
3.84,5.85,111.58,0.22,0.58,39.23,17.71,66,1011,3.41,good
3.15,17.72,91.74,0.06,0.13,51.68,27.08,74,1011,8.0,good
3.15,17.72,91.74,0.06,0.13,51.68,26.8,74,1011,8.06,good
3.3,18.55,91.6,0.06,0.14,52.11,27.83,73,1011,7.9,good
32.57,90.63,110.66,0.79,0.74,75.43,24.3,73,1010,5.47,moderate
29.19,121.49,108.47,0.31,0.34,78.22,25.83,56,1009,4.41,poor
28.53,105.63,106.82,0.35,0.45,78.36,25.53,63,1010,4.29,poor
1.85,3.83,120.75,0.91,0.41,17.69,28.23,85,1012,3.34,good
0.96,1.12,114.89,0.31,0.05,16.39,25.09,88,1013,1.68,good
1.84,4.35,120.67,0.36,0.14,22.15,26.1,87,1013,2.46,good
5.31,9.17,168.4,0.81,0.57,57.47,26.24,86,1011,2.04,good
5.31,9.17,168.4,0.81,0.57,57.47,26.58,83,1010,2.08,good
6.14,10.48,169.45,0.9,0.66,58.62,24.59,88,1011,2.76,good
15.45,16.47,132.51,0.7,4.57,47.48,25.35,73,1013,0.86,fair
7.92,9.47,216.17,3.64,0.69,32.22,30.19,68,1008,2.35,good
5.88,7.45,208.89,4.02,0.63,48.02,29.91,74,1009,1.63,good
9.35,10.29,122.98,2.79,0.73,78.72,9.66,79,1020,0.66,fair
6.55,9.35,128.42,1.91,1.85,117.2,13.39,62,1020,3.92,moderate
8.16,9.25,137.99,4.33,1.88,102.92,12.22,70,1021,2.21,moderate
2.96,13.41,96.61,0.15,0.2,47.13,28.98,71,1014,0.92,good
2.96,13.41,96.61,0.15,0.2,47.13,28.72,71,1014,1.01,good
12.21,16.99,165.99,0.62,0.51,73.77,27.47,83,1013,5.03,fair
3.76,4.88,122.74,1.87,0.18,54.83,9.38,59,1021,3.28,good
1.39,2.25,125.31,2.43,0.1,51.51,9.75,63,1022,3.95,good
4.43,5.78,128.23,4.24,0.23,49.19,7.73,66,1021,1.82,good
3.54,6.91,126.65,1.29,0.39,31.0,28.66,88,1009,1.16,good
1.59,2.58,92.72,0.74,0.18,33.99,28.03,91,1010,0.65,good
3.54,6.91,126.65,1.29,0.39,31.0,28.62,86,1010,1.12,good
7.93,8.94,130.44,1.79,0.47,86.0,11.93,93,1011,1.21,fair
1.92,2.44,141.05,0.36,0.2,102.16,10.91,97,1011,0.68,moderate
1.91,2.38,131.1,1.46,0.55,59.87,11.57,97,1011,0.3,good
19.04,70.83,107.52,2.46,4.59,85.1,18.99,36,1006,1.14,moderate
12.94,32.83,115.78,5.51,2.0,88.82,19.86,68,1004,3.96,fair
8.59,14.89,119.44,4.0,2.8,107.21,20.0,74,1006,6.2,moderate
4.76,5.35,135.41,4.2,1.0,96.35,11.27,93,1012,0.87,fair
30.02,61.67,115.24,0.06,0.2,63.94,27.92,78,1008,3.69,moderate
70.54,102.81,448.41,5.63,4.46,83.45,32.13,32,1000,3.63,poor
20.72,27.65,272.84,8.28,1.94,28.42,21.96,72,1010,3.98,fair
31.17,108.54,161.34,2.38,2.19,97.7,26.35,37,1006,3.68,poor
30.95,92.07,267.95,4.64,2.05,86.77,18.22,78,1011,7.46,moderate
19.33,46.16,240.77,5.77,1.65,78.84,20.35,56,1010,2.07,fair
8.41,14.67,161.24,5.7,2.13,69.5,19.8,22,1013,2.07,fair
8.83,23.23,141.67,2.85,1.04,80.14,15.31,59,1015,0.71,fair
16.83,30.59,149.29,5.71,1.57,89.39,18.59,26,1013,2.42,fair
1.54,6.29,134.45,0.09,0.57,101.84,2.46,60,1014,8.97,moderate
1.54,6.29,134.45,0.09,0.57,101.84,2.76,59,1014,8.89,moderate
1.54,6.29,134.45,0.09,0.57,101.84,4.26,65,1013,8.3,moderate
2.52,4.35,122.05,0.32,0.63,117.83,12.74,69,1023,1.54,moderate
6.1,7.18,137.4,3.36,0.71,74.86,14.4,62,1021,0.57,fair
4.25,7.78,127.1,0.45,1.16,125.28,11.88,64,1022,1.48,moderate
6.57,7.58,126.35,0.95,0.33,74.65,12.51,91,1010,3.9,fair
2.83,12.55,95.98,0.25,0.26,51.95,26.22,75,1013,2.19,good
2.98,14.12,94.86,0.23,0.26,52.63,26.57,77,1013,1.05,good
2.98,14.12,94.86,0.23,0.26,52.63,26.76,76,1013,2.45,good
16.69,56.58,114.11,2.84,4.33,85.55,19.15,33,1007,1.19,moderate
14.88,47.22,119.52,3.14,5.89,94.89,20.39,33,1007,1.33,fair
13.99,39.95,125.35,5.16,7.06,99.48,19.96,34,1006,3.12,fair
36.79,46.37,246.17,17.81,11.12,94.78,20.23,61,1012,0.85,moderate
35.49,45.55,223.98,12.35,8.51,97.44,18.18,68,1012,2.64,moderate
41.7,60.81,175.96,1.23,4.83,151.9,20.33,59,1011,1.11,poor
0.84,1.11,93.73,0.58,0.09,27.0,15.09,94,1017,0.1,good
6.48,10.83,249.2,3.8,0.4,10.8,15.98,93,1016,2.36,good
2.77,3.31,148.13,1.36,0.19,14.12,25.0,89,1013,5.13,good
42.26,171.95,85.92,1.86,0.39,65.38,13.53,86,1014,0.5,poor
1.9,3.39,78.97,0.24,0.15,53.07,14.17,88,1013,1.23,good
6.71,22.82,93.13,0.39,0.15,68.13,11.63,79,1013,1.35,fair
35.35,37.66,817.16,15.77,2.43,23.39,28.67,68,1010,3.76,moderate
6.2,6.8,247.75,3.04,0.47,42.49,28.37,69,1010,1.46,good
22.12,22.72,388.22,2.55,0.33,10.23,27.53,75,1010,0.59,fair
0.5,0.61,66.11,0.01,0.01,6.87,29.06,74,1009,4.72,good
4.2,12.02,72.39,0.06,0.17,34.86,26.5,80,1014,1.05,good
3.98,10.16,73.06,0.07,0.14,34.06,26.55,82,1013,0.77,good
4.95,13.81,73.79,0.05,0.18,35.61,27.49,82,1013,2.92,good
92.68,94.52,359.43,2.21,0.85,71.0,12.42,83,1004,0.92,very_poor
88.64,89.92,287.43,2.31,1.03,71.99,13.72,77,1003,1.5,very_poor
88.5,89.46,364.83,0.94,0.36,90.81,12.17,80,1004,1.02,very_poor
86.21,86.91,329.49,14.81,2.5,98.27,13.22,83,1003,2.0,very_poor
32.31,33.94,182.6,0.84,0.95,155.13,13.05,97,1003,3.2,poor
82.71,83.28,324.03,9.93,2.47,104.94,13.47,83,1003,2.9,very_poor
39.13,147.58,148.7,1.33,2.4,102.95,26.34,37,1007,3.41,poor
39.05,152.29,150.48,1.19,1.33,104.47,27.77,35,1007,3.53,poor
39.05,152.29,150.48,1.19,1.33,104.47,27.85,33,1007,3.68,poor
3.4,17.89,91.9,0.13,0.23,39.39,28.33,78,1012,5.49,good
3.4,17.89,91.9,0.13,0.23,39.39,28.29,78,1012,5.28,good
43.53,198.44,82.45,0.59,0.09,63.97,15.34,70,1012,1.63,poor
7.76,9.53,156.52,6.71,0.33,17.64,15.05,89,1013,1.4,good
5.11,15.82,119.79,0.32,0.08,71.97,10.02,73,1020,4.69,fair
25.04,27.47,633.03,6.26,0.99,7.57,26.71,75,1009,1.03,moderate
48.9,52.86,1335.75,18.94,2.04,11.04,28.42,66,1009,1.51,moderate
48.08,51.32,1220.67,13.49,1.55,7.94,28.88,78,1009,1.22,moderate
14.62,23.94,134.0,3.02,4.56,108.87,19.83,72,1005,8.26,moderate
12.89,18.83,145.09,3.91,5.09,90.7,18.95,70,1006,4.93,fair
11.77,20.65,123.69,3.32,3.3,112.23,19.98,68,1006,4.6,moderate
2.18,10.76,90.32,0.35,0.37,47.96,26.38,68,1015,6.81,good
2.21,11.38,91.24,0.24,0.27,45.81,26.27,68,1015,6.26,good
0.65,2.05,113.87,0.46,0.25,21.69,27.72,82,1009,3.57,good
0.65,2.05,113.87,0.46,0.25,21.69,27.09,85,1009,2.66,good
0.65,2.05,113.87,0.46,0.25,21.69,26.37,87,1009,2.39,good
0.74,1.31,96.31,0.27,0.09,31.55,26.77,89,1012,3.04,good
1.13,1.95,113.69,0.75,0.21,23.89,23.46,97,1013,1.17,good
0.52,1.06,96.91,0.25,0.09,23.03,26.74,88,1012,2.28,good
5.66,7.96,123.71,2.91,0.66,25.16,8.88,62,1022,0.97,good
8.96,12.61,174.17,4.19,1.95,31.87,8.37,66,1023,0.54,good
2.98,5.18,86.12,1.26,0.09,36.11,9.62,59,1022,1.35,good
3.3,4.23,117.76,4.72,0.47,37.96,9.02,64,1017,2.0,good
4.68,5.71,121.74,3.22,0.77,55.81,9.64,74,1017,3.64,good
3.25,4.2,122.7,2.76,2.03,86.93,9.82,84,1015,4.42,fair
3.25,3.72,119.56,0.86,0.38,101.35,12.1,71,1015,1.68,moderate
3.1,3.55,118.86,0.86,0.39,100.14,12.4,69,1015,1.81,moderate
3.42,3.94,120.27,0.87,0.44,101.66,12.09,69,1015,1.82,moderate
2.21,2.56,116.23,1.22,0.35,88.03,12.14,54,1013,3.88,fair
1.73,2.54,112.34,2.1,0.17,61.95,9.06,72,1016,2.45,fair
3.28,3.85,128.07,2.85,1.03,86.87,8.87,65,1014,5.57,fair
9.18,14.8,142.44,1.4,2.14,98.26,16.34,64,1023,4.12,fair
1.83,5.82,126.57,0.32,0.61,104.91,15.99,61,1017,9.26,moderate
13.06,31.46,154.15,1.87,4.72,102.95,16.42,55,1022,7.35,moderate
3.35,9.71,107.36,1.75,2.48,82.15,17.01,77,1018,1.57,fair
2.7,5.78,107.27,2.44,3.15,82.98,16.55,79,1018,0.78,fair
5.01,7.89,94.84,2.13,0.37,55.42,16.0,68,1018,2.29,good
4.64,7.54,127.93,0.68,1.07,119.91,11.53,53,1021,0.81,moderate
0.6,1.29,136.19,2.03,0.2,53.55,6.51,66,1024,1.05,good
0.68,0.93,134.92,0.75,0.31,65.75,5.79,69,1024,1.22,fair
1.19,2.52,138.47,2.91,0.36,57.83,4.97,62,1024,0.52,good
1.37,2.08,120.93,0.52,0.92,101.06,12.3,66,1019,3.45,moderate
2.97,4.78,123.37,0.94,1.48,100.95,8.97,85,1021,2.82,moderate
5.03,8.53,125.35,1.43,1.84,107.68,14.35,78,1019,4.07,moderate
7.06,9.76,149.67,1.58,0.08,11.62,13.06,94,1020,1.56,good
2.5,6.55,87.14,0.87,0.18,31.07,22.7,87,1017,1.95,good
5.11,7.17,111.55,1.05,0.2,19.6,12.62,85,1021,1.37,good
0.5,1.11,95.13,0.01,0.01,26.54,26.32,86,1010,7.88,good
0.7,1.08,111.53,0.78,0.45,81.32,7.93,77,1020,0.79,fair
0.62,0.98,113.01,0.93,0.44,74.77,7.51,79,1020,2.01,fair
0.85,1.29,110.62,1.2,0.31,60.64,5.67,81,1020,1.18,fair
23.14,77.08,156.98,0.32,0.06,32.74,32.33,41,1008,6.76,moderate
6.87,10.66,156.72,0.61,0.04,23.2,27.72,57,1009,3.72,good
16.98,37.87,163.18,0.48,0.05,27.19,32.44,38,1008,6.16,fair
6.05,8.16,295.9,4.17,0.46,22.73,27.74,72,1010,1.84,good
3.32,6.29,204.34,2.82,0.36,17.73,26.54,64,1008,4.48,good
19.68,24.0,725.43,11.72,1.34,1.74,23.13,82,1010,1.84,fair
1.15,3.03,106.91,0.17,0.27,70.61,8.44,38,1012,1.72,fair
0.5,0.92,99.61,0.51,0.03,55.61,10.18,29,1011,1.63,good
0.93,1.13,111.12,0.27,0.08,57.45,11.74,35,1011,2.12,good
7.8,13.11,171.54,1.08,0.84,60.94,26.12,87,1011,3.1,fair
7.56,13.06,166.7,0.43,0.38,60.14,26.41,94,1010,3.2,fair
7.56,13.06,166.7,0.43,0.38,60.14,25.16,88,1010,3.22,fair
1.8,9.1,94.13,0.09,0.11,54.21,27.11,78,1012,9.2,good
2.19,10.62,92.52,0.62,0.59,54.89,25.27,71,1015,4.65,good
2.09,10.14,92.27,0.55,0.53,54.02,25.55,71,1015,4.59,good
2.09,10.14,92.27,0.55,0.53,54.02,25.35,72,1015,4.92,good
21.75,78.42,101.63,0.25,0.72,70.29,22.58,64,1010,9.33,moderate
10.31,38.24,99.83,1.06,1.08,82.94,18.87,83,1014,9.29,fair
53.31,198.15,132.92,0.2,0.05,37.08,35.72,14,1007,4.59,poor
4.82,10.09,121.26,0.25,7.44,118.11,15.78,55,1023,1.02,moderate
4.82,10.09,121.26,0.25,7.44,118.11,14.49,56,1023,0.9,moderate
4.82,10.09,121.26,0.25,7.44,118.11,14.62,56,1023,0.89,moderate
2.28,11.54,60.85,0.05,0.18,56.12,23.01,82,1017,4.58,good
2.19,11.25,60.81,0.04,0.17,56.97,20.11,84,1017,3.7,good
2.19,11.25,60.81,0.04,0.17,56.97,21.1,84,1017,3.78,good
0.5,1.44,119.22,0.03,0.04,30.77,29.23,74,1009,4.02,good
3.88,6.13,84.78,0.36,0.04,17.84,17.08,83,1018,0.79,good
3.75,8.65,74.9,0.42,0.18,29.54,19.26,83,1017,1.5,good
2.28,3.42,89.14,0.64,0.03,26.11,15.37,93,1017,0.27,good
11.49,13.92,134.26,1.46,1.41,78.79,26.74,27,1007,3.93,fair
3.67,10.86,121.92,0.19,0.33,113.02,20.07,67,1011,3.96,moderate
12.29,14.74,140.97,1.17,1.4,85.1,26.27,29,1007,4.75,fair
8.23,8.74,274.46,3.9,0.74,24.21,25.21,84,1008,0.72,good
10.87,11.47,200.64,3.46,1.61,15.21,29.03,88,1009,1.49,fair
7.72,8.1,248.73,1.86,0.39,26.91,26.26,91,1009,0.6,good
28.83,34.29,208.55,3.54,2.2,32.64,20.99,91,1018,1.63,moderate
28.83,34.29,208.55,3.54,2.2,32.64,20.37,94,1018,1.22,moderate
2.81,7.24,68.13,0.2,0.03,26.07,19.29,98,1017,1.13,good
1.15,2.08,62.55,0.03,0.04,38.19,25.41,71,1013,1.76,good
1.15,2.08,62.55,0.03,0.04,38.19,26.82,66,1013,1.71,good
1.44,2.49,63.12,0.1,0.25,38.2,27.14,65,1013,1.56,good
32.05,92.63,170.01,0.67,0.18,47.32,34.82,9,1006,2.9,moderate
53.57,113.38,387.43,2.58,1.26,47.41,30.05,11,1007,3.02,poor
85.05,185.02,999.5,12.66,4.72,36.85,29.74,11,1008,4.38,very_poor
1.15,2.97,100.55,0.06,0.1,17.29,28.83,77,1010,5.64,good
60.8,110.74,629.3,7.08,2.14,37.81,30.04,10,1007,2.45,poor
2.44,6.92,138.85,0.76,0.38,15.54,24.83,92,1010,2.83,good
11.49,12.97,99.76,0.31,11.38,43.47,29.55,51,1008,4.28,fair
21.08,23.28,112.11,0.45,6.89,50.85,29.86,63,1008,3.43,fair
7.69,8.58,100.91,0.32,5.82,41.01,29.42,50,1008,2.98,good
3.54,4.55,150.62,10.51,0.94,51.24,13.8,92,1012,2.74,good
3.87,4.59,156.68,14.71,1.46,50.6,13.64,93,1012,2.95,good
4.22,5.05,160.31,12.49,1.22,52.59,13.49,91,1012,3.3,good
13.72,14.96,144.93,3.47,1.26,91.6,10.02,84,1008,2.78,fair
1.4,6.19,133.61,0.65,1.39,97.0,6.0,86,1012,3.06,fair
0.64,1.16,121.77,0.27,0.3,77.63,3.05,74,1015,3.64,fair
26.05,29.94,459.02,6.36,4.5,52.73,15.3,95,1008,1.35,moderate
24.13,26.13,412.12,3.46,2.1,74.15,15.94,81,1008,1.03,fair
29.9,34.17,451.89,6.55,4.93,57.94,20.68,96,1007,0.41,moderate
2.68,5.7,63.67,0.26,0.68,64.0,15.61,62,1034,1.25,fair
3.09,5.14,89.83,2.54,0.61,40.33,14.17,56,1032,3.86,good
2.54,4.63,72.22,1.16,0.42,39.6,13.48,81,1033,5.43,good
34.42,102.97,115.84,1.29,1.21,70.45,33.03,20,1005,4.08,poor
30.94,91.08,114.51,1.21,1.36,80.08,32.76,32,1005,5.08,moderate
33.31,97.42,113.85,1.21,1.08,69.18,33.03,20,1005,4.08,moderate
0.91,1.05,132.48,1.56,0.26,27.75,26.32,93,1010,2.01,good
1.12,1.44,162.12,2.32,0.4,26.02,25.9,94,1011,2.18,good
1.12,1.44,162.12,2.32,0.4,26.02,26.12,94,1011,2.49,good
6.24,16.74,67.28,0.04,0.37,51.14,21.99,78,1012,3.36,good
6.24,16.74,67.28,0.04,0.37,51.14,19.94,87,1012,4.1,good
14.87,25.36,80.07,0.6,1.37,67.78,18.42,52,1014,1.73,fair
1.32,4.35,59.6,0.02,0.06,28.4,27.55,78,1011,6.86,good
1.41,4.75,59.59,0.01,0.06,28.55,27.5,79,1011,7.08,good
1.4,4.79,59.47,0.01,0.06,28.34,27.62,76,1011,6.44,good
3.5,9.97,63.54,0.06,0.13,20.04,28.35,77,1009,2.12,good
0.51,0.63,37.94,0.03,0.03,1.52,28.32,63,1011,0.33,good
2.92,3.75,62.91,0.06,7.29,15.6,30.77,66,1010,1.56,good
4.4,8.4,164.56,5.08,4.18,33.25,31.51,65,1011,0.5,good
21.99,23.35,579.0,11.19,1.85,13.59,28.37,89,1011,2.1,fair
4.12,8.28,147.22,4.68,4.3,34.95,31.4,66,1011,0.56,good
35.31,49.89,326.28,3.32,6.68,105.37,26.23,47,1001,4.06,moderate
37.09,91.76,123.21,0.12,1.29,112.05,27.58,79,1002,4.96,moderate
12.03,21.67,249.11,4.35,0.43,67.74,23.02,52,1003,2.08,fair
4.75,6.07,125.33,1.98,1.08,76.71,10.75,59,1019,3.04,fair
3.5,4.15,113.12,2.41,0.34,46.78,8.96,73,1020,1.76,good
12.54,14.38,140.54,3.26,1.75,72.4,9.29,64,1019,3.26,fair
2.52,11.29,95.21,0.19,0.29,51.91,25.73,81,1015,4.44,good
2.47,11.41,94.98,0.18,0.27,53.13,25.28,85,1016,3.14,good
2.47,11.31,94.86,0.19,0.28,53.2,25.29,85,1016,3.71,good
14.19,43.35,113.42,2.03,1.47,83.83,20.1,78,1005,4.86,fair
14.9,47.17,113.66,1.43,1.1,83.53,19.93,77,1005,4.06,fair
14.19,43.35,113.42,2.03,1.47,83.83,20.08,77,1005,4.87,fair
1.05,3.44,117.45,0.87,0.81,96.0,14.42,86,1016,2.27,fair
0.62,1.3,117.94,1.23,0.65,87.07,13.92,87,1015,4.2,fair
0.56,1.11,118.18,1.08,0.65,90.18,11.69,96,1015,1.12,fair
10.38,12.25,130.32,0.71,0.5,53.81,21.81,86,1019,5.05,fair
5.65,6.34,138.82,1.54,0.33,43.16,21.14,98,1019,3.17,good
10.37,12.17,129.87,0.7,0.47,53.24,21.26,86,1019,5.26,fair
31.67,135.88,132.53,1.29,0.75,83.96,27.9,43,1005,3.13,poor
31.67,135.88,132.53,1.29,0.75,83.96,28.03,39,1006,3.46,poor
29.96,124.33,135.45,1.86,0.94,81.57,27.87,45,1006,2.38,poor
1.93,8.65,61.32,0.05,0.14,53.18,24.31,82,1017,4.55,good
1.9,8.86,61.14,0.06,0.14,52.97,24.03,85,1017,0.21,good
1.87,8.89,60.99,0.05,0.13,54.3,24.09,81,1018,3.76,good
1.52,2.31,130.67,1.81,0.15,49.11,5.39,83,1023,2.78,good
0.74,1.61,132.58,2.05,0.16,57.86,5.06,58,1024,0.9,good
1.01,1.3,133.49,0.56,0.89,99.95,4.74,78,1021,5.83,fair
4.87,5.81,114.23,1.57,1.48,62.73,7.68,74,1021,4.23,fair
2.33,3.61,128.02,3.13,0.49,44.75,8.46,75,1021,2.54,good
4.66,5.84,106.96,1.6,0.25,33.01,7.69,65,1021,1.64,good
1.15,1.32,127.75,0.93,0.28,70.02,8.56,71,1016,3.83,fair
3.34,3.65,120.97,0.37,0.35,101.15,10.94,77,1007,2.16,moderate
0.83,1.12,139.44,0.49,0.05,70.81,7.76,57,1018,4.75,fair
13.5,22.28,465.42,2.6,0.23,5.06,14.69,97,1016,0.51,fair
11.45,17.21,312.39,1.45,0.25,7.97,17.95,92,1016,0.84,fair
9.15,14.83,310.89,1.89,0.23,9.71,14.71,98,1018,0.78,good
20.7,48.32,99.74,3.47,3.86,108.5,29.44,35,1008,2.77,moderate
9.7,24.78,98.16,1.47,1.32,65.94,27.46,19,1010,2.1,fair
30.3,63.29,127.35,5.75,16.6,90.74,27.53,26,1008,1.57,moderate
0.86,3.01,63.68,0.02,0.07,24.13,30.31,64,1010,2.19,good
0.86,3.01,63.68,0.02,0.07,24.13,30.39,63,1010,2.07,good
0.91,3.06,63.36,0.02,0.07,24.17,30.06,65,1010,2.67,good
0.5,0.76,64.26,0.02,0.01,16.54,28.15,75,1010,1.66,good
24.49,113.7,101.64,0.34,0.19,56.16,32.11,9,1007,3.11,poor
24.19,110.15,101.99,0.31,0.19,54.18,32.41,9,1007,3.32,poor
24.19,110.15,101.99,0.31,0.19,54.18,32.41,9,1007,3.32,poor
6.44,6.87,129.46,0.57,1.2,118.55,13.31,58,1007,3.7,moderate
35.21,37.21,157.94,1.79,0.93,100.36,11.76,83,1009,3.85,moderate
12.88,13.69,140.08,7.67,1.89,87.53,11.41,80,1012,4.03,fair
8.55,9.11,160.75,2.56,1.2,12.95,27.83,90,1008,3.19,good
8.55,9.11,160.75,2.56,1.2,12.95,27.58,90,1008,3.05,good
8.55,9.11,160.75,2.56,1.2,12.95,27.39,90,1008,3.0,good
9.12,10.19,136.95,3.68,1.26,82.71,9.57,82,1021,0.95,fair
9.7,11.1,115.31,4.3,0.62,57.53,8.43,77,1020,1.42,good
13.27,14.94,131.49,4.57,1.41,81.99,9.85,81,1021,1.35,fair
9.88,11.85,136.15,5.88,0.47,47.56,10.15,69,1020,1.99,good
0.77,1.28,123.9,0.88,0.26,73.67,8.1,66,1023,2.34,fair
9.88,11.85,136.15,5.88,0.47,47.56,10.62,69,1020,1.88,good
4.06,11.78,103.8,0.59,0.36,31.03,26.29,85,1012,2.84,good
1.23,2.32,99.12,0.51,0.21,31.95,24.73,96,1013,0.6,good
1.09,1.74,100.31,0.5,0.17,31.76,24.19,97,1011,1.5,good
29.07,90.72,100.32,1.39,1.16,71.99,20.63,81,1010,7.22,moderate
58.2,170.43,129.9,1.44,0.57,54.44,28.3,29,1008,4.72,poor
31.17,92.73,101.59,1.88,1.39,69.84,20.9,80,1009,8.2,moderate
0.5,1.5,82.64,0.04,0.04,13.83,27.9,81,1011,5.33,good
2.85,5.2,141.83,1.64,0.1,10.08,19.29,77,1014,3.32,good
0.79,2.58,85.9,0.46,0.03,13.26,18.84,79,1015,7.75,good
1.58,2.29,112.93,0.7,0.34,22.91,25.34,89,1013,4.01,good
1.25,1.84,109.96,0.42,0.23,18.41,23.99,92,1013,0.82,good
2.54,3.64,214.96,0.69,0.08,19.38,23.83,73,1010,2.38,good
9.75,24.04,129.45,0.24,0.05,29.45,30.96,28,1007,1.76,fair
5.23,6.52,169.84,0.25,0.03,2.6,20.24,83,1012,1.1,good
4.85,13.93,94.56,0.03,0.19,24.11,27.05,85,1011,4.01,good
5.04,7.0,105.4,0.19,0.21,40.35,26.98,66,1010,1.9,good
5.04,7.0,105.4,0.19,0.21,40.35,28.12,64,1011,2.28,good
8.13,9.27,111.92,0.18,0.51,41.05,30.22,64,1009,2.88,good
8.94,11.49,109.65,2.15,1.32,40.77,16.96,62,1008,2.87,good
12.97,24.41,143.07,11.62,4.89,69.94,15.88,36,1008,1.99,fair
12.4,15.36,136.64,5.73,3.33,63.66,18.85,48,1006,5.51,fair
7.27,10.65,167.89,5.7,1.73,21.27,15.43,60,1020,2.02,good
5.79,7.96,143.03,4.25,1.17,24.68,12.39,57,1021,2.17,good
4.34,14.42,96.08,0.43,0.5,51.37,27.14,81,1014,7.74,good
24.6,56.08,251.58,1.82,0.57,29.61,32.97,14,1006,1.75,moderate
7.91,19.08,107.04,0.26,0.03,18.08,28.56,50,1008,2.45,good
14.93,48.23,114.26,0.4,0.13,47.41,28.25,10,1008,2.6,fair
1.44,3.26,97.66,0.21,0.17,17.52,28.52,77,1009,6.19,good
2.34,4.21,156.33,1.4,0.22,15.64,26.14,70,1009,2.0,good
3.55,5.71,155.67,1.2,0.14,16.03,28.63,59,1009,2.73,good
9.6,10.79,188.22,1.64,0.31,16.93,28.09,75,1009,3.65,good
7.65,8.81,166.35,1.35,0.27,18.6,29.31,75,1009,4.76,good
10.92,12.41,226.49,2.37,0.5,17.37,27.72,81,1009,3.38,fair
10.1,39.02,216.85,1.86,0.14,49.06,13.42,94,1014,1.19,fair
2.03,2.2,118.42,0.47,0.28,62.29,14.4,77,1013,2.29,fair
2.21,3.21,117.96,0.79,0.59,63.31,11.73,90,1015,0.72,fair
1.9,3.65,179.31,1.76,0.45,9.49,27.08,53,1013,0.84,good
1.46,3.49,128.22,1.14,0.4,26.42,25.46,73,1013,1.37,good
0.92,2.74,76.3,0.34,0.14,32.71,26.95,67,1013,1.69,good
4.71,6.27,162.08,5.26,0.57,62.78,20.3,46,1014,1.54,fair
46.37,233.72,122.86,0.74,0.04,45.77,17.08,69,1015,3.51,very_poor
29.41,157.1,127.49,0.21,0.01,82.9,17.02,56,1017,3.15,poor
4.07,10.77,127.52,1.76,0.47,88.39,12.83,77,1022,1.82,fair
6.24,16.25,126.11,0.47,0.59,105.91,16.63,55,1023,2.38,moderate
6.99,26.38,135.68,1.75,0.39,91.52,15.65,58,1022,1.52,fair
1.49,7.55,61.8,0.03,0.07,57.86,24.93,64,1015,9.15,good
0.7,0.85,134.77,1.73,1.52,98.02,9.57,79,1016,7.1,fair
0.53,0.57,118.08,1.03,0.14,77.92,4.86,91,1011,2.53,fair
1.17,1.42,124.21,1.19,0.66,77.38,8.63,87,1014,1.8,fair
1.5,6.11,116.66,0.22,0.06,24.64,25.12,76,1013,3.63,good
1.46,5.8,119.82,0.22,0.05,23.63,25.27,72,1013,3.1,good
1.46,5.8,119.82,0.22,0.05,23.63,25.27,72,1013,3.1,good
33.69,37.81,320.76,12.5,3.9,20.41,25.86,79,1008,0.47,moderate
28.26,32.81,351.01,16.11,6.24,22.21,26.76,75,1009,0.74,moderate
5.07,17.52,135.45,8.3,4.26,39.51,27.8,73,1011,2.76,good
1.38,1.6,75.42,0.31,0.02,7.21,23.49,95,1013,2.75,good
3.53,5.51,140.92,1.03,0.07,5.23,19.88,81,1014,2.64,good
0.53,0.87,75.0,0.23,0.02,19.47,17.94,88,1016,3.15,good
1.85,2.64,131.88,1.16,0.68,58.98,6.88,57,1023,2.16,good
3.83,4.49,145.03,1.39,0.43,61.8,5.53,54,1024,0.98,fair
0.59,0.68,136.78,0.29,0.66,104.07,8.03,65,1023,3.38,moderate
2.05,2.63,114.12,1.05,0.07,26.68,17.85,91,1014,1.19,good
2.05,2.63,114.12,1.05,0.07,26.68,17.89,90,1014,1.13,good
1.95,2.31,114.71,0.87,0.05,31.98,18.22,91,1014,1.1,good
2.53,3.2,162.04,6.38,1.59,85.41,13.49,38,1010,4.08,fair
4.24,13.26,123.15,0.18,0.51,108.77,19.45,65,1011,4.64,moderate
3.47,4.17,171.69,7.25,1.18,75.55,13.39,42,1010,2.54,fair
0.64,2.61,66.81,0.28,0.08,48.28,14.02,47,1025,7.26,good
2.64,5.83,122.08,2.26,0.28,39.58,9.84,59,1027,3.52,good
1.59,3.83,114.67,2.62,0.49,33.09,8.65,61,1027,2.9,good
2.99,5.3,126.07,1.51,0.09,38.44,15.88,76,1014,1.08,good
1.5,2.44,83.49,0.2,0.09,57.57,16.66,72,1012,1.23,good
1.28,2.71,97.85,0.61,0.2,62.76,16.85,68,1011,1.19,fair
2.04,10.45,99.84,0.34,0.28,38.16,25.77,75,1014,6.05,good
1.93,9.88,99.41,0.28,0.25,37.87,26.28,75,1014,6.7,good
1.63,2.13,139.53,1.47,0.08,22.16,30.55,80,1013,0.95,good
5.67,6.99,175.99,1.82,0.16,40.97,28.05,77,1008,4.61,good
3.09,3.46,183.18,1.81,0.12,13.63,26.95,68,1011,1.88,good
2.16,9.99,94.42,0.18,0.26,59.61,25.18,73,1015,5.47,good
2.42,10.74,94.93,0.2,0.28,56.55,26.97,73,1016,7.29,good
23.03,26.49,645.81,11.47,2.48,32.08,28.86,79,1009,2.5,fair
27.96,31.59,644.67,4.81,1.23,4.92,25.76,93,1009,0.83,moderate
36.12,45.63,663.31,7.13,2.04,27.33,27.91,86,1009,2.7,moderate
4.76,6.46,63.75,0.02,2.18,35.61,28.4,74,1011,3.62,good
0.56,2.06,64.2,0.02,0.05,10.99,28.63,74,1009,4.08,good
1.32,1.95,115.78,1.24,0.65,73.0,8.65,86,1020,1.8,fair
1.68,2.74,121.15,2.45,0.47,66.89,9.45,83,1020,0.98,fair
1.59,2.38,117.78,1.81,0.63,67.81,8.89,86,1020,1.79,fair
30.06,55.15,111.21,3.28,8.3,56.67,20.21,32,1015,0.8,moderate
16.04,34.53,119.8,0.38,0.75,75.43,28.73,70,1009,2.42,fair
21.4,45.72,121.69,1.5,2.12,72.57,23.63,73,1012,0.37,fair
3.93,9.87,73.58,0.05,0.16,33.15,27.19,77,1013,1.94,good
3.93,9.87,73.58,0.05,0.16,33.15,27.16,77,1013,1.7,good
3.93,9.87,73.58,0.05,0.16,33.15,27.11,77,1013,2.01,good
11.95,14.99,197.42,5.97,0.78,21.06,13.17,41,1021,0.78,fair
2.92,7.91,63.09,0.14,0.29,47.99,16.65,79,1016,3.44,good
24.44,31.56,263.28,4.95,4.62,48.78,19.8,73,1018,1.87,fair
2.93,4.85,83.38,0.56,0.06,27.35,16.5,79,1017,2.33,good
3.0,4.27,97.82,0.48,0.27,28.1,16.73,80,1017,0.8,good
2.83,4.0,90.91,0.37,0.22,29.01,18.33,71,1016,2.35,good
5.27,6.44,98.79,0.67,0.34,39.67,16.03,72,1020,2.14,good
14.41,15.91,101.32,0.63,0.18,24.91,16.28,70,1019,1.61,fair
5.42,6.6,98.01,0.67,0.31,38.24,15.74,72,1020,2.44,good
3.55,5.38,118.86,2.24,0.28,81.34,11.89,89,1014,3.58,fair
3.55,5.38,118.86,2.24,0.28,81.34,12.11,89,1014,3.58,fair
50.51,192.47,166.82,8.78,2.63,64.39,29.84,47,1005,1.7,poor
63.47,282.22,135.22,1.45,1.43,76.46,30.02,58,1005,1.03,very_poor
47.59,179.34,164.26,7.47,2.84,70.5,30.0,39,1005,2.06,poor
2.95,5.08,253.62,2.05,0.04,52.64,11.32,51,1013,1.05,good
13.22,52.76,133.8,0.43,0.04,87.56,14.76,51,1013,3.98,moderate
6.01,20.48,119.95,0.99,0.1,58.58,18.79,43,1016,2.78,fair
1.75,6.69,100.57,0.86,0.62,52.0,25.66,79,1016,3.6,good
4.02,5.14,127.32,1.95,2.37,106.29,10.51,71,1019,1.03,moderate
5.9,7.97,141.35,4.88,3.26,95.16,11.23,63,1019,2.91,fair
4.69,7.66,127.06,2.12,2.33,100.7,13.16,64,1019,1.38,moderate
3.74,6.67,107.51,1.07,1.18,58.97,12.09,88,1009,2.06,good
2.09,3.08,111.97,1.45,0.5,52.35,7.84,93,1010,1.03,good
2.45,4.03,113.66,0.97,0.46,79.11,9.06,93,1010,2.46,fair
12.76,45.56,70.51,0.05,0.25,40.29,25.0,78,1011,2.57,fair
8.34,32.14,76.44,0.4,0.09,29.45,15.92,94,1013,2.06,fair
3.85,5.0,95.51,1.9,0.16,14.05,16.89,67,1017,2.06,good
4.74,8.38,153.68,6.53,3.17,52.43,13.24,61,1017,6.32,good
5.39,12.07,125.92,3.11,0.14,39.55,15.96,51,1013,4.12,good
6.13,11.45,130.18,2.55,1.14,60.34,9.95,66,1016,3.09,fair
6.63,8.13,125.38,4.45,0.43,56.11,16.02,52,1014,7.2,good
7.52,9.96,122.7,7.14,0.76,44.72,11.73,76,1016,1.03,good
5.17,6.08,122.64,3.71,0.08,48.8,17.24,48,1014,3.6,good
7.21,8.04,93.24,7.65,1.96,23.99,18.93,87,1018,0.45,good
0.99,3.12,65.4,0.95,0.71,41.99,15.89,72,1011,2.68,good
0.89,1.55,53.89,0.56,0.04,20.01,22.37,81,1019,3.09,good
3.66,16.22,113.5,1.75,1.69,40.1,27.8,78,1011,10.29,good
3.66,16.22,113.5,1.75,1.69,40.1,27.77,79,1011,10.29,good
3.66,16.22,113.5,1.75,1.69,40.1,27.64,80,1011,10.29,good
2.41,6.15,129.34,1.0,0.32,83.43,10.03,93,1014,2.06,fair
2.63,7.02,130.55,1.63,0.52,76.54,10.52,89,1014,3.13,fair
1.83,2.28,107.66,1.09,0.13,39.42,12.48,94,1012,3.09,good
6.07,8.46,123.19,1.46,0.98,86.06,6.95,76,1021,2.06,fair
5.92,7.04,125.01,3.1,1.08,77.1,6.74,87,1019,0.51,fair
5.47,6.7,124.83,2.74,0.86,68.09,7.4,85,1020,1.2,fair
2.29,12.44,95.79,0.03,0.11,38.04,26.27,78,1015,4.63,good
7.56,11.86,185.97,4.56,1.42,14.73,24.99,88,1009,5.14,good
3.06,4.04,105.18,0.06,0.44,29.48,22.91,94,1010,1.54,good
8.09,12.19,205.93,5.86,1.86,10.59,25.0,88,1009,5.14,good
1.81,2.05,121.95,2.48,0.08,33.94,13.53,92,1012,3.09,good
2.04,2.48,130.89,3.75,0.27,42.44,12.33,96,1011,2.24,good
3.11,3.86,149.35,6.55,0.3,27.39,11.9,96,1011,1.02,good
6.17,14.54,159.13,0.94,0.11,30.38,33.06,49,1008,2.57,good
2.89,4.81,166.7,2.13,0.12,8.89,31.25,55,1010,2.06,good
4.63,10.06,161.46,0.92,0.15,23.02,34.62,33,1008,3.9,good
1.11,1.54,129.21,1.3,0.14,63.34,2.83,70,1022,2.06,fair
0.83,1.17,126.74,0.92,0.22,72.44,6.11,65,1020,3.09,fair
2.06,2.44,130.31,0.92,1.22,85.0,6.0,77,1017,4.63,fair
69.44,279.58,322.94,4.96,23.64,122.55,27.98,65,1007,2.06,very_poor
72.1,294.95,326.82,6.07,25.56,118.79,27.97,65,1007,2.06,very_poor
77.13,308.25,308.64,5.33,25.66,119.6,27.79,53,1007,3.72,very_poor
3.56,4.36,105.76,0.38,0.04,16.06,19.98,89,1014,1.41,good
4.4,6.45,136.47,1.3,0.29,26.79,14.81,92,1016,1.36,good
9.13,14.77,255.84,2.65,0.87,22.86,13.36,96,1016,1.26,good
1.02,2.77,85.53,0.09,0.1,19.55,27.96,78,1011,3.75,good
0.99,2.73,83.09,0.09,0.1,19.57,27.89,78,1011,3.75,good
0.99,2.89,86.38,0.08,0.09,19.3,28.43,77,1011,4.48,good
1.0,1.14,75.0,0.52,0.17,2.21,27.03,89,1010,2.06,good
1.0,1.14,75.0,0.52,0.17,2.21,26.99,89,1010,2.06,good
0.75,0.82,61.53,0.28,0.09,1.74,27.0,89,1010,2.06,good
1.06,1.26,60.65,0.81,0.11,48.76,13.99,32,1018,2.57,good
2.97,3.34,103.6,0.46,0.05,29.05,24.01,73,1012,3.6,good
1.72,2.21,74.08,1.63,0.33,42.66,20.84,40,1014,0.0,good
3.43,19.25,60.67,0.73,0.08,36.73,15.09,95,1023,5.14,good
3.64,21.53,61.55,0.08,0.07,57.84,20.94,92,1022,4.63,fair
2.8,5.32,108.76,4.19,2.31,44.05,22.44,73,1019,3.09,good
6.05,7.86,117.94,0.22,0.14,54.16,27.99,69,1014,2.06,good
3.58,4.54,131.87,2.13,0.47,67.03,23.96,88,1014,3.6,fair
3.58,4.54,131.87,2.13,0.47,67.03,23.97,88,1014,3.6,fair
19.84,23.65,459.94,7.95,1.6,28.01,6.95,97,1017,0.28,fair
27.24,29.89,426.96,7.74,1.09,28.2,20.96,86,1012,1.51,moderate
25.85,29.19,498.58,9.01,1.15,15.98,16.72,94,1014,1.64,moderate
7.09,11.0,133.53,3.01,0.52,26.66,13.95,100,1017,0.0,good
8.2,10.02,88.43,0.48,0.39,30.26,19.82,64,1018,2.86,good
7.09,11.0,133.53,3.01,0.52,26.66,13.86,100,1017,0.0,good
3.23,3.73,112.5,1.42,0.29,67.32,10.14,72,1014,3.51,fair
3.27,4.06,111.3,2.07,0.53,36.83,12.99,58,1015,5.0,good
2.98,3.79,122.51,1.96,1.85,87.61,11.76,66,1014,4.47,fair
13.59,15.67,169.47,0.68,0.18,36.34,29.45,1,1011,3.6,fair
11.44,14.66,140.52,0.55,0.18,21.31,28.83,81,1011,8.29,fair
20.18,20.81,233.96,1.15,0.13,38.31,28.41,83,1011,5.15,fair
4.22,4.64,136.07,3.57,1.93,122.58,11.02,71,1008,6.69,moderate
0.61,0.71,126.49,0.71,0.27,97.33,11.5,30,1007,4.63,fair
0.57,0.84,94.16,0.13,0.03,89.69,20.08,29,1009,9.77,fair
3.95,6.07,138.83,0.56,0.11,2.93,26.2,78,1011,4.12,good
3.22,5.22,136.79,0.62,1.15,18.91,16.49,85,1016,2.31,good
3.93,5.54,93.03,0.35,0.04,7.22,23.06,77,1011,1.22,good
2.25,4.64,77.55,0.08,0.01,2.53,26.1,89,1009,0.0,good
2.25,4.64,77.55,0.08,0.01,2.53,25.96,89,1009,0.0,good
2.26,4.54,80.33,0.11,0.01,2.73,25.72,89,1009,0.0,good
3.95,6.07,138.83,0.56,0.11,2.93,26.2,78,1011,4.12,good
7.32,18.76,84.1,0.19,0.16,36.31,26.04,94,1012,2.06,good
8.55,19.49,95.0,0.63,0.24,32.66,22.85,98,1012,1.19,good
3.96,4.32,104.03,1.26,0.21,79.97,13.43,77,1016,1.54,fair
2.58,3.2,110.0,1.06,0.2,83.84,12.19,82,1016,1.03,fair
5.6,6.35,125.51,4.8,0.63,55.79,12.98,69,1015,1.03,good
0.82,1.84,84.45,0.15,0.1,16.35,27.72,89,1012,3.6,good
0.78,1.78,87.15,0.14,0.09,15.82,27.31,89,1012,3.6,good
1.17,2.65,115.08,0.72,0.14,10.23,24.94,84,1012,2.62,good
14.32,19.44,265.14,9.91,0.78,42.11,20.35,35,1016,4.63,fair
17.05,22.34,296.19,11.46,0.9,41.85,19.31,37,1016,1.16,fair
14.32,19.44,265.14,9.91,0.78,42.11,20.49,32,1016,4.63,fair
2.5,2.99,106.37,0.06,0.03,26.86,26.95,89,1011,1.03,good
2.16,2.28,96.83,0.48,0.11,9.47,21.6,95,1012,1.75,good
6.94,10.57,181.43,1.84,0.45,10.85,18.34,95,1015,1.64,good
73.63,89.03,553.67,29.69,15.15,23.36,16.92,72,1018,2.0,poor
27.1,39.29,275.47,16.05,18.68,50.04,10.94,14,1014,0.71,moderate
27.05,37.18,348.44,31.45,43.83,47.09,22.42,82,1015,2.54,moderate
2.68,3.13,143.25,4.26,0.59,7.79,15.56,83,1017,3.6,good
5.83,6.26,127.93,2.99,2.04,20.49,27.03,61,1011,4.12,good
7.5,7.94,125.43,1.45,2.38,11.38,25.99,57,1014,2.57,good
0.58,0.75,86.93,0.42,0.18,24.41,19.63,93,1015,2.06,good
0.79,0.93,109.14,1.57,0.17,28.85,26.93,89,1011,1.54,good
0.71,0.93,91.55,0.44,0.21,28.0,20.8,96,1014,2.06,good
2.43,8.38,98.1,0.35,0.24,32.77,25.24,88,1014,3.6,good
4.79,12.2,103.11,0.31,0.51,52.35,29.16,79,1015,3.09,good
3.66,8.14,101.17,0.16,0.14,47.12,28.19,78,1013,3.09,good
8.27,35.04,98.52,0.33,0.41,54.08,23.27,68,1014,5.14,fair
5.88,26.54,99.53,0.19,0.33,54.28,21.75,78,1015,8.23,fair
7.26,28.58,96.79,0.22,0.39,62.24,22.02,83,1015,5.66,fair
4.68,11.3,118.01,1.05,0.55,41.98,27.53,75,1011,6.17,good
4.68,11.3,118.01,1.05,0.55,41.98,27.61,75,1011,6.17,good
1.46,7.19,123.31,0.2,0.55,106.94,10.76,71,1008,4.63,moderate
1.57,8.2,123.69,0.19,0.54,107.66,15.96,55,1009,11.32,moderate
1.53,7.48,123.65,0.21,0.57,107.39,13.88,68,1009,4.12,moderate
5.15,6.27,120.16,3.06,1.07,65.47,15.77,51,1013,3.09,fair
5.78,6.64,120.58,2.54,1.65,84.89,11.9,51,1016,4.63,fair
2.52,3.49,118.38,1.79,1.07,80.63,11.31,53,1016,1.54,fair
1.86,2.45,118.82,3.1,1.15,85.24,18.63,32,1011,2.76,fair
2.96,3.79,127.16,3.84,1.31,76.77,14.93,83,1010,5.14,fair
3.29,3.66,117.73,2.69,0.2,76.76,14.94,63,1016,2.85,fair
8.77,25.9,144.38,0.88,0.08,24.75,29.65,65,1008,1.26,fair
9.76,20.18,300.22,2.84,0.67,20.99,26.87,57,1009,2.06,fair
9.44,21.59,315.15,2.62,0.46,21.43,29.3,51,1008,2.0,fair
30.99,31.3,158.04,9.99,1.59,68.99,12.61,96,1006,2.57,moderate
11.63,11.85,139.1,3.08,0.19,61.94,10.89,94,1007,3.12,fair
8.25,8.44,137.78,4.37,0.54,57.28,11.6,96,1007,2.42,good
1.61,8.87,92.81,1.08,0.8,53.0,26.01,76,1016,4.82,good
2.48,9.33,96.0,0.22,0.19,49.27,28.16,80,1014,2.57,good
4.31,10.87,112.88,2.24,0.42,28.5,29.76,58,1014,3.09,good
2.48,9.33,96.0,0.22,0.19,49.27,28.71,79,1015,2.57,good
6.16,18.71,104.06,0.85,0.16,92.67,22.37,56,1014,1.54,fair
6.53,18.04,128.93,6.07,0.78,65.75,17.93,94,1014,4.12,fair
14.23,57.32,119.24,2.68,0.32,81.96,13.67,82,1018,1.54,moderate
4.55,4.99,248.83,9.76,1.03,19.6,11.53,99,1013,0.4,good
10.01,21.56,92.93,0.79,0.41,48.8,29.93,62,1009,1.54,fair
2.77,3.53,189.8,7.98,0.76,22.21,15.95,67,1019,3.6,good
5.61,6.08,130.79,1.6,0.13,58.23,7.84,83,1008,1.03,good
4.74,4.96,127.38,0.91,0.09,80.53,12.14,62,1008,3.6,fair
8.04,8.49,128.61,0.92,0.17,85.74,8.29,89,1008,1.14,fair
4.18,22.63,122.26,0.94,1.25,110.19,16.42,55,1017,5.14,moderate
2.15,10.61,124.17,0.4,0.26,101.01,14.9,63,1016,3.09,moderate
4.18,22.63,122.26,0.94,1.25,110.19,16.42,51,1017,4.84,moderate
17.7,117.66,107.91,0.18,0.38,79.6,17.98,82,1017,6.69,poor
7.86,41.06,100.64,0.25,0.48,61.84,18.01,88,1015,9.26,fair
10.81,57.6,104.93,0.19,0.47,81.86,18.45,80,1016,8.73,moderate
8.75,14.49,131.79,1.75,0.28,51.46,14.87,73,1016,2.79,good
9.39,17.78,106.18,0.85,0.24,51.75,24.77,45,1011,1.27,good
16.36,36.76,130.37,1.08,0.2,39.59,30.81,30,1007,4.26,fair
0.5,0.9,103.82,0.59,0.04,65.78,14.93,61,1012,2.57,fair
3.93,5.51,120.24,0.58,0.45,114.61,15.63,77,1014,1.54,moderate
8.2,16.79,127.42,3.81,0.3,69.95,17.8,83,1013,1.03,fair
25.39,36.16,578.59,6.64,1.05,21.4,12.85,90,1019,2.02,moderate
2.4,4.8,117.32,1.12,0.09,9.15,19.35,69,1013,0.44,good
17.84,37.34,248.24,3.03,0.58,40.83,19.0,37,1012,1.4,fair
2.81,3.42,128.96,3.2,0.44,48.62,10.57,68,1007,2.06,good
1.65,2.15,132.21,3.72,0.66,56.66,10.47,71,1007,1.79,good
0.5,0.78,135.7,1.11,0.28,64.33,2.03,65,1007,0.51,fair
2.86,5.91,60.94,0.03,0.09,52.58,28.94,74,1012,3.6,good
2.86,5.91,60.94,0.03,0.09,52.58,28.99,74,1012,3.6,good
2.13,4.86,61.68,0.04,0.09,52.16,27.83,61,1011,7.2,good
0.92,1.21,108.64,1.9,0.04,21.02,14.4,92,1012,1.54,good
4.95,7.54,122.56,0.34,0.72,99.5,18.0,42,1016,6.06,fair
3.12,3.93,117.34,0.73,0.39,107.17,15.19,56,1014,5.14,moderate
6.58,10.1,97.09,0.16,0.12,26.83,28.01,78,1011,2.57,good
5.62,13.78,91.46,0.07,0.16,28.79,26.98,83,1012,4.12,good
2.07,2.17,73.91,0.02,0.01,1.35,22.87,92,1011,1.1,good
11.13,11.85,133.95,16.04,7.16,74.67,14.37,80,1011,4.12,fair
7.46,8.05,122.04,8.52,0.75,30.24,10.83,89,1012,3.6,good
1.39,1.79,128.53,3.69,0.77,72.16,8.57,84,1015,1.03,fair
0.72,1.05,105.85,1.52,0.15,48.25,11.08,100,1013,2.06,good
1.38,1.47,106.84,1.61,0.28,72.61,10.99,93,1004,2.57,fair
1.11,1.22,109.62,2.85,0.35,69.44,16.33,65,1005,10.18,fair
0.58,0.96,109.39,0.1,0.04,11.14,27.99,78,1013,2.57,good
0.58,0.96,109.39,0.1,0.04,11.14,27.99,78,1013,2.57,good
1.45,1.58,104.55,0.09,0.03,9.32,23.48,98,1013,1.15,good
2.09,4.7,125.91,3.0,0.44,43.73,10.61,93,1012,1.54,good
1.27,2.27,97.98,0.79,0.2,7.03,23.72,95,1012,1.91,good
0.76,1.9,77.46,0.18,0.12,21.16,28.23,89,1012,3.6,good
2.11,3.46,139.45,1.43,0.39,22.71,30.29,49,1010,6.0,good
1.49,3.91,110.75,1.83,0.41,63.71,17.22,80,1016,7.72,fair
27.52,79.01,108.66,1.95,0.92,70.85,23.08,73,1012,3.09,moderate
27.6,81.69,105.07,1.95,0.98,70.17,23.02,73,1012,3.09,moderate
27.52,79.01,108.66,1.95,0.92,70.85,23.01,73,1012,3.09,moderate
2.43,4.76,106.44,0.8,0.36,27.96,27.04,78,1013,3.09,good
2.43,4.76,106.44,0.8,0.36,27.96,27.05,78,1013,3.09,good
3.03,4.76,140.68,0.59,0.11,3.87,22.42,97,1014,0.57,good
2.03,10.03,97.08,0.45,0.4,53.82,25.82,73,1016,3.09,good
2.03,10.03,97.08,0.45,0.4,53.82,25.94,73,1016,3.09,good
2.03,10.03,97.08,0.45,0.4,53.82,26.02,73,1016,3.09,good
6.66,8.03,123.83,0.38,0.29,29.87,27.55,82,1011,0.71,good
4.76,6.11,107.0,0.07,0.05,29.17,25.95,100,1011,2.57,good
1.33,1.45,101.44,0.07,0.01,3.51,20.88,100,1012,1.12,good
0.5,0.63,126.69,0.37,0.43,98.69,10.52,61,1019,3.09,fair
1.96,2.49,127.2,1.57,1.93,72.21,10.8,59,1019,0.89,fair
0.66,0.77,120.14,0.29,0.93,116.18,7.14,56,1020,1.17,moderate
8.26,12.29,146.38,0.77,2.08,40.12,22.76,87,1013,1.34,good
5.89,9.24,128.29,0.44,1.15,36.42,24.13,82,1013,1.79,good
6.58,10.59,135.88,0.55,1.53,38.54,21.54,75,1013,1.34,good
2.61,6.3,95.96,0.05,0.08,36.37,28.21,84,1012,8.23,good
2.61,6.3,95.96,0.05,0.08,36.37,28.0,84,1012,8.23,good
2.61,5.96,95.95,0.06,0.08,36.75,28.67,83,1012,8.23,good
20.0,59.58,98.16,0.55,0.28,47.9,27.06,74,1013,2.06,moderate
18.03,54.51,103.89,0.21,0.1,47.78,26.53,61,1013,5.24,moderate
18.63,58.0,100.15,0.23,0.15,50.89,25.61,67,1013,4.79,moderate
2.73,3.34,120.32,1.12,0.45,17.57,25.73,89,1012,2.73,good
0.96,1.02,115.89,0.38,0.08,14.03,24.62,94,1013,1.13,good
2.05,2.63,118.58,0.32,0.1,20.24,24.72,94,1013,1.72,good
29.21,40.14,347.76,25.64,35.22,46.24,22.72,73,1015,2.68,moderate
29.21,40.14,347.76,25.64,35.22,46.24,22.79,73,1015,2.68,moderate
30.23,40.88,354.21,28.47,35.43,43.15,22.32,79,1015,3.09,moderate
23.69,24.94,128.2,0.98,10.76,47.44,26.92,57,1013,2.57,fair
2.87,4.21,228.32,3.82,0.37,26.44,30.69,66,1010,7.72,good
2.2,2.84,147.32,1.89,0.29,37.7,29.9,79,1011,2.57,good
6.81,7.54,117.45,2.66,0.54,86.37,9.82,81,1017,2.06,fair
7.22,8.64,130.5,4.68,1.88,92.89,15.06,58,1018,2.06,fair
7.78,8.99,136.24,5.07,2.02,93.8,13.51,76,1017,3.09,fair
2.25,10.75,91.17,0.11,0.19,54.37,28.25,83,1016,1.1,good
2.25,10.75,91.17,0.11,0.19,54.37,27.99,83,1016,0.99,good
6.94,12.51,141.43,0.51,0.38,62.72,27.51,77,1014,0.99,fair
4.14,5.03,122.94,1.7,1.09,71.37,13.67,50,1019,0.45,fair
2.67,3.9,132.35,2.65,0.2,53.72,7.88,66,1019,0.0,good
4.21,5.82,127.58,4.57,2.03,52.11,12.25,55,1020,1.75,good
7.99,9.22,208.9,1.11,0.35,41.94,25.76,91,1010,1.54,good
1.36,2.84,111.78,1.05,0.31,34.99,26.68,93,1011,1.54,good
7.99,9.22,208.9,1.11,0.35,41.94,25.36,100,1010,1.54,good
5.05,5.58,124.11,2.45,0.83,61.48,10.51,90,1014,4.12,fair
2.16,2.36,130.21,1.2,0.38,89.33,10.87,100,1014,1.54,fair
1.62,1.81,118.93,1.39,0.35,50.81,10.97,96,1015,2.21,good
3.68,17.12,118.02,0.61,0.6,95.05,10.4,89,1014,4.02,fair
3.35,16.54,122.03,1.37,1.16,102.47,16.83,58,1014,3.6,moderate
1.63,7.19,120.6,0.24,0.71,114.39,17.16,61,1014,0.89,moderate
4.28,5.06,148.78,4.08,1.54,88.09,8.88,81,1014,6.69,fair
25.49,54.45,108.03,0.06,0.2,62.53,29.01,79,1007,3.6,moderate
65.28,84.17,371.14,3.16,4.12,106.06,23.03,68,1003,5.14,poor
23.06,44.48,236.71,7.63,2.38,27.47,23.88,87,1010,2.57,fair
54.39,263.07,107.99,0.3,0.38,75.64,30.95,27,1007,11.32,very_poor
118.0,615.47,116.71,0.32,0.98,106.28,19.56,67,1008,4.92,very_poor
204.11,1060.53,117.85,2.55,6.38,92.72,20.85,60,1008,3.09,very_poor
15.96,34.19,157.68,6.5,2.59,80.22,22.62,27,1013,2.06,fair
9.95,39.09,114.68,1.47,0.22,76.34,15.08,58,1016,2.06,fair
27.54,54.82,160.98,5.37,1.51,79.1,14.77,26,1012,4.28,moderate
0.5,1.82,134.16,0.1,0.28,114.67,3.81,45,1014,4.12,moderate
0.5,1.82,134.16,0.1,0.28,114.67,3.84,45,1014,4.12,moderate
0.5,1.82,134.16,0.1,0.28,114.67,3.93,45,1014,4.12,moderate
4.91,8.77,119.49,0.27,1.16,113.02,14.14,81,1020,2.06,moderate
4.47,6.64,129.17,1.82,0.84,104.34,17.4,54,1018,2.58,moderate
3.38,5.42,119.84,0.39,0.73,115.24,14.93,57,1020,1.54,moderate
0.99,3.59,122.58,2.12,0.08,34.76,12.14,86,1012,2.06,good
2.81,14.71,88.54,0.17,0.25,59.23,28.53,74,1014,5.66,good
2.93,15.29,88.47,0.15,0.24,58.94,28.79,74,1014,5.66,good
2.93,15.29,88.47,0.15,0.24,58.94,28.96,74,1014,5.66,good
3.39,14.95,123.81,0.59,0.68,108.77,12.05,71,1015,6.17,moderate
2.61,10.96,126.97,0.53,0.67,115.27,12.95,71,1015,6.17,moderate
2.63,11.77,126.48,2.44,1.12,104.26,11.92,69,1014,7.0,moderate
4.77,6.84,157.19,4.09,1.53,70.97,20.22,92,998,14.4,fair
5.31,8.21,150.91,2.97,1.31,70.58,21.99,88,999,14.4,fair
4.18,5.37,218.84,3.38,1.33,78.47,19.08,60,1006,5.66,fair
0.5,0.57,86.98,0.55,0.07,18.95,15.6,96,1017,0.97,good
11.63,18.9,272.69,3.73,0.46,14.82,16.55,88,1015,1.58,fair
5.6,7.6,200.29,1.89,0.31,16.81,25.23,88,1013,4.12,good
6.78,26.46,92.45,1.02,0.21,76.82,14.11,89,1017,0.88,fair
0.7,1.02,98.04,0.19,0.1,55.58,12.51,88,1017,2.0,good
0.65,1.15,116.71,0.83,0.1,58.69,12.72,42,1017,0.89,good
45.1,48.09,1031.21,13.26,3.35,29.55,28.26,73,1010,2.62,moderate
13.0,13.67,374.97,2.84,0.93,50.6,28.12,74,1010,1.78,fair
31.15,32.02,404.0,3.67,0.4,5.88,27.73,76,1010,1.7,moderate
0.54,1.15,81.24,0.01,0.02,7.54,32.0,70,1009,3.09,good
5.92,18.13,74.82,0.05,0.26,42.86,26.88,75,1013,3.02,good
4.93,11.35,79.27,0.07,0.16,37.88,27.67,73,1013,5.39,good
5.61,16.89,74.58,0.05,0.24,43.18,27.94,77,1013,7.27,good
19.33,23.19,193.31,5.09,6.77,92.74,14.39,40,1010,5.32,fair
8.17,10.16,204.6,5.96,14.01,78.91,13.62,54,1007,1.84,fair
13.85,18.64,152.44,3.48,3.87,102.07,14.09,44,1011,6.55,moderate
15.72,21.85,154.22,3.45,4.25,107.31,12.76,71,1010,3.09,moderate
4.77,9.2,156.69,2.48,2.54,107.21,14.95,41,1010,5.66,moderate
14.47,21.16,146.68,1.76,3.13,111.22,12.95,71,1010,3.09,moderate
39.72,208.93,109.87,1.96,0.25,61.42,30.09,26,1007,1.55,very_poor
42.83,228.92,106.38,1.03,0.27,65.07,30.45,33,1007,1.34,very_poor
42.83,228.92,106.38,1.03,0.27,65.07,30.37,33,1007,1.34,very_poor
2.29,6.77,92.91,0.15,0.14,44.03,29.01,79,1013,3.6,good
2.29,6.77,92.91,0.15,0.14,44.03,29.01,79,1013,3.6,good
27.88,114.76,86.23,1.41,0.27,72.49,14.28,94,1016,2.0,poor
2.54,3.25,132.64,3.87,0.44,32.69,15.33,88,1016,2.0,good
10.64,27.63,116.8,0.31,0.04,45.22,13.05,82,1012,2.0,fair
35.88,38.62,638.03,11.02,2.15,25.91,22.97,83,1011,2.06,moderate
76.26,81.12,1527.75,22.79,2.49,7.66,25.18,79,1011,3.08,very_poor
68.1,70.63,1146.96,14.71,1.4,5.95,24.06,88,1011,2.25,poor
1.51,6.89,121.34,0.75,0.82,113.22,13.19,72,1012,10.12,moderate
1.48,6.31,119.21,1.03,0.89,107.14,15.95,67,1012,11.54,moderate
1.57,7.18,121.31,0.5,0.84,114.05,13.52,60,1013,7.83,moderate
1.85,9.71,91.82,0.35,0.37,46.23,26.93,74,1015,3.09,good
1.92,10.3,92.3,0.22,0.27,44.61,26.13,82,1015,3.09,good
0.95,2.89,127.8,1.11,0.52,27.03,26.16,92,1009,4.5,good
0.95,2.89,127.8,1.11,0.52,27.03,26.15,92,1009,3.75,good
0.95,2.89,127.8,1.11,0.52,27.03,26.08,92,1009,3.02,good
0.5,0.94,91.96,0.24,0.08,26.63,26.37,87,1013,1.55,good
1.52,3.24,128.34,0.9,0.23,19.1,22.71,99,1013,1.08,good
0.5,0.78,97.0,0.17,0.05,23.94,26.59,85,1013,0.42,good
8.54,10.1,124.58,1.91,0.59,48.15,11.55,48,1020,2.75,good
10.17,12.31,159.79,2.22,0.56,43.49,10.25,55,1021,1.48,fair
7.28,8.81,103.29,1.14,0.54,55.47,11.56,47,1020,2.45,good
2.2,2.78,116.89,2.27,1.74,82.0,12.81,55,1012,0.89,fair
6.1,7.01,125.33,2.01,1.77,82.95,11.18,62,1011,1.54,fair
8.41,9.31,126.94,4.03,2.19,80.84,9.01,85,1010,3.01,fair
1.41,1.71,109.46,1.16,0.08,70.02,9.14,90,1014,2.06,fair
1.36,1.68,109.62,1.26,0.1,67.16,9.32,90,1014,1.79,fair
1.45,1.79,110.3,1.1,0.12,76.07,9.84,88,1014,2.06,fair
7.55,8.19,118.65,1.13,0.49,89.6,14.45,81,1008,2.57,fair
6.43,7.21,120.96,2.18,0.64,73.38,12.04,73,1011,2.37,fair
17.35,18.33,139.4,2.38,1.37,90.69,8.95,81,1009,0.51,fair
4.07,13.66,131.25,0.56,0.23,106.76,16.77,54,1021,6.63,moderate
1.88,4.81,124.0,0.37,0.75,108.81,16.46,57,1021,4.68,moderate
5.61,31.15,139.17,1.15,0.07,85.21,16.08,56,1022,3.89,fair
2.45,8.18,110.95,1.76,2.84,75.62,18.04,77,1017,2.57,fair
1.92,3.84,108.95,2.43,2.58,71.11,13.23,100,1017,0.0,fair
2.93,4.53,90.64,1.73,0.16,41.89,17.08,88,1016,3.09,good
5.82,8.42,131.16,0.62,0.84,117.05,15.47,78,1018,2.57,moderate
1.64,3.19,133.3,3.12,0.19,43.46,7.24,63,1018,1.03,good
1.58,2.44,127.5,2.23,0.14,40.68,7.95,58,1018,0.83,good
1.26,2.55,128.84,2.32,0.21,57.81,9.34,60,1018,1.21,good
6.81,10.56,126.13,1.08,2.08,105.04,10.88,71,1020,3.6,moderate
7.58,11.51,126.81,1.82,2.24,109.79,6.23,76,1020,2.0,moderate
8.52,12.36,130.91,3.74,3.0,112.28,7.48,93,1019,1.03,moderate
6.14,9.95,152.25,1.53,0.08,12.63,14.98,100,1020,2.06,good
2.47,5.56,77.75,0.37,0.06,22.13,21.0,94,1018,2.06,good
3.09,4.14,89.39,0.52,0.03,17.68,12.33,86,1022,2.12,good
2.05,4.76,81.39,0.01,0.07,58.85,29.98,74,1010,12.86,good
0.95,1.7,113.85,1.57,0.11,61.59,2.9,75,1022,1.03,fair
0.93,1.71,114.67,1.67,0.11,54.4,2.31,73,1022,2.34,good
1.07,1.57,112.63,1.32,0.42,70.78,5.32,66,1021,1.1,fair
14.21,45.18,153.98,0.39,0.05,31.55,35.3,36,1009,4.12,fair
1.5,2.38,139.32,0.77,0.05,15.68,28.76,55,1011,2.7,good
3.63,9.34,143.64,0.46,0.04,20.04,34.26,29,1009,2.94,good
18.65,21.86,606.77,6.79,1.67,17.56,26.98,94,1010,1.54,fair
10.15,14.45,285.02,3.59,0.4,33.87,26.68,69,1010,1.89,fair
36.98,43.86,1064.24,10.9,1.72,0.47,25.26,73,1010,1.02,moderate
1.91,7.37,89.81,0.22,0.09,82.54,4.07,38,1002,1.0,fair
1.49,3.32,96.52,0.56,0.04,61.9,8.82,64,1005,7.25,fair
1.36,3.02,96.33,0.65,0.2,82.36,10.67,63,1008,9.55,fair
32.26,42.36,367.11,34.12,35.84,36.97,22.85,73,1015,6.17,moderate
36.14,48.0,379.13,34.77,36.59,33.09,22.96,73,1015,6.17,moderate
36.14,48.0,379.13,34.77,36.59,33.09,22.82,73,1015,6.17,moderate
3.34,8.64,96.11,0.17,0.11,42.82,27.08,89,1013,9.26,good
1.62,8.56,91.62,0.5,0.44,50.42,26.97,74,1016,3.6,good
1.58,8.38,91.54,0.45,0.4,49.42,26.95,74,1016,3.6,good
1.58,8.38,91.54,0.45,0.4,49.42,27.03,74,1016,3.6,good
28.37,96.19,102.28,0.26,0.62,62.68,25.96,64,1009,7.62,moderate
16.57,56.14,99.42,1.3,1.1,64.68,20.93,68,1012,8.44,moderate
51.93,207.62,145.02,0.25,0.17,52.51,35.31,15,1007,4.59,very_poor
6.11,9.49,119.46,0.19,3.57,116.32,15.32,77,1021,2.57,moderate
6.11,9.49,119.46,0.19,3.57,116.32,15.2,77,1021,2.57,moderate
6.11,9.49,119.46,0.19,3.57,116.32,14.97,77,1021,2.57,moderate
1.38,5.89,61.01,0.07,0.14,53.36,21.9,92,1016,4.85,good
1.3,5.29,61.05,0.06,0.12,53.55,19.37,92,1016,0.45,good
1.3,5.29,61.05,0.06,0.12,53.55,20.32,92,1016,0.45,good
0.54,1.41,102.86,0.05,0.04,20.11,28.97,89,1009,6.69,good
2.0,3.46,78.17,0.28,0.07,24.05,16.97,94,1018,1.98,good
2.28,6.06,67.94,0.29,0.12,35.01,18.79,81,1017,1.84,good
1.03,1.38,74.6,0.4,0.02,20.36,15.69,96,1018,1.8,good
11.27,13.57,157.34,3.92,1.35,70.42,19.97,52,1012,10.29,fair
1.03,3.27,114.67,0.14,0.16,104.09,19.95,54,1012,6.17,moderate
10.71,12.87,144.43,2.42,1.17,79.5,17.97,63,1013,10.29,fair
6.27,6.7,275.51,2.51,0.47,21.18,22.9,65,1010,0.0,good
5.63,6.0,160.18,0.57,0.19,6.82,25.46,94,1009,0.51,good
4.48,4.88,231.77,1.05,0.19,19.08,25.75,94,1010,0.0,good
11.82,18.16,115.42,0.54,0.41,48.0,24.55,90,1017,0.51,fair
11.82,18.16,115.42,0.54,0.41,48.0,24.97,94,1018,0.51,fair
3.83,10.13,64.41,0.18,0.05,25.04,19.09,100,1017,1.89,good
1.1,4.25,65.32,0.03,0.09,40.49,25.39,99,1013,1.69,good
1.1,4.25,65.32,0.03,0.09,40.49,28.87,70,1013,0.88,good
1.0,3.64,65.0,0.03,0.09,39.99,28.66,70,1013,1.14,good
21.9,65.58,158.28,0.51,0.14,46.16,36.16,32,1007,2.57,moderate
43.15,91.58,364.46,2.5,0.92,35.11,31.79,19,1008,3.04,moderate
83.37,186.58,990.24,13.12,4.23,35.39,31.17,12,1008,2.99,very_poor
0.82,2.17,90.02,0.06,0.06,19.18,25.13,83,1011,1.54,good
14.19,28.3,306.0,2.91,1.25,31.67,30.78,15,1008,3.03,fair
6.82,16.91,243.44,2.25,0.61,14.7,25.38,88,1011,2.79,good
17.46,19.1,121.67,0.47,8.45,50.54,33.09,42,1008,5.81,fair
14.98,16.3,110.95,0.33,6.52,41.94,31.17,60,1009,1.65,fair
17.56,19.39,124.85,0.59,4.58,51.08,33.43,41,1008,5.81,fair
2.89,3.96,147.48,9.22,0.86,43.52,13.08,96,1011,2.06,good
3.78,4.54,152.78,15.04,1.59,38.35,13.42,85,1011,3.09,good
3.43,5.1,154.68,11.74,0.93,41.79,13.75,94,1011,2.57,good
5.51,8.87,128.73,4.09,2.61,85.37,7.18,61,1005,1.17,fair
0.67,2.54,128.39,0.43,0.88,104.71,2.27,87,1010,1.03,moderate
0.5,0.96,115.52,0.23,0.15,73.1,2.22,84,1003,0.45,fair
31.67,37.44,432.71,7.29,6.56,63.45,16.25,100,1012,1.03,moderate
22.51,26.41,412.15,4.1,2.86,69.37,16.89,84,1012,0.64,fair
35.59,42.13,462.14,6.97,6.56,67.93,20.37,90,1009,1.21,moderate
3.73,6.24,66.34,0.48,0.87,61.11,18.31,68,1034,2.68,fair
4.63,7.31,81.59,1.06,0.38,44.46,8.11,93,1031,2.57,good
4.25,6.38,92.8,1.53,0.36,38.81,15.01,75,1033,10.29,good
35.43,112.09,121.42,1.66,2.06,77.4,34.99,17,1004,2.57,poor
33.84,106.84,116.3,1.34,2.19,89.22,35.05,17,1004,2.57,poor
35.89,114.24,119.51,1.41,1.91,78.17,35.0,17,1004,2.57,poor
1.49,1.67,127.91,0.89,0.28,37.71,26.86,85,1010,2.57,good
1.72,2.0,137.76,1.33,0.5,36.88,26.75,88,1010,2.06,good
1.72,2.0,137.76,1.33,0.5,36.88,27.02,87,1010,2.06,good
6.06,15.29,69.51,0.05,0.38,52.12,23.28,75,1012,3.6,good
6.06,15.29,69.51,0.05,0.38,52.12,20.1,83,1012,3.6,good
14.1,22.6,76.6,0.53,1.46,74.95,17.12,44,1015,1.54,fair
0.72,3.04,59.5,0.08,0.08,40.75,30.9,66,1011,6.71,good
0.83,3.8,59.43,0.08,0.08,40.4,30.96,66,1011,6.71,good
0.79,3.67,59.28,0.06,0.07,39.56,30.8,66,1011,6.71,good
2.88,8.93,62.66,0.05,0.14,25.85,28.32,76,1010,3.74,good
0.57,0.78,33.88,0.02,0.02,1.11,27.75,67,1011,1.3,good
3.0,3.78,62.82,0.06,6.39,17.92,28.04,73,1010,1.28,good
6.08,9.44,179.28,6.06,4.36,34.13,29.09,63,1012,1.54,good
20.93,22.6,443.79,9.28,1.87,22.13,27.05,94,1011,1.03,fair
5.57,9.12,154.41,5.42,4.58,36.75,29.25,64,1012,1.54,good
69.38,87.29,450.21,4.14,5.69,97.51,24.99,65,1003,2.06,poor
35.11,94.52,130.57,0.25,0.59,105.16,30.09,45,1001,2.06,moderate
18.56,34.77,270.8,6.37,1.41,65.53,22.08,64,1005,2.06,fair
6.87,8.96,148.89,5.23,4.26,69.18,14.56,54,1014,3.92,fair
1.77,2.32,105.97,2.18,0.26,38.13,10.1,62,1016,1.03,good
2.67,3.38,114.51,1.41,0.86,86.38,13.93,55,1013,4.13,fair
1.92,9.37,94.45,0.17,0.22,51.28,28.52,66,1016,4.63,good
2.05,10.22,94.38,0.15,0.21,51.03,27.77,70,1016,1.79,good
2.02,10.15,94.1,0.15,0.21,51.32,26.92,76,1016,4.63,good
5.66,30.51,122.61,0.74,0.98,97.58,16.48,59,1015,5.68,fair
6.26,34.69,121.64,0.66,1.15,99.24,16.54,59,1015,4.97,fair
5.66,30.51,122.61,0.74,0.98,97.58,16.39,60,1015,5.68,fair
0.65,1.74,123.74,0.65,0.51,108.46,13.04,76,1016,3.13,moderate
0.51,1.23,120.93,0.86,0.56,103.71,13.73,77,1015,3.6,moderate
0.5,1.16,121.31,0.75,0.57,105.93,9.39,97,1016,1.01,moderate
4.35,6.05,85.49,1.14,0.28,31.03,18.01,97,1014,0.89,good
7.38,8.48,203.18,3.5,0.33,24.1,21.26,100,1016,1.03,good
4.77,6.48,88.74,1.15,0.33,32.48,17.93,97,1014,0.89,good
70.33,247.53,209.48,5.02,11.05,106.35,28.74,36,1006,4.63,very_poor
70.33,247.53,209.48,5.02,11.05,106.35,29.51,34,1006,4.63,very_poor
71.47,251.72,227.52,7.12,12.96,106.74,30.03,30,1006,2.57,very_poor
1.39,6.72,60.05,0.05,0.08,54.68,22.84,74,1016,3.6,good
1.45,6.89,59.34,0.05,0.09,53.03,23.08,72,1017,0.84,good
1.41,6.65,59.85,0.04,0.07,53.59,21.82,64,1016,3.09,good
2.07,2.77,132.14,1.45,0.37,61.8,7.16,71,1019,3.6,fair
1.11,1.92,126.29,1.71,0.2,61.21,10.3,50,1018,2.06,fair
2.63,3.13,133.54,1.07,2.2,96.46,5.7,67,1017,6.28,fair
2.06,3.29,119.15,4.07,0.22,40.81,9.31,66,1020,2.06,good
2.37,4.07,135.81,3.61,1.06,60.71,3.99,81,1022,2.06,fair
3.38,4.42,107.17,2.12,0.61,38.48,9.67,63,1019,1.19,good
3.17,3.39,119.65,0.93,0.26,53.51,13.54,52,1011,3.45,good
5.49,5.93,116.9,1.29,0.1,41.52,9.95,85,1007,0.74,good
1.07,1.42,138.29,0.47,0.12,83.48,3.87,56,1019,3.0,fair
28.13,34.6,512.54,2.51,0.3,1.26,17.07,100,1017,1.79,moderate
7.04,11.76,232.8,1.16,0.15,6.0,16.97,98,1017,1.08,good
7.98,12.49,262.77,1.62,0.18,8.57,14.08,96,1016,1.63,good
27.73,51.2,97.08,2.26,5.18,93.53,28.0,41,1008,2.86,moderate
13.91,32.42,123.89,10.02,30.97,67.27,25.12,17,1011,2.46,fair
41.79,67.5,107.32,4.36,8.83,109.64,28.36,31,1009,0.64,moderate
0.69,2.05,62.89,0.01,0.04,22.9,30.37,69,1010,2.69,good
0.69,2.05,62.89,0.01,0.04,22.9,30.48,66,1011,2.45,good
0.61,1.71,62.42,0.01,0.03,22.95,30.08,69,1010,3.26,good
0.5,0.53,70.47,0.06,0.03,17.23,28.0,78,1010,1.54,good
26.98,115.24,100.4,0.29,0.13,57.73,33.4,8,1007,3.9,poor
26.53,114.28,100.88,0.25,0.13,57.69,33.23,8,1007,4.31,poor
26.53,114.28,100.88,0.25,0.13,57.69,33.29,8,1007,4.31,poor
2.33,2.78,132.97,2.23,0.52,71.39,6.22,80,1007,1.75,fair
5.06,5.4,136.04,2.2,0.42,76.05,10.4,64,1006,2.57,fair
26.81,27.21,146.94,8.98,1.75,75.98,12.93,94,1006,7.79,moderate
4.62,5.01,146.05,0.61,0.19,7.7,25.97,91,1009,1.03,good
4.62,5.01,146.05,0.61,0.19,7.7,25.97,89,1010,1.03,good
4.62,5.01,146.05,0.61,0.19,7.7,26.0,89,1010,1.03,good
5.8,6.75,122.67,3.74,0.71,62.21,7.75,83,1018,1.03,fair
6.6,7.71,108.48,3.36,0.35,55.4,11.44,70,1017,1.8,good
7.53,8.62,117.93,4.09,1.21,80.62,10.82,77,1018,1.17,fair
4.56,5.27,117.18,1.49,0.43,72.81,10.89,56,1016,1.54,fair
2.86,4.05,124.57,2.24,0.2,38.74,8.61,52,1019,1.54,good
4.56,5.27,117.18,1.49,0.43,72.81,11.06,57,1017,1.54,fair
0.68,1.4,95.67,0.77,0.34,24.01,26.23,87,1013,2.12,good
0.68,1.24,99.26,0.89,0.33,24.17,24.66,93,1014,0.96,good
1.08,1.92,107.86,0.68,0.17,23.55,24.57,93,1014,0.8,good
17.86,64.3,97.89,1.15,0.57,67.87,22.92,85,1012,1.34,moderate
39.42,141.34,167.56,1.33,0.76,75.26,24.96,49,1011,4.85,poor
19.17,66.49,97.9,1.59,0.71,67.13,22.89,85,1012,1.34,moderate
0.57,1.89,63.77,0.03,0.05,15.67,27.26,81,1010,5.02,good
6.31,12.08,186.52,2.17,0.2,9.45,21.3,70,1012,1.94,good
1.38,2.98,94.72,0.6,0.03,11.47,22.63,64,1011,1.35,good
2.22,2.49,113.09,0.98,0.33,17.08,27.95,78,1013,1.54,good
1.66,1.83,107.51,0.65,0.21,14.99,27.96,78,1013,1.54,good
3.32,4.92,146.41,0.74,0.1,15.93,24.55,67,1009,1.77,good
9.86,21.16,133.32,0.35,0.05,25.74,30.8,40,1007,2.53,fair
6.48,7.84,136.35,0.35,0.04,5.38,20.88,75,1011,1.3,good
4.03,11.52,93.68,0.04,0.17,25.76,30.02,84,1012,6.17,good
3.43,4.31,105.05,0.12,0.12,36.85,25.05,79,1012,2.06,good
3.43,4.31,105.05,0.12,0.12,36.85,24.94,83,1013,2.06,good
21.13,22.3,117.36,0.36,5.17,47.91,29.15,72,1009,2.38,fair
1.19,3.72,121.19,0.69,1.7,108.08,12.22,65,1009,8.71,moderate
1.88,6.65,124.1,3.5,1.69,93.0,12.85,52,1012,2.24,fair
0.94,2.86,110.18,2.44,1.48,96.32,12.69,54,1010,9.48,fair
26.75,28.46,149.1,2.27,2.85,51.28,18.04,92,1019,2.04,moderate
30.8,33.56,164.87,4.37,4.51,52.97,14.38,97,1021,2.14,moderate
11.97,17.44,127.74,0.55,0.68,74.92,27.67,86,1015,4.69,fair
18.63,34.91,206.92,1.24,0.27,37.12,33.98,33,1006,2.06,fair
6.77,15.54,105.03,0.31,0.03,15.78,31.32,20,1007,2.42,good
14.79,43.45,116.86,0.39,0.12,34.04,28.48,12,1008,1.45,fair
0.66,1.28,82.84,0.21,0.11,20.7,29.06,84,1010,3.09,good
1.71,2.95,137.1,1.31,0.17,13.17,25.43,78,1011,1.43,good
1.86,2.95,138.82,1.17,0.15,18.43,29.47,57,1010,2.52,good
7.3,8.3,191.89,2.25,0.4,17.4,27.96,68,1009,3.32,good
6.05,6.98,170.31,1.88,0.37,18.91,32.25,63,1009,2.06,good
8.26,9.59,226.58,2.92,0.57,17.72,27.97,83,1009,2.57,good
8.73,30.87,244.66,1.76,0.16,50.39,13.06,82,1018,3.0,fair
1.35,3.04,127.85,0.2,0.07,67.8,15.78,65,1015,0.98,fair
1.12,1.74,135.2,0.49,0.21,59.14,12.8,87,1017,0.55,good
2.23,4.65,197.27,1.82,0.6,11.18,27.77,67,1012,0.77,good
1.53,4.18,130.86,1.08,0.41,20.69,26.42,76,1013,1.67,good
1.04,3.64,74.88,0.28,0.14,24.03,27.11,74,1013,1.21,good
9.12,23.52,157.49,3.93,1.24,74.91,17.92,59,1013,2.06,fair
32.38,180.55,117.36,0.73,0.12,59.22,14.99,77,1015,3.09,poor
33.17,175.74,141.5,0.42,0.08,96.85,16.97,55,1016,4.12,poor
14.22,34.89,119.56,0.91,1.65,98.16,19.8,60,1017,2.57,fair
16.05,59.45,174.24,1.25,3.59,120.81,18.08,72,1020,4.12,moderate
12.52,32.4,138.51,0.67,2.58,122.27,16.88,67,1019,6.57,moderate
1.07,6.25,61.2,0.03,0.05,50.36,25.18,73,1014,3.6,good
2.52,3.47,130.98,0.82,2.73,110.92,10.28,68,1013,6.17,moderate
0.71,0.79,120.88,1.2,0.17,71.45,6.12,87,1004,0.45,fair
1.14,1.26,121.94,0.98,0.95,91.33,8.16,85,1012,3.26,fair
1.59,6.56,110.42,0.28,0.06,28.15,25.71,79,1014,3.09,good
1.61,6.47,112.39,0.25,0.06,27.5,25.6,79,1013,2.39,good
1.61,6.47,112.39,0.25,0.06,27.5,25.57,79,1013,2.39,good
8.09,9.81,281.44,14.22,9.16,41.51,19.2,89,1018,5.66,good
8.09,9.81,281.44,14.22,9.16,41.51,20.42,66,1018,5.66,good
27.74,35.46,297.73,15.85,25.47,60.31,24.5,73,1014,6.17,moderate
2.01,2.37,72.4,0.28,0.03,10.41,23.24,96,1013,2.42,good
2.71,4.59,121.35,1.04,0.07,6.15,20.83,75,1013,3.78,good
0.5,0.5,71.4,0.18,0.02,17.44,18.78,81,1015,3.28,good
2.33,2.94,118.45,1.29,0.29,48.94,11.2,66,1018,2.65,good
2.2,3.03,130.8,1.45,0.2,48.94,8.1,52,1019,0.81,good
2.37,2.68,129.93,0.56,1.03,82.12,9.74,48,1017,4.33,fair
8.56,11.71,184.53,3.15,0.29,18.88,17.31,96,1014,0.39,good
8.56,11.71,184.53,3.15,0.29,18.88,17.32,96,1014,0.39,good
7.83,10.15,172.43,2.59,0.26,25.59,17.64,96,1014,0.39,good
1.65,2.4,153.5,6.59,1.92,89.98,15.74,28,1010,6.17,fair
1.51,4.03,116.11,0.16,0.3,105.9,17.99,66,1012,6.17,moderate
1.56,2.21,153.43,6.23,1.66,89.05,15.58,28,1011,7.72,fair
3.09,5.67,78.85,0.74,1.32,59.19,12.66,67,1018,2.57,good
2.06,3.68,111.43,1.85,0.24,39.12,12.7,70,1016,2.06,good
3.05,4.62,102.89,1.51,0.16,40.84,9.96,72,1017,3.51,good
2.18,3.22,132.12,1.93,0.17,32.78,15.55,83,1016,2.89,good
0.59,0.86,109.01,0.16,0.07,61.8,15.15,74,1016,0.98,fair
0.86,2.12,117.13,0.65,0.11,62.47,15.45,82,1015,1.49,fair
2.02,11.12,97.33,0.3,0.26,38.63,26.93,74,1015,5.14,good
1.89,10.3,96.85,0.26,0.24,38.8,26.78,74,1015,5.14,good
2.79,4.26,147.67,1.44,0.35,26.97,22.72,78,1013,2.06,good
3.72,4.1,170.58,1.43,0.16,39.55,28.31,77,1010,4.87,good
3.82,4.6,173.04,1.39,0.1,13.39,26.96,90,1012,2.07,good
1.81,9.08,94.17,0.11,0.18,51.71,26.75,78,1016,4.12,good
1.8,8.31,95.11,0.18,0.23,52.44,27.1,77,1016,7.07,good
32.92,38.68,869.2,15.11,4.04,18.23,29.01,81,1010,3.09,moderate
12.5,13.24,364.62,4.69,1.4,37.18,21.0,82,1017,3.99,fair
13.77,15.41,365.71,12.7,5.69,41.45,19.99,94,1016,2.06,fair
6.72,8.73,63.37,0.01,5.34,36.85,29.1,79,1011,5.14,good
0.5,0.5,63.45,0.02,0.01,15.21,28.84,65,1009,1.22,good
1.29,2.36,119.91,1.97,0.27,72.67,3.47,73,1022,0.51,fair
1.53,2.87,126.25,3.51,0.28,65.29,5.71,60,1022,1.54,fair
1.34,2.46,124.34,2.33,0.31,73.61,4.23,72,1022,1.63,fair
23.05,40.67,113.65,3.24,5.88,48.27,19.98,31,1015,1.16,fair
12.02,26.53,106.74,0.61,0.92,66.07,28.38,57,1008,2.32,fair
17.3,40.15,114.04,1.94,2.86,67.74,24.3,62,1012,1.12,fair
3.3,7.72,75.43,0.05,0.12,38.91,25.89,78,1013,1.54,good
3.3,7.72,75.43,0.05,0.12,38.91,25.84,78,1013,1.54,good
3.3,7.72,75.43,0.05,0.12,38.91,25.76,78,1013,1.54,good
23.16,28.06,288.19,7.8,1.55,31.84,13.84,85,1019,0.21,fair
1.21,2.76,63.23,0.06,0.15,50.63,16.66,93,1012,6.17,good
24.18,35.55,202.97,3.01,2.54,47.73,21.41,93,1014,2.24,fair
3.52,5.7,90.3,0.56,0.08,22.6,16.77,79,1017,2.38,good
2.82,4.28,91.45,0.54,0.22,24.65,15.94,84,1017,1.48,good
2.7,4.0,85.58,0.43,0.22,25.54,15.0,85,1017,2.24,good
4.02,5.75,95.02,0.71,0.34,37.16,16.01,82,1019,4.14,good
8.21,9.88,97.36,0.59,0.26,27.71,16.77,68,1019,3.57,good
4.1,5.86,92.64,0.67,0.29,35.37,16.48,78,1019,3.83,good
0.83,1.91,111.14,1.97,0.07,64.28,9.67,89,1013,1.79,fair
0.83,1.91,111.14,1.97,0.07,64.28,9.89,89,1013,1.79,fair
55.24,183.6,147.37,3.57,2.42,110.19,26.84,57,1004,3.53,poor
65.52,236.93,145.04,1.59,6.08,139.51,28.02,65,1005,1.54,very_poor
52.69,168.43,156.31,6.49,3.15,99.51,27.0,61,1004,2.57,poor
4.58,8.04,346.59,3.47,0.2,68.33,13.13,39,1014,1.31,fair
8.85,28.87,219.05,1.09,0.04,71.1,17.61,25,1011,1.36,fair
3.78,11.58,110.37,0.97,0.09,63.86,20.6,35,1012,0.72,fair
2.37,10.94,96.51,0.66,0.59,47.07,26.21,77,1015,2.57,good
7.11,10.18,121.8,3.25,2.53,111.48,10.53,62,1019,2.06,moderate
10.41,14.12,134.73,3.96,2.2,99.62,11.23,67,1019,2.73,fair
54.61,59.79,124.97,1.68,15.39,102.42,13.6,74,1019,1.94,poor
0.94,1.49,112.87,1.19,0.07,85.97,13.09,44,1009,4.12,fair
0.66,0.82,105.83,1.3,0.14,71.97,5.84,75,1011,0.51,fair
0.83,1.32,107.74,1.46,0.1,68.53,7.26,70,1009,2.27,fair
11.51,39.9,70.13,0.04,0.15,36.61,26.0,89,1013,2.06,fair
16.58,69.12,76.42,0.38,0.14,32.74,15.92,88,1017,0.0,moderate
3.88,5.18,101.24,2.45,0.17,18.58,17.89,72,1017,2.06,good
10.02,16.2,166.24,4.51,0.38,35.61,16.94,74,1011,3.02,fair
10.24,18.54,174.87,4.18,0.2,50.91,20.39,66,1009,1.34,fair
12.35,20.25,213.94,5.09,0.46,46.04,17.91,78,1007,1.54,fair
5.78,7.26,124.79,4.89,1.0,69.91,15.99,58,1010,5.14,fair
8.4,10.17,125.61,4.99,0.65,70.24,11.65,73,1012,0.51,fair
3.59,4.19,116.01,3.61,0.06,54.25,18.24,55,1011,4.12,good
0.9,2.96,63.47,0.41,0.13,41.35,18.16,60,1019,7.72,good
1.07,3.85,65.4,0.08,0.08,54.39,14.35,78,1019,5.66,good
1.27,2.05,55.91,0.63,0.12,13.32,22.25,86,1018,4.63,good
4.19,14.38,115.85,1.85,1.92,48.98,27.97,74,1009,12.07,good
4.19,14.38,115.85,1.85,1.92,48.98,27.83,79,1009,12.07,good
4.19,14.38,115.85,1.85,1.92,48.98,27.89,74,1009,12.07,good
3.78,9.96,133.47,2.71,0.97,77.87,10.03,93,1008,5.14,fair
4.02,11.59,132.69,2.55,0.85,73.39,11.33,91,1009,7.52,fair
2.69,6.76,100.06,1.17,0.11,74.37,11.48,100,1008,3.09,fair
3.25,4.49,125.46,1.83,0.49,86.78,8.95,71,1018,1.54,fair
9.52,12.45,128.1,4.44,0.86,78.53,8.74,76,1016,2.06,fair
5.63,8.07,130.09,3.18,0.46,65.14,9.89,81,1018,1.81,fair
2.67,11.3,107.85,0.04,0.1,34.64,26.27,78,1014,4.12,good
10.78,15.86,308.94,7.28,1.24,2.43,22.99,88,1010,1.54,fair
2.46,5.58,99.86,0.13,0.1,24.78,24.09,91,1010,2.78,good
12.85,18.66,349.25,8.19,1.42,0.79,23.0,88,1010,1.54,fair
3.86,4.32,129.23,5.17,0.19,13.0,13.33,93,1011,2.57,good
9.73,10.27,158.0,14.86,1.06,22.82,13.41,94,1012,3.09,good
10.94,11.64,155.24,8.54,1.13,50.04,12.01,91,1012,3.08,fair
8.76,21.47,162.4,1.32,0.13,36.08,30.06,51,1009,4.12,fair
5.13,8.89,188.14,2.31,0.22,14.76,25.25,69,1010,2.06,good
9.7,24.82,178.29,1.33,0.29,32.41,36.33,26,1009,1.6,fair
1.67,2.48,113.35,2.52,0.38,55.2,5.83,81,1018,2.06,good
2.83,3.43,112.74,1.22,0.82,66.85,12.11,76,1016,3.09,fair
4.39,5.01,123.51,1.7,0.38,60.26,5.96,70,1015,1.03,fair
78.69,216.38,241.05,6.31,64.88,166.41,28.98,45,1004,1.03,very_poor
79.27,219.64,235.4,6.71,64.63,165.37,28.97,45,1004,1.03,very_poor
77.31,232.62,205.85,5.32,55.9,157.03,28.79,45,1004,4.07,very_poor
2.52,3.52,104.26,0.53,0.05,10.4,21.47,87,1014,1.48,good
4.28,6.43,162.7,1.97,0.41,17.09,14.56,95,1016,1.34,good
8.92,14.65,346.9,4.84,1.08,11.7,13.42,97,1016,0.99,good
1.17,2.24,95.63,0.07,0.05,20.19,28.54,81,1010,4.83,good
1.1,2.19,91.13,0.07,0.06,20.17,28.04,82,1010,3.78,good
1.39,3.32,94.15,0.07,0.08,19.78,27.94,82,1010,3.33,good
0.56,0.58,79.57,0.27,0.06,2.81,24.03,100,1009,2.06,good
0.56,0.58,79.57,0.27,0.06,2.81,23.99,100,1009,2.06,good
0.53,0.54,72.26,0.16,0.04,2.39,24.0,100,1009,2.06,good
2.1,2.8,62.9,1.11,0.17,54.11,13.99,47,1017,2.57,good
1.4,1.61,89.7,0.41,0.04,18.29,25.01,78,1010,7.2,good
1.87,2.55,66.35,1.5,0.38,55.1,21.84,37,1011,2.06,good
7.25,20.25,109.81,2.69,1.21,45.09,18.77,92,1022,3.09,fair
3.03,15.51,64.15,0.1,0.08,55.33,22.94,71,1019,4.63,good
3.42,6.45,108.99,5.04,0.72,39.8,20.64,73,1023,3.09,good
3.33,4.85,131.22,0.23,0.08,59.32,26.99,69,1013,3.6,good
4.39,7.31,138.06,0.69,0.61,104.27,24.96,73,1014,7.72,moderate
4.39,7.31,138.06,0.69,0.61,104.27,24.97,73,1014,7.72,moderate
42.66,45.54,688.61,11.47,1.78,32.58,7.65,91,1017,0.94,moderate
24.56,26.64,354.07,6.68,1.04,39.73,20.67,81,1012,2.57,fair
29.2,32.12,532.63,10.95,1.61,20.0,15.07,93,1015,2.15,moderate
5.51,7.14,118.7,3.13,0.45,28.08,20.02,63,1012,2.01,good
5.66,7.18,87.32,0.61,0.36,27.83,22.16,51,1014,3.08,good
5.51,7.14,118.7,3.13,0.45,28.08,19.82,63,1012,1.78,good
3.8,4.29,114.68,1.23,0.57,80.48,10.89,65,1010,2.49,fair
3.04,3.5,112.0,1.45,1.09,56.09,13.99,47,1011,4.0,good
6.88,8.39,127.39,3.8,1.84,65.1,13.64,83,1012,1.77,fair
3.23,5.46,103.15,0.22,0.14,32.37,29.45,1,1010,4.12,good
3.01,6.61,98.68,0.23,0.18,33.44,29.04,80,1011,5.63,good
2.91,4.0,114.17,0.28,0.18,33.7,31.12,59,1010,4.6,good
5.44,5.83,144.38,4.69,1.87,113.94,19.56,36,1000,8.75,moderate
2.19,2.31,126.78,0.64,0.53,107.78,15.92,62,1003,4.63,moderate
0.5,0.5,108.08,0.13,0.03,91.01,12.87,27,1014,9.26,fair
3.93,7.22,154.75,0.67,0.13,3.42,27.2,78,1012,1.03,good
3.22,4.64,142.36,0.72,0.55,8.16,16.74,77,1015,0.52,good
4.0,5.14,113.01,0.51,0.05,7.83,23.01,78,1011,0.76,good
1.83,2.51,82.02,0.04,0.0,2.34,23.1,94,1009,0.0,good
1.83,2.51,82.02,0.04,0.0,2.34,22.96,94,1009,0.0,good
1.86,2.56,81.29,0.06,0.01,2.25,22.72,94,1009,0.0,good
3.93,7.22,154.75,0.67,0.13,3.42,27.2,78,1011,1.03,good
6.29,13.27,87.98,0.2,0.06,35.39,24.58,91,1012,1.72,good
6.35,9.38,144.43,1.83,0.46,26.89,23.09,97,1012,1.47,good
1.14,1.3,102.85,0.94,0.13,83.93,10.66,88,1012,1.03,fair
3.68,4.28,116.91,5.22,0.27,30.98,11.19,100,1013,0.51,good
5.38,6.0,140.54,8.18,0.89,53.25,12.48,94,1012,0.51,good
0.99,2.63,85.9,0.21,0.14,17.62,28.72,84,1011,3.09,good
0.9,2.47,85.51,0.2,0.13,18.0,28.31,84,1011,3.09,good
2.7,5.93,151.93,1.45,0.27,7.73,26.22,67,1011,1.13,good
24.9,32.59,405.32,16.89,0.58,40.88,18.39,40,1014,2.57,fair
24.3,30.89,408.76,16.31,0.59,36.79,17.93,39,1014,0.83,fair
24.9,32.59,405.32,16.89,0.58,40.88,18.42,39,1014,2.57,fair
4.12,4.63,116.29,0.03,0.03,26.04,26.95,94,1010,1.54,good
1.95,2.07,106.4,0.54,0.15,10.8,23.74,94,1012,2.06,good
4.51,6.46,179.23,1.51,0.23,8.45,18.99,85,1014,0.58,good
67.91,80.22,392.07,20.27,11.74,25.14,19.92,64,1016,3.0,poor
127.63,144.42,370.78,20.28,24.55,55.12,16.94,51,1006,1.12,very_poor
22.45,28.38,285.39,2.38,3.87,94.89,20.96,91,1014,3.05,fair
5.29,5.83,153.78,3.82,0.51,16.86,15.47,73,1016,1.71,good
4.86,5.27,119.85,1.68,0.91,22.8,27.03,61,1009,4.12,good
12.24,12.83,142.3,2.78,4.98,18.11,25.99,61,1015,4.12,fair
0.71,0.95,88.77,0.36,0.25,32.64,20.56,94,1015,1.34,good
1.88,2.13,113.17,1.2,0.2,40.19,28.93,84,1010,4.63,good
0.79,1.03,90.49,0.34,0.21,30.37,21.1,94,1016,1.03,good
2.23,5.82,93.88,0.21,0.24,43.91,27.24,83,1013,2.06,good
3.08,6.45,102.91,0.23,0.2,52.72,29.16,70,1013,3.09,good
5.66,6.91,114.39,0.08,0.1,49.03,23.19,88,1014,2.57,good
10.54,41.07,95.88,0.31,0.35,58.32,24.27,73,1014,1.54,fair
6.81,23.9,97.48,0.27,0.28,57.3,22.75,78,1015,4.63,fair
7.74,29.98,95.65,0.29,0.37,60.55,22.02,88,1014,6.17,fair
6.38,13.79,126.98,1.52,1.33,53.18,28.08,76,1010,7.2,good
6.38,13.79,126.98,1.52,1.33,53.18,28.16,76,1010,7.2,good
2.73,7.8,123.65,0.3,1.59,117.64,11.76,82,1010,0.0,moderate
4.54,13.69,121.98,0.28,2.37,123.03,12.96,88,1010,2.57,moderate
3.19,9.27,123.35,0.29,1.68,119.91,14.16,72,1010,3.09,moderate
2.92,3.92,126.02,4.28,0.7,60.84,15.47,78,1011,4.63,fair
4.87,5.94,125.93,4.48,1.82,87.01,14.83,49,1011,5.14,fair
2.63,3.24,110.35,1.53,1.83,92.25,14.29,67,1013,1.45,fair
2.08,2.77,128.97,7.37,0.75,45.18,14.76,81,1012,2.57,good
3.48,4.07,132.37,4.61,1.16,68.97,10.27,86,1013,2.57,fair
3.96,4.42,114.21,3.29,0.16,68.11,14.01,77,1011,2.76,fair
11.86,31.19,133.82,0.87,0.12,32.11,29.41,67,1007,1.53,fair
15.17,30.39,252.87,2.14,0.3,33.36,25.94,58,1009,2.51,fair
14.09,33.52,210.3,1.64,0.33,39.71,28.85,47,1008,3.44,fair
2.59,5.24,130.67,3.6,1.25,92.0,8.06,81,1012,2.06,fair
1.44,3.34,128.75,2.01,0.42,85.7,6.02,86,1012,3.31,fair
2.02,4.32,126.74,2.8,0.6,78.18,7.07,89,1013,3.05,fair
2.7,13.4,97.54,1.31,1.05,56.04,26.01,74,1015,4.98,good
2.06,10.1,92.1,0.1,0.17,54.22,28.81,72,1014,2.57,good
3.0,8.6,104.86,1.8,0.45,31.4,30.76,62,1013,3.09,good
2.06,10.1,92.1,0.1,0.17,54.22,29.71,70,1014,2.57,good
4.53,6.06,136.32,9.44,0.59,55.06,17.37,94,1015,5.14,good
1.53,2.6,118.93,7.67,0.98,62.57,15.93,88,1015,2.57,fair
18.41,78.19,118.2,4.59,0.56,84.06,14.67,82,1017,1.03,moderate
3.31,3.6,212.92,6.9,1.07,18.36,11.53,89,1014,0.61,good
10.46,21.62,107.24,1.15,0.6,53.8,29.93,70,1008,2.57,fair
4.67,5.53,253.9,13.32,1.1,13.57,14.95,77,1018,3.6,good
10.54,10.8,138.64,0.98,0.28,92.22,8.19,93,1003,4.12,fair
3.35,3.75,134.21,1.03,0.26,90.84,10.14,87,1006,4.63,fair
5.82,6.08,128.22,0.56,0.19,100.18,7.51,88,1004,2.44,moderate
3.25,17.68,124.75,1.24,2.18,107.24,16.42,59,1017,3.09,moderate
2.04,9.5,124.1,0.56,0.51,100.91,15.9,63,1018,3.09,moderate
3.25,17.68,124.75,1.24,2.18,107.24,16.42,58,1017,4.59,moderate
20.54,133.72,108.02,0.22,0.39,78.15,17.98,88,1016,6.69,poor
12.98,53.34,108.35,0.36,0.65,74.14,18.9,85,1013,7.21,moderate
12.62,58.93,107.27,0.22,0.58,79.55,19.03,81,1015,9.51,moderate
11.45,17.46,188.06,2.84,0.37,46.63,16.83,58,1015,1.42,fair
8.43,14.22,135.18,1.38,0.3,50.4,24.12,52,1011,2.34,good
15.42,38.78,128.74,0.62,0.23,44.2,32.37,29,1005,9.57,fair
0.5,0.71,107.95,0.49,0.08,85.64,12.71,59,1013,3.6,fair
7.22,16.25,115.56,0.94,1.01,99.91,14.41,71,1012,2.06,fair
2.46,6.1,118.57,4.06,0.37,67.78,17.44,83,1012,1.79,fair
33.58,54.14,598.84,7.36,1.36,24.4,14.58,64,1016,1.96,moderate
2.05,4.83,94.09,0.62,0.04,17.02,18.82,67,1013,1.17,good
14.33,26.52,243.66,2.9,0.35,43.86,19.75,47,1013,3.01,fair
9.85,10.1,134.62,1.38,0.37,86.64,6.3,93,1001,4.47,fair
9.68,9.95,134.69,1.76,0.48,85.14,6.16,96,1001,4.47,fair
5.75,6.07,136.27,2.05,0.4,81.11,6.48,94,1000,4.12,fair
0.94,2.18,62.98,0.03,0.04,51.82,26.94,74,1013,2.57,good
0.94,2.18,62.98,0.03,0.04,51.82,26.99,74,1013,2.57,good
0.81,2.08,62.78,0.03,0.05,55.43,28.83,61,1012,1.54,good
3.18,3.78,137.85,4.59,0.18,23.22,14.39,96,1011,2.57,good
4.71,6.35,122.26,0.44,0.47,96.09,15.23,88,1010,2.68,fair
1.35,1.4,114.67,0.8,0.13,93.67,12.23,98,1012,1.79,fair
5.24,12.53,90.66,0.16,0.14,24.57,27.01,89,1011,1.54,good
3.51,9.53,89.63,0.05,0.12,26.47,26.98,89,1011,3.09,good
3.36,3.58,90.07,0.11,0.01,3.17,22.09,97,1012,0.33,good
9.06,10.7,137.98,22.8,8.19,61.28,12.67,81,1014,4.63,fair
3.48,4.15,133.47,7.72,1.05,55.38,9.6,92,1015,2.63,good
0.54,0.88,130.12,1.33,0.59,88.79,8.77,81,1015,2.57,fair
1.28,2.65,105.71,1.82,0.1,70.21,12.08,87,1008,5.14,fair
2.39,2.81,108.73,4.7,0.98,66.44,10.99,93,1010,2.06,fair
6.13,6.57,127.62,5.71,1.04,85.79,9.33,96,1009,1.79,fair
0.52,0.67,119.09,0.08,0.03,16.15,26.99,83,1012,1.54,good
0.52,0.67,119.09,0.08,0.03,16.15,26.99,83,1012,1.54,good
0.5,0.53,121.83,0.14,0.05,18.41,24.37,91,1012,1.59,good
7.27,9.34,131.13,2.01,0.91,74.33,11.61,93,1013,3.09,fair
6.77,9.09,118.16,1.41,0.66,16.13,24.09,92,1012,2.07,good
1.02,1.94,87.77,0.13,0.14,21.63,28.23,89,1011,2.06,good
7.38,14.45,159.76,2.46,0.26,18.97,27.41,64,1010,3.47,good
1.73,4.5,116.25,2.13,0.59,86.61,16.67,78,1016,4.63,fair
23.07,81.98,95.37,1.63,0.55,47.68,20.62,95,1014,1.74,moderate
23.29,81.6,95.09,1.54,0.55,45.53,22.1,85,1013,2.35,moderate
23.07,81.98,95.37,1.63,0.55,47.68,20.59,95,1014,1.12,moderate
1.12,1.88,104.57,0.47,0.32,37.48,26.04,94,1014,5.14,good
1.12,1.88,104.57,0.47,0.32,37.48,26.05,94,1014,5.14,good
4.55,6.76,157.32,0.71,0.16,6.95,23.96,79,1013,1.55,good
2.53,12.58,93.91,0.63,0.63,56.12,26.82,74,1015,3.6,good
2.53,12.58,93.91,0.63,0.63,56.12,26.94,74,1015,3.6,good
2.53,12.58,93.91,0.63,0.63,56.12,27.02,74,1015,3.6,good
5.0,8.56,103.15,0.1,0.09,28.14,25.71,89,1011,1.33,good
4.33,5.95,110.66,0.04,0.05,24.43,24.95,100,1011,1.03,good
4.89,5.31,123.62,0.7,0.14,8.85,21.29,99,1012,0.38,good
2.57,3.38,114.73,1.22,1.63,88.44,12.54,66,1017,1.54,fair
8.17,8.91,116.3,1.88,5.55,83.97,13.88,61,1017,0.89,fair
18.99,22.14,119.11,0.43,4.49,111.48,13.81,79,1018,0.87,moderate
13.56,17.11,151.96,0.69,2.22,48.08,23.62,100,1011,1.79,fair
9.63,12.17,132.06,0.43,1.34,42.26,23.03,100,1011,2.24,good
11.53,14.71,145.53,0.53,1.75,47.82,20.39,100,1011,1.09,fair
3.04,16.33,94.07,0.06,0.11,56.31,29.11,71,1012,7.72,good
3.04,16.33,94.07,0.06,0.11,56.31,28.94,71,1012,7.72,good
3.08,16.3,94.37,0.06,0.12,56.56,29.54,71,1012,7.72,good
14.83,35.73,101.13,0.61,0.47,60.38,26.06,73,1014,2.06,fair
6.66,14.05,112.75,0.17,0.03,31.85,27.41,66,1012,4.24,good
8.2,17.76,109.12,0.16,0.06,37.04,26.6,73,1012,4.17,good
1.16,1.38,118.86,1.23,0.44,17.04,27.99,78,1012,3.09,good
0.74,0.78,113.44,0.35,0.04,16.46,25.37,82,1012,2.47,good
1.75,2.0,118.77,0.46,0.14,18.93,25.26,86,1012,2.01,good
24.26,30.31,286.71,1.73,2.27,100.98,20.0,91,1014,7.15,moderate
24.26,30.31,286.71,1.73,2.27,100.98,20.13,91,1014,7.15,moderate
24.54,29.12,299.35,3.06,2.4,98.22,20.95,89,1014,7.2,fair
28.61,32.25,148.4,0.79,12.35,65.65,30.81,33,1011,2.06,moderate
2.24,3.44,158.65,2.53,0.37,24.33,30.69,66,1010,8.75,good
1.55,2.21,119.72,0.85,0.24,42.28,29.9,74,1011,3.09,good
8.75,9.87,119.63,3.4,0.21,64.6,12.88,67,1015,2.06,fair
9.67,13.8,136.85,3.7,2.13,110.32,13.06,82,1018,1.54,moderate
11.18,14.09,133.26,4.53,2.19,105.3,13.51,94,1017,1.03,moderate
2.4,12.69,90.49,0.09,0.19,53.34,28.03,77,1014,1.6,good
2.4,12.69,90.49,0.09,0.19,53.34,27.76,76,1014,1.34,good
6.82,11.53,136.82,0.52,0.34,60.09,27.37,78,1013,2.33,fair
3.41,4.29,114.67,1.79,1.92,83.65,15.81,45,1014,1.34,fair
5.09,7.27,135.54,3.91,0.53,72.54,10.9,58,1016,0.0,fair
6.15,7.97,120.87,5.43,3.67,62.47,13.92,48,1016,2.8,fair
6.46,7.38,265.47,2.39,0.56,30.71,24.92,97,1011,0.0,good
4.12,7.78,165.63,2.26,0.71,27.45,26.68,95,1010,1.03,good
6.46,7.38,265.47,2.39,0.56,30.71,24.33,100,1011,0.0,good
1.83,2.91,125.33,2.36,0.86,73.3,7.57,88,1017,2.06,fair
1.09,2.03,124.64,0.9,0.54,91.35,9.87,76,1018,4.63,fair
0.84,1.93,124.8,0.88,0.55,87.37,9.97,90,1018,1.53,fair
3.98,20.62,114.44,0.65,1.0,106.01,10.95,81,1014,4.02,moderate
3.45,16.75,119.67,0.69,1.24,114.07,17.03,56,1014,5.14,moderate
3.03,12.46,122.3,0.23,1.07,122.41,16.74,62,1013,0.89,moderate
0.97,2.08,128.09,2.34,1.41,106.98,7.88,81,1017,2.06,moderate
24.41,50.69,112.77,0.06,0.15,61.91,29.01,74,1008,2.57,moderate
48.42,62.65,500.65,5.98,2.98,80.83,24.03,73,1008,5.66,moderate
26.48,37.8,373.86,12.83,3.88,36.34,23.59,75,1011,8.05,moderate
32.55,166.72,152.59,3.44,1.86,98.43,20.95,35,1008,4.63,poor
46.82,274.29,118.07,0.89,0.29,99.99,16.23,76,1010,0.45,very_poor
26.25,133.25,134.41,3.94,5.85,95.15,12.85,71,1011,2.06,poor
9.67,28.25,173.92,11.23,1.77,47.14,19.84,40,1014,2.06,fair
8.76,26.8,133.69,2.69,0.54,88.97,16.08,63,1011,2.06,fair
27.21,75.93,174.47,10.45,1.56,63.47,13.77,29,1012,1.0,moderate
0.5,0.83,140.77,0.14,0.54,108.83,0.81,55,1025,4.12,moderate
0.5,0.83,140.77,0.14,0.54,108.83,0.84,55,1025,4.12,moderate
0.5,0.83,140.77,0.14,0.54,108.83,0.93,55,1026,4.12,moderate
9.05,13.88,118.71,0.25,1.48,112.79,16.78,62,1018,1.54,moderate
4.49,5.6,116.29,1.82,0.66,80.15,16.15,66,1015,2.57,fair
5.74,8.59,116.62,0.46,1.39,108.61,14.78,74,1019,0.51,moderate
10.19,11.32,133.4,3.66,1.04,73.71,12.14,83,1011,3.09,fair
3.04,10.59,89.36,0.18,0.24,50.84,28.53,70,1014,7.2,good
2.84,9.57,90.15,0.17,0.22,50.42,28.79,70,1015,7.2,good
2.84,9.57,90.15,0.17,0.22,50.42,28.96,70,1014,7.2,good
3.8,18.76,119.78,0.66,1.15,114.41,10.05,71,1015,5.66,moderate
3.6,17.31,122.47,0.68,1.21,119.66,10.95,71,1015,5.66,moderate
4.2,19.5,124.42,3.1,1.72,110.35,12.62,68,1014,7.25,moderate
1.14,2.64,194.89,9.33,8.99,95.58,17.46,32,1020,7.72,fair
1.03,2.81,191.82,7.88,8.29,97.06,17.65,35,1019,7.72,fair
1.77,2.65,191.32,5.37,2.04,88.97,14.09,55,1021,1.54,fair
0.99,1.34,106.58,0.72,0.09,23.62,14.62,100,1016,2.06,good
8.91,15.57,356.14,3.01,0.25,14.04,16.49,90,1014,1.74,good
7.2,8.62,229.35,1.86,0.28,18.95,24.23,88,1012,2.06,good
4.55,6.17,99.19,1.44,0.52,80.81,11.11,93,1016,1.98,fair
1.45,2.62,110.46,0.22,0.25,55.43,11.51,94,1015,2.0,good
1.67,3.54,119.59,1.25,0.12,54.31,14.38,70,1015,0.45,good
18.6,20.06,537.19,8.98,1.25,23.92,27.49,76,1009,0.6,fair
3.12,3.79,175.39,2.07,0.42,37.99,27.53,74,1009,1.62,good
17.52,17.92,416.15,3.43,0.3,7.64,26.44,79,1010,2.55,fair
0.5,0.91,76.87,0.01,0.02,6.18,26.0,89,1009,2.57,good
2.11,6.21,67.81,0.05,0.11,45.44,25.43,77,1014,1.35,good
1.61,4.91,63.99,0.05,0.08,43.89,25.91,77,1013,1.02,good
1.96,5.56,66.65,0.05,0.09,46.12,27.66,68,1012,3.1,good
11.49,17.45,144.97,0.56,1.12,116.22,13.15,49,1017,3.99,moderate
34.69,38.76,185.78,4.28,3.25,74.1,13.67,46,1013,2.56,moderate
10.69,16.19,141.38,0.36,1.23,120.79,13.0,55,1017,3.62,moderate
21.94,26.94,169.31,8.93,1.04,90.8,12.76,82,1019,2.57,fair
22.01,25.81,164.62,5.4,3.95,107.73,12.95,50,1020,1.03,moderate
16.14,21.43,143.25,0.65,0.97,109.18,12.95,82,1019,2.57,moderate
61.34,207.64,146.11,1.4,13.96,127.12,31.2,28,1006,4.65,very_poor
63.65,215.79,151.45,1.63,13.46,128.07,31.56,38,1005,1.79,very_poor
63.65,215.79,151.45,1.63,13.46,128.07,31.48,38,1006,1.79,very_poor
2.66,8.88,95.8,0.13,0.15,48.57,28.01,78,1013,3.09,good
2.66,8.88,95.8,0.13,0.15,48.57,28.01,78,1013,3.09,good
5.02,6.95,93.98,2.1,1.72,58.87,8.28,87,1017,2.0,good
2.36,4.42,151.27,6.86,0.32,20.55,14.33,77,1014,2.0,good
1.78,1.88,127.85,0.5,0.18,51.16,11.05,93,1010,2.0,good
43.55,44.35,690.63,5.24,0.58,21.89,24.97,78,1011,2.06,moderate
12.46,13.66,458.31,6.68,0.78,35.45,24.19,83,1011,2.59,fair
9.03,10.24,341.97,3.42,0.65,46.04,23.06,87,1012,1.45,good
3.21,9.31,121.07,0.71,1.17,120.5,13.19,68,1013,10.61,moderate
2.73,6.19,120.83,1.03,1.21,112.38,15.21,73,1012,10.8,moderate
3.4,12.73,121.2,0.44,1.22,122.57,13.52,75,1014,8.67,moderate
2.69,12.26,102.19,0.45,0.46,47.07,27.93,69,1014,3.09,good
2.54,11.94,103.65,0.3,0.31,43.03,27.07,69,1014,3.09,good
0.93,2.55,125.33,0.9,0.36,29.22,26.16,91,1009,4.77,good
0.93,2.55,125.33,0.9,0.36,29.22,26.15,91,1009,0.89,good
0.93,2.55,125.33,0.9,0.36,29.22,26.08,91,1009,0.89,good
0.5,0.84,90.55,0.19,0.07,19.33,26.81,89,1012,2.69,good
1.26,2.9,119.7,0.79,0.24,19.77,23.74,95,1013,1.34,good
0.5,1.02,87.83,0.25,0.08,16.06,27.0,88,1012,2.42,good
2.25,2.42,98.02,1.22,0.23,40.75,13.07,90,1014,3.71,good
2.11,2.33,100.43,1.01,0.2,43.6,12.9,90,1014,2.58,good
2.39,2.45,92.89,1.12,0.12,37.57,12.98,87,1013,2.14,good
5.57,6.5,123.6,4.1,0.91,59.98,14.84,75,1009,1.54,good
4.65,5.39,125.16,2.62,0.45,54.64,13.18,41,1010,3.6,good
10.89,11.58,154.82,7.25,2.03,62.04,6.01,90,1010,4.89,fair
2.38,2.56,110.77,1.53,0.05,58.71,12.23,88,1011,1.54,good
2.35,2.52,110.44,1.68,0.05,56.85,11.21,91,1011,1.34,good
2.6,2.77,109.8,1.78,0.05,54.38,11.97,85,1011,1.54,good
2.29,2.48,132.15,0.68,0.28,91.6,11.68,86,1006,2.57,fair
4.15,5.1,126.86,2.31,0.28,69.87,12.26,86,1009,3.8,fair
4.55,5.08,137.1,1.68,0.91,102.87,6.95,93,1009,4.12,moderate
4.37,17.89,130.01,0.9,0.11,107.93,17.94,52,1017,3.6,moderate
20.98,28.64,141.15,1.64,5.9,113.93,16.99,65,1021,4.18,moderate
6.64,33.9,157.92,2.03,0.22,99.22,17.23,66,1019,7.24,fair
2.6,8.25,116.86,2.14,4.35,95.82,17.03,63,1018,2.57,fair
2.06,4.88,115.59,2.41,3.35,92.83,11.23,93,1018,0.0,fair
2.44,4.18,98.06,2.17,0.42,57.73,15.08,77,1017,2.57,good
5.9,7.8,122.53,0.53,0.63,104.08,15.27,87,1014,2.06,moderate
3.56,4.91,123.92,3.58,0.32,40.56,8.91,68,1015,3.09,good
5.26,6.04,123.58,1.48,0.48,53.32,11.46,58,1016,1.17,good
4.06,6.78,127.78,4.95,0.79,53.11,14.4,54,1015,2.11,good
9.59,12.24,125.6,1.31,1.65,115.68,12.88,67,1019,1.03,moderate
8.15,10.73,127.21,1.8,2.02,116.43,7.89,77,1019,1.47,moderate
11.62,15.29,134.97,3.76,3.32,115.69,7.48,93,1019,0.0,moderate
4.08,5.76,132.3,1.06,0.08,17.66,13.98,100,1019,2.06,good
3.11,5.4,93.39,0.76,0.12,20.22,23.0,94,1016,1.03,good
0.87,1.21,77.17,0.28,0.03,30.44,13.19,91,1020,1.69,good
1.6,4.11,88.27,0.01,0.07,31.54,30.98,70,1010,8.75,good
2.73,4.02,109.0,2.86,0.31,61.86,5.9,81,1018,0.51,fair
2.03,3.22,107.39,2.55,0.35,59.42,5.31,74,1018,1.32,good
1.54,2.2,102.34,1.53,0.46,67.84,8.94,65,1019,0.78,fair
16.16,49.82,152.23,0.55,0.1,27.36,28.3,54,1010,2.06,fair
4.71,8.57,156.17,0.97,0.09,19.18,30.0,45,1011,1.13,good
9.53,25.64,159.08,0.65,0.1,20.79,33.2,35,1010,2.93,fair
6.48,8.42,338.07,5.65,0.58,12.0,26.98,94,1009,3.09,good
30.33,41.34,698.9,13.15,1.05,23.53,26.81,67,1009,1.58,moderate
24.39,29.87,767.15,16.56,1.68,1.88,25.54,56,1009,1.02,fair
0.59,0.7,118.74,0.7,0.76,78.37,6.07,39,1008,3.0,fair
0.57,0.68,120.54,0.21,0.23,94.63,1.07,92,1015,3.92,fair
0.62,0.67,132.64,0.8,0.46,93.33,4.45,76,1015,5.21,fair
25.1,26.72,324.67,5.7,2.67,92.71,20.85,94,1014,6.69,moderate
20.58,22.06,282.14,0.76,0.33,108.37,20.96,94,1014,6.69,moderate
20.58,22.06,282.14,0.76,0.33,108.37,20.82,94,1014,6.69,moderate
2.65,10.66,94.4,0.12,0.12,50.61,28.08,70,1013,9.77,good
2.84,13.54,99.41,0.69,0.58,53.04,26.97,69,1015,2.57,good
2.81,13.41,98.93,0.62,0.54,51.86,26.95,69,1015,2.57,good
2.81,13.41,98.93,0.62,0.54,51.86,27.03,69,1015,2.57,good
22.94,108.15,98.49,0.72,0.44,67.65,20.96,85,1011,4.59,poor
23.53,82.49,102.13,1.84,1.18,74.81,20.93,73,1012,4.12,moderate
54.54,234.93,138.15,0.23,0.08,44.62,36.74,17,1008,3.39,very_poor
3.38,10.37,116.53,0.17,0.98,107.64,16.43,82,1020,2.06,moderate
3.38,10.37,116.53,0.17,0.98,107.64,16.31,82,1020,2.06,moderate
3.38,10.37,116.53,0.17,0.98,107.64,16.08,82,1020,2.06,moderate
0.89,3.46,62.18,0.06,0.09,53.87,20.79,90,1016,3.25,good
0.84,3.2,62.28,0.05,0.07,53.35,18.26,91,1016,0.45,good
0.84,3.2,62.28,0.05,0.07,53.35,19.21,91,1016,0.45,good
1.0,3.05,77.07,0.04,0.08,20.37,28.97,89,1008,5.14,good
3.07,4.61,84.01,0.48,0.03,16.05,16.52,76,1017,0.62,good
3.48,8.13,77.15,0.5,0.21,28.59,17.68,73,1016,1.52,good
2.4,3.46,86.32,0.72,0.04,30.93,14.78,92,1017,0.41,good
14.29,16.52,174.24,3.69,1.74,104.05,26.64,36,1007,7.72,moderate
0.64,2.1,106.78,0.13,0.15,93.69,18.77,60,1014,5.66,fair
14.7,16.75,161.29,2.31,1.5,100.52,26.97,36,1008,7.72,moderate
7.49,8.1,315.64,3.26,0.79,25.15,23.0,65,1008,1.54,good
3.42,3.77,156.49,0.4,0.13,9.19,24.88,94,1009,0.51,good
6.84,7.36,273.08,1.1,0.24,23.01,24.97,94,1008,1.54,good
13.67,18.24,138.03,3.96,5.69,35.81,25.11,73,1011,5.14,fair
13.67,18.24,138.03,3.96,5.69,35.81,24.97,69,1011,5.14,fair
3.5,9.36,81.13,0.29,0.05,21.66,22.97,83,1016,2.06,good
1.51,5.46,62.83,0.02,0.1,48.37,25.39,99,1015,2.48,good
1.51,5.46,62.83,0.02,0.1,48.37,28.87,69,1015,3.22,good
1.48,5.22,62.75,0.02,0.1,47.9,25.32,99,1015,1.29,good
21.74,65.79,148.49,0.45,0.15,46.88,35.16,36,1007,5.66,moderate
40.14,104.7,366.8,2.77,1.2,38.82,32.48,17,1007,2.34,poor
85.04,210.46,1077.41,15.38,5.0,28.8,31.75,15,1008,3.28,very_poor
1.64,4.52,96.99,0.07,0.11,19.36,28.95,77,1010,4.98,good
35.62,75.26,467.12,5.31,1.18,38.96,33.62,18,1007,2.95,moderate
5.56,14.67,221.09,1.87,0.77,15.56,24.89,92,1011,2.14,good
2.63,3.77,104.67,0.23,6.5,45.83,32.81,54,1007,8.05,good
8.55,11.51,113.24,0.45,11.18,55.91,32.17,57,1007,5.23,good
3.61,5.0,111.59,0.29,3.29,46.23,33.36,53,1007,8.05,good
16.39,17.24,171.07,23.61,1.94,33.89,12.02,88,1013,4.12,fair
13.51,14.41,170.4,29.35,2.05,31.62,11.11,81,1013,4.63,fair
20.27,21.4,163.16,21.2,2.2,45.67,11.81,86,1013,4.12,fair
0.5,0.5,131.58,0.55,0.28,96.87,3.35,65,1006,4.59,fair
0.5,1.15,134.04,0.29,0.66,98.22,0.27,93,1012,2.06,fair
0.5,0.5,124.16,0.12,0.14,84.14,0.78,92,1006,0.45,fair
37.24,44.45,537.3,8.58,6.52,65.6,14.25,100,1012,0.0,moderate
32.58,39.28,598.05,7.5,3.52,50.8,16.23,71,1013,2.55,moderate
46.39,54.41,588.92,8.6,6.58,64.24,21.47,88,1010,0.48,moderate
6.69,8.39,68.08,0.91,2.05,51.24,18.76,66,1032,3.58,good
6.98,8.84,90.09,2.04,0.61,43.34,10.51,81,1028,0.89,good
2.73,3.74,98.54,2.74,0.29,35.79,13.94,72,1031,8.75,good
35.47,128.16,110.41,0.88,1.29,96.0,30.99,30,1003,1.03,poor
34.61,124.21,112.63,1.28,1.81,105.72,31.05,30,1004,1.03,poor
33.85,122.16,110.95,1.06,1.48,104.2,31.0,30,1003,1.03,poor
2.83,3.38,123.32,0.72,0.52,58.2,28.33,88,1008,2.06,good
2.97,3.61,136.64,1.16,0.83,56.18,28.71,86,1009,2.06,good
2.97,3.61,136.64,1.16,0.83,56.18,28.9,86,1009,2.06,good
8.59,18.81,68.61,0.05,0.27,53.95,21.14,73,1012,1.54,good
8.59,18.81,68.61,0.05,0.27,53.95,22.1,73,1012,1.54,good
13.35,23.15,73.9,0.64,2.58,73.55,15.12,51,1015,4.63,fair
0.57,1.82,59.75,0.07,0.06,39.08,30.9,70,1013,2.57,good
0.54,1.67,59.92,0.08,0.06,39.52,30.96,70,1013,2.57,good
0.6,1.89,59.63,0.07,0.05,39.21,30.8,70,1013,2.57,good
2.61,10.78,60.82,0.04,0.15,41.79,26.35,84,1011,2.15,good
0.57,0.72,31.99,0.02,0.02,0.59,27.23,68,1012,1.05,good
5.26,5.56,63.3,0.18,8.02,17.65,29.88,71,1011,0.42,good
3.9,5.5,129.52,4.67,3.34,35.83,29.3,73,1011,1.34,good
35.69,37.47,615.53,11.19,2.32,23.37,28.05,78,1010,2.06,moderate
3.76,5.41,121.91,4.39,3.4,37.17,29.59,74,1011,1.34,good
37.83,48.33,422.31,4.56,6.41,97.04,19.99,83,1009,2.06,moderate
32.6,87.03,123.26,0.07,0.51,101.07,29.09,37,1003,1.54,moderate
27.81,52.91,383.02,8.77,0.79,57.9,22.08,56,1011,4.12,moderate
6.16,8.48,156.01,6.55,6.12,73.91,15.49,64,1011,1.03,fair
2.64,3.57,106.41,2.21,0.59,66.54,13.05,58,1011,1.03,fair
6.22,7.75,123.98,4.17,1.06,64.2,12.34,82,1012,1.03,fair
2.65,10.97,93.42,0.22,0.23,38.34,28.71,71,1015,3.6,good
2.65,11.94,92.88,0.18,0.21,38.16,28.35,73,1015,3.6,good
2.62,11.52,93.08,0.19,0.22,37.66,27.84,74,1015,3.6,good
5.41,30.09,119.13,0.75,1.25,106.36,16.4,57,1015,8.34,moderate
6.55,37.4,118.5,0.8,1.32,103.48,16.47,55,1016,7.97,moderate
5.41,30.09,119.13,0.75,1.25,106.36,16.31,58,1015,8.26,moderate
0.68,2.19,115.83,0.88,0.78,102.39,12.72,74,1018,2.68,moderate
0.5,1.27,120.62,0.79,0.52,97.33,11.73,87,1017,2.06,fair
0.5,1.22,121.13,0.7,0.51,98.1,9.35,94,1018,0.43,fair
4.96,5.47,121.65,1.47,0.24,20.9,23.79,83,1011,1.54,good
13.12,15.22,182.12,2.83,0.32,39.47,22.33,88,1014,2.06,fair
5.5,6.2,125.48,1.79,0.34,21.42,23.7,83,1011,1.54,good
78.16,252.62,189.57,4.49,34.92,150.95,32.97,22,1004,4.12,very_poor
78.16,252.62,189.57,4.49,34.92,150.95,32.9,22,1004,4.12,very_poor
77.35,244.24,194.68,5.95,40.37,150.42,33.03,22,1004,3.6,very_poor
0.72,1.73,61.74,0.05,0.05,48.42,22.28,77,1016,3.6,good
0.8,1.65,61.67,0.06,0.05,47.02,22.52,77,1017,0.55,good
1.48,3.42,63.72,0.05,0.08,47.25,22.82,68,1017,2.57,good
2.1,3.17,116.28,2.03,0.22,51.89,12.4,70,1015,1.03,good
3.11,5.0,119.43,3.7,0.59,52.46,14.49,49,1015,1.03,good
5.95,6.87,132.28,3.24,1.31,76.47,7.35,70,1016,1.87,fair
2.66,4.47,108.4,5.15,0.25,49.01,11.67,71,1015,2.21,good
4.02,6.9,142.36,6.51,2.72,70.49,9.99,71,1018,2.06,fair
1.87,3.0,99.73,2.53,0.13,38.19,15.34,46,1016,2.33,good
5.08,5.41,117.26,1.34,0.32,59.24,16.72,47,1008,3.5,good
6.01,6.25,128.32,0.62,0.21,93.2,8.33,88,1001,4.0,fair
1.26,1.54,131.33,0.63,0.16,52.95,4.87,75,1019,4.0,good
21.08,35.98,624.89,4.07,0.41,0.73,19.71,94,1015,1.03,fair
10.69,17.11,255.49,1.6,0.24,6.26,17.35,90,1016,1.68,fair
10.36,17.95,305.83,2.54,0.29,6.33,14.22,98,1017,0.7,fair
32.25,101.53,112.62,1.92,2.12,98.56,27.0,61,1008,7.93,poor
28.42,87.95,99.05,1.1,1.03,60.23,28.45,11,1007,5.26,moderate
36.6,109.74,122.08,8.64,29.48,78.61,26.2,51,1008,4.07,poor
0.77,2.21,62.27,0.02,0.04,21.51,30.55,65,1010,1.77,good
0.77,2.21,62.27,0.02,0.04,21.51,30.64,64,1010,1.76,good
0.75,2.12,62.29,0.02,0.04,21.38,30.23,65,1010,1.99,good
0.5,1.07,67.38,0.02,0.02,12.61,27.0,94,1008,1.54,good
27.95,121.19,102.05,0.25,0.2,67.19,34.47,9,1005,6.89,poor
27.44,114.68,101.94,0.24,0.18,64.38,33.33,10,1006,9.03,poor
27.44,114.68,101.94,0.24,0.18,64.38,33.37,10,1006,8.91,poor
0.81,1.53,129.57,0.96,0.77,101.27,9.63,54,1002,4.12,moderate
1.51,3.87,128.59,0.92,0.77,96.4,8.48,68,1009,5.14,fair
3.23,5.95,132.67,5.42,1.6,81.81,8.93,86,1012,3.07,fair
3.36,3.8,151.03,0.53,0.15,7.34,26.25,90,1009,1.03,good
3.36,3.8,151.03,0.53,0.15,7.34,26.51,91,1009,3.13,good
3.36,3.8,151.03,0.53,0.15,7.34,26.47,92,1009,3.13,good
11.9,14.42,128.43,2.5,1.14,102.13,13.11,71,1015,0.51,moderate
8.43,9.56,113.05,3.64,0.08,44.8,13.8,50,1013,3.39,good
9.72,11.04,121.11,3.5,0.49,71.3,9.56,59,1014,2.0,fair
5.79,7.05,123.15,2.84,0.96,89.04,14.93,50,1011,3.6,fair
3.54,4.4,120.11,1.42,0.62,67.42,10.97,49,1016,0.51,fair
6.18,7.45,124.21,2.52,0.99,87.92,15.13,50,1012,3.6,fair
0.73,1.29,100.49,0.51,0.28,34.43,26.59,84,1012,3.35,good
0.84,1.74,96.48,0.48,0.2,31.1,24.77,94,1013,1.08,good
1.76,3.36,115.67,0.7,0.28,28.6,24.51,93,1013,1.08,good
15.87,89.16,95.71,0.87,0.39,48.92,22.92,91,1013,2.68,moderate
23.7,76.91,123.87,1.27,0.32,60.46,24.5,66,1012,3.55,moderate
16.28,85.86,95.89,1.25,0.54,47.45,22.89,91,1013,2.68,moderate
0.9,1.95,63.85,0.03,0.06,27.65,28.49,79,1009,8.08,good
6.8,12.75,167.45,1.75,0.2,17.29,20.49,59,1011,1.8,good
1.53,4.07,95.78,0.49,0.04,16.09,24.0,64,1011,1.22,good
1.15,1.53,123.76,1.29,0.47,19.38,26.95,78,1013,4.12,good
0.98,1.24,119.41,0.84,0.28,18.4,26.96,78,1013,4.12,good
3.41,5.28,162.82,0.9,0.13,14.79,24.41,71,1008,2.15,good
11.52,25.83,134.75,0.46,0.07,26.3,32.12,29,1005,1.81,fair
6.5,10.1,155.13,0.42,0.06,3.23,21.55,80,1009,1.71,good
2.99,8.69,87.27,0.04,0.14,26.56,26.64,85,1011,2.8,good
21.19,25.37,125.95,0.26,3.03,48.12,27.27,78,1011,5.66,fair
21.19,25.37,125.95,0.26,3.03,48.12,27.94,74,1011,5.66,fair
17.8,22.7,136.66,0.31,5.95,60.62,30.92,66,1008,2.43,fair
1.18,1.82,123.75,1.17,1.75,86.59,10.67,89,1011,2.19,fair
3.66,14.86,124.31,4.18,2.32,100.79,10.63,59,1012,0.45,moderate
1.81,3.1,112.3,2.41,1.54,96.26,11.55,76,1011,4.18,fair
11.44,15.13,155.25,9.39,11.91,40.87,18.99,65,1011,2.0,fair
12.72,16.7,157.93,15.08,16.99,33.91,15.91,71,1014,2.68,fair
11.76,15.63,137.71,0.54,0.53,70.1,27.67,81,1014,1.34,fair
25.45,56.36,355.54,3.83,0.84,26.83,31.98,35,1006,1.54,moderate
2.63,3.82,107.53,0.3,0.03,16.62,31.19,29,1006,1.75,good
15.65,45.78,116.51,0.43,0.12,38.07,28.85,13,1006,2.26,fair
1.18,1.98,93.4,0.17,0.09,21.1,28.06,83,1010,0.51,good
5.46,8.91,177.13,1.77,0.29,16.18,24.03,84,1011,1.07,good
3.57,5.7,147.29,1.72,0.15,14.35,26.81,66,1010,1.95,good
7.38,8.85,244.3,3.86,1.18,27.4,27.68,68,1010,0.95,good
6.61,7.84,212.32,2.89,0.86,25.64,28.36,68,1010,0.95,good
8.82,10.7,269.84,3.83,1.02,24.1,29.44,86,1010,1.09,good
6.89,27.04,194.41,1.5,0.4,58.28,12.06,82,1016,1.0,fair
1.91,4.29,113.28,0.65,0.25,50.91,16.5,62,1014,0.53,good
2.52,6.53,127.67,0.82,0.66,60.58,14.71,61,1014,1.58,fair
1.68,3.1,163.23,1.92,0.47,9.11,28.19,63,1012,0.29,good
1.38,3.15,119.79,1.14,0.34,14.92,26.4,76,1012,1.36,good
1.15,3.11,73.85,0.34,0.13,19.56,27.29,71,1012,1.7,good
10.56,18.31,162.2,5.0,1.13,84.66,18.92,59,1007,2.06,fair
24.64,115.09,111.5,0.34,0.1,75.21,16.99,63,1011,1.03,poor
32.92,175.69,110.0,0.22,0.06,88.15,15.97,59,1011,3.09,poor
12.96,41.43,130.21,1.2,0.73,100.1,18.8,77,1016,4.12,moderate
19.26,58.22,210.51,1.82,6.53,128.95,19.08,77,1017,2.57,moderate
12.63,33.9,149.15,0.7,1.46,123.56,19.88,77,1017,5.66,moderate
3.63,11.67,62.61,0.03,0.1,53.74,26.18,83,1013,7.2,good
4.82,6.51,128.22,2.81,0.66,46.39,11.92,59,1015,2.06,good
1.77,1.83,123.65,1.12,0.5,95.63,3.89,88,1011,0.45,fair
3.17,3.87,123.41,1.18,0.6,79.93,9.57,81,1016,2.15,fair
1.96,6.98,118.57,0.42,0.07,24.77,26.26,77,1013,2.57,good
1.88,6.12,119.64,0.35,0.06,23.89,26.15,77,1013,3.39,good
1.88,6.12,119.64,0.35,0.06,23.89,26.12,77,1013,3.39,good
14.82,15.91,488.05,17.91,14.91,10.95,19.18,93,1015,3.09,fair
14.82,15.91,488.05,17.91,14.91,10.95,19.25,93,1014,3.09,fair
24.24,26.88,335.02,15.96,10.23,78.83,21.73,92,1015,2.57,fair
3.61,6.1,73.73,0.3,0.03,15.1,25.21,94,1012,1.54,good
3.08,5.48,132.3,1.21,0.09,7.34,20.36,84,1012,3.04,good
1.5,2.23,79.41,0.32,0.03,24.23,17.37,89,1015,3.13,good
2.93,3.53,109.35,1.22,1.07,60.12,15.75,50,1014,0.45,fair
3.15,4.39,128.89,2.1,0.68,55.33,11.74,57,1017,1.63,good
5.06,5.88,132.33,1.04,0.97,92.02,11.13,69,1017,2.31,fair
6.13,8.89,183.91,3.23,0.21,14.31,18.49,94,1012,0.19,good
6.13,8.89,183.91,3.23,0.21,14.31,18.29,95,1012,0.31,good
5.0,6.76,162.62,2.58,0.17,19.86,18.46,96,1012,0.17,good
4.07,5.55,144.43,3.98,1.46,115.18,19.92,45,1009,7.72,moderate
0.5,0.64,109.59,0.12,0.09,89.99,18.69,62,1013,9.26,fair
4.72,6.69,146.08,3.34,1.3,115.85,18.64,53,1009,7.72,moderate
9.6,15.12,145.85,5.0,4.56,57.16,14.88,81,1012,1.03,good
9.08,13.42,182.37,3.74,0.27,31.02,18.89,82,1011,0.0,good
7.91,12.34,143.54,3.04,0.12,23.9,15.4,88,1011,3.05,good
2.26,5.01,152.04,1.69,0.31,53.49,18.17,54,1013,2.36,good
1.43,2.71,112.97,0.19,0.1,58.17,15.12,64,1014,2.43,good
1.99,4.33,121.04,1.37,0.21,59.88,17.62,66,1014,2.07,good
2.53,11.65,114.86,0.4,0.31,32.39,26.93,83,1015,1.54,good
2.38,10.41,113.35,0.32,0.27,32.87,26.78,83,1015,1.54,good
1.48,2.7,138.87,1.83,0.49,25.01,22.67,78,1014,1.54,good
5.61,7.09,160.98,2.18,0.13,38.3,28.56,73,1009,3.96,good
3.61,5.33,159.67,1.53,0.12,18.4,27.81,65,1012,1.74,good
2.26,11.63,91.79,0.11,0.16,40.36,27.75,74,1016,2.57,good
2.07,9.08,93.74,0.2,0.18,39.83,27.14,81,1015,7.31,good
12.56,15.91,435.8,10.13,2.54,32.36,28.01,89,1009,3.6,fair
53.4,60.24,611.3,5.42,1.94,14.62,23.0,76,1014,1.21,poor
51.68,60.53,589.89,8.77,6.93,60.13,22.99,88,1014,1.03,poor
3.08,6.52,62.62,0.02,3.89,40.16,29.1,70,1012,4.63,good
0.5,1.24,62.34,0.09,0.04,17.78,29.95,78,1009,4.02,good
4.74,6.49,118.63,3.99,0.69,78.77,6.66,72,1017,1.03,fair
7.17,9.92,128.87,6.9,0.53,60.25,9.36,68,1019,2.17,fair
4.69,6.79,123.19,5.77,0.73,67.44,8.14,72,1018,0.72,fair
15.45,30.87,108.46,3.62,4.17,44.3,19.68,34,1015,1.02,fair
10.01,21.75,102.06,0.87,1.52,51.22,29.57,66,1006,4.25,fair
14.83,34.53,108.39,2.66,2.68,52.06,25.26,35,1011,1.39,fair
1.67,4.0,66.89,0.05,0.06,45.56,25.89,89,1012,2.06,good
1.67,4.0,66.89,0.05,0.06,45.56,25.84,89,1012,2.06,good
1.67,4.0,66.89,0.05,0.06,45.56,25.76,89,1012,2.06,good
6.5,8.99,158.02,4.33,2.13,32.23,13.97,92,1014,3.45,good
0.5,1.83,63.21,0.04,0.1,53.61,12.03,91,1013,3.6,good
27.53,37.63,181.11,1.81,1.51,68.95,23.07,81,1010,4.28,moderate
1.78,2.76,87.11,0.49,0.09,18.39,17.05,82,1015,2.61,good
2.17,3.28,98.44,0.68,0.26,17.4,19.65,67,1014,1.13,good
1.97,2.8,88.24,0.49,0.27,20.67,17.22,73,1015,2.19,good
9.19,12.41,170.79,3.13,1.31,27.41,13.79,89,1017,2.93,good
13.83,15.51,124.48,1.82,0.27,21.82,18.36,59,1015,1.95,fair
9.15,11.85,162.1,2.94,1.17,29.18,14.95,81,1017,3.27,good
0.5,1.17,114.61,1.24,0.06,74.49,6.7,89,1013,1.34,fair
0.5,1.17,114.61,1.24,0.06,74.49,6.92,89,1013,1.34,fair
94.25,238.76,405.01,8.74,4.78,88.57,30.84,38,1005,4.47,very_poor
84.47,293.69,233.49,1.13,1.23,117.97,28.02,69,1005,0.51,very_poor
84.93,205.6,368.22,9.4,5.86,97.47,31.0,48,1005,2.06,very_poor
4.02,7.42,307.67,2.68,0.07,50.7,14.31,41,1012,0.24,good
11.48,30.67,238.7,1.26,0.22,70.06,21.62,21,1011,2.07,fair
4.9,12.08,113.36,0.95,0.16,70.77,22.45,30,1011,2.02,fair
2.14,10.1,100.72,1.06,0.83,46.39,25.66,79,1017,3.6,good
17.81,23.7,114.23,1.52,4.0,104.04,11.51,71,1017,2.06,moderate
13.87,20.63,113.24,1.31,3.18,102.71,12.23,78,1017,2.86,moderate
12.08,18.96,111.76,0.64,1.82,102.27,14.09,71,1017,4.0,moderate
9.83,37.41,112.43,3.31,1.23,93.68,9.09,66,1008,1.03,fair
6.87,28.77,109.21,2.54,0.17,46.9,4.84,81,1011,2.06,fair
6.84,27.31,108.55,2.77,0.27,59.15,5.86,92,1012,1.59,fair
11.42,45.81,65.67,0.04,0.18,39.06,25.0,88,1011,2.06,fair
32.15,146.76,71.46,0.36,0.08,29.15,14.92,82,1015,1.54,poor
4.66,6.0,97.58,1.83,0.09,18.81,17.89,82,1013,2.06,good
12.99,18.73,176.22,5.47,1.11,32.27,20.25,87,1013,4.12,fair
14.34,22.18,193.08,3.6,0.17,51.51,21.45,83,1010,3.6,fair
11.69,17.81,254.88,6.38,0.55,27.87,22.95,94,1010,2.57,fair
2.67,3.56,117.86,2.96,0.54,68.12,16.05,66,1006,5.14,fair
1.66,1.91,117.6,1.26,0.32,94.18,11.61,84,1009,2.06,fair
4.19,4.63,118.35,2.7,0.05,52.88,13.66,86,1009,3.09,good
0.64,1.18,70.76,1.08,0.28,21.35,16.98,66,1020,3.09,good
0.75,1.99,63.62,0.56,0.28,39.83,15.18,65,1020,3.6,good
1.76,1.82,62.35,0.73,0.1,31.53,22.8,81,1019,3.6,good
5.43,19.41,139.89,2.36,2.17,48.05,27.97,74,1011,11.32,good
5.43,19.41,139.89,2.36,2.17,48.05,27.83,79,1011,11.32,good
5.43,19.41,139.89,2.36,2.17,48.05,27.89,74,1011,11.32,good
3.35,7.55,128.83,1.78,0.6,76.54,12.03,87,1012,4.12,fair
3.41,8.76,128.89,2.16,0.69,72.69,12.63,87,1013,6.57,fair
2.9,5.86,104.78,0.99,0.03,56.16,11.48,100,1011,1.03,good
32.18,36.26,120.14,1.24,2.52,98.42,10.95,76,1016,0.51,moderate
13.85,15.46,117.16,1.24,0.79,96.2,11.74,71,1013,2.06,fair
17.64,19.59,122.19,1.36,0.97,89.54,9.84,72,1016,2.28,fair
3.38,16.95,120.09,0.04,0.12,27.41,27.27,78,1016,6.17,good
13.31,18.99,322.75,8.86,1.85,3.95,23.99,94,1008,1.03,fair
0.89,2.32,100.39,0.04,0.04,28.12,24.51,90,1009,2.46,good
17.05,23.77,368.51,10.51,2.33,1.95,24.0,94,1008,1.03,fair
6.54,6.65,141.88,4.99,0.42,71.61,9.74,89,1009,3.09,fair
6.17,6.55,139.26,6.22,0.88,79.05,10.48,84,1009,3.6,fair
7.96,8.9,141.56,6.3,1.44,87.81,9.83,82,1009,4.43,fair
17.22,43.28,192.67,2.59,0.2,25.51,33.06,46,1006,4.12,fair
4.69,6.88,159.03,1.6,0.12,14.91,31.25,58,1007,3.6,good
11.83,31.87,182.67,1.15,0.23,26.13,36.2,20,1006,1.89,fair
6.13,7.09,112.28,2.42,1.08,56.3,9.83,71,1016,2.57,good
5.88,6.72,115.56,1.38,0.56,70.75,12.11,62,1016,4.63,fair
6.5,7.28,120.43,2.11,0.61,57.18,6.96,76,1016,1.03,good
82.35,240.35,271.4,6.67,27.34,154.41,29.98,62,1005,2.57,very_poor
85.1,253.12,256.81,4.42,26.28,170.34,29.97,62,1005,2.57,very_poor
81.49,253.97,234.55,3.47,22.03,166.71,29.79,58,1005,3.54,very_poor
2.12,3.19,120.47,0.71,0.08,9.76,21.38,86,1013,1.46,good
5.17,8.56,221.47,2.54,0.59,20.11,14.76,94,1015,1.68,good
13.37,21.81,434.37,5.04,1.21,15.93,13.45,96,1014,0.87,fair
1.21,3.84,100.92,0.06,0.12,19.47,27.56,84,1010,4.64,good
1.22,3.83,100.08,0.06,0.12,19.5,26.66,87,1010,3.61,good
1.32,4.34,100.54,0.06,0.13,19.33,26.76,86,1010,4.0,good
0.74,0.9,88.87,0.55,0.26,5.13,27.03,94,1009,1.03,good
0.74,0.9,88.87,0.55,0.26,5.13,26.99,94,1009,1.03,good
0.62,0.72,73.6,0.3,0.14,3.74,27.0,94,1009,1.03,good
2.3,2.84,68.64,1.4,0.2,50.6,12.99,32,1017,2.06,good
0.93,1.12,82.35,0.4,0.04,16.18,26.01,78,1010,6.17,good
3.36,4.14,79.97,1.96,0.47,51.51,21.84,26,1014,2.57,good
52.11,81.75,257.93,2.54,1.34,49.72,23.69,75,1023,2.57,poor
4.34,19.89,62.84,0.15,0.12,59.26,24.94,78,1019,2.57,good
4.68,7.39,113.34,5.14,0.66,36.18,22.44,68,1022,2.57,good
4.01,4.95,134.64,0.15,0.06,52.81,26.99,78,1015,4.12,good
4.89,7.22,136.04,0.76,0.71,99.13,25.63,76,1015,2.44,fair
4.89,7.22,136.04,0.76,0.71,99.13,25.62,76,1015,2.89,fair
78.03,85.01,1083.87,23.78,2.25,5.5,6.33,89,1016,1.55,very_poor
79.69,83.89,766.86,12.6,4.81,26.3,21.13,87,1010,2.34,very_poor
78.73,84.91,994.51,18.14,3.93,4.82,16.07,94,1012,1.88,very_poor
1.04,4.82,65.14,0.57,0.1,41.3,11.95,82,1014,4.63,good
1.11,1.43,77.18,0.23,0.08,36.18,19.65,77,1010,4.68,good
1.04,4.82,65.14,0.57,0.1,41.3,11.86,82,1014,4.63,good
4.89,5.54,110.82,1.66,0.31,63.69,8.92,94,1009,1.62,fair
1.82,2.32,106.12,1.21,0.61,54.42,14.99,51,1010,3.0,good
5.41,6.32,121.42,2.85,2.18,73.55,12.0,93,1009,2.23,fair
2.96,11.74,89.23,0.17,0.11,34.27,29.45,1,1011,3.6,good
2.67,11.35,86.52,0.15,0.13,35.82,28.52,78,1011,7.58,good
2.29,8.94,87.43,0.23,0.2,37.64,28.48,67,1011,4.32,good
3.78,3.97,160.42,8.56,1.58,75.78,10.87,64,1007,4.63,fair
2.42,2.45,142.12,1.41,0.55,96.23,16.97,43,1003,10.29,fair
0.82,0.89,109.53,0.31,0.32,88.95,11.29,30,1017,5.66,fair
2.63,3.88,131.79,0.6,0.08,6.17,23.2,94,1010,1.03,good
5.53,7.35,144.83,0.74,0.44,9.73,16.51,80,1012,0.64,good
1.45,2.17,91.57,0.23,0.03,2.94,22.4,84,1010,0.73,good
0.54,0.64,72.89,0.03,0.0,3.12,26.1,94,1009,1.54,good
0.54,0.64,72.89,0.03,0.0,3.12,25.96,94,1008,1.54,good
0.57,0.72,77.3,0.04,0.0,3.7,25.72,94,1008,1.54,good
2.63,3.88,131.79,0.6,0.08,6.17,23.2,94,1010,1.03,good
7.96,25.03,74.02,0.18,0.17,34.83,26.04,100,1011,2.57,fair
8.95,23.57,104.14,1.0,0.22,27.09,22.42,98,1011,1.2,fair
4.44,4.6,122.72,2.26,0.17,61.01,11.73,86,1010,1.03,fair
1.41,1.86,103.58,2.44,0.12,22.2,11.19,93,1010,1.03,good
1.29,1.58,125.78,4.25,0.27,38.68,11.73,85,1010,1.54,good
1.46,3.27,97.01,0.12,0.12,19.04,28.72,89,1011,3.09,good
1.45,3.26,95.94,0.13,0.12,18.93,28.31,89,1011,3.09,good
3.03,6.33,145.57,1.54,0.23,8.13,24.91,75,1011,2.18,good
5.0,8.42,115.92,2.91,0.31,37.54,17.91,66,1014,3.6,good
9.73,13.6,190.3,6.36,0.51,40.89,16.25,60,1014,1.11,good
5.0,8.42,115.92,2.91,0.31,37.54,17.09,64,1014,3.6,good
2.89,4.25,108.27,0.04,0.05,23.71,25.95,94,1010,1.54,good
2.42,2.7,110.7,0.5,0.13,12.69,21.74,88,1012,3.09,good
7.78,11.92,191.63,1.05,0.13,3.06,19.14,91,1013,1.45,good
31.01,43.11,276.27,16.52,16.72,48.27,19.92,64,1014,5.0,moderate
73.71,87.52,314.27,17.83,22.11,58.39,19.94,47,1003,2.33,poor
8.34,14.98,210.71,2.53,3.97,99.04,21.94,92,1013,2.38,fair
0.65,1.01,131.78,2.69,0.26,16.69,15.61,72,1017,1.92,good
5.41,5.93,128.49,2.86,1.0,18.16,27.03,65,1011,4.63,good
8.38,9.05,152.46,4.4,6.84,10.04,26.99,50,1014,2.57,good
0.89,1.08,96.37,0.63,0.22,35.45,21.24,92,1015,1.54,good
1.72,1.98,131.57,2.3,0.31,38.74,27.93,89,1011,5.14,good
0.7,0.92,91.32,0.61,0.24,31.84,22.85,89,1014,1.79,good
2.1,5.0,105.25,0.53,0.31,36.39,30.24,62,1014,3.6,good
3.99,7.49,103.85,0.26,0.34,54.49,28.16,78,1015,3.09,good
3.46,9.37,103.99,0.14,0.15,48.56,24.19,94,1015,2.06,good
7.99,26.27,96.87,0.28,0.3,55.37,24.27,69,1015,2.57,fair
5.5,19.38,98.38,0.25,0.26,57.6,22.75,78,1016,4.12,good
6.14,21.04,97.53,0.25,0.31,61.05,22.02,83,1015,4.63,fair
6.55,15.88,144.82,1.73,1.46,53.15,27.53,77,1012,6.17,good
6.55,15.88,144.82,1.73,1.46,53.15,27.61,77,1012,6.17,good
1.78,3.5,122.82,0.3,0.72,113.49,9.76,87,1014,2.57,moderate
2.52,5.59,120.16,0.23,1.04,115.16,12.96,67,1014,2.06,moderate
1.79,3.72,122.94,0.33,0.74,114.11,12.36,76,1014,3.09,moderate
1.84,2.11,114.02,2.01,0.25,78.76,13.44,93,1006,2.24,fair
2.32,2.93,124.16,3.01,1.42,85.2,15.86,56,1005,4.02,fair
2.41,2.85,115.87,1.14,0.49,99.14,16.97,51,1006,4.63,fair
4.37,4.59,129.26,4.3,1.16,57.07,12.88,85,1007,4.12,good
3.15,3.8,128.35,2.61,0.77,80.05,9.93,76,1010,5.14,fair
3.28,3.52,118.8,2.82,0.17,72.58,11.57,92,1009,0.45,fair
8.56,26.26,121.58,0.69,0.08,32.12,29.62,73,1007,1.99,fair
12.45,25.96,261.95,2.39,0.29,28.92,25.51,66,1009,2.42,fair
12.04,29.52,225.37,1.92,0.24,32.49,28.3,55,1008,4.3,fair
2.47,3.18,138.1,4.68,1.8,99.93,6.19,77,1011,4.38,fair
1.85,2.51,135.21,2.71,0.31,78.01,5.93,78,1013,2.5,fair
2.4,3.18,130.26,2.44,0.62,87.04,5.78,76,1012,2.75,fair
2.56,11.99,112.52,1.76,1.11,31.15,27.01,79,1017,5.01,good
3.94,19.05,92.11,0.14,0.28,55.3,28.37,73,1016,2.57,good
3.56,12.4,106.33,2.13,0.39,25.89,28.11,61,1015,5.14,good
3.94,19.05,92.11,0.14,0.28,55.3,29.71,70,1016,2.57,good
2.26,3.07,135.27,7.56,0.22,41.34,13.37,94,1012,0.51,good
3.2,6.48,116.8,6.09,0.64,61.1,14.93,72,1013,2.06,fair
4.03,13.57,115.69,4.53,0.32,76.35,13.57,80,1013,1.6,fair
5.99,6.3,246.69,10.91,1.89,18.22,12.53,89,1015,0.84,good
14.01,43.76,87.2,0.48,0.36,41.3,27.93,83,1009,3.09,fair
4.57,6.51,273.08,14.08,1.31,8.67,17.95,59,1018,2.57,good
0.76,1.14,133.51,0.44,0.18,88.31,3.24,94,1009,3.6,fair
0.93,1.4,130.99,0.55,0.15,86.49,2.14,69,1011,1.54,fair
0.5,0.57,131.59,0.51,0.24,94.75,3.21,75,1009,4.68,fair
5.47,23.96,126.03,3.06,7.41,113.96,16.42,51,1016,3.09,moderate
3.63,12.05,118.68,0.78,0.78,96.67,14.9,67,1017,2.06,fair
4.75,20.43,121.85,2.36,6.0,120.19,16.42,52,1016,4.1,moderate
15.54,88.38,108.46,0.22,0.53,80.0,19.98,68,1013,8.23,moderate
13.91,47.35,107.93,0.84,0.54,63.44,19.01,88,1013,5.66,fair
5.22,15.32,107.25,0.25,0.4,73.02,18.53,84,1013,8.77,fair
12.11,20.96,208.66,3.02,0.34,39.07,17.16,70,1013,1.58,fair
8.95,16.3,119.46,0.77,0.3,56.17,23.26,64,1010,2.98,good
9.53,16.23,136.96,0.75,0.18,45.11,33.16,27,1005,4.34,good
0.5,0.54,110.3,0.72,0.01,64.52,11.27,59,1013,2.06,fair
1.23,2.98,115.06,0.88,0.57,93.41,15.18,62,1011,2.57,fair
2.7,6.87,124.55,4.62,0.19,61.24,16.84,61,1012,1.54,fair
29.72,49.89,566.07,6.57,0.94,23.26,15.49,72,1015,3.09,moderate
2.74,6.57,116.84,1.12,0.09,11.23,19.24,79,1012,1.74,good
22.88,35.34,377.51,5.35,0.54,26.22,19.58,55,1012,1.49,fair
0.76,1.11,135.79,1.69,0.53,82.59,2.47,74,1008,4.12,fair
0.93,1.24,134.68,2.49,0.97,86.95,2.47,75,1009,3.58,fair
0.5,0.69,141.58,1.5,0.32,75.67,-0.18,84,1008,3.6,fair
4.64,15.39,64.98,0.02,0.11,55.81,27.94,74,1011,5.66,good
4.64,15.39,64.98,0.02,0.11,55.81,27.99,74,1011,5.66,good
3.7,11.03,64.11,0.02,0.1,54.77,28.83,61,1010,4.12,good
3.2,3.39,135.38,3.02,0.13,34.99,11.51,96,1008,5.14,good
2.03,3.92,117.51,0.44,0.45,89.29,15.25,88,1009,2.86,fair
0.58,0.79,101.98,1.62,0.04,21.95,12.11,93,1010,3.6,good
6.14,12.21,92.98,0.14,0.14,24.22,25.76,87,1010,3.76,good
5.91,16.48,89.59,0.05,0.19,28.05,24.98,94,1011,1.54,good
2.14,2.32,93.73,0.24,0.01,8.05,21.53,98,1011,1.28,good
1.65,3.27,128.83,6.63,3.41,96.45,11.05,72,1012,4.12,fair
3.83,4.28,131.57,4.67,1.51,79.37,8.48,77,1015,3.09,fair
0.56,1.26,132.68,1.56,0.62,95.09,6.65,67,1018,4.12,fair
1.75,3.73,105.88,2.5,0.07,64.52,12.08,94,1013,3.09,fair
4.51,4.9,118.68,5.1,1.13,65.93,11.99,94,1015,0.0,fair
3.0,3.33,120.64,4.51,0.61,66.47,10.33,95,1014,0.91,fair
4.58,13.79,118.15,0.1,0.06,20.92,27.99,78,1014,5.14,good
4.58,13.79,118.15,0.1,0.06,20.92,27.99,78,1014,5.14,good
1.53,2.23,98.79,0.09,0.04,7.47,24.01,91,1014,1.28,good
8.11,9.96,128.57,2.6,1.22,82.48,11.61,93,1012,2.57,fair
1.65,3.12,110.14,0.72,0.13,11.46,23.1,97,1012,0.73,good
1.35,3.67,99.34,0.14,0.22,20.21,29.23,79,1011,4.12,good
6.4,7.8,162.1,1.53,0.22,33.17,29.29,48,1008,4.0,good
1.85,4.92,114.41,2.61,0.53,70.46,16.11,75,1013,5.66,fair
15.88,66.77,94.43,1.72,0.59,39.24,23.08,94,1014,2.06,moderate
15.57,71.18,94.29,1.7,0.6,38.65,23.02,94,1013,2.06,moderate
15.88,66.77,94.43,1.72,0.59,39.24,23.01,94,1014,2.06,moderate
13.4,29.91,109.23,0.49,0.36,37.61,28.04,83,1013,2.06,fair
13.4,29.91,109.23,0.49,0.36,37.61,28.05,83,1013,2.06,fair
4.86,7.55,165.65,0.71,0.14,5.73,21.35,98,1013,0.82,good
2.51,12.0,103.05,0.54,0.45,41.82,26.82,74,1017,4.12,good
2.5,11.89,103.44,0.54,0.41,38.81,26.94,74,1017,4.12,good
2.5,11.89,103.44,0.54,0.41,38.81,27.02,74,1017,4.12,good
4.56,9.27,96.22,0.13,0.16,23.83,25.92,100,1011,1.54,good
2.68,5.27,107.84,0.05,0.09,22.72,24.95,100,1011,0.0,good
4.26,4.98,103.16,0.77,0.25,10.63,21.9,99,1012,1.59,good
24.76,28.15,110.43,1.37,2.36,83.14,16.56,66,1015,0.89,fair
6.97,7.86,114.87,1.87,2.71,83.63,16.7,62,1015,1.54,fair
13.27,17.62,113.15,0.52,1.57,100.51,17.14,70,1018,2.55,moderate
19.54,22.89,165.19,0.58,1.31,55.02,24.17,81,1011,5.14,fair
17.13,19.95,148.15,0.4,0.88,54.04,22.47,89,1012,4.92,fair
16.23,19.05,160.24,0.46,1.05,54.2,19.83,89,1012,2.67,fair
3.5,8.38,98.94,0.06,0.08,46.23,27.98,89,1012,10.29,good
3.5,8.38,98.94,0.06,0.08,46.23,27.5,89,1012,10.29,good
3.45,8.05,99.11,0.06,0.08,47.68,28.47,88,1012,10.29,good
15.54,91.82,94.23,0.49,0.32,47.71,27.06,44,1015,2.57,moderate
18.55,82.65,101.34,0.16,0.1,42.71,23.69,88,1014,3.02,moderate
18.0,91.47,97.69,0.16,0.12,46.39,24.8,85,1015,4.02,moderate
1.61,1.69,124.1,1.13,0.29,11.31,25.13,92,1014,3.59,good
0.59,0.6,116.89,0.34,0.03,12.08,23.26,94,1014,1.39,good
0.93,1.01,122.61,0.37,0.07,16.14,25.34,84,1014,2.61,good
7.95,15.0,198.01,1.73,2.21,103.0,22.19,85,1013,5.81,moderate
7.95,15.0,198.01,1.73,2.21,103.0,22.31,86,1013,5.81,moderate
8.27,15.44,199.55,1.82,2.18,102.51,22.17,89,1013,6.17,moderate
21.31,23.11,143.69,0.78,5.22,57.85,30.81,33,1013,1.03,fair
6.0,8.61,294.41,7.14,1.52,49.47,31.69,62,1011,6.69,good
3.35,5.38,169.47,3.21,0.41,48.5,31.9,74,1011,4.12,good
5.78,6.24,115.68,0.58,0.14,104.38,11.82,76,1012,3.09,moderate
34.06,41.06,141.44,4.23,2.25,95.47,14.06,67,1015,2.06,moderate
9.13,12.32,134.54,2.93,1.56,108.91,16.51,72,1014,1.03,moderate
3.25,17.19,89.95,0.11,0.24,50.75,30.93,51,1015,5.66,good
3.18,16.4,90.13,0.12,0.23,51.92,30.43,51,1015,5.66,good
8.6,14.7,144.19,0.57,0.46,65.16,27.39,73,1015,2.95,fair
3.52,3.92,116.65,0.78,0.3,93.7,16.35,61,1010,2.06,fair
7.07,8.53,123.76,3.43,1.85,58.87,10.88,58,1012,3.09,good
4.25,5.61,116.46,4.13,0.81,49.1,14.49,58,1012,3.7,good
11.66,14.73,322.24,3.08,0.63,32.7,26.49,92,1010,1.34,fair
2.04,4.14,113.11,1.37,0.35,25.26,26.12,94,1010,1.54,good
11.66,14.73,322.24,3.08,0.63,32.7,26.02,94,1009,0.0,fair
2.0,2.89,125.26,2.79,1.46,80.62,6.11,87,1016,3.09,fair
0.69,1.16,121.99,0.55,0.4,89.68,9.87,87,1016,3.09,fair
1.12,2.83,125.16,0.86,0.61,87.41,8.97,85,1017,2.03,fair
5.29,21.32,116.4,0.96,1.09,102.54,11.51,88,1015,0.89,moderate
4.78,18.96,119.8,2.88,1.47,99.93,16.74,67,1016,1.54,fair
3.25,8.62,117.75,0.25,1.36,113.58,13.46,75,1015,1.22,moderate
0.75,1.56,127.85,1.06,0.76,110.02,8.88,81,1016,5.66,moderate
23.09,61.48,117.94,0.08,0.48,69.56,29.01,65,1009,2.57,moderate
88.74,108.22,704.49,10.2,2.17,53.26,22.03,83,1008,1.54,very_poor
35.49,47.58,402.45,11.14,2.81,37.52,22.61,82,1010,5.36,moderate
17.84,99.96,152.16,3.39,0.89,87.36,17.95,45,1011,2.06,moderate
28.0,167.52,124.22,0.37,0.22,101.79,12.9,81,1013,2.24,poor
49.57,295.85,138.64,3.81,6.64,92.56,10.85,71,1011,4.12,very_poor
14.38,39.85,207.34,13.78,1.98,47.97,23.99,25,1011,2.06,fair
11.3,33.55,122.6,1.56,0.5,90.29,19.08,45,1010,3.09,fair
22.35,78.48,113.43,2.8,1.13,64.93,19.99,27,1011,1.55,moderate
0.5,0.5,137.1,0.06,0.12,112.0,1.81,64,1021,7.2,moderate
0.5,0.5,137.1,0.06,0.12,112.0,1.84,64,1021,7.2,moderate
0.5,0.5,137.1,0.06,0.12,112.0,1.93,64,1022,7.2,moderate
15.84,20.08,119.79,0.3,1.41,110.79,17.23,69,1016,2.57,moderate
3.33,4.44,125.95,2.39,0.35,41.76,13.45,94,1012,2.06,good
10.69,12.41,115.0,0.5,1.06,107.72,15.07,54,1016,2.06,moderate
11.49,12.89,130.23,1.97,0.92,80.31,12.7,80,1012,2.06,fair
2.77,14.53,84.76,0.16,0.24,56.18,28.53,70,1015,7.2,good
2.94,15.52,85.02,0.15,0.25,55.88,28.13,72,1015,7.2,good
2.94,15.52,85.02,0.15,0.25,55.88,28.3,72,1015,7.2,good
4.43,16.54,121.88,1.04,0.91,107.85,11.05,76,1017,3.09,moderate
3.37,11.63,124.16,0.88,1.24,120.4,11.95,76,1017,3.09,moderate
5.39,16.41,133.41,6.79,2.51,100.8,11.74,81,1016,3.25,moderate
2.9,10.16,174.96,1.27,4.01,117.0,17.89,61,1023,1.54,moderate
2.96,9.68,174.41,1.22,3.25,115.43,18.73,71,1023,1.54,moderate
2.22,3.43,151.67,1.34,0.59,124.99,16.11,62,1021,4.12,moderate
0.67,0.83,95.03,0.48,0.09,29.25,16.62,94,1015,1.54,good
13.05,23.98,383.67,4.13,0.45,11.79,15.59,89,1012,2.01,fair
8.88,14.58,247.29,2.44,0.43,17.58,26.23,89,1010,2.06,good
2.66,2.86,97.4,2.8,0.31,52.94,13.11,79,1016,3.04,good
1.93,5.93,96.73,0.26,0.29,63.16,14.51,72,1017,2.0,fair
2.02,5.03,106.44,1.28,0.2,56.67,17.16,69,1017,0.89,good
35.71,37.88,869.54,15.52,2.46,20.18,28.36,71,1009,2.36,moderate
9.66,10.44,362.54,5.42,0.82,35.54,27.91,72,1009,1.27,good
25.28,26.11,504.27,3.96,0.3,3.56,28.99,59,1009,1.68,moderate
0.5,0.5,68.46,0.01,0.01,11.61,26.0,94,1010,2.57,good
2.28,7.16,66.03,0.06,0.12,49.55,25.91,79,1012,0.37,good
1.99,6.27,65.33,0.06,0.1,49.14,25.33,75,1011,1.54,good
2.04,6.36,66.31,0.05,0.11,51.86,27.16,64,1011,2.83,good
35.49,47.53,191.61,0.55,1.27,124.35,16.81,54,1015,4.98,moderate
54.56,59.26,205.44,9.01,6.78,97.95,19.46,43,1011,2.23,poor
34.95,48.27,185.09,0.34,1.1,125.9,16.95,62,1014,5.94,moderate
29.04,34.22,188.42,6.73,2.34,116.7,15.76,55,1017,2.57,moderate
12.03,16.52,150.11,0.85,2.6,127.25,14.95,63,1019,1.03,moderate
24.23,30.02,173.37,1.59,1.58,122.29,15.95,55,1017,2.57,moderate
65.79,324.35,139.02,1.13,7.81,131.69,27.86,35,1008,9.46,very_poor
61.76,307.51,139.92,0.99,6.95,135.69,28.22,45,1008,6.26,very_poor
61.76,307.51,139.92,0.99,6.95,135.69,28.14,45,1008,6.26,very_poor
2.9,10.68,91.66,0.14,0.2,46.39,30.01,62,1013,3.6,good
2.9,10.68,91.66,0.14,0.2,46.39,30.01,62,1013,3.6,good
5.74,11.01,95.69,1.49,0.64,73.05,11.28,71,1018,1.0,fair
4.22,9.27,138.68,5.32,0.7,58.87,14.33,72,1015,4.0,good
2.91,4.68,113.8,0.25,0.05,65.59,11.05,87,1010,4.0,fair
44.14,46.57,986.37,13.24,2.62,10.27,22.97,78,1010,1.03,moderate
73.12,79.12,1679.74,21.57,2.39,2.69,26.58,77,1010,1.5,poor
54.88,59.47,1231.94,12.36,1.89,3.41,25.06,85,1010,1.11,poor
1.9,5.79,120.66,1.92,1.31,116.38,12.08,69,1015,2.84,moderate
2.28,5.27,134.83,3.36,1.91,93.01,14.45,78,1014,2.27,fair
2.61,7.46,120.12,0.98,1.48,116.72,12.41,68,1015,1.26,moderate
2.56,10.68,115.54,0.5,0.46,33.76,27.28,75,1016,7.13,good
2.69,11.16,116.38,0.39,0.39,35.19,26.42,100,1016,6.75,good
0.89,2.81,118.07,0.82,0.47,51.35,26.72,91,1008,1.84,good
0.89,2.81,118.07,0.82,0.47,51.35,26.71,91,1008,0.45,good
0.89,2.81,118.07,0.82,0.47,51.35,26.64,91,1008,0.45,good
0.53,1.2,91.41,0.29,0.13,22.2,26.54,86,1012,4.03,good
1.32,3.34,117.17,0.91,0.3,21.37,23.57,98,1013,1.15,good
0.5,0.87,81.79,0.16,0.07,16.79,26.89,84,1012,3.41,good
0.5,0.52,61.85,0.36,0.06,46.3,5.82,91,1012,1.46,good
0.69,0.78,69.83,0.67,0.18,42.05,7.11,92,1011,3.08,good
0.5,0.5,66.59,0.52,0.04,41.2,6.45,88,1011,3.45,good
3.2,3.5,122.57,2.23,0.68,57.36,11.79,77,1009,4.63,good
2.36,2.73,121.05,1.6,0.51,74.17,9.18,93,1010,1.54,fair
1.85,2.32,128.56,2.57,1.08,74.75,2.01,76,1011,3.46,fair
0.55,0.63,113.66,1.16,0.03,42.29,12.04,95,1006,2.57,good
0.56,0.62,113.69,1.13,0.03,45.02,11.86,95,1006,4.02,good
0.54,0.58,112.6,1.15,0.03,43.83,11.74,95,1007,2.57,good
1.61,2.74,132.25,1.61,0.5,76.76,6.12,72,1011,1.03,fair
1.38,1.64,114.87,1.16,0.11,64.37,10.15,60,1010,3.16,fair
2.65,3.98,129.79,1.73,0.9,80.28,0.95,100,1012,1.03,fair
12.72,56.09,130.96,0.75,0.13,123.75,22.94,27,1011,9.26,moderate
19.06,50.91,191.85,2.91,1.4,102.28,18.64,48,1017,4.08,moderate
19.7,82.55,135.07,1.14,0.28,110.12,18.52,64,1014,8.0,moderate
2.53,8.73,115.92,2.02,3.62,95.69,17.16,59,1015,2.06,fair
2.24,5.06,114.34,2.54,3.59,92.2,14.23,77,1015,0.0,fair
3.03,5.6,98.98,2.15,0.53,64.38,13.08,82,1015,2.57,fair
1.7,2.99,115.7,0.45,0.52,94.48,14.81,94,1010,4.63,fair
5.48,6.65,133.77,2.31,1.33,81.72,12.8,48,1015,2.57,fair
4.44,5.01,128.92,0.87,1.01,82.16,11.01,57,1015,1.8,fair
3.98,5.46,118.56,2.06,0.54,66.54,12.76,65,1013,3.25,fair
28.89,36.38,114.87,1.58,6.16,102.94,13.88,62,1017,3.09,moderate
35.25,43.6,118.63,1.94,6.76,100.08,7.59,76,1018,1.46,moderate
39.27,48.19,125.98,3.29,7.18,93.56,9.48,100,1017,0.0,moderate
6.7,10.7,172.29,1.85,0.12,13.08,14.98,100,1018,2.06,good
2.61,3.78,98.7,0.98,0.16,19.52,23.0,94,1014,1.54,good
3.32,4.45,106.91,0.88,0.09,16.97,12.61,95,1018,1.4,good
0.82,1.96,93.25,0.01,0.04,45.85,28.98,79,1011,2.57,good
4.73,5.64,102.54,1.34,0.07,60.83,9.9,71,1015,1.03,fair
3.54,4.54,100.58,1.43,0.06,53.88,9.31,65,1015,0.66,good
12.05,13.19,99.58,1.71,0.34,54.82,10.52,77,1016,1.26,fair
19.38,56.21,165.12,0.83,0.14,19.3,29.3,37,1008,1.03,moderate
10.54,24.06,153.97,1.15,0.09,18.85,30.65,38,1008,2.32,fair
17.21,50.79,158.73,0.73,0.1,17.56,35.41,21,1006,2.66,moderate
13.79,17.36,506.06,7.23,0.87,9.39,26.98,83,1009,1.03,fair
8.85,13.38,237.02,2.94,0.36,42.76,29.83,51,1006,3.05,good
19.99,25.34,655.34,13.32,1.66,7.79,28.12,54,1008,2.43,fair
0.5,0.5,115.72,0.14,0.16,84.32,-1.93,59,1027,3.0,fair
0.5,0.5,117.6,0.52,0.02,55.33,0.31,43,1027,1.7,good
0.5,0.5,118.35,0.31,0.03,69.99,4.18,41,1027,0.78,fair
8.92,16.31,202.62,1.99,2.13,101.54,22.85,88,1013,3.6,moderate
8.5,16.22,189.96,0.79,0.34,107.11,22.96,88,1012,3.6,moderate
8.5,16.22,189.96,0.79,0.34,107.11,22.82,88,1013,3.6,moderate
5.38,13.1,100.44,0.17,0.12,35.14,28.08,79,1013,9.77,good
2.01,8.84,113.94,0.66,0.46,31.26,26.97,78,1017,4.63,good
2.02,9.1,113.82,0.59,0.43,30.18,26.95,78,1017,4.63,good
2.02,9.1,113.82,0.59,0.43,30.18,27.03,78,1017,4.63,good
17.65,54.79,105.32,0.63,0.61,79.48,20.96,85,1012,6.05,moderate
12.65,56.31,105.88,1.82,1.17,75.69,19.93,88,1012,6.69,moderate
61.94,263.71,132.49,0.34,0.22,49.15,31.57,39,1009,5.54,very_poor
15.19,33.94,117.92,0.15,1.62,110.88,18.1,94,1015,5.66,moderate
15.19,33.94,117.92,0.15,1.62,110.88,17.98,94,1016,5.66,moderate
15.19,33.94,117.92,0.15,1.62,110.88,17.75,94,1016,5.66,moderate
0.96,4.55,62.69,0.14,0.19,47.7,23.01,92,1015,4.33,good
1.01,4.92,62.71,0.1,0.16,49.1,20.48,92,1015,0.89,good
1.01,4.92,62.71,0.1,0.16,49.1,21.43,92,1015,0.89,good
0.54,1.45,115.69,0.02,0.04,23.76,27.97,94,1007,4.12,good
3.01,4.59,85.39,0.5,0.04,29.34,15.7,78,1014,0.66,good
7.01,11.33,125.97,1.35,0.31,21.85,17.72,64,1013,2.28,good
2.65,3.52,82.95,0.56,0.04,30.89,14.65,88,1014,0.86,good
9.67,11.25,161.25,4.24,2.02,82.91,26.64,30,1008,5.14,fair
0.51,1.87,106.13,0.13,0.15,104.6,18.67,57,1014,5.66,moderate
11.13,12.51,154.96,2.85,2.05,88.77,26.97,29,1010,5.14,fair
6.84,7.24,343.99,4.13,0.81,19.32,26.4,88,1008,1.03,good
3.22,3.62,157.7,0.45,0.13,7.34,25.46,100,1008,0.51,good
4.85,5.16,284.19,1.5,0.19,20.6,26.62,88,1008,1.03,good
22.99,24.63,202.67,3.58,1.03,18.09,20.66,87,1006,6.17,fair
22.99,24.63,202.67,3.58,1.03,18.09,20.97,88,1006,6.17,fair
4.76,10.36,91.17,0.33,0.06,32.68,22.97,73,1013,4.12,good
1.7,4.58,62.08,0.02,0.09,47.03,25.94,99,1015,3.97,good
1.7,4.58,62.08,0.02,0.09,47.03,28.87,69,1015,3.86,good
1.58,4.18,61.89,0.02,0.09,46.56,28.66,69,1015,2.01,good
26.99,73.93,162.88,0.62,0.15,37.3,36.16,26,1005,5.14,moderate
40.99,103.09,260.18,1.27,0.51,42.88,32.76,13,1006,3.55,poor
115.76,293.75,1004.75,12.52,4.42,34.32,30.4,13,1006,4.41,very_poor
1.28,4.31,98.26,0.06,0.13,19.78,28.51,80,1009,6.36,good
46.96,71.22,539.45,4.92,1.44,37.41,32.14,12,1006,2.02,moderate
3.61,10.23,172.25,1.27,0.51,17.39,23.64,94,1010,2.03,good
4.36,5.89,93.83,0.19,5.77,41.22,32.03,43,1009,4.92,good
6.12,7.87,94.82,0.19,6.92,45.9,30.19,57,1009,2.87,good
5.13,6.01,97.97,0.27,2.55,43.07,33.06,40,1009,8.05,good
4.59,5.64,136.61,7.99,1.59,88.24,9.3,80,1010,3.6,fair
3.18,4.25,133.61,8.11,1.46,89.3,9.51,71,1010,4.47,fair
3.86,5.37,136.04,8.67,2.01,89.84,9.34,79,1010,3.6,fair
0.5,0.5,137.53,1.25,0.71,93.3,0.37,67,1012,0.93,fair
0.5,1.17,135.7,0.48,0.88,84.86,1.27,86,1015,1.54,fair
0.5,0.5,124.94,0.27,0.22,72.99,-0.33,85,1011,0.45,fair
72.96,81.19,926.87,14.56,6.47,38.81,18.25,100,1011,1.54,poor
76.05,89.47,1008.55,16.39,2.59,28.15,17.19,64,1011,2.79,very_poor
100.61,117.2,1078.73,17.8,4.18,40.05,22.93,75,1008,1.77,very_poor
2.07,3.23,78.24,1.45,0.84,48.18,20.07,63,1028,4.12,good
0.89,1.67,81.88,1.61,0.14,41.41,16.07,63,1020,1.54,good
1.07,1.33,74.41,0.8,0.26,46.55,15.22,92,1024,8.75,good
25.01,123.99,97.66,0.61,0.18,44.12,29.99,58,1005,1.54,poor
30.9,146.57,102.11,0.79,0.22,48.82,30.05,58,1006,1.54,poor
25.7,125.09,98.73,0.63,0.15,44.39,30.0,58,1005,1.54,poor
3.32,4.22,129.23,0.91,0.71,56.73,28.01,90,1009,1.54,good
2.77,3.51,133.85,1.49,0.9,45.69,26.76,94,1009,1.54,good
2.77,3.51,133.85,1.49,0.9,45.69,26.91,94,1009,1.54,good
9.79,22.93,76.05,0.06,0.3,49.04,21.14,78,1012,5.14,fair
9.79,22.93,76.05,0.06,0.3,49.04,22.1,78,1012,5.14,fair
12.26,21.62,72.38,0.66,2.11,60.96,15.12,67,1018,2.06,fair
0.59,1.94,59.51,0.02,0.02,34.82,30.9,62,1012,1.03,good
0.6,1.99,59.34,0.02,0.02,33.77,30.96,62,1012,1.03,good
0.57,1.73,59.43,0.02,0.02,34.12,30.8,62,1012,1.03,good
1.71,8.54,61.04,0.03,0.12,39.31,27.79,75,1011,5.53,good
1.05,1.32,36.59,0.07,0.05,1.7,26.87,71,1012,1.24,good
1.46,1.95,62.45,0.1,3.27,19.51,30.38,68,1010,1.04,good
6.85,9.21,176.86,5.57,4.23,34.88,29.83,74,1011,2.57,good
33.98,35.83,479.65,8.72,1.93,42.73,28.05,78,1010,2.06,moderate
6.19,8.38,153.37,4.81,4.1,36.88,30.12,74,1011,2.57,good
47.2,66.9,665.54,11.36,1.85,41.98,24.99,61,1007,0.0,moderate
20.67,93.17,113.95,0.07,0.27,54.9,27.09,83,1007,1.54,moderate
52.19,81.99,442.65,8.85,1.12,55.04,23.08,56,1008,2.06,poor
4.24,5.77,136.94,3.64,3.48,85.66,15.26,80,1006,2.57,fair
3.18,3.68,112.39,0.79,0.37,96.48,14.1,54,1006,1.03,fair
3.88,4.71,120.67,2.25,0.99,83.39,12.79,79,1005,2.24,fair
2.59,13.12,90.0,0.13,0.2,46.39,28.68,69,1016,6.69,good
2.68,13.66,90.2,0.13,0.2,47.89,28.33,70,1017,6.69,good
2.56,12.92,90.03,0.13,0.2,47.87,27.87,73,1017,6.69,good
6.4,28.82,118.86,0.88,0.9,95.79,15.8,71,1016,2.73,fair
6.92,31.73,118.13,0.65,0.6,91.64,15.72,71,1016,3.05,fair
6.4,28.82,118.86,0.88,0.9,95.79,15.73,71,1016,2.59,fair
1.11,3.68,121.01,1.47,1.21,104.91,13.18,77,1016,5.66,moderate
0.9,2.54,124.68,0.97,0.72,106.42,11.73,87,1016,2.06,moderate
0.89,2.5,125.05,0.86,0.68,105.72,11.2,86,1017,1.47,moderate
6.98,8.62,120.85,1.5,0.28,38.61,24.79,78,1012,1.54,good
17.58,20.4,185.44,2.47,0.39,50.77,24.33,83,1015,4.12,fair
7.17,9.03,127.28,1.75,0.34,39.56,24.7,78,1012,1.54,good
77.83,207.95,248.9,1.91,9.78,172.35,28.35,70,1004,3.09,very_poor
77.83,207.95,248.9,1.91,9.78,172.35,28.02,72,1004,3.09,very_poor
76.2,196.13,264.2,2.62,9.91,159.11,28.03,74,1004,1.54,very_poor
1.25,3.87,63.1,0.18,0.25,47.32,21.81,68,1016,3.09,good
1.23,3.73,61.38,0.11,0.17,45.76,22.05,71,1016,2.49,good
1.26,3.79,61.47,0.08,0.15,46.38,22.82,68,1016,4.63,good
3.55,5.1,109.66,2.44,0.11,29.87,13.84,71,1014,2.24,good
3.89,5.66,114.75,2.75,0.18,40.36,12.65,67,1013,5.14,good
6.22,7.11,132.88,2.43,1.16,84.92,7.45,80,1016,2.88,fair
1.99,2.61,107.3,1.51,1.01,80.64,15.07,66,1013,3.58,fair
4.02,6.38,126.81,5.33,1.88,59.23,11.99,62,1015,1.54,good
2.0,2.79,98.41,1.4,0.22,38.68,17.01,63,1013,0.45,good
4.17,4.51,106.21,1.56,0.16,38.44,14.54,71,1008,1.99,good
0.61,0.89,131.99,1.29,0.72,90.4,5.56,72,1005,3.81,fair
5.63,6.56,125.59,0.33,1.12,102.13,10.87,93,1011,3.0,moderate
36.42,62.5,656.38,4.75,0.69,2.4,20.71,94,1014,1.54,moderate
11.81,19.31,344.88,3.51,0.91,8.99,17.28,91,1015,1.66,fair
16.07,27.77,384.74,4.01,0.68,6.19,15.2,99,1016,0.69,fair
19.26,72.07,108.89,1.37,2.27,130.63,26.0,50,1009,8.16,moderate
30.79,95.12,100.24,1.53,0.92,50.87,30.58,17,1007,4.59,moderate
23.85,85.45,116.13,7.54,30.47,110.45,24.83,42,1009,3.12,moderate
0.62,2.78,63.0,0.01,0.06,12.82,30.58,67,1010,3.45,good
0.62,2.78,63.0,0.01,0.06,12.82,30.58,66,1010,3.06,good
0.61,2.88,63.04,0.01,0.06,12.63,30.29,67,1010,3.8,good
0.96,2.76,64.57,0.04,0.07,16.14,28.0,83,1008,3.09,good
67.97,384.81,107.31,0.31,0.41,68.56,32.46,12,1006,10.06,very_poor
68.35,393.65,106.51,0.27,0.38,71.4,32.02,12,1006,10.04,very_poor
68.35,393.65,106.51,0.27,0.38,71.4,32.05,12,1006,10.09,very_poor
0.5,0.62,129.81,0.8,0.18,79.1,2.3,89,1011,0.51,fair
0.53,0.95,131.22,1.27,0.7,93.63,0.21,68,1012,1.39,fair
2.62,3.24,138.2,4.87,2.26,105.54,8.93,63,1011,4.74,moderate
2.92,3.4,169.37,0.61,0.17,7.8,25.97,96,1008,0.51,good
2.92,3.4,169.37,0.61,0.17,7.8,25.97,94,1008,0.51,good
2.92,3.4,169.37,0.61,0.17,7.8,26.0,94,1008,0.51,good
6.86,8.34,124.85,1.21,0.6,104.22,13.36,84,1012,0.45,moderate
2.81,3.07,111.71,1.03,0.04,82.85,14.78,71,1010,5.66,fair
3.75,4.04,114.46,1.0,0.17,101.95,14.69,78,1011,1.79,moderate
2.13,2.73,121.78,1.63,0.55,92.18,15.3,68,1007,5.66,fair
4.83,5.82,114.45,1.52,1.13,71.51,11.0,60,1010,0.51,fair
2.13,2.73,121.78,1.63,0.55,92.18,15.5,67,1007,5.66,fair
9.23,20.31,108.41,0.65,0.44,37.53,28.03,83,1013,3.09,fair
2.83,6.17,113.42,0.52,0.25,38.56,24.5,96,1013,1.32,good
2.49,4.7,125.52,0.68,0.23,32.84,24.05,97,1013,1.36,good
12.82,77.75,95.46,0.56,0.34,45.8,22.92,90,1013,4.02,moderate
15.98,72.55,95.44,1.12,0.5,51.45,25.63,50,1012,5.09,moderate
12.82,75.5,95.91,0.76,0.45,45.36,22.89,90,1013,4.02,moderate
1.46,2.65,63.71,0.03,0.06,23.47,28.07,81,1009,6.11,good
7.36,14.82,197.39,2.49,0.34,15.75,21.64,68,1011,1.12,good
2.45,6.71,103.73,0.77,0.05,12.43,23.31,66,1011,1.37,good
1.61,1.75,109.65,0.56,0.23,9.15,25.69,84,1014,4.69,good
1.07,1.14,101.85,0.35,0.14,7.0,23.68,91,1014,0.9,good
2.92,4.73,178.29,0.83,0.09,14.62,23.82,71,1007,2.23,good
13.52,34.64,119.53,0.4,0.06,31.0,31.91,23,1004,1.55,fair
5.63,6.91,165.31,0.32,0.04,2.49,20.89,81,1009,1.42,good
5.09,10.51,87.14,0.05,0.17,27.6,27.02,89,1011,6.69,good
14.97,19.0,116.12,0.3,4.46,52.34,27.27,76,1011,6.17,fair
14.97,19.0,116.12,0.3,4.46,52.34,27.94,69,1011,6.17,fair
18.17,20.5,122.18,0.29,4.38,55.46,29.99,65,1009,2.43,fair
1.72,2.79,123.57,1.85,2.25,77.29,9.04,86,1014,2.87,fair
7.18,13.61,159.43,18.09,3.48,64.6,10.63,62,1015,0.89,fair
1.89,3.38,124.51,2.69,1.15,75.0,9.78,84,1015,3.46,fair
9.19,9.56,126.31,27.36,14.61,11.85,18.01,94,1008,2.56,good
7.34,7.63,128.84,26.08,15.6,14.51,14.8,93,1009,2.94,good
10.69,15.53,128.6,0.45,0.4,64.38,26.99,82,1015,0.0,fair
54.54,171.31,259.22,2.24,0.85,29.24,32.98,17,1004,3.09,poor
3.96,8.62,110.62,0.3,0.03,15.29,32.3,28,1005,2.73,good
11.55,33.42,117.61,0.27,0.07,33.87,30.15,15,1006,5.37,fair
1.09,3.31,99.2,0.13,0.13,20.53,29.06,79,1011,4.12,good
7.51,11.35,199.58,1.84,0.25,13.42,22.96,87,1011,3.63,good
6.58,7.82,168.51,1.37,0.13,19.7,25.72,70,1010,3.81,good
11.29,12.12,259.02,3.38,0.9,25.55,32.2,72,1009,1.87,fair
10.91,11.67,243.42,2.24,0.6,24.59,32.81,64,1008,2.49,fair
13.29,15.64,316.2,4.02,1.19,23.24,33.33,86,1009,1.69,fair
7.98,28.65,250.26,2.39,0.78,59.48,14.06,77,1016,1.0,fair
3.22,5.61,103.7,0.88,0.55,61.71,18.66,52,1016,0.21,fair
3.86,7.27,114.56,0.87,0.83,65.33,16.77,52,1015,1.99,fair
1.01,2.46,100.04,0.98,0.27,20.88,28.03,61,1012,1.1,good
1.27,4.69,97.51,0.88,0.29,24.2,26.58,69,1012,2.1,good
1.19,5.02,69.99,0.25,0.15,27.78,27.18,70,1013,2.49,good
9.2,21.52,141.15,5.95,0.83,52.3,24.92,44,1008,6.17,fair
16.22,79.06,153.55,0.39,0.15,96.84,19.99,45,1010,3.09,moderate
34.4,169.53,117.62,0.2,0.1,96.43,20.97,40,1009,4.12,poor
9.76,23.81,139.16,1.48,1.04,93.3,15.8,88,1013,1.03,fair
18.98,64.96,174.81,1.46,2.3,122.77,21.08,68,1012,5.14,moderate
13.74,46.79,144.5,0.93,1.25,112.8,18.88,88,1014,3.09,moderate
4.48,16.08,64.79,0.03,0.12,55.58,24.18,88,1006,10.8,good
10.97,13.01,138.74,4.97,3.86,60.61,10.68,66,1016,2.06,fair
3.99,4.51,122.87,1.71,0.44,60.6,7.78,85,1015,1.04,fair
4.7,5.92,119.17,2.71,0.4,51.04,9.41,81,1017,1.34,good
1.42,3.91,123.62,0.33,0.05,23.43,26.82,80,1014,4.12,good
1.44,3.73,125.16,0.3,0.04,22.3,26.71,81,1014,3.51,good
1.44,3.73,125.16,0.3,0.04,22.3,26.68,81,1014,3.51,good
12.04,13.11,346.93,14.06,9.55,17.31,21.56,71,1014,0.51,fair
12.04,13.11,346.93,14.06,9.55,17.31,21.66,71,1014,0.51,fair
43.33,45.21,374.9,26.8,18.16,41.09,21.93,93,1014,0.0,moderate
2.64,3.61,74.42,0.38,0.02,9.94,23.85,90,1011,2.33,good
2.57,4.35,146.2,1.15,0.07,6.35,20.61,79,1011,1.48,good
1.29,2.26,83.28,0.47,0.04,23.29,18.09,91,1013,3.53,good
3.04,3.51,110.62,0.88,1.21,79.66,17.87,50,1012,0.45,fair
8.14,9.93,156.15,2.98,4.03,73.8,15.93,59,1014,1.05,fair
3.64,4.1,125.78,0.57,0.64,80.5,11.3,67,1016,3.19,fair
3.65,5.76,171.49,2.64,0.15,15.14,18.0,92,1011,0.77,good
3.65,5.76,171.49,2.64,0.15,15.14,17.71,93,1011,0.85,good
3.27,5.0,160.1,2.33,0.14,20.56,17.83,95,1011,0.67,good
5.78,7.57,129.74,2.0,1.18,126.33,24.1,42,1009,10.29,moderate
0.97,3.4,107.82,0.17,0.39,108.66,18.09,59,1013,6.69,moderate
5.65,8.2,131.96,1.68,1.02,124.68,22.57,48,1008,10.29,moderate
19.38,25.63,172.92,1.56,1.46,69.49,19.32,84,1014,2.06,fair
7.91,8.87,206.5,3.23,0.22,19.92,22.01,97,1011,1.03,good
7.25,8.14,173.86,2.53,0.08,21.03,21.96,95,1012,2.92,good
3.62,7.98,129.85,1.17,0.32,76.14,19.79,37,1014,2.66,fair
2.58,7.2,99.09,0.23,0.36,68.38,18.79,55,1016,2.83,fair
3.9,8.02,115.9,1.36,0.54,72.26,19.5,54,1015,2.22,fair
2.92,14.37,122.55,0.39,0.31,26.28,26.93,83,1015,4.12,good
2.91,14.42,121.98,0.32,0.28,26.2,26.78,83,1015,4.12,good
1.24,2.49,127.79,1.03,0.12,28.89,23.67,74,1014,3.09,good
8.8,15.85,163.09,2.19,0.26,37.24,29.28,72,1009,6.32,good
2.02,3.33,149.32,1.26,0.12,17.8,29.64,64,1012,1.19,good
2.31,11.53,91.64,0.13,0.19,50.3,26.75,74,1017,3.6,good
2.47,11.27,91.2,0.18,0.26,50.22,28.85,70,1017,3.6,good
8.48,10.41,370.13,8.83,2.37,37.49,27.01,94,1009,1.34,good
42.34,46.62,436.94,3.93,1.46,18.54,24.0,84,1009,3.31,moderate
29.36,36.6,365.99,4.12,2.25,56.61,25.99,83,1009,3.09,moderate
2.47,5.89,60.46,0.01,3.01,44.79,29.1,70,1013,4.12,good
0.79,3.93,64.52,0.01,0.07,13.04,30.51,77,1008,7.51,good
7.79,9.68,111.39,3.82,0.17,49.51,11.25,59,1015,3.09,good
16.98,20.06,122.91,5.66,0.86,59.85,10.14,67,1016,2.5,fair
8.63,10.59,115.49,3.95,0.34,61.05,9.14,69,1016,0.88,fair
22.44,46.15,102.74,3.6,6.85,55.35,19.04,56,1014,1.89,fair
11.68,20.18,104.88,0.61,1.45,57.37,29.65,69,1006,3.33,fair
18.39,33.35,112.86,3.16,2.53,58.83,24.95,44,1011,1.72,fair
1.69,4.51,65.82,0.04,0.08,45.42,23.89,94,1011,1.54,good
1.69,4.51,65.82,0.04,0.08,45.42,23.84,94,1011,1.54,good
1.69,4.51,65.82,0.04,0.08,45.42,23.76,94,1011,1.54,good
0.68,1.48,67.36,0.7,0.41,40.95,6.94,95,1012,0.0,good
1.9,6.61,62.03,0.05,0.23,47.18,14.43,82,1018,0.89,good
7.77,9.26,172.37,2.6,1.52,44.13,20.29,91,1006,3.45,good
7.15,9.99,296.77,1.45,0.44,17.32,17.25,53,1012,2.43,good
6.02,8.53,142.78,1.4,0.13,11.2,16.38,72,1013,1.48,good
4.65,6.55,125.45,1.06,0.22,20.78,14.66,71,1014,2.0,good
3.9,6.42,105.58,1.08,0.61,28.99,13.23,78,1014,1.76,good
2.09,2.76,82.99,0.7,0.6,31.09,18.52,69,1011,3.25,good
3.61,5.82,104.26,1.07,0.64,28.67,14.04,70,1014,2.23,good
0.76,2.82,114.65,3.57,0.09,54.08,9.11,90,1015,0.45,good
0.76,2.82,114.65,3.57,0.09,54.08,9.33,90,1015,0.45,good
88.81,307.14,287.84,9.53,7.98,82.46,31.84,46,1006,2.18,very_poor
89.1,309.64,202.22,1.85,1.35,98.5,30.02,58,1006,1.03,very_poor
75.92,239.56,269.38,10.16,6.6,82.13,32.0,40,1006,3.6,very_poor
3.58,7.34,209.2,1.72,0.05,56.67,14.58,44,1012,0.95,good
16.74,41.64,232.3,1.18,0.74,84.36,24.06,22,1009,2.28,fair
6.56,15.78,111.71,0.99,0.24,82.17,23.4,30,1009,0.83,fair
3.12,10.25,105.7,1.24,0.96,49.21,25.74,78,1017,3.6,good
12.87,15.82,111.72,1.08,1.13,108.23,14.51,82,1017,0.0,moderate
16.02,20.61,112.0,1.22,1.48,102.18,15.23,78,1017,1.06,moderate
17.21,23.07,110.49,1.05,1.51,96.17,15.82,61,1017,3.1,fair
2.96,4.66,116.74,3.66,0.83,67.03,8.09,81,1015,0.51,fair
1.69,2.62,110.69,2.28,0.15,46.94,3.84,87,1018,1.54,good
1.99,3.02,112.01,2.54,0.15,51.49,5.05,85,1017,1.22,good
14.41,54.04,67.63,0.03,0.16,38.46,25.0,88,1010,3.09,moderate
30.66,129.06,67.74,0.4,0.11,29.59,13.92,72,1014,2.06,poor
8.34,17.24,104.73,2.21,0.1,12.51,17.21,71,1013,0.83,good
8.17,8.72,224.76,13.13,2.8,19.91,21.65,89,1003,1.54,good
6.37,10.34,205.47,5.88,0.26,40.07,25.39,62,1001,0.89,good
5.81,8.02,154.93,2.43,0.12,35.82,24.96,74,999,3.6,good
1.56,2.22,115.5,2.45,0.57,69.64,16.33,70,1008,9.83,fair
7.61,8.22,110.17,2.0,0.28,65.9,15.82,67,1010,3.6,fair
3.19,3.55,120.79,4.15,0.14,47.43,12.8,77,1011,5.14,good
0.56,0.72,67.29,0.48,0.11,42.1,16.27,59,1013,3.6,good
0.69,2.55,62.45,0.03,0.05,51.93,7.44,89,1021,7.2,good
1.34,2.28,62.94,0.42,0.08,25.15,20.86,83,1017,3.6,good
4.56,13.57,151.81,2.42,2.16,52.27,27.97,78,1011,10.29,good
4.56,13.57,151.81,2.42,2.16,52.27,27.83,81,1011,10.29,good
4.56,13.57,151.81,2.42,2.16,52.27,27.89,78,1011,10.29,good
4.39,9.36,130.77,1.42,0.45,78.96,11.03,87,1016,2.57,fair
4.83,10.85,129.42,2.11,0.3,59.23,12.39,81,1016,2.99,good
4.68,7.77,111.45,1.15,0.1,69.32,12.48,82,1017,2.06,fair
12.8,15.55,111.92,0.66,1.33,101.08,13.95,67,1015,0.51,moderate
10.76,11.66,109.24,0.55,0.82,101.46,18.74,42,1013,3.09,moderate
11.85,13.22,112.16,0.62,1.04,98.84,13.34,75,1014,2.08,fair
2.92,10.76,114.89,0.05,0.11,23.88,27.27,78,1016,5.14,good
6.94,10.74,251.4,5.79,0.91,5.49,22.99,88,1007,1.03,good
0.79,1.93,97.68,0.03,0.08,24.9,25.33,84,1008,2.21,good
8.57,12.69,284.98,6.86,1.12,2.93,23.0,88,1008,1.03,good
8.58,10.21,141.33,4.61,0.99,74.83,9.89,79,1013,1.54,fair
10.44,12.01,155.52,11.12,0.73,49.43,10.65,79,1014,1.03,fair
6.03,8.52,140.78,4.01,1.3,90.22,8.36,86,1014,1.43,fair
7.4,16.8,154.69,1.0,0.13,28.5,33.06,43,1006,3.6,good
4.25,8.46,140.91,0.98,0.09,20.99,31.25,51,1008,1.03,good
7.57,18.73,148.78,0.77,0.15,23.62,35.63,26,1006,3.73,good
10.83,11.72,107.62,1.43,0.73,59.02,11.83,76,1016,2.57,fair
9.9,11.88,113.07,1.53,0.85,79.18,11.11,76,1016,2.57,fair
9.49,10.62,125.53,2.11,0.72,47.02,10.54,94,1018,1.54,good
45.51,169.59,157.04,8.16,21.29,95.5,27.98,57,1007,6.69,poor
47.29,183.74,148.29,9.1,23.85,94.44,27.97,57,1007,6.69,poor
49.6,195.49,150.57,10.15,27.74,91.22,27.79,57,1007,5.31,poor
2.86,4.27,132.3,0.97,0.16,17.18,21.39,86,1012,1.59,good
6.63,10.42,219.66,2.55,0.68,25.44,14.7,93,1013,1.44,good
16.28,26.28,403.28,4.85,1.24,16.39,13.26,96,1013,1.12,fair
0.7,1.78,99.34,0.07,0.08,21.87,28.38,83,1009,5.78,good
0.67,1.78,99.03,0.08,0.08,21.46,27.88,84,1009,4.62,good
0.72,1.95,100.14,0.07,0.08,21.66,27.87,83,1010,3.57,good
0.5,0.58,77.54,0.61,0.25,2.45,26.03,94,1009,1.54,good
0.5,0.58,77.54,0.61,0.25,2.45,25.99,94,1009,1.54,good
0.5,0.54,63.97,0.33,0.13,1.78,26.0,94,1009,1.54,good
3.05,5.46,58.96,0.83,0.27,64.97,13.99,32,1017,3.6,fair
0.51,0.54,71.46,0.35,0.04,20.69,25.01,88,1009,6.69,good
2.16,3.1,72.0,1.88,0.49,60.43,19.84,32,1014,1.54,fair
58.02,78.46,278.06,2.48,0.81,41.11,23.63,76,1021,3.6,poor
3.85,17.94,62.5,0.12,0.09,52.65,24.94,91,1018,3.6,good
4.43,7.93,99.43,4.15,0.82,40.24,21.44,68,1022,1.54,good
5.8,6.81,122.97,0.08,0.05,43.63,26.99,69,1017,3.09,good
4.09,7.66,119.85,0.47,0.92,86.83,26.96,65,1017,3.6,fair
3.92,7.4,119.9,0.59,0.92,85.75,26.97,65,1017,3.6,fair
93.06,96.75,1130.85,19.26,1.74,5.94,6.6,86,1016,0.78,very_poor
80.17,85.13,833.37,16.27,3.14,8.17,20.35,79,1010,2.81,very_poor
73.29,76.8,718.19,11.01,1.78,19.33,15.39,93,1013,2.06,poor
1.36,6.07,63.98,0.54,0.1,34.65,9.37,62,1018,3.12,good
0.59,2.51,59.27,0.24,0.09,34.02,13.26,39,1016,2.67,good
1.36,6.07,63.98,0.54,0.1,34.65,9.22,63,1018,2.95,good
2.51,2.78,112.2,0.81,0.46,79.36,9.61,77,1008,3.07,fair
2.89,3.35,110.2,0.63,1.22,92.81,18.99,45,1011,5.0,fair
4.15,5.14,128.46,2.93,1.17,62.19,12.99,88,1007,2.62,fair
2.46,9.15,82.57,0.18,0.12,35.79,29.45,1,1010,4.12,good
2.53,9.85,81.4,0.15,0.13,37.34,28.52,84,1011,9.34,good
2.02,7.72,81.98,0.23,0.21,38.34,30.71,63,1010,5.99,good
1.56,1.7,141.82,4.03,1.04,84.18,8.93,55,1012,3.09,fair
0.5,0.5,131.04,1.1,0.1,84.19,8.1,73,1009,3.09,fair
0.75,0.97,95.52,0.12,0.11,83.75,21.53,27,1003,2.57,fair
6.2,10.15,174.49,0.76,0.18,4.4,26.2,78,1009,2.57,good
4.72,5.56,99.06,0.5,0.14,10.33,17.7,75,1011,0.45,good
1.38,2.91,105.15,0.54,0.14,14.21,22.81,82,1008,0.99,good
0.5,0.51,65.92,0.02,0.0,0.97,27.1,83,1008,1.54,good
0.5,0.51,65.92,0.02,0.0,0.97,26.96,83,1008,1.54,good
0.5,0.51,67.56,0.04,0.0,1.04,26.72,83,1008,1.54,good
6.2,10.15,174.49,0.76,0.18,4.4,26.2,78,1009,2.57,good
5.76,18.98,72.27,0.18,0.08,35.4,23.96,91,1010,1.39,good
7.92,22.79,116.59,1.52,0.41,25.14,21.41,98,1011,1.04,fair
4.83,4.92,127.9,2.37,0.36,59.85,8.34,93,1013,0.0,good
2.03,2.78,111.46,5.19,0.33,33.09,8.19,93,1013,1.54,good
1.94,2.21,129.39,4.54,0.21,41.49,10.1,90,1013,0.51,good
0.78,2.39,84.96,0.13,0.11,20.63,27.72,89,1010,2.57,good
0.81,2.5,84.93,0.12,0.11,20.21,27.31,89,1010,2.57,good
1.18,2.51,122.66,1.01,0.14,10.17,23.69,90,1011,2.61,good
2.96,7.09,111.85,3.33,0.31,34.4,11.92,93,1020,6.69,good
3.47,7.03,153.67,5.86,0.33,24.59,12.64,84,1020,1.79,good
2.96,7.09,111.85,3.33,0.31,34.4,12.24,94,1020,6.69,good
2.84,4.53,109.25,0.04,0.07,21.27,23.95,94,1010,1.03,good
2.94,3.18,96.27,0.78,0.09,4.46,20.74,94,1012,1.54,good
5.26,7.19,182.96,1.11,0.14,2.07,19.16,93,1013,1.56,good
36.42,50.93,335.69,17.64,14.81,28.66,19.92,77,1011,3.0,moderate
2.98,14.13,147.5,4.95,7.02,84.57,15.94,20,1020,6.89,fair
11.49,18.21,198.06,0.87,0.57,87.76,24.83,89,1012,1.82,fair
1.3,1.66,128.58,1.93,0.23,22.66,15.27,85,1018,4.12,good
3.97,4.49,135.89,3.06,0.81,19.78,26.14,21,1011,1.54,good
8.27,8.78,134.9,2.42,3.46,15.46,21.38,46,1013,4.92,good
0.62,0.86,109.21,0.46,0.18,35.15,21.63,87,1015,2.68,good
1.23,1.53,128.67,1.99,0.23,36.89,28.93,79,1011,1.03,good
0.57,0.77,109.48,0.47,0.19,34.56,22.76,93,1014,1.03,good
3.04,5.69,110.25,0.16,0.18,36.29,29.24,70,1015,5.66,good
3.59,13.1,98.73,0.32,0.28,53.49,28.16,78,1016,3.09,good
2.99,5.03,106.04,0.1,0.12,48.99,25.19,94,1016,2.06,good
5.7,22.38,100.09,0.23,0.29,56.71,23.27,73,1014,4.63,fair
3.46,15.6,97.24,0.14,0.23,45.39,22.75,73,1015,8.75,good
4.59,18.25,99.66,0.17,0.28,60.9,22.02,78,1014,4.12,fair
4.36,8.63,175.06,2.64,1.26,51.71,28.08,79,1012,8.23,good
4.36,8.63,175.06,2.64,1.26,51.71,28.16,79,1012,8.23,good
3.27,5.91,118.33,0.33,0.72,112.05,8.76,93,1018,2.06,moderate
4.05,7.26,118.38,0.21,0.79,115.53,13.96,77,1017,1.54,moderate
2.96,5.56,118.1,0.41,0.73,112.08,14.92,77,1017,2.57,moderate
1.26,1.47,115.44,2.01,0.14,61.2,13.36,95,1007,3.09,fair
0.78,1.07,123.73,2.17,0.96,88.36,15.88,62,1006,3.13,fair
1.62,1.89,113.41,1.13,0.38,85.86,18.09,59,1006,4.63,fair
2.85,3.12,130.85,4.69,0.82,48.68,8.82,89,1009,6.26,good
4.85,5.12,135.93,3.79,0.64,71.55,9.35,83,1012,4.63,fair
1.22,1.37,124.5,2.87,0.09,59.88,9.83,86,1011,1.34,good
8.77,28.97,118.95,0.74,0.15,33.24,29.59,70,1006,1.57,fair
9.79,24.61,212.62,1.79,0.23,29.06,25.76,58,1008,1.98,fair
12.64,34.81,208.13,1.72,0.28,34.35,28.47,49,1007,3.95,fair
0.52,0.57,126.7,1.73,0.84,112.87,6.52,84,1014,0.51,moderate
2.54,3.17,133.33,3.41,0.27,67.24,5.33,74,1014,1.21,fair
1.74,2.03,126.22,1.97,0.45,88.48,5.59,83,1014,1.78,fair
2.92,12.95,108.76,1.7,1.13,31.49,25.01,74,1016,4.02,good
2.07,9.33,101.46,0.13,0.16,43.9,30.0,66,1016,3.6,good
3.18,9.34,108.7,1.97,0.46,30.67,28.76,61,1016,3.6,good
2.07,9.33,101.46,0.13,0.16,43.9,29.71,66,1016,3.6,good
3.34,4.24,123.31,5.97,0.47,72.78,14.37,94,1011,1.54,fair
2.58,4.03,117.72,5.62,1.55,68.98,16.93,94,1010,1.54,fair
2.52,5.96,125.2,4.44,0.25,65.66,11.67,100,1011,1.03,fair
4.12,4.43,252.64,10.69,1.26,17.91,13.53,91,1016,1.0,good
12.58,39.46,86.81,0.53,0.38,39.48,30.93,62,1009,3.6,fair
4.89,6.29,236.5,12.64,1.04,13.13,15.95,82,1019,1.54,good
0.71,1.12,137.36,1.52,0.55,82.95,2.71,78,1014,1.03,fair
0.5,0.5,130.68,0.3,0.09,98.51,7.14,53,1013,2.57,fair
0.5,0.5,130.17,0.45,0.28,99.58,3.97,62,1015,2.06,fair
10.26,27.79,137.76,5.58,12.97,103.48,17.42,63,1016,5.66,moderate
6.03,15.54,112.66,0.92,1.63,90.16,13.9,82,1017,2.06,fair
10.26,27.79,137.76,5.58,12.97,103.48,17.42,64,1017,5.31,moderate
29.76,195.7,111.91,0.23,0.49,95.39,17.98,68,1014,7.2,poor
7.09,29.55,108.09,0.33,0.58,93.21,17.93,92,1013,6.28,fair
6.92,33.9,109.42,0.23,0.53,92.08,17.97,82,1013,8.66,fair
12.24,21.4,213.9,3.26,0.4,35.07,17.86,56,1012,1.46,fair
12.14,20.13,163.73,2.11,0.29,34.68,23.01,52,1010,1.89,fair
10.93,15.25,103.69,0.33,0.11,55.99,32.26,27,1005,5.74,fair
0.76,1.39,106.53,2.05,0.02,57.85,12.95,52,1010,1.79,good
1.0,1.95,121.82,0.82,0.53,100.84,15.53,66,1014,2.06,moderate
2.63,7.02,119.99,2.98,0.21,69.29,15.85,72,1013,2.24,fair
18.98,32.78,388.59,4.72,0.46,25.47,16.49,51,1014,5.14,fair
3.14,5.78,135.61,1.22,0.07,8.71,18.78,78,1012,1.85,good
9.96,15.64,191.25,2.06,0.29,39.33,16.7,66,1013,0.66,good
1.27,2.04,150.45,4.42,1.26,75.79,3.94,49,1014,3.6,fair
0.96,1.41,144.52,3.97,1.36,76.04,3.66,51,1014,3.13,fair
0.68,1.09,143.94,1.81,0.19,55.38,-2.78,73,1016,1.03,good
2.31,8.3,63.95,0.02,0.07,56.78,26.94,69,1012,4.12,good
2.31,8.3,63.95,0.02,0.07,56.78,26.99,69,1012,4.12,good
2.03,6.96,64.75,0.02,0.07,58.47,28.83,58,1011,5.14,good
1.9,2.98,122.28,2.6,0.17,47.96,10.59,84,1014,3.09,good
0.96,2.62,120.85,0.37,0.27,96.85,15.22,82,1013,3.62,fair
0.64,0.93,107.63,1.94,0.05,29.88,9.86,97,1013,0.89,good
4.65,8.88,75.92,0.15,0.14,28.43,28.01,83,1010,6.17,good
4.05,13.0,77.66,0.05,0.19,33.85,26.98,89,1010,2.57,good
1.39,1.55,74.41,0.11,0.01,3.61,21.51,98,1012,0.75,good
3.98,5.37,132.3,15.63,8.0,79.93,9.44,81,1015,1.54,fair
2.71,3.33,132.74,7.17,1.09,63.95,5.15,89,1016,2.06,fair
1.91,2.61,128.18,1.39,1.19,109.89,7.48,71,1014,2.57,moderate
2.39,3.24,111.37,3.47,0.15,69.1,10.08,81,1018,5.14,fair
5.28,5.79,119.4,5.11,1.01,73.41,8.99,93,1020,2.57,fair
2.9,3.23,127.51,5.64,0.7,69.15,9.33,95,1020,0.78,fair
0.98,1.52,114.12,0.07,0.02,9.22,25.99,83,1014,0.0,good
0.98,1.52,114.12,0.07,0.02,9.22,25.99,83,1014,0.0,good
0.7,0.97,114.74,0.11,0.04,9.78,23.72,94,1014,1.03,good
3.38,4.91,121.75,2.0,0.53,62.85,9.61,87,1015,2.06,fair
1.02,2.08,102.16,0.69,0.1,10.29,23.59,96,1010,2.27,good
0.85,2.28,90.66,0.24,0.39,21.89,27.23,78,1010,0.51,good
1.72,2.56,161.32,2.13,0.16,12.58,30.23,51,1008,2.88,good
2.83,6.55,116.54,2.43,0.52,77.59,16.11,82,1011,4.12,fair
11.68,30.5,103.92,1.36,0.96,60.2,23.08,78,1011,4.12,fair
11.53,29.76,102.43,1.33,0.89,59.32,23.02,78,1011,4.12,fair
11.68,30.5,103.92,1.36,0.96,60.2,23.01,78,1011,4.12,fair
12.02,31.4,106.88,0.67,0.5,43.77,28.04,78,1013,2.06,fair
12.02,31.4,106.88,0.67,0.5,43.77,28.05,78,1013,2.06,fair
3.75,5.5,161.35,0.66,0.13,8.62,22.72,96,1013,1.51,good
2.36,10.48,101.68,0.45,0.38,36.46,25.82,78,1017,3.6,good
2.36,10.48,101.68,0.45,0.38,36.46,25.94,78,1017,3.6,good
2.36,10.48,101.68,0.45,0.38,36.46,25.94,78,1016,3.6,good
3.66,4.47,89.98,0.32,0.27,25.19,24.92,100,1010,1.54,good
2.62,4.54,101.98,0.03,0.09,21.73,24.95,100,1011,2.06,good
1.96,2.25,91.76,0.08,0.03,4.38,21.47,99,1012,0.56,good
14.12,17.77,111.31,1.63,1.38,86.96,17.21,62,1016,2.06,fair
9.65,10.91,101.46,1.63,0.39,35.64,16.67,76,1016,0.45,good
14.95,17.96,111.37,0.76,1.12,96.63,13.81,61,1017,1.2,fair
9.36,11.89,162.98,0.75,1.33,51.51,23.51,73,1011,5.14,good
8.15,10.2,147.46,0.5,0.81,52.47,24.35,73,1012,5.14,good
8.07,10.32,151.41,0.6,1.09,50.99,21.73,73,1012,5.14,good
3.48,11.73,98.48,0.04,0.09,45.21,28.88,75,1011,8.75,good
3.48,11.73,98.48,0.04,0.09,45.21,28.43,77,1011,8.75,good
3.69,12.05,99.29,0.04,0.09,44.32,29.37,75,1011,8.75,good
14.57,42.56,96.59,0.46,0.62,64.04,26.06,69,1012,2.06,fair
16.67,54.72,102.43,0.35,0.51,60.42,28.08,53,1011,4.12,moderate
15.58,48.29,100.2,0.34,0.69,66.54,27.92,51,1011,3.51,fair
1.78,3.08,126.91,1.01,0.44,18.02,27.99,78,1014,5.14,good
0.94,1.07,118.22,0.29,0.04,15.3,23.66,90,1014,1.47,good
1.81,4.01,130.78,0.36,0.14,20.28,24.63,87,1014,1.76,good
11.54,17.92,188.73,0.93,0.6,83.0,24.44,85,1012,4.02,fair
11.54,17.92,188.73,0.93,0.6,83.0,24.62,85,1012,4.92,fair
11.16,17.48,184.84,0.94,0.62,80.51,24.84,86,1012,4.12,fair
18.47,21.01,114.25,0.94,9.99,52.38,30.25,48,1013,4.12,fair
7.22,9.6,270.54,5.36,0.84,26.77,30.69,70,1010,7.72,good
4.06,5.59,125.56,1.68,0.78,56.98,30.9,66,1010,4.12,good
9.9,10.57,109.89,0.61,0.56,93.54,13.82,77,1012,2.57,fair
15.12,18.58,129.88,2.66,1.3,98.06,18.06,63,1015,4.63,fair
19.35,24.53,129.21,3.59,2.03,95.39,16.51,72,1013,3.6,fair
2.62,13.62,104.16,0.13,0.22,45.21,30.93,45,1015,4.63,good
2.62,13.62,104.16,0.13,0.22,45.21,30.43,45,1016,4.63,good
5.9,15.46,138.13,0.59,0.46,62.86,27.26,77,1016,2.84,fair
3.99,4.28,112.3,0.84,0.2,74.71,16.26,83,1011,3.6,fair
6.66,7.84,117.7,2.59,1.91,58.62,15.88,33,1011,2.57,good
5.31,6.87,116.07,5.56,1.2,42.26,16.7,72,1012,2.3,good
12.13,16.44,375.44,2.79,0.85,23.95,27.27,94,1010,2.06,fair
2.63,5.12,116.46,1.35,0.43,23.41,26.12,90,1010,1.54,good
10.66,14.67,340.62,2.72,0.88,25.08,26.38,100,1009,2.06,fair
2.39,3.36,124.27,1.03,0.61,92.61,10.86,72,1013,5.14,fair
0.88,1.98,123.46,0.25,0.35,108.16,8.87,93,1014,0.51,moderate
1.82,2.61,117.86,1.99,1.07,78.66,9.97,86,1014,0.83,fair
5.5,20.42,116.83,2.5,1.17,85.63,9.84,89,1017,0.45,fair
5.72,20.8,117.96,4.62,1.32,88.31,14.07,74,1016,1.03,fair
3.43,7.3,114.07,0.54,1.15,111.57,13.58,76,1017,2.41,moderate
4.18,4.91,128.19,0.78,0.91,106.59,5.88,81,1014,3.09,moderate
21.35,69.17,128.13,1.23,2.44,62.67,29.01,79,1006,2.06,moderate
74.08,89.89,519.28,5.42,9.76,108.78,25.03,50,1006,3.09,poor
39.41,42.29,312.28,4.71,3.99,89.36,22.77,83,1008,3.09,moderate
25.08,133.7,155.84,2.44,1.76,111.19,15.95,55,1015,1.54,poor
17.18,95.07,141.44,1.69,0.17,65.98,13.45,83,1016,1.79,moderate
16.75,84.26,191.3,6.82,1.41,59.65,9.85,81,1016,1.03,moderate
4.73,12.82,129.37,5.87,2.41,79.6,22.62,8,1012,3.09,fair
14.17,39.69,129.76,3.38,1.35,78.53,19.08,52,1009,2.06,fair
15.9,43.98,110.97,2.19,0.82,68.52,16.77,32,1013,1.02,fair
0.5,0.58,136.31,0.09,0.32,89.29,0.81,60,1022,6.69,fair
0.5,0.58,136.31,0.09,0.32,89.29,0.84,60,1022,6.69,fair
0.5,0.58,136.31,0.09,0.32,89.29,0.93,60,1022,6.69,fair
8.64,9.79,116.84,0.19,0.33,119.09,15.8,82,1014,4.12,moderate
1.91,3.76,122.87,2.73,0.39,36.58,12.79,84,1011,1.54,good
39.39,40.65,116.05,0.28,2.15,121.71,15.95,54,1014,1.03,moderate
2.21,3.44,122.96,1.86,0.26,56.49,10.48,74,1015,3.09,good
4.1,21.53,91.1,0.15,0.29,48.29,28.53,70,1015,7.72,fair
4.12,21.68,91.46,0.17,0.29,48.0,28.13,76,1015,7.72,fair
4.12,21.68,91.46,0.17,0.29,48.0,28.3,76,1015,7.72,fair
4.28,14.85,121.27,3.26,2.07,96.58,10.05,71,1017,1.03,fair
4.09,14.71,123.86,2.84,2.45,108.79,10.95,71,1017,1.03,moderate
4.55,15.56,136.3,8.97,2.97,90.65,11.59,82,1017,0.72,fair
10.78,14.1,200.44,9.27,9.04,77.92,21.37,71,1014,0.59,fair
11.93,14.39,191.33,7.66,10.3,86.34,19.79,80,1014,1.03,fair
4.99,6.63,187.04,8.08,3.23,71.94,19.26,65,1015,2.06,fair
0.68,0.92,98.26,0.61,0.11,30.12,17.62,88,1014,2.06,good
9.74,17.34,410.75,3.2,0.27,13.58,16.0,91,1012,2.3,good
2.81,4.76,102.39,0.74,0.12,17.18,25.89,85,1010,3.9,good
3.42,4.22,90.02,2.38,0.52,77.45,15.11,60,1015,3.59,fair
2.16,3.71,80.9,0.25,0.2,75.35,10.51,82,1015,3.0,fair
2.22,3.96,92.7,1.23,0.16,64.44,14.38,92,1015,3.76,fair
38.83,42.82,879.3,11.4,2.34,27.13,28.46,73,1009,2.66,moderate
5.59,7.01,222.28,2.63,0.57,44.48,28.76,73,1009,2.41,good
17.83,18.49,438.71,3.48,0.46,8.52,29.15,71,1009,1.83,fair
0.5,0.89,78.85,0.01,0.02,11.58,31.0,74,1009,3.6,good
2.29,4.67,75.59,0.08,0.07,45.53,25.12,69,1012,1.35,good
2.38,5.26,73.61,0.08,0.08,42.92,25.52,75,1012,1.24,good
2.58,5.74,74.14,0.07,0.09,43.38,26.88,71,1011,2.15,good
24.85,36.99,162.82,0.62,2.44,121.98,12.05,86,1011,2.08,moderate
54.0,59.3,212.13,7.34,4.9,105.2,13.79,81,1010,1.12,poor
23.3,38.25,154.76,0.36,1.89,121.36,12.27,86,1011,0.8,moderate
21.25,29.62,164.47,4.51,1.64,112.14,16.76,59,1012,2.06,moderate
29.79,33.85,150.31,1.99,3.97,117.58,17.95,59,1014,1.03,moderate
20.89,30.46,154.81,0.67,1.37,117.89,16.95,59,1012,2.06,moderate
32.59,143.56,133.47,5.57,30.34,106.63,27.31,30,1010,7.6,poor
29.52,145.46,130.54,5.32,26.94,107.49,27.67,36,1010,2.24,poor
29.52,145.46,130.54,5.32,26.94,107.49,27.59,36,1010,2.24,poor
3.48,10.56,93.48,0.15,0.36,53.69,29.99,66,1014,3.6,good
3.62,11.16,94.1,0.19,0.37,53.4,30.01,66,1014,3.6,good
4.6,10.54,88.04,1.02,0.12,52.37,13.28,77,1016,1.0,good
5.01,8.38,147.7,7.84,0.54,36.73,16.33,72,1012,3.0,good
4.09,10.0,121.49,0.22,0.06,59.17,11.05,93,1010,3.0,good
39.02,41.3,821.42,7.88,1.23,7.87,24.97,78,1009,0.0,moderate
76.61,81.98,1618.78,22.67,2.38,5.14,29.07,57,1008,1.47,very_poor
81.55,86.1,1456.34,16.65,2.1,6.96,26.06,72,1008,1.15,very_poor
2.71,6.12,118.67,3.08,1.54,106.96,13.74,69,1017,3.62,moderate
5.01,9.14,139.83,3.4,3.28,90.54,15.81,70,1017,2.52,fair
3.05,7.09,117.26,2.71,1.49,109.52,14.07,71,1017,3.06,moderate
2.71,8.43,112.92,0.55,0.4,28.79,27.93,74,1016,3.09,good
2.65,8.41,116.84,0.36,0.27,27.37,26.96,82,1016,3.09,good
1.51,2.4,109.4,0.98,0.51,51.97,25.61,94,1007,5.82,good
1.51,2.4,109.4,0.98,0.51,51.97,25.6,94,1007,0.89,good
1.51,2.4,109.4,0.98,0.51,51.97,25.53,94,1007,0.89,good
0.5,0.75,91.96,0.21,0.07,26.21,26.95,85,1012,3.89,good
0.69,1.53,101.34,0.59,0.19,26.88,23.16,98,1012,0.95,good
0.64,1.62,83.64,0.25,0.08,32.58,27.05,83,1011,3.54,good
0.5,0.5,58.89,0.22,0.02,49.89,6.12,90,1013,6.91,good
0.5,0.5,59.74,0.33,0.05,45.97,5.86,93,1014,6.76,good
0.5,0.5,57.9,0.25,0.02,49.13,5.01,96,1011,10.19,good
3.01,3.76,120.41,3.8,0.59,42.3,6.49,100,1006,1.03,good
4.59,5.97,121.59,3.69,0.39,29.6,6.18,87,1007,2.06,good
0.7,0.88,130.47,2.43,0.77,83.87,5.01,90,1009,7.97,fair
4.54,4.73,126.14,2.24,0.13,73.47,8.42,85,1012,3.09,fair
5.2,5.4,127.76,2.45,0.15,69.35,8.38,88,1012,0.89,fair
4.65,4.81,126.44,2.22,0.12,70.33,8.47,85,1012,3.09,fair
0.5,0.5,125.99,0.48,0.1,90.83,6.68,87,1010,3.09,fair
3.0,3.32,115.61,1.76,0.32,50.98,7.65,93,1008,2.16,good
0.63,0.71,132.51,1.52,0.76,97.07,4.95,87,1011,4.12,fair
60.13,297.99,106.22,0.75,0.13,79.42,22.94,18,1005,9.77,very_poor
29.0,118.96,129.11,1.15,0.74,101.96,21.57,35,1015,5.99,poor
32.76,177.57,117.88,0.62,0.28,104.55,23.34,39,1008,11.52,poor
3.3,10.44,117.62,1.86,5.16,99.9,16.99,67,1012,2.06,fair
2.32,4.52,117.09,2.19,2.44,94.74,15.23,88,1012,1.54,fair
2.41,4.38,102.89,1.95,0.61,72.2,15.08,72,1011,4.12,fair
1.1,3.45,121.7,0.48,0.59,100.24,13.86,82,1010,2.06,moderate
5.01,6.29,129.1,2.32,0.9,73.8,13.35,51,1016,1.54,fair
4.24,4.89,127.27,1.55,0.43,64.17,11.96,64,1017,2.19,fair
5.13,6.14,120.75,1.06,0.91,92.54,13.47,56,1015,4.88,fair
16.07,21.83,113.06,1.07,1.61,102.78,16.88,77,1017,1.03,moderate
17.24,24.01,114.4,1.34,1.97,100.09,10.71,76,1018,1.83,moderate
19.45,28.09,116.87,2.14,2.5,95.95,14.53,88,1017,0.51,fair
7.37,10.84,177.73,1.86,0.1,13.16,12.98,100,1018,2.57,good
2.71,4.28,90.92,0.52,0.07,14.66,21.0,94,1015,2.06,good
3.62,4.83,107.03,0.78,0.03,12.43,10.94,78,1019,1.64,good
1.31,3.12,99.75,0.01,0.06,53.95,30.98,70,1009,8.75,good
14.76,16.89,101.41,2.29,0.25,50.2,13.9,62,1016,2.57,fair
13.22,15.16,100.83,2.11,0.22,46.82,13.31,72,1016,1.53,fair
17.15,19.51,96.61,1.87,0.31,43.76,11.04,80,1016,1.13,fair
25.07,78.69,147.9,0.65,0.14,22.77,33.3,35,1007,2.06,moderate
7.08,20.04,139.12,0.6,0.06,23.62,31.11,38,1008,3.78,fair
12.71,41.19,137.92,0.49,0.06,25.4,34.12,24,1006,3.24,fair
10.02,12.86,400.94,6.31,0.71,12.42,27.98,83,1008,1.54,fair
8.22,12.43,264.92,4.59,0.51,22.65,30.56,44,1007,2.35,good
14.66,18.22,538.76,10.57,1.4,4.7,27.69,54,1008,1.86,fair
0.51,3.08,114.72,0.14,0.07,67.5,-1.93,54,1023,0.0,fair
0.5,0.5,111.4,0.68,0.02,49.13,6.78,38,1018,2.8,good
0.5,0.5,114.58,0.2,0.03,73.37,8.61,31,1020,4.45,fair
10.4,16.58,177.09,0.97,0.65,75.52,23.85,94,1012,3.6,fair
9.49,15.15,161.96,0.48,0.36,70.32,23.96,94,1012,3.6,fair
9.49,15.15,161.96,0.48,0.36,70.32,23.82,94,1012,3.6,fair
5.92,16.26,105.58,0.16,0.15,46.95,28.08,74,1013,8.23,good
2.83,10.64,110.81,0.94,0.59,28.95,26.97,78,1016,3.09,good
2.78,11.17,110.19,0.83,0.54,27.66,26.95,78,1016,3.09,good
2.78,11.17,110.19,0.83,0.54,27.66,27.03,78,1017,3.09,good
8.87,21.93,104.1,0.44,0.55,68.82,19.96,82,1011,7.13,fair
7.8,23.05,106.25,1.09,1.0,85.42,18.93,82,1012,8.23,fair
58.61,264.52,119.83,0.12,0.04,41.78,32.83,24,1007,7.02,very_poor
29.16,75.79,115.43,0.13,1.95,111.57,19.21,77,1009,9.26,moderate
29.16,75.79,115.43,0.13,1.95,111.57,19.09,77,1009,9.26,moderate
29.16,75.79,115.43,0.13,1.95,111.57,18.86,77,1009,9.26,moderate
1.14,5.29,62.0,0.08,0.14,46.58,23.57,88,1016,4.49,good
1.11,5.17,62.22,0.07,0.12,47.56,21.04,88,1016,1.34,good
1.11,5.17,62.22,0.07,0.12,47.56,21.99,88,1016,1.34,good
1.34,2.68,111.75,0.03,0.04,52.6,28.97,89,1007,4.12,good
4.6,6.37,94.9,0.72,0.03,16.16,17.09,87,1014,0.78,good
7.02,10.29,130.18,1.35,0.33,21.36,18.78,70,1012,2.25,good
3.62,4.67,91.64,0.8,0.04,26.96,16.1,92,1013,0.45,good
13.53,14.59,155.88,1.87,1.93,90.1,28.96,26,1007,4.12,fair
2.91,10.09,108.35,0.19,0.47,102.58,20.17,65,1015,7.72,moderate
14.02,15.28,156.39,1.61,2.01,91.38,28.97,26,1008,4.12,fair
6.37,6.75,333.59,3.34,0.7,11.65,22.9,65,1007,1.03,good
2.73,3.06,213.75,0.51,0.11,7.83,24.88,100,1008,1.03,good
5.45,5.85,313.58,2.06,0.38,9.74,25.75,94,1007,1.03,good
4.78,8.49,123.24,19.35,27.07,25.5,20.11,77,1009,3.09,fair
4.78,8.49,123.24,19.35,27.07,25.5,18.97,100,1009,3.09,fair
3.32,6.62,88.65,0.35,0.09,34.66,22.97,73,1013,3.6,good
3.81,21.67,65.7,0.02,0.16,53.27,25.94,99,1015,3.97,fair
3.81,21.67,65.7,0.02,0.16,53.27,28.87,68,1015,4.04,fair
3.74,21.02,65.71,0.04,0.21,52.79,28.66,68,1015,2.5,fair
21.68,62.7,165.99,0.7,0.14,34.7,36.16,30,1006,3.09,moderate
49.87,141.08,329.3,1.98,0.75,40.68,31.22,14,1006,3.58,poor
123.56,351.97,936.95,12.19,4.47,39.94,29.68,14,1007,4.36,very_poor
0.83,2.39,99.17,0.08,0.09,22.0,28.43,81,1010,5.18,good
27.22,54.9,462.27,3.98,1.67,37.92,30.12,13,1006,1.55,moderate
2.54,7.87,154.35,1.09,0.48,19.87,24.29,95,1009,3.41,good
4.13,6.9,96.25,0.48,4.24,38.9,33.07,37,1009,8.05,good
5.24,8.96,87.74,0.19,4.74,39.62,30.76,54,1009,3.45,good
4.28,6.92,99.74,0.58,1.69,39.01,34.25,38,1009,6.71,good
9.09,10.8,162.48,18.99,1.3,53.24,9.38,82,1014,2.57,good
7.38,8.71,156.26,16.91,1.89,63.05,8.66,68,1013,4.12,fair
10.81,13.08,168.79,24.36,1.28,42.18,9.3,81,1014,2.57,fair
0.51,0.71,132.29,1.84,1.05,82.75,3.16,57,1014,1.51,fair
0.5,0.5,132.8,0.58,0.55,93.31,3.27,81,1016,2.06,fair
0.5,0.5,124.39,0.43,0.29,70.51,0.53,92,1015,0.45,fair
91.61,103.94,1420.04,24.02,4.7,14.22,16.25,94,1012,1.03,very_poor
103.31,114.09,1140.89,18.35,2.44,18.9,14.98,66,1012,3.12,very_poor
142.64,160.85,1270.23,19.16,5.63,30.77,19.96,75,1009,1.54,very_poor
1.8,5.41,76.34,1.63,0.79,55.17,20.87,59,1024,9.26,good
0.76,2.71,78.88,1.29,0.32,47.75,18.32,54,1010,7.2,good
0.88,2.53,70.8,0.59,0.13,48.45,17.17,77,1019,11.32,good
18.39,83.47,100.04,0.58,0.14,56.76,34.99,29,1005,5.14,moderate
17.29,74.78,100.78,0.59,0.18,68.28,35.05,29,1005,5.14,moderate
18.11,79.39,100.75,0.56,0.13,59.46,35.0,29,1005,5.14,moderate
4.73,6.15,146.78,1.72,0.85,53.84,29.67,83,1009,3.09,good
3.94,5.16,150.73,1.95,0.94,48.99,29.19,83,1010,2.57,good
3.94,5.16,150.73,1.95,0.94,48.99,29.49,82,1010,2.57,good
10.45,25.57,73.63,0.04,0.39,49.53,22.72,78,1013,6.17,fair
10.45,25.57,73.63,0.04,0.39,49.53,22.1,78,1013,6.17,fair
14.01,23.42,74.83,0.52,0.99,52.68,16.12,67,1017,2.57,fair
2.55,6.4,62.65,0.02,0.08,38.64,28.9,79,1013,5.81,good
2.29,5.49,62.36,0.02,0.07,37.75,28.96,79,1013,5.81,good
2.63,6.13,62.69,0.02,0.07,42.49,28.8,79,1013,5.81,good
1.38,6.73,60.81,0.03,0.11,49.45,27.57,73,1011,3.38,good
1.9,2.44,41.74,0.11,0.07,3.44,27.82,67,1011,0.95,good
11.75,11.93,63.51,0.03,12.15,12.69,30.62,67,1010,1.35,fair
6.49,10.17,193.15,5.9,4.95,39.46,29.17,74,1010,3.09,good
31.53,33.26,552.74,8.87,2.12,31.33,28.05,83,1009,2.06,moderate
5.84,9.47,164.75,5.14,5.14,43.57,30.44,72,1010,3.09,good
41.97,58.44,421.27,4.79,5.11,89.46,23.99,57,1004,3.09,moderate
16.16,65.75,98.72,0.07,0.26,48.1,27.09,83,1004,3.09,moderate
44.38,78.23,414.99,9.0,0.89,56.81,25.08,47,1005,3.09,moderate
3.44,4.75,145.74,5.03,2.23,57.58,16.86,73,1006,1.03,good
0.65,0.92,109.68,0.85,0.31,79.79,17.1,67,1006,2.06,fair
1.99,2.94,120.19,3.52,0.66,48.46,13.74,97,1007,1.03,good
3.03,12.17,99.14,0.25,0.3,46.23,28.79,69,1016,4.12,good
2.81,11.27,100.14,0.23,0.27,44.33,28.55,71,1017,4.12,good
2.87,11.45,99.77,0.24,0.28,44.84,27.99,73,1017,4.12,good
5.94,25.01,114.87,1.55,0.75,89.57,15.25,73,1017,2.37,fair
5.75,24.61,113.2,0.94,0.73,91.62,15.46,71,1017,2.18,fair
5.94,25.01,114.87,1.55,0.75,89.57,15.14,73,1017,2.42,fair
0.81,2.48,119.84,0.81,0.73,110.1,13.19,75,1012,6.69,moderate
1.45,4.37,121.84,1.48,1.29,105.88,10.88,93,1011,0.0,moderate
1.58,4.84,121.62,1.47,1.33,104.82,12.31,80,1011,1.65,moderate
4.16,5.59,105.75,1.24,0.23,34.51,25.85,67,1007,3.16,good
14.98,16.17,153.17,1.52,0.35,61.06,24.26,88,1011,1.54,fair
4.23,6.1,115.62,1.71,0.31,34.37,26.29,70,1008,2.91,good
54.03,178.75,196.77,5.5,13.46,90.49,27.55,57,1006,5.66,poor
54.03,178.75,196.77,5.5,13.46,90.49,27.76,56,1007,5.66,poor
51.39,170.23,187.94,5.27,12.58,93.32,28.03,54,1006,5.14,poor
1.0,4.33,62.39,0.08,0.11,44.55,19.81,73,1017,2.57,good
0.98,4.46,62.15,0.08,0.1,44.6,20.05,79,1017,1.76,good
0.94,4.15,62.44,0.06,0.08,45.86,22.82,60,1017,4.12,good
5.09,6.05,111.24,1.73,0.17,43.82,12.99,68,1016,3.09,good
4.9,5.82,117.89,1.1,0.63,83.86,17.29,42,1015,5.66,fair
3.22,3.75,125.03,1.19,0.62,80.61,8.01,91,1018,3.99,fair
5.74,6.41,104.9,0.77,1.14,95.14,17.68,59,1012,4.12,fair
9.14,11.37,116.12,4.02,1.02,47.79,15.99,59,1014,0.51,good
4.72,5.55,95.61,1.39,0.29,38.64,17.56,92,1012,0.82,good
5.3,5.88,116.62,2.44,0.32,42.13,11.91,67,1012,3.41,good
1.31,2.46,149.32,3.47,3.16,79.77,4.83,60,1014,1.28,fair
0.74,0.93,119.14,0.38,0.15,49.3,11.87,100,1015,3.0,good
22.36,40.72,581.98,3.84,0.53,3.38,20.71,83,1013,2.06,fair
16.13,27.16,420.87,4.22,1.34,10.71,17.08,91,1013,1.13,fair
15.28,26.72,441.67,5.27,1.06,9.36,14.22,97,1015,0.61,fair
26.13,94.78,106.13,1.74,2.37,125.06,26.0,57,1007,6.78,moderate
74.92,291.27,152.43,2.94,20.62,134.44,27.11,23,1011,1.17,very_poor
32.93,108.56,116.17,6.91,28.71,108.06,25.55,50,1008,2.79,poor
1.45,4.3,64.09,0.01,0.09,14.95,31.22,64,1010,3.16,good
1.45,4.3,64.09,0.01,0.09,14.95,31.22,63,1010,2.71,good
1.47,4.38,64.18,0.01,0.09,15.63,30.93,65,1010,3.88,good
0.53,1.47,63.51,0.03,0.04,18.43,26.0,94,1008,0.0,good
38.6,210.91,100.2,0.1,0.39,84.4,31.56,10,1006,7.25,very_poor
37.7,209.53,100.75,0.1,0.43,87.97,31.14,10,1006,8.58,very_poor
37.7,209.53,100.75,0.1,0.43,87.97,31.24,10,1006,8.3,very_poor
1.57,1.94,135.83,1.63,0.65,87.14,0.64,86,1014,1.55,fair
2.69,3.27,132.77,2.73,1.7,96.31,2.81,69,1013,1.54,fair
0.6,0.65,127.8,1.8,0.91,110.67,6.93,85,1014,2.3,moderate
2.96,3.29,222.08,0.61,0.13,9.75,26.25,95,1008,1.03,good
2.96,3.29,222.08,0.61,0.13,9.75,25.97,94,1008,1.03,good
2.96,3.29,222.08,0.61,0.13,9.75,26.0,94,1008,1.03,good
14.49,16.64,121.8,1.4,0.79,87.43,11.99,95,1012,2.06,fair
7.09,7.34,107.42,0.71,0.25,85.37,14.9,76,1010,2.57,fair
12.26,13.05,107.75,0.95,0.6,90.81,14.82,78,1011,3.13,fair
3.3,3.97,116.52,1.65,0.44,81.32,16.86,69,1009,5.66,fair
3.94,4.58,114.45,1.33,1.16,65.86,15.43,62,1011,1.03,fair
3.3,3.97,116.52,1.65,0.44,81.32,17.15,66,1009,5.66,fair
8.6,20.51,112.41,0.62,0.4,34.3,25.83,83,1013,2.36,fair
5.35,9.89,112.15,0.76,0.35,31.5,23.5,93,1013,1.61,good
5.26,9.23,118.62,0.63,0.25,30.34,23.78,92,1013,2.28,good
11.48,34.53,102.69,0.78,0.63,56.8,22.36,88,1012,4.12,fair
17.06,54.71,143.69,2.36,1.45,62.27,24.8,46,1011,6.08,moderate
12.07,35.67,102.89,1.08,0.78,57.37,22.33,88,1012,4.12,fair
0.91,3.49,62.3,0.03,0.08,23.41,27.98,82,1008,7.16,good
6.67,11.99,196.35,2.2,0.16,9.2,21.36,67,1010,1.96,good
1.55,4.07,94.33,0.55,0.03,12.28,23.61,64,1010,3.28,good
1.11,1.39,122.17,0.63,0.29,11.48,27.95,74,1014,3.09,good
1.05,1.3,120.19,0.44,0.19,12.61,27.96,74,1014,3.09,good
5.61,8.74,180.47,0.92,0.1,5.88,22.06,91,1009,1.07,good
7.93,21.71,116.05,0.26,0.04,27.01,29.64,46,1005,2.37,fair
7.09,10.89,212.14,1.09,0.26,2.64,19.32,96,1010,1.17,good
4.68,14.12,79.04,0.04,0.17,34.14,26.47,86,1010,2.79,good
13.69,15.76,112.64,0.17,1.02,48.31,27.27,75,1011,5.14,fair
13.48,15.22,112.25,0.21,0.93,48.71,27.94,74,1012,5.14,fair
19.63,23.35,99.84,0.34,5.76,52.76,31.81,74,1008,3.09,fair
4.33,6.52,128.66,2.84,1.45,44.11,12.47,85,1017,2.65,good
7.41,14.15,156.54,17.72,2.18,49.12,13.4,62,1017,0.45,good
15.2,19.76,155.18,6.79,6.58,79.43,12.0,71,1018,1.23,fair
0.5,1.35,60.93,0.6,1.29,41.84,15.26,39,1010,5.98,good
0.66,1.82,66.6,1.88,3.23,41.45,10.39,49,1010,7.51,good
14.74,27.15,110.24,0.51,1.6,82.01,28.54,77,1016,2.06,fair
13.94,37.34,164.37,0.46,0.18,37.7,31.98,40,1004,3.09,fair
1.06,1.56,113.52,0.34,0.02,5.96,29.06,57,1006,3.09,good
26.45,80.73,114.11,0.42,0.13,37.59,29.66,12,1006,4.39,moderate
0.8,2.12,99.37,0.32,0.17,21.73,26.06,89,1009,1.03,good
5.33,7.34,188.65,2.53,0.35,14.39,23.67,84,1010,1.11,good
5.58,7.07,160.13,1.9,0.2,11.18,25.35,71,1009,1.3,good
14.51,15.82,301.0,2.04,0.54,22.89,31.14,75,1008,3.41,fair
13.31,14.65,273.32,1.6,0.43,26.17,32.81,62,1008,4.0,fair
15.51,17.04,330.3,2.6,0.67,21.41,32.23,95,1008,3.37,fair
7.78,26.99,271.2,2.69,0.78,66.44,14.06,77,1014,0.0,fair
5.0,7.87,101.33,0.93,0.83,73.68,18.69,41,1013,0.73,fair
5.55,8.44,110.57,0.92,1.02,72.47,15.91,47,1012,1.23,fair
1.87,4.03,91.19,0.63,0.22,25.57,27.63,60,1012,0.77,good
2.63,7.57,93.06,0.62,0.28,28.49,26.35,68,1012,2.58,good
3.42,10.88,68.0,0.13,0.23,32.88,27.26,69,1013,3.39,good
11.72,30.61,129.5,4.39,0.91,59.43,21.92,60,1011,5.14,fair
15.96,68.97,159.09,0.47,0.2,99.82,23.99,33,1008,2.06,moderate
28.58,137.98,118.68,0.18,0.07,90.3,20.97,60,1007,5.14,poor
15.74,29.16,145.78,2.84,1.3,78.18,17.8,88,1011,5.14,fair
28.5,97.79,131.46,0.8,1.05,106.75,19.08,82,1007,7.2,moderate
23.02,63.82,131.03,1.09,1.14,100.4,17.51,87,1009,7.7,moderate
3.3,10.24,62.99,0.02,0.07,50.88,25.18,78,1008,8.23,good
27.67,30.34,188.63,16.67,7.66,56.36,11.63,82,1017,2.57,moderate
4.72,5.49,119.01,2.7,0.88,57.01,5.13,81,1018,0.85,good
8.89,10.36,111.27,2.31,1.39,60.49,9.76,77,1018,1.36,fair
3.97,11.85,143.31,0.41,0.1,24.54,26.83,80,1015,4.12,good
5.46,14.56,155.72,0.66,0.13,24.24,26.71,80,1015,2.69,good
5.46,14.56,155.72,0.66,0.13,24.24,26.68,80,1015,2.69,good
38.96,42.9,507.8,17.63,9.39,16.17,24.02,61,1012,1.03,moderate
38.96,42.9,507.8,17.63,9.39,16.17,24.02,61,1013,1.03,moderate
65.62,76.75,489.45,21.96,33.37,70.25,24.5,85,1013,2.06,poor
1.09,1.59,68.54,0.39,0.02,7.14,24.09,92,1010,2.09,good
3.94,6.2,167.86,1.42,0.07,7.29,20.35,84,1010,1.94,good
0.98,1.83,82.93,0.45,0.04,20.36,18.94,88,1012,2.74,good
4.15,4.67,111.42,0.96,2.01,90.24,17.31,49,1014,0.45,fair
9.1,10.34,137.67,2.22,4.35,83.67,15.02,60,1016,1.99,fair
3.88,4.49,124.81,0.65,0.49,79.26,11.82,70,1018,3.46,fair
5.39,7.67,162.09,1.95,0.18,23.12,18.42,93,1010,0.63,good
5.39,7.67,162.09,1.95,0.18,23.12,18.18,94,1010,0.68,good
3.23,4.89,143.66,1.52,0.15,26.65,18.33,95,1010,0.67,good
3.1,4.66,130.22,2.91,1.22,105.98,18.89,80,1007,6.17,moderate
3.94,10.8,115.26,0.23,0.62,102.02,21.83,58,1015,7.2,moderate
3.37,5.82,130.93,2.45,1.01,108.01,18.64,80,1007,6.17,moderate
9.54,11.72,177.54,4.16,0.9,35.36,23.2,85,1004,5.66,good
6.7,8.43,109.63,1.08,0.19,39.62,25.35,82,1005,2.06,good
7.51,9.74,116.02,1.0,0.13,38.76,24.86,81,1004,7.15,good
4.23,9.23,118.29,1.09,0.32,85.26,20.96,35,1011,2.49,fair
2.96,5.07,87.24,0.24,0.37,79.53,18.3,54,1014,3.01,fair
4.9,8.07,106.26,1.27,0.67,85.2,19.8,43,1013,2.56,fair
3.08,13.62,131.21,0.45,0.32,24.75,26.93,78,1016,4.12,good
2.71,11.79,129.98,0.36,0.29,24.47,26.78,78,1016,4.12,good
1.57,1.79,145.51,0.76,0.15,22.72,22.67,83,1014,3.09,good
9.31,14.82,188.52,2.29,0.32,45.61,29.0,70,1009,6.07,good
1.93,2.35,165.94,1.87,0.16,17.36,30.99,64,1013,0.27,good
2.72,10.03,100.1,0.19,0.25,43.09,26.75,78,1017,3.6,good
3.13,11.41,96.99,0.25,0.33,46.92,27.85,74,1017,5.14,good
24.66,31.03,711.8,13.15,3.14,18.75,29.01,84,1008,4.63,fair
27.7,33.13,501.12,5.53,1.8,5.26,27.0,90,1009,1.94,moderate
18.77,30.8,366.23,5.39,2.52,25.82,26.99,89,1009,4.63,fair
5.29,16.79,65.46,0.02,3.01,53.36,26.1,89,1013,3.6,good
1.2,4.38,64.44,0.01,0.08,25.62,30.51,77,1010,5.91,good
13.78,16.67,106.82,4.14,0.27,46.28,12.96,71,1016,0.51,fair
13.76,17.64,113.42,4.72,0.48,56.25,13.79,68,1016,1.91,fair
12.05,14.62,109.29,3.99,0.26,54.04,13.26,75,1016,0.92,fair
29.11,65.47,105.43,3.07,4.23,53.94,18.34,50,1014,1.1,moderate
10.42,18.3,102.46,0.18,0.5,54.44,29.28,76,1006,2.38,fair
35.74,82.03,110.53,2.21,1.97,67.56,24.79,57,1010,0.57,moderate
1.82,4.4,69.49,0.05,0.07,43.49,25.89,89,1011,2.57,good
1.82,4.4,69.49,0.05,0.07,43.49,25.84,89,1011,2.57,good
1.82,4.4,69.49,0.05,0.07,43.49,25.76,89,1011,2.57,good
0.65,1.86,64.73,0.6,0.41,43.2,5.14,82,1016,1.79,good
1.65,5.27,64.97,0.04,0.14,60.39,14.61,86,1020,3.13,fair
6.86,10.3,160.24,3.65,1.63,40.39,17.52,45,1003,0.45,good
3.28,4.08,114.22,0.59,0.11,21.84,18.14,82,1011,0.51,good
8.91,11.12,148.55,1.25,0.34,19.03,17.89,71,1012,0.6,good
8.47,11.68,165.13,1.45,0.46,19.75,16.83,72,1012,0.96,good
4.39,6.17,140.15,1.57,0.43,20.18,17.68,75,1013,0.61,good
0.71,1.78,67.64,0.85,0.4,31.95,13.35,42,1016,3.43,good
3.64,4.95,132.73,1.52,0.37,20.87,16.41,63,1013,0.32,good
2.03,4.86,119.51,5.31,0.24,45.26,10.78,85,1015,1.34,good
2.03,4.86,119.51,5.31,0.24,45.26,11.0,85,1015,1.34,good
65.57,208.61,217.71,10.67,3.1,77.13,30.84,46,1006,2.06,very_poor
63.52,252.79,152.11,2.61,0.92,78.01,29.02,70,1006,2.06,very_poor
63.75,198.85,220.83,10.16,3.77,79.98,31.0,42,1006,3.09,poor
4.1,7.81,339.6,3.08,0.13,60.03,16.15,41,1014,0.91,fair
72.82,338.54,172.93,0.81,0.26,82.12,21.05,45,1013,3.1,very_poor
7.45,19.29,111.2,0.94,0.29,75.74,26.54,19,1011,2.97,fair
2.32,9.07,105.45,0.75,0.71,58.41,25.66,75,1015,4.63,good
4.24,5.64,109.41,3.01,1.34,92.38,12.51,67,1016,1.54,fair
5.99,8.76,108.73,2.97,1.71,95.22,13.23,67,1016,2.62,fair
10.15,20.57,109.88,0.98,1.57,109.51,16.05,58,1016,2.86,moderate
3.09,3.76,121.19,4.78,1.05,61.2,6.13,81,1019,1.54,fair
1.48,1.98,110.76,2.65,0.32,47.37,5.84,93,1021,0.51,good
1.42,1.75,112.67,2.61,0.22,52.55,4.52,92,1021,0.11,good
14.56,55.32,67.08,0.03,0.12,37.62,25.0,83,1011,2.57,moderate
32.59,138.1,64.52,0.31,0.12,30.8,14.92,77,1015,2.06,poor
5.19,8.07,103.66,2.01,0.11,16.87,15.89,100,1015,1.54,good
0.52,0.92,80.54,0.56,0.04,40.27,12.66,83,1001,4.63,good
3.44,19.83,85.24,1.96,0.05,44.82,15.38,20,1013,3.58,good
0.73,3.4,74.77,0.47,0.04,47.71,15.42,51,1005,6.17,good
1.41,2.35,132.93,6.33,0.28,44.29,12.87,81,1015,3.09,good
4.36,6.46,125.58,6.65,0.2,32.06,9.36,96,1016,2.06,good
1.47,1.76,122.45,4.49,0.12,46.59,10.6,75,1018,1.54,good
0.6,1.27,66.3,0.49,0.12,44.96,14.61,54,1018,7.72,good
3.57,11.25,65.13,0.03,0.1,51.82,13.85,85,1022,8.75,good
0.5,0.87,61.73,0.48,0.13,32.41,16.42,42,1021,5.66,good
4.51,13.19,166.16,2.49,2.06,57.1,27.97,78,1010,11.18,good
4.51,13.19,166.16,2.49,2.06,57.1,27.83,80,1010,11.18,good
4.51,13.19,166.16,2.49,2.06,57.1,27.89,78,1010,11.18,good
3.26,7.03,123.32,0.72,0.21,80.03,13.03,100,1017,1.03,fair
3.74,9.22,123.84,1.35,0.17,59.4,14.21,86,1017,2.51,good
4.98,6.4,107.43,1.6,0.04,54.53,13.48,72,1019,2.06,good
3.1,3.75,109.48,1.44,0.29,81.67,9.95,87,1017,1.03,fair
4.35,5.23,110.04,1.9,0.37,82.27,9.74,93,1016,2.06,fair
3.5,4.31,112.27,2.42,0.18,58.66,11.13,90,1017,1.71,good
2.03,7.92,95.71,0.05,0.08,34.38,27.27,69,1014,4.63,good
24.88,31.38,418.21,8.71,1.09,2.94,23.99,83,1009,0.0,fair
1.31,2.79,96.62,0.04,0.07,23.05,25.91,83,1009,1.03,good
33.99,42.16,517.83,10.53,1.31,1.87,24.0,83,1009,0.0,moderate
4.88,5.66,126.7,3.42,0.11,34.18,10.69,85,1017,2.55,good
7.04,8.52,153.55,12.55,0.51,37.17,11.45,85,1017,0.51,good
8.11,9.55,176.16,9.72,0.52,47.88,11.69,75,1017,2.4,good
16.12,43.31,177.49,1.82,0.19,28.2,29.32,52,1010,7.62,fair
5.92,11.71,162.41,1.72,0.15,17.56,30.25,62,1010,2.06,good
7.0,14.9,165.88,1.12,0.2,22.94,29.19,58,1010,10.88,good
13.83,14.64,105.75,1.88,0.59,50.95,8.83,100,1021,1.03,fair
13.26,15.91,115.07,1.6,0.55,83.06,14.11,77,1017,3.09,fair
10.26,11.9,111.45,1.45,0.43,72.59,11.27,98,1017,1.03,fair
36.37,127.08,152.58,10.8,32.23,115.1,28.98,58,1007,5.66,poor
38.27,139.79,146.83,11.81,35.3,112.56,28.97,58,1007,5.66,poor
40.15,149.68,150.29,12.36,37.68,108.7,28.79,55,1007,5.91,poor
2.49,3.81,121.94,0.83,0.11,12.53,22.0,84,1013,1.35,good
5.87,9.53,233.76,2.26,0.52,23.72,15.28,91,1014,1.28,good
16.23,26.6,453.36,4.74,1.29,19.31,14.7,94,1014,1.04,fair
0.7,2.23,91.63,0.07,0.09,22.63,28.18,81,1010,5.21,good
0.71,2.2,90.75,0.08,0.08,22.5,27.69,81,1010,3.96,good
0.7,2.19,91.53,0.06,0.08,22.56,27.46,82,1009,3.62,good
0.51,0.6,72.23,0.33,0.18,2.22,26.03,94,1009,1.54,good
0.51,0.6,72.23,0.33,0.18,2.22,25.99,94,1009,1.54,good
0.51,0.55,62.93,0.18,0.1,1.82,26.0,94,1009,1.54,good
2.63,5.42,50.4,0.27,0.16,57.85,13.99,26,1013,3.09,good
0.64,0.75,69.98,0.4,0.04,19.15,26.01,89,1004,9.77,good
0.83,1.4,52.84,0.66,0.19,52.03,21.84,33,1008,3.09,good
55.13,75.99,297.2,3.04,1.87,96.33,25.05,59,1014,4.12,poor
5.88,23.7,82.75,1.74,0.71,48.58,26.94,72,1013,3.6,fair
4.25,5.81,135.02,7.61,1.84,31.27,21.49,68,1019,2.57,good
4.72,9.04,100.0,0.08,0.1,47.82,27.99,74,1015,1.03,good
4.18,6.63,116.87,0.44,0.36,51.5,28.96,61,1015,1.54,good
4.18,6.63,116.87,0.44,0.36,51.5,28.97,61,1015,1.54,good
94.31,115.14,1238.01,28.42,5.75,2.95,5.16,89,1019,0.63,very_poor
147.87,165.99,1357.68,20.86,2.24,1.1,19.67,71,1013,2.91,very_poor
121.84,136.51,1207.06,14.41,1.48,0.85,14.6,90,1015,2.09,very_poor
2.32,6.47,86.14,1.65,0.17,31.31,11.04,64,1018,1.88,good
1.42,4.43,63.22,0.31,0.1,38.85,12.67,43,1017,1.77,good
2.32,6.47,86.14,1.65,0.17,31.31,10.9,64,1018,1.93,good
0.56,0.76,109.53,1.58,0.1,38.41,11.75,94,1013,4.35,good
8.48,8.99,115.05,0.82,4.83,104.45,13.99,72,1013,3.0,moderate
1.85,2.35,126.27,1.66,0.54,66.09,9.5,91,1016,3.99,fair
5.04,12.53,105.47,0.3,0.16,40.16,29.45,1,1009,3.09,good
3.95,13.34,98.5,0.25,0.17,37.0,28.41,83,1010,9.15,good
3.6,9.75,100.82,0.42,0.24,39.15,29.52,68,1009,4.97,good
4.71,4.98,147.4,4.3,2.16,98.24,8.58,62,1010,2.06,fair
0.5,0.5,127.06,0.76,0.13,83.63,10.37,42,1007,5.66,fair
0.73,0.98,97.93,0.17,0.08,89.51,20.11,27,1009,5.14,fair
4.31,6.1,125.25,0.55,0.1,9.42,26.2,83,1011,1.54,good
4.97,5.77,127.93,0.33,0.12,18.05,17.11,85,1013,1.49,good
1.64,2.17,106.41,0.22,0.02,6.68,21.56,90,1010,1.08,good
0.56,0.7,64.9,0.03,0.01,1.29,26.1,83,1009,1.03,good
0.56,0.7,64.9,0.03,0.01,1.29,25.96,83,1009,1.03,good
0.62,0.81,65.38,0.05,0.01,1.2,25.72,83,1009,1.03,good
4.26,5.88,122.93,0.53,0.09,9.16,26.2,83,1011,1.54,good
7.05,25.86,71.87,0.14,0.11,36.92,25.04,100,1011,1.54,fair
8.29,25.92,97.34,1.1,0.21,28.3,21.98,94,1011,0.79,fair
5.0,5.26,116.6,2.51,0.97,81.35,10.03,81,1016,3.09,fair
3.75,4.74,115.12,6.02,0.34,29.45,10.21,86,1015,1.03,good
3.57,4.17,128.78,5.52,0.69,47.78,9.76,86,1016,2.57,good
0.57,1.59,84.77,0.16,0.09,23.64,28.72,84,1011,3.09,good
0.56,1.62,83.75,0.16,0.1,23.38,28.31,84,1011,3.09,good
3.26,6.92,158.14,1.62,0.24,5.78,23.64,91,1011,2.32,good
2.93,5.2,115.28,3.23,0.56,46.23,13.78,66,1021,4.63,good
5.63,8.28,159.12,5.77,0.47,40.54,14.18,60,1022,1.94,good
2.93,5.2,115.28,3.23,0.56,46.23,14.31,62,1022,4.63,good
1.45,1.93,81.6,0.03,0.03,26.46,25.95,100,1010,0.51,good
2.5,2.7,100.93,0.65,0.09,8.35,21.74,94,1012,2.06,good
7.57,11.54,188.98,1.15,0.15,4.25,18.53,93,1014,0.42,good
42.12,52.68,539.84,49.36,61.17,68.54,16.92,48,1021,4.0,moderate
34.53,54.22,352.75,22.32,18.02,32.31,14.94,10,1018,1.2,moderate
13.66,21.22,168.16,0.88,0.68,74.57,25.81,88,1012,0.95,fair
2.39,3.13,155.64,5.17,0.41,14.45,14.49,66,1015,1.21,good
4.94,5.45,138.34,3.59,1.29,24.4,28.03,57,1011,3.6,good
5.76,6.24,118.29,2.32,2.77,10.49,24.99,65,1013,5.66,good
0.56,0.69,105.86,0.61,0.28,32.75,22.17,85,1014,3.58,good
0.72,0.95,127.22,2.16,0.24,32.91,28.93,79,1010,1.54,good
0.55,0.71,106.45,0.57,0.27,32.9,23.15,85,1013,1.54,good
3.32,6.65,99.53,0.21,0.3,44.11,30.24,70,1014,2.57,good
5.87,9.37,126.78,0.37,0.24,59.95,28.16,74,1014,2.06,good
4.69,12.29,104.08,0.08,0.12,50.51,29.19,74,1014,3.09,good
4.98,19.8,100.44,0.2,0.28,52.36,23.27,73,1014,5.14,good
3.05,12.94,99.73,0.11,0.19,52.27,22.75,68,1015,7.72,good
3.37,13.53,99.97,0.16,0.25,50.9,22.02,78,1015,5.14,good
6.28,13.1,166.46,1.55,1.32,60.79,28.08,77,1011,7.2,fair
6.28,13.1,166.46,1.55,1.32,60.79,28.16,77,1011,7.2,fair
4.65,7.21,121.78,0.53,0.89,107.17,14.76,82,1018,4.63,moderate
5.14,8.95,120.99,0.28,0.93,110.5,16.96,55,1017,2.06,moderate
4.43,6.85,121.39,0.7,0.96,103.74,17.08,61,1017,4.12,moderate
1.58,2.15,123.77,3.51,0.11,32.88,9.9,87,1016,3.09,good
0.99,1.28,131.94,3.08,1.04,64.22,13.88,59,1015,5.36,fair
2.25,3.37,125.68,4.6,0.54,44.75,11.21,99,1016,2.06,good
3.73,4.16,131.2,4.95,0.56,46.73,7.93,85,1019,1.54,good
2.7,4.03,132.52,6.68,0.55,46.47,5.73,79,1019,2.06,good
3.42,3.61,131.33,3.98,0.25,67.56,9.2,83,1017,0.21,fair
11.66,38.28,116.63,0.7,0.14,34.3,29.18,76,1006,2.05,fair
16.48,38.09,250.76,2.38,0.21,29.44,24.61,73,1008,2.53,fair
16.36,46.07,185.81,1.57,0.25,39.51,27.25,63,1007,3.45,fair
8.52,9.07,143.93,9.23,2.94,87.15,5.98,83,1021,1.54,fair
4.01,4.78,135.67,4.46,0.26,61.21,7.14,83,1021,0.88,fair
4.53,5.25,133.47,4.01,0.53,77.3,5.78,80,1020,1.02,fair
2.56,11.31,101.43,1.61,1.24,53.81,24.01,71,1015,4.48,good
1.94,8.85,99.33,0.15,0.17,40.38,28.81,75,1015,3.09,good
3.5,6.06,120.41,2.63,0.57,26.63,31.76,58,1014,4.12,good
1.94,8.85,99.33,0.15,0.17,40.38,29.71,70,1015,3.09,good
4.42,5.34,130.6,4.51,0.19,64.81,15.37,94,1013,3.6,fair
2.69,4.3,120.07,6.39,0.56,61.67,14.93,88,1012,2.06,fair
21.58,68.14,124.01,3.08,0.23,73.35,11.67,93,1013,1.03,moderate
5.84,6.17,265.37,9.16,1.52,21.34,13.53,92,1014,0.95,good
12.44,33.34,87.5,0.62,0.42,41.98,30.93,66,1009,2.06,fair
5.14,6.36,267.15,13.93,1.47,16.16,17.95,52,1015,3.6,good
2.08,2.67,141.34,2.2,0.76,86.23,6.68,54,1021,3.09,fair
0.88,1.13,134.73,0.86,0.12,87.45,0.14,93,1019,1.54,fair
2.13,2.64,142.19,1.76,0.67,88.64,3.13,69,1020,1.3,fair
10.48,50.29,135.55,5.37,10.74,94.84,17.42,72,1017,7.72,moderate
9.76,21.39,127.61,3.69,5.15,85.18,14.9,82,1018,2.06,fair
10.48,50.29,135.55,5.37,10.74,94.84,17.42,69,1017,6.49,moderate
7.69,50.86,111.88,0.18,0.23,96.59,16.98,67,1014,4.12,moderate
6.37,31.41,107.58,0.28,0.49,78.95,19.01,72,1013,7.72,fair
5.03,27.07,111.3,0.22,0.41,99.45,17.88,79,1014,5.42,fair
16.32,28.58,221.2,3.38,0.35,35.67,17.89,57,1012,1.19,fair
14.06,26.66,159.26,1.75,0.23,33.73,23.92,52,1009,1.0,fair
13.04,26.69,103.91,0.45,0.08,58.07,30.36,34,1006,2.64,fair
0.82,1.53,102.3,0.92,0.17,76.94,10.82,83,1013,2.06,fair
1.46,2.74,115.07,0.28,0.31,102.61,15.35,67,1014,2.06,moderate
2.66,4.49,123.86,4.6,0.23,65.43,13.55,91,1013,3.58,fair
36.33,62.13,544.76,6.22,0.74,22.04,14.64,61,1015,1.4,moderate
3.42,8.77,101.54,0.81,0.06,17.22,19.47,71,1011,2.34,good
11.5,18.82,188.14,2.35,0.29,36.57,19.47,50,1012,1.49,fair
2.66,3.49,150.82,4.59,1.25,83.83,5.74,52,1019,4.02,fair
0.99,1.36,135.77,2.42,0.96,92.94,5.16,54,1019,3.58,fair
2.49,3.04,144.14,1.67,0.52,82.35,2.01,64,1021,0.51,fair
2.36,8.71,62.83,0.02,0.06,50.44,27.94,61,1013,3.09,good
2.36,8.71,62.83,0.02,0.06,50.44,27.99,61,1014,3.09,good
2.31,9.28,64.3,0.02,0.07,51.97,28.83,54,1013,2.57,good
6.11,7.39,142.04,3.78,0.3,55.05,9.63,86,1016,2.57,good
1.62,2.44,120.87,0.44,0.25,98.05,13.99,71,1013,2.12,fair
2.81,3.51,115.2,3.58,0.25,38.37,11.01,84,1014,2.06,good
3.99,13.01,72.27,0.13,0.13,29.16,27.01,83,1010,2.57,good
5.61,20.09,69.07,0.04,0.17,34.54,26.98,89,1010,3.6,fair
1.47,1.72,68.33,0.15,0.01,4.82,21.88,97,1011,0.98,good
3.76,6.0,125.37,5.05,3.34,105.54,10.87,80,1016,3.09,moderate
10.52,11.55,126.05,10.51,1.36,51.48,10.54,77,1016,2.06,fair
2.28,2.91,123.45,3.65,1.28,93.75,10.02,76,1012,2.06,fair
1.77,2.11,113.21,2.51,0.06,61.09,12.08,76,1020,7.72,fair
5.33,5.81,115.99,4.6,0.93,61.62,10.99,87,1021,3.6,fair
5.75,6.2,130.19,8.06,0.83,56.91,8.33,95,1021,1.94,good
0.61,0.72,96.08,0.05,0.02,5.78,26.99,83,1012,4.12,good
0.61,0.72,96.08,0.05,0.02,5.78,26.99,83,1012,4.12,good
0.82,1.37,98.61,0.11,0.05,8.32,23.4,93,1012,1.17,good
2.66,5.07,116.82,2.88,0.24,24.46,10.61,87,1014,5.14,good
1.22,2.71,105.47,0.83,0.1,11.68,23.56,97,1012,1.29,good
0.95,2.04,88.98,0.37,0.82,23.11,29.23,84,1011,4.12,good
2.67,3.38,156.21,2.35,0.18,14.55,27.22,65,1009,2.5,good
1.69,4.2,115.44,2.48,0.56,84.6,16.67,77,1012,3.09,fair
9.93,27.54,110.79,1.59,1.68,73.15,23.08,73,1010,4.12,fair
9.58,26.22,105.37,1.52,1.44,69.97,23.02,73,1010,4.12,fair
9.93,27.54,110.79,1.59,1.68,73.15,23.01,73,1010,4.12,fair
14.69,53.34,101.0,0.42,0.31,37.86,27.04,74,1012,2.06,moderate
14.69,53.34,101.0,0.42,0.31,37.86,27.05,74,1013,2.06,moderate
1.9,3.32,120.15,0.51,0.14,22.85,22.79,95,1012,1.9,good
2.04,9.02,104.98,0.43,0.37,53.91,26.82,69,1015,3.09,good
2.04,9.02,104.98,0.43,0.37,53.91,26.94,69,1016,3.09,good
2.04,9.02,104.98,0.43,0.37,53.91,27.02,69,1015,3.09,good
3.01,8.11,78.11,0.08,0.11,30.05,26.92,100,1010,1.54,good
1.36,2.47,89.98,0.04,0.04,25.48,24.95,100,1010,1.54,good
4.02,4.58,103.04,0.48,0.15,10.74,20.73,99,1011,0.94,good
7.46,9.73,109.38,1.4,0.78,94.99,18.65,60,1017,4.12,fair
11.51,12.67,101.66,1.97,0.53,33.51,16.62,79,1017,0.45,fair
7.69,14.32,107.1,0.68,1.25,106.48,15.96,63,1016,3.83,moderate
9.04,11.43,177.37,0.56,1.19,48.28,21.95,100,1012,2.24,good
8.38,10.07,164.65,0.34,0.77,47.35,21.92,100,1012,2.24,good
7.45,9.62,166.01,0.45,0.94,47.44,19.28,100,1012,0.16,good
6.15,23.64,94.76,0.04,0.13,44.85,28.28,76,1011,10.8,fair
6.15,23.64,94.76,0.04,0.13,44.85,28.4,75,1011,10.8,fair
6.48,25.64,94.94,0.05,0.14,44.78,28.7,76,1011,10.8,fair
13.35,30.83,101.47,0.61,1.01,71.41,25.06,78,1010,2.06,fair
17.31,41.22,116.64,0.47,0.52,70.08,27.63,50,1010,4.03,fair
15.9,37.11,111.62,0.45,0.82,75.66,27.73,50,1010,2.94,fair
1.69,4.55,114.69,1.09,0.57,19.17,26.0,83,1012,3.5,good
1.26,2.04,109.08,0.41,0.12,14.38,24.96,83,1012,1.83,good
1.69,5.45,112.23,0.35,0.21,16.39,24.99,89,1013,2.12,good
12.72,18.8,162.78,0.91,0.62,72.26,25.19,86,1012,1.79,fair
12.72,18.8,162.78,0.91,0.62,72.26,25.35,86,1012,1.79,fair
12.47,18.36,163.26,1.07,0.69,70.55,25.79,85,1012,2.06,fair
22.03,23.71,113.31,0.79,8.29,45.56,33.03,33,1012,1.09,fair
10.57,12.36,243.5,4.33,0.64,27.72,31.69,62,1009,7.2,fair
6.93,8.04,148.01,1.57,0.51,61.99,31.9,74,1009,4.63,fair
5.46,6.37,104.66,1.4,0.11,58.74,13.83,82,1016,0.51,good
9.17,13.35,118.47,2.31,1.45,101.18,13.06,76,1016,1.54,moderate
13.48,19.61,121.4,2.11,1.65,106.56,13.51,94,1016,1.03,moderate
1.81,7.68,103.17,0.15,0.18,40.23,29.93,66,1014,3.09,good
1.81,7.68,103.17,0.15,0.18,40.23,29.43,66,1014,3.09,good
12.02,18.76,171.47,0.66,0.45,72.41,27.28,78,1015,3.93,fair
3.74,4.95,113.74,2.76,0.13,37.37,13.64,91,1015,0.89,good
3.73,4.61,115.56,2.25,0.46,37.45,14.88,94,1015,3.09,good
4.59,6.34,118.51,5.99,0.28,34.67,16.71,72,1016,1.91,good
5.65,8.43,153.4,1.41,0.48,25.44,26.72,85,1009,1.1,good
1.55,4.51,87.23,0.65,0.25,27.88,26.12,90,1009,1.54,good
5.65,8.43,153.4,1.41,0.48,25.44,27.13,86,1009,1.09,good
0.75,1.45,116.74,1.61,0.5,68.71,11.0,76,1014,4.63,fair
0.5,0.69,118.86,0.21,0.27,106.32,8.87,87,1014,2.06,moderate
0.5,0.63,109.81,1.08,0.4,69.8,9.97,92,1014,1.27,fair
13.74,27.53,125.27,4.0,2.59,96.46,12.06,86,1017,3.54,fair
5.77,16.94,122.2,2.79,1.2,99.46,16.83,78,1017,3.09,fair
3.13,5.97,123.7,0.91,1.21,110.47,16.61,80,1016,0.45,moderate
0.73,1.41,119.63,0.68,0.52,105.85,9.88,81,1014,6.17,moderate
17.76,59.03,109.93,0.55,1.2,55.62,30.01,74,1007,2.57,moderate
73.7,89.44,408.23,3.68,9.44,119.64,23.03,78,1008,4.12,poor
31.71,37.71,473.86,11.64,3.1,36.65,23.58,82,1009,2.57,moderate
26.33,127.08,159.1,4.33,8.94,98.31,19.95,37,1015,1.03,poor
12.53,64.27,136.57,1.88,0.23,73.66,15.12,78,1016,0.45,moderate
12.63,53.42,220.14,9.38,1.78,63.28,12.85,67,1016,0.0,moderate
8.82,24.58,138.92,7.43,3.17,71.84,22.62,12,1015,2.06,fair
37.86,173.6,128.06,1.98,0.37,74.19,17.08,63,1016,2.06,poor
11.54,25.67,145.92,7.94,1.08,54.99,18.77,24,1013,1.01,fair
0.5,1.22,139.07,0.15,0.77,103.26,0.88,47,1023,8.23,moderate
0.5,1.22,139.07,0.15,0.77,103.26,0.84,47,1022,8.23,moderate
0.5,1.22,139.07,0.15,0.77,103.26,0.93,47,1023,8.23,moderate
12.89,15.36,121.89,0.88,1.05,109.68,18.16,68,1011,2.06,moderate
3.56,5.05,132.9,3.41,0.33,23.92,14.92,78,1015,1.54,good
12.61,20.99,126.58,1.11,2.14,104.14,19.57,47,1011,1.54,moderate
2.37,5.26,115.17,2.55,0.11,26.62,11.59,78,1014,4.63,good
2.08,10.26,107.0,0.23,0.23,40.34,28.53,74,1014,6.69,good
2.11,10.44,106.9,0.21,0.22,40.52,28.68,71,1014,6.69,good
2.11,10.44,106.9,0.21,0.22,40.52,28.85,71,1014,6.69,good
13.52,24.24,130.82,4.69,4.03,103.23,15.05,58,1016,0.0,moderate
13.21,24.3,135.93,5.18,4.99,111.28,15.95,58,1016,0.0,moderate
12.0,22.0,146.94,10.33,4.86,96.14,13.65,70,1016,0.51,fair
4.37,6.18,154.24,3.45,2.0,77.99,22.72,72,1007,3.6,fair
3.78,6.69,138.41,2.76,1.76,70.64,21.11,81,1007,3.6,fair
1.62,2.15,147.12,2.04,0.84,88.01,20.15,69,1009,2.06,fair
0.5,0.57,98.83,0.59,0.1,28.2,17.62,88,1015,2.06,good
15.48,23.0,435.36,3.86,0.58,29.6,16.02,89,1012,1.82,fair
4.55,6.31,173.51,1.48,0.22,17.91,25.23,88,1010,1.03,good
4.97,7.45,85.53,2.37,0.59,79.76,17.11,47,1014,3.49,fair
1.85,3.52,74.04,0.32,0.24,77.83,13.51,77,1015,2.0,fair
2.04,3.75,88.04,1.26,0.2,64.69,16.05,46,1015,3.68,fair
25.04,26.69,573.21,10.52,1.95,29.05,26.8,83,1009,2.64,moderate
4.14,4.82,198.72,2.22,0.5,35.67,28.46,73,1009,2.27,good
24.82,25.38,466.92,3.27,0.31,2.46,27.75,80,1009,0.71,fair
0.5,0.77,77.02,0.01,0.01,10.0,30.0,84,1009,2.57,good
1.24,2.33,68.14,0.05,0.04,42.04,25.16,75,1013,1.1,good
1.38,2.24,70.12,0.06,0.04,41.76,25.79,75,1012,1.69,good
1.65,2.89,71.93,0.06,0.04,42.16,27.06,70,1011,2.46,good
17.79,22.8,368.67,14.14,20.83,66.16,15.35,33,1013,7.38,fair
14.53,17.41,206.38,8.34,19.12,76.22,15.4,37,1007,5.54,fair
13.81,19.67,219.64,7.7,10.0,83.06,14.72,40,1014,8.33,fair
15.6,21.99,211.95,5.76,9.85,86.87,13.76,62,1013,4.63,fair
61.85,67.39,446.05,7.63,8.6,100.94,16.95,39,1012,5.66,poor
14.96,22.25,198.75,3.67,7.95,90.2,13.95,62,1013,4.63,fair
39.73,142.39,116.14,1.13,3.08,87.41,27.86,28,1010,10.8,poor
34.96,112.41,115.37,0.85,3.43,88.49,28.22,33,1010,2.68,poor
34.96,112.41,115.37,0.85,3.43,88.49,28.14,33,1010,2.68,poor
3.32,15.98,96.21,0.13,0.24,43.73,30.01,66,1013,4.63,good
3.32,15.98,96.21,0.13,0.24,43.73,30.01,66,1013,4.63,good
12.2,40.52,86.13,1.4,0.39,76.89,17.28,48,1015,2.0,fair
11.88,17.81,151.98,6.31,0.84,74.62,19.33,52,1012,4.0,fair
12.02,32.75,114.7,0.23,0.03,87.89,12.05,94,1008,2.0,fair
50.78,52.55,809.05,7.22,0.84,24.59,25.97,78,1010,2.06,poor
104.75,111.45,1937.51,25.32,2.92,1.63,25.56,66,1009,2.39,very_poor
75.12,78.55,1171.68,13.7,1.64,7.24,25.06,67,1009,0.8,very_poor
4.83,8.16,130.17,2.52,4.63,108.3,17.08,82,1016,6.04,moderate
9.2,13.02,148.69,3.42,3.68,90.85,17.64,76,1017,2.66,fair
4.29,7.52,126.35,2.8,4.41,108.69,17.41,74,1016,4.87,moderate
2.86,10.38,97.32,0.53,0.4,38.08,26.93,74,1015,3.09,good
3.03,9.94,98.46,0.63,0.45,42.16,26.03,82,1015,3.09,good
2.86,3.24,101.08,3.36,1.52,51.23,26.16,90,1007,1.08,good
2.86,3.24,101.08,3.36,1.52,51.23,26.15,90,1007,1.45,good
2.86,3.24,101.08,3.36,1.52,51.23,26.08,90,1007,1.41,good
0.51,1.24,89.9,0.25,0.1,32.74,27.03,85,1012,2.96,good
0.6,1.85,96.7,0.37,0.17,30.88,23.24,97,1012,1.45,good
0.5,1.29,93.3,0.2,0.08,30.3,26.86,85,1012,2.96,good
0.51,0.75,65.08,0.84,0.08,44.08,3.64,92,1019,1.96,good
0.58,1.0,70.46,0.94,0.1,42.13,3.1,93,1019,1.51,good
0.5,0.6,61.1,0.65,0.06,47.37,4.82,89,1019,0.85,good
1.44,1.73,126.12,1.62,1.05,63.37,8.56,93,1014,4.12,fair
1.46,1.96,127.38,1.19,0.31,70.62,8.18,87,1017,3.6,fair
1.24,1.55,128.34,2.51,1.07,80.8,4.01,85,1020,4.54,fair
3.44,4.24,126.22,4.6,0.23,35.64,9.12,92,1017,0.45,good
2.41,3.02,117.22,3.24,0.17,36.59,8.76,96,1016,1.48,good
2.88,3.53,121.4,3.81,0.21,38.17,8.61,92,1017,1.44,good
4.08,5.0,144.96,2.47,0.49,85.81,3.34,92,1018,0.51,fair
1.18,1.39,128.01,0.73,0.09,71.71,5.36,94,1017,4.31,fair
1.81,2.23,133.74,2.72,1.55,93.43,3.95,75,1021,2.06,fair
42.31,141.56,222.36,4.68,1.54,75.06,19.55,80,1011,5.68,poor
32.7,129.12,123.99,0.99,0.7,110.12,24.18,26,1014,9.29,poor
35.09,127.49,199.28,3.42,0.87,90.5,21.2,68,1009,2.62,poor
2.6,9.86,117.58,2.27,2.69,84.56,16.99,63,1012,2.06,fair
2.19,5.37,117.59,2.81,3.75,93.21,12.23,94,1012,0.0,fair
2.21,3.8,100.87,2.48,0.24,54.9,14.08,82,1012,3.09,good
3.37,4.68,132.34,1.63,1.38,98.57,14.21,79,1014,3.6,fair
3.65,4.63,126.13,1.15,0.47,72.18,11.13,76,1017,4.63,fair
3.52,4.61,122.06,0.39,0.25,70.86,11.04,89,1018,3.27,fair
2.98,4.05,124.37,1.42,0.47,73.8,13.28,74,1015,3.39,fair
3.16,4.65,115.8,1.55,0.52,96.92,13.88,77,1016,1.54,fair
3.5,5.18,114.81,1.65,0.83,97.42,10.15,75,1017,1.58,fair
4.39,6.77,113.1,2.3,1.41,103.27,8.48,93,1016,0.0,moderate
5.26,8.38,150.03,1.37,0.08,17.89,13.98,100,1019,2.06,good
3.39,5.59,93.36,0.55,0.09,18.11,21.0,94,1015,2.06,good
2.84,3.89,103.48,0.78,0.03,14.81,10.65,94,1020,1.71,good
1.25,3.7,96.09,0.0,0.06,21.29,30.98,70,1011,5.14,good
2.71,3.52,97.49,2.13,0.45,54.46,10.9,93,1018,1.03,good
2.43,3.3,99.1,2.09,0.55,55.95,10.31,88,1018,0.82,good
2.54,4.17,92.14,1.55,0.34,43.44,10.85,88,1017,0.22,good
18.45,56.42,140.8,0.31,0.09,29.06,37.3,18,1006,3.09,moderate
6.79,17.41,145.99,0.89,0.07,19.43,29.22,45,1008,2.73,good
15.23,45.14,143.48,0.53,0.07,23.63,32.06,40,1007,5.04,fair
8.61,11.5,383.0,6.76,0.72,11.52,27.98,83,1008,1.03,good
34.45,44.25,714.14,12.5,1.08,26.87,29.51,57,1008,1.1,moderate
39.05,46.55,1065.77,16.13,2.21,1.33,26.67,74,1008,2.7,moderate
0.53,1.56,102.9,0.63,0.09,55.3,6.07,49,1010,1.0,good
0.75,1.0,100.86,0.8,0.04,58.44,9.82,47,1011,2.35,good
2.16,2.47,109.68,0.96,0.97,48.6,12.92,40,1011,2.79,good
11.97,17.5,164.21,1.4,0.85,67.13,25.85,89,1012,2.06,fair
10.32,14.9,150.28,0.27,0.25,65.54,25.96,89,1012,2.06,fair
10.32,14.9,150.28,0.27,0.25,65.54,25.82,89,1012,2.06,fair
5.16,24.64,94.07,0.11,0.17,49.53,28.08,74,1012,11.83,fair
2.86,12.1,99.78,1.5,1.11,43.86,25.97,73,1015,3.6,good
2.71,11.71,99.44,1.26,0.91,41.64,25.95,73,1015,3.6,good
2.71,11.71,99.44,1.26,0.91,41.64,26.03,73,1015,3.6,good
6.77,24.76,105.12,0.27,0.5,67.66,19.96,86,1012,6.91,fair
4.66,15.89,103.04,1.07,0.93,72.73,18.93,72,1013,7.2,fair
49.72,222.49,135.14,0.2,0.05,37.42,33.66,19,1007,4.96,very_poor
31.64,81.24,123.72,0.22,0.51,90.73,18.65,94,1012,3.09,moderate
31.64,81.24,123.72,0.22,0.51,90.73,18.53,94,1011,3.09,moderate
31.64,81.24,123.72,0.22,0.51,90.73,18.39,94,1011,1.03,moderate
1.55,7.93,62.65,0.06,0.2,48.61,23.01,85,1016,4.67,good
1.48,7.58,62.4,0.05,0.18,47.75,20.48,85,1016,0.89,good
1.48,7.58,62.4,0.05,0.18,47.75,21.43,85,1016,0.89,good
8.68,20.46,97.39,0.05,0.11,59.37,27.97,83,1007,5.66,fair
5.76,7.35,91.13,0.65,0.05,15.31,18.05,84,1013,1.05,good
5.81,8.66,87.84,0.41,0.14,23.62,19.63,70,1012,1.25,good
3.24,4.04,91.3,0.65,0.04,28.76,16.82,94,1013,0.25,good
13.29,14.83,154.63,1.87,1.3,89.21,27.75,20,1010,7.72,fair
4.86,17.98,117.6,0.24,0.6,96.35,20.29,70,1014,4.63,fair
12.86,14.48,153.5,1.45,1.14,90.2,27.97,20,1010,7.72,fair
3.26,3.48,323.83,2.2,0.42,16.08,26.4,88,1008,1.54,good
1.47,1.67,148.47,0.61,0.08,8.88,25.9,94,1008,1.03,good
2.74,2.98,298.59,1.24,0.12,14.6,26.62,88,1008,1.54,good
1.57,2.76,97.69,3.45,3.01,37.9,18.99,62,1012,2.57,good
1.57,2.76,97.69,3.45,3.01,37.9,16.97,67,1012,2.57,good
2.87,5.55,89.27,0.4,0.09,28.67,24.97,73,1013,3.09,good
1.91,8.82,65.71,0.07,0.2,53.62,25.39,99,1014,3.23,good
1.91,8.82,65.71,0.07,0.2,53.62,28.32,63,1014,1.36,good
2.04,8.87,66.06,0.11,0.34,53.58,28.11,63,1015,1.65,good
17.37,42.66,167.46,0.65,0.12,37.6,34.16,33,1007,2.57,fair
31.96,92.16,295.72,1.68,0.56,40.86,31.38,14,1007,2.97,moderate
81.3,206.29,821.63,9.75,3.49,39.83,27.87,15,1008,2.42,very_poor
0.72,2.1,90.4,0.06,0.07,23.25,28.18,89,1010,1.03,good
38.08,75.98,488.32,4.53,1.03,39.32,34.47,13,1007,5.21,moderate
5.18,13.54,209.04,1.81,0.61,19.24,24.02,96,1010,1.88,good
3.5,5.18,107.47,0.31,5.42,38.97,32.06,52,1008,7.2,good
6.78,9.12,107.65,0.25,8.53,46.03,30.2,57,1008,1.87,good
4.68,6.09,109.52,0.49,2.38,40.65,29.98,47,1008,7.15,good
9.91,11.89,176.01,22.94,1.36,38.29,12.34,75,1017,1.54,good
7.71,9.56,168.57,24.1,1.69,44.45,11.86,73,1018,3.6,good
11.75,13.8,183.65,28.17,1.86,41.15,12.61,73,1017,1.54,fair
3.66,3.95,133.98,3.58,2.85,94.64,2.96,66,1020,0.85,fair
0.5,0.88,132.09,1.04,1.13,93.95,3.27,87,1019,2.06,fair
0.5,0.5,116.43,0.29,0.09,71.4,3.29,79,1021,2.67,fair
133.03,156.73,1377.79,22.47,4.94,28.88,13.25,100,1014,1.03,very_poor
60.25,75.73,963.67,16.89,2.16,23.18,15.58,62,1014,2.63,poor
105.32,127.12,1189.83,20.59,3.49,25.32,20.72,72,1011,2.29,very_poor
1.55,4.39,73.32,2.02,0.75,54.2,18.95,65,1015,7.72,good
0.98,2.04,80.27,1.86,0.18,31.17,19.39,67,1002,5.14,good
1.41,2.47,69.37,0.52,0.1,51.12,17.35,83,1011,11.32,good
19.27,79.23,98.67,0.55,0.67,82.27,33.99,18,1004,2.57,moderate
19.12,82.3,98.18,0.57,1.05,91.45,34.05,18,1005,2.57,moderate
19.27,80.31,98.6,0.51,0.79,84.3,34.0,18,1004,2.57,moderate
2.76,4.0,139.11,1.09,0.42,48.81,30.12,77,1009,5.14,good
2.71,4.06,148.61,1.45,0.57,45.4,29.97,79,1009,4.63,good
2.71,4.06,148.61,1.45,0.57,45.4,30.02,80,1009,4.63,good
6.16,15.27,73.33,0.04,0.36,50.87,22.72,79,1011,3.6,good
5.98,15.25,73.41,0.04,0.37,50.99,22.1,78,1011,3.6,good
12.46,21.63,78.23,0.68,1.18,60.8,17.12,59,1015,2.06,fair
3.89,16.26,62.87,0.02,0.11,47.88,27.9,78,1014,5.14,good
3.77,15.37,62.94,0.02,0.11,48.5,27.96,78,1014,5.14,good
3.54,16.33,63.03,0.02,0.11,48.53,27.8,78,1014,5.14,good
2.04,3.71,62.56,0.06,0.07,31.66,27.53,76,1011,1.49,good
1.89,2.54,38.4,0.07,0.06,5.03,28.9,58,1011,0.19,good
2.42,3.12,63.26,0.03,5.55,10.19,30.67,66,1011,2.35,good
5.2,7.54,166.18,6.65,4.67,25.34,30.23,76,1010,2.57,good
45.89,47.53,747.22,14.8,2.39,22.14,27.05,100,1010,2.06,moderate
5.39,7.88,155.41,6.62,4.93,27.06,30.57,77,1010,2.57,good
61.75,76.01,402.18,3.19,14.23,129.83,23.99,60,1006,2.57,poor
15.08,61.83,94.8,0.1,0.37,53.1,28.09,78,1005,3.09,moderate
62.7,105.52,473.58,9.44,1.72,66.13,27.08,57,1007,3.09,poor
5.28,5.79,134.67,3.04,0.98,57.6,11.56,76,1015,3.6,good
1.75,2.06,105.45,2.64,0.25,33.94,12.25,95,1014,1.03,good
4.78,5.67,136.38,4.17,0.57,37.11,9.45,87,1017,3.09,good
2.01,7.41,95.41,0.19,0.18,43.35,27.42,78,1015,6.17,good
2.19,7.86,95.58,0.2,0.19,44.48,27.03,80,1016,6.17,good
2.14,8.09,95.9,0.19,0.2,43.97,26.67,82,1016,6.17,good
6.9,21.48,120.0,1.21,1.07,99.49,16.65,74,1017,4.22,fair
5.21,18.83,117.95,0.48,0.84,98.66,16.74,71,1017,4.24,fair
6.9,21.48,120.0,1.21,1.07,99.49,16.56,74,1017,4.19,fair
0.5,0.54,118.03,0.69,0.46,101.4,13.0,69,1011,1.54,moderate
0.58,1.19,116.61,1.75,0.98,101.44,12.73,82,1010,1.03,moderate
0.87,1.88,117.53,1.45,1.03,107.35,12.31,85,1010,0.59,moderate
1.28,1.3,126.35,1.39,0.12,38.01,16.79,94,1007,10.29,good
3.91,4.29,114.6,1.19,0.55,51.36,25.33,61,1003,5.14,good
1.41,1.44,132.15,1.62,0.15,34.82,16.7,94,1007,10.29,good
43.09,153.91,195.05,6.11,19.51,105.17,30.55,39,1007,7.72,poor
41.66,152.64,185.01,5.07,18.29,106.38,30.76,38,1007,7.72,poor
38.81,139.22,177.38,5.18,18.06,111.61,31.03,37,1007,7.72,poor
1.16,5.35,62.48,0.06,0.16,43.66,23.81,69,1017,5.66,good
1.14,5.16,61.73,0.06,0.14,40.71,24.05,67,1017,1.23,good
0.96,4.16,62.01,0.04,0.11,40.71,22.82,60,1017,4.12,good
7.35,8.18,108.33,1.98,0.48,40.32,16.08,82,1015,2.06,good
3.15,4.26,121.01,1.36,0.29,66.7,12.26,77,1014,5.14,fair
4.16,5.02,126.83,1.88,0.83,78.22,11.4,88,1017,3.4,fair
2.55,3.31,97.24,2.25,0.28,46.39,16.03,75,1015,3.13,good
7.71,10.39,123.6,5.62,1.36,38.22,12.99,88,1017,1.03,good
3.99,4.76,94.77,1.78,0.19,31.69,15.0,89,1015,1.42,good
5.48,5.82,123.12,1.0,0.58,78.82,15.8,73,1010,3.85,fair
0.75,1.52,142.92,2.56,1.02,77.43,6.49,70,1015,1.72,fair
1.15,1.46,113.26,0.64,0.05,43.81,11.87,87,1013,2.0,good
22.86,37.54,639.78,3.42,0.38,4.22,17.07,100,1013,1.54,fair
21.43,31.49,468.26,3.15,1.29,21.46,17.71,88,1014,1.39,fair
18.49,29.62,476.26,4.29,0.93,15.39,14.45,96,1015,0.61,fair
42.83,144.59,104.87,1.87,2.71,122.11,26.0,50,1007,7.04,poor
43.89,128.18,149.05,4.29,19.07,121.66,27.8,20,1012,4.78,poor
40.55,121.3,117.08,9.31,39.97,102.08,27.01,40,1007,2.58,poor
1.11,4.74,60.49,0.01,0.08,33.28,31.14,64,1011,2.69,good
1.11,4.74,60.49,0.01,0.08,33.28,31.15,63,1011,2.23,good
1.01,4.35,60.51,0.01,0.07,33.6,31.03,63,1010,3.61,good
0.5,1.15,74.13,0.04,0.03,12.56,27.0,83,1008,4.63,good
31.82,148.91,99.78,0.09,0.34,77.04,31.04,6,1006,8.84,poor
30.68,146.39,100.13,0.09,0.38,81.66,30.69,6,1007,8.83,poor
30.68,146.39,100.13,0.09,0.38,81.66,30.74,6,1007,8.83,poor
1.4,1.57,130.2,1.58,0.6,84.62,1.75,81,1023,1.21,fair
3.51,3.89,130.48,4.26,2.99,92.24,3.13,72,1021,1.64,fair
6.46,6.93,134.53,8.77,3.78,77.71,6.95,85,1020,2.69,fair
1.53,1.71,141.48,0.7,0.09,11.09,26.71,95,1008,1.03,good
1.53,1.71,141.48,0.7,0.09,11.09,26.69,91,1008,2.24,good
1.53,1.71,141.48,0.7,0.09,11.09,26.75,91,1008,2.24,good
11.44,15.02,115.07,1.05,0.54,91.16,9.15,86,1016,0.51,fair
4.7,5.64,99.92,2.78,0.05,26.18,9.33,92,1017,1.03,good
6.07,7.33,107.33,2.11,0.24,60.58,9.87,83,1017,0.83,fair
2.92,3.92,121.23,4.8,0.1,20.63,13.22,80,1014,1.17,good
1.9,2.27,114.18,1.17,0.24,47.54,12.37,91,1015,1.54,good
2.92,3.92,121.23,4.8,0.1,20.63,13.46,80,1015,2.54,good
5.69,12.27,112.26,0.7,0.36,23.56,25.52,85,1013,1.73,good
2.15,3.45,121.18,0.63,0.2,33.58,22.46,97,1012,1.62,good
2.19,3.33,112.89,0.8,0.33,38.33,22.03,96,1011,2.99,good
9.58,29.04,102.86,0.98,0.9,70.51,21.81,88,1012,3.09,fair
11.02,38.65,125.91,1.54,0.85,61.73,22.85,48,1010,6.56,fair
9.9,29.13,103.09,1.37,1.15,73.6,21.78,89,1012,3.09,fair
1.68,4.14,61.47,0.02,0.08,40.13,27.43,83,1008,4.8,good
6.18,12.88,158.86,1.77,0.16,15.08,20.48,74,1010,1.9,good
2.49,7.42,88.69,0.4,0.04,23.48,22.91,65,1010,2.56,good
1.61,3.12,105.28,0.76,0.52,18.99,26.95,78,1012,2.57,good
1.35,2.39,104.97,0.48,0.32,16.48,26.96,78,1012,2.57,good
7.0,11.91,202.46,0.96,0.09,3.97,24.41,77,1008,1.08,good
1.18,2.34,112.18,0.24,0.02,26.91,29.24,51,1007,2.75,good
7.36,8.84,174.03,0.27,0.05,1.78,19.61,94,1010,1.46,good
5.12,18.75,69.39,0.04,0.17,36.29,26.4,86,1010,4.36,good
10.3,12.09,99.69,0.21,1.42,44.89,27.27,77,1011,5.14,fair
10.3,12.09,99.69,0.21,1.42,44.89,27.94,74,1011,5.14,fair
19.07,21.72,101.62,0.32,6.69,48.1,31.19,65,1008,2.72,fair
5.79,7.94,126.77,2.96,2.1,54.15,14.85,67,1017,2.42,good
17.88,22.82,172.15,13.86,3.94,62.06,16.18,48,1017,1.74,fair
9.86,18.91,146.43,3.3,5.92,95.06,15.61,57,1017,1.7,fair
0.56,1.35,74.09,1.26,1.01,46.16,13.61,48,1014,4.23,good
0.56,1.23,73.37,2.15,3.04,46.84,9.03,58,1015,4.96,good
9.81,21.51,103.69,0.52,1.35,73.09,27.85,78,1015,2.57,fair
20.17,48.09,297.83,2.47,0.76,20.97,30.98,35,1006,2.57,fair
12.26,34.21,116.27,0.34,0.04,12.91,30.49,29,1006,1.77,fair
8.53,30.62,95.83,0.18,0.05,80.64,27.99,10,1008,6.73,fair
0.99,2.29,92.08,0.31,0.17,23.98,28.06,83,1010,3.6,good
6.23,9.96,182.2,2.46,0.47,11.94,23.69,89,1010,1.03,good
5.51,7.82,145.73,2.0,0.17,9.88,25.28,82,1010,0.65,good
18.06,19.33,255.87,2.57,0.51,19.07,30.35,80,1009,0.52,fair
16.34,17.51,230.2,1.98,0.41,20.94,31.14,69,1008,0.92,fair
17.52,18.96,295.49,3.48,0.76,21.3,31.11,99,1009,0.4,fair
11.0,33.61,368.31,3.3,1.06,69.2,17.06,72,1015,2.0,fair
7.22,10.58,102.13,1.14,1.26,80.14,20.82,32,1013,1.5,fair
6.72,11.14,104.22,0.99,1.51,79.46,18.78,39,1013,3.13,fair
9.01,23.13,94.51,0.6,0.37,44.52,27.48,64,1012,1.17,fair
9.38,28.99,89.1,0.48,0.33,44.39,25.35,71,1013,3.4,fair
9.93,33.85,75.39,0.14,0.24,45.72,25.76,76,1013,2.94,fair
14.2,46.19,154.23,5.31,0.7,54.87,21.92,56,1015,3.09,fair
125.44,739.5,117.6,0.25,0.3,97.71,23.99,41,1011,8.23,very_poor
21.24,119.63,114.54,0.24,0.08,88.67,16.97,59,1015,2.06,poor
27.45,55.41,130.36,2.48,0.87,74.74,17.8,94,1011,1.03,moderate
30.87,131.18,109.89,0.43,0.1,48.76,21.08,78,1010,1.54,poor
31.56,65.9,141.19,1.75,0.53,85.4,19.34,73,1010,2.3,moderate
3.34,18.01,65.72,0.03,0.1,59.71,27.18,83,1011,8.75,good
10.69,13.45,117.53,4.74,2.28,54.69,13.78,88,1018,1.03,fair
6.27,7.12,114.77,2.67,0.72,65.27,9.02,75,1019,1.36,fair
18.88,20.99,116.33,3.01,6.45,78.76,11.46,73,1018,1.95,fair
1.73,5.02,118.46,0.86,0.08,20.34,27.37,78,1013,2.57,good
1.81,5.84,119.44,0.6,0.06,19.25,27.26,78,1013,3.36,good
1.81,5.84,119.44,0.6,0.06,19.25,27.23,78,1013,3.36,good
87.62,93.26,566.63,22.14,8.62,14.24,24.9,57,1013,1.54,very_poor
87.62,93.26,566.63,22.14,8.62,14.24,24.97,57,1013,1.54,very_poor
55.47,64.58,383.47,22.06,17.95,73.09,25.77,76,1013,2.57,poor
1.0,1.44,65.95,0.36,0.02,14.39,23.92,92,1011,1.88,good
11.24,15.2,255.26,2.55,0.13,10.64,20.52,86,1011,1.55,fair
1.0,1.86,79.48,0.47,0.04,17.2,18.37,96,1012,3.11,good
4.24,4.63,116.96,1.19,3.32,84.41,16.14,57,1016,0.89,fair
10.17,11.39,144.86,2.63,6.5,87.5,16.71,57,1018,2.75,fair
3.37,5.1,122.45,0.53,0.74,80.44,11.84,84,1019,3.89,fair
11.5,14.08,304.55,4.7,0.23,13.0,18.0,95,1011,1.25,fair
11.5,14.08,304.55,4.7,0.23,13.0,17.81,96,1011,1.0,fair
9.83,11.14,285.33,4.04,0.21,19.8,18.25,96,1011,0.86,good
4.29,5.17,179.4,10.95,2.02,79.88,17.05,32,1007,6.17,fair
6.5,20.09,120.28,0.25,0.79,100.74,24.0,58,1014,5.66,moderate
4.25,4.94,176.57,9.85,1.62,79.79,17.16,31,1007,6.17,fair
1.77,2.58,133.66,0.9,0.03,33.62,15.6,83,1000,7.72,good
1.25,5.15,83.63,0.87,0.18,44.26,12.0,96,1005,3.6,good
0.57,2.06,79.38,0.59,0.09,44.93,12.64,88,1005,5.18,good
4.88,9.59,114.1,1.46,0.22,63.62,23.07,38,1011,2.71,fair
3.0,5.27,78.19,0.27,0.43,88.15,19.39,49,1013,2.79,fair
5.25,8.47,98.83,1.24,0.7,93.19,21.08,34,1013,2.65,fair
2.55,8.79,102.0,0.54,0.42,39.38,26.93,83,1014,5.14,good
2.57,8.54,101.56,0.5,0.41,39.12,26.78,83,1014,5.14,good
1.21,2.18,152.53,1.28,0.52,30.67,22.67,78,1013,2.57,good
8.48,14.8,179.98,2.28,0.35,46.87,28.66,72,1008,6.98,good
2.28,2.69,181.48,1.63,0.14,20.58,29.81,58,1011,2.4,good
2.24,8.31,97.02,0.18,0.21,49.09,25.47,84,1015,0.89,good
1.92,7.05,97.71,0.19,0.23,48.39,27.85,69,1015,3.6,good
43.04,48.76,1053.45,13.3,3.36,18.01,29.01,84,1009,4.02,moderate
37.61,39.05,666.92,12.47,1.94,2.44,23.0,99,1011,8.11,moderate
25.75,28.66,634.71,27.43,6.01,7.93,25.99,94,1011,1.03,moderate
2.76,7.39,64.86,0.02,2.8,51.77,28.1,69,1013,5.14,good
1.07,3.13,63.13,0.01,0.02,32.56,31.95,73,1012,0.29,good
3.36,4.94,105.58,4.03,0.23,46.66,11.85,85,1017,0.51,good
4.77,6.78,114.53,5.78,0.51,55.68,12.82,78,1017,1.06,good
3.32,4.96,108.0,4.64,0.25,49.69,11.89,88,1018,0.47,good
24.86,61.46,106.92,3.05,7.58,59.39,19.42,30,1013,3.11,moderate
9.45,21.31,95.34,0.37,0.94,63.36,28.94,77,1006,4.32,fair
32.66,72.51,105.83,2.26,2.63,70.44,23.87,58,1010,1.29,moderate
2.09,3.39,74.13,0.05,0.04,41.18,23.89,94,1012,1.03,good
2.09,3.39,74.13,0.05,0.04,41.18,23.84,94,1011,1.03,good
2.09,3.39,74.13,0.05,0.04,41.18,23.76,94,1012,1.03,good
1.8,3.14,95.84,2.63,0.63,38.32,5.35,86,1018,0.51,good
0.86,2.79,65.46,0.05,0.1,61.57,14.02,83,1020,4.12,fair
1.2,4.36,82.63,1.0,0.84,56.74,17.51,54,1012,4.26,good
2.32,4.09,83.81,0.65,0.41,35.32,16.94,64,1014,1.56,good
7.82,12.83,308.45,1.59,0.67,20.64,17.65,75,1013,1.41,good
6.55,11.09,224.64,1.22,0.63,21.89,16.47,76,1013,0.78,good
8.98,11.18,117.85,1.32,0.57,26.36,17.68,75,1014,1.72,good
1.98,3.5,100.45,2.26,0.26,22.21,10.86,35,1017,2.1,good
8.77,11.04,102.97,1.23,0.58,28.86,15.86,85,1015,1.83,good
2.22,4.7,116.16,2.33,0.29,79.15,10.44,78,1016,0.45,fair
2.22,4.7,116.16,2.33,0.29,79.15,10.66,78,1016,0.45,fair
40.71,116.86,142.46,1.53,0.53,103.84,27.84,75,1006,3.16,poor
46.76,154.28,153.84,1.59,0.91,102.55,30.02,51,1006,1.54,poor
40.45,114.22,143.27,2.89,0.88,96.86,28.0,78,1006,3.6,poor
5.98,11.68,354.77,3.31,0.36,72.54,16.87,35,1014,0.65,fair
62.63,271.47,206.99,1.01,0.2,75.88,22.72,40,1010,2.35,very_poor
8.28,20.95,116.4,1.0,0.3,75.26,26.78,26,1009,1.74,fair
1.73,7.65,106.39,0.75,0.69,59.48,25.66,75,1014,4.12,good
27.01,38.46,130.19,2.29,4.1,89.23,15.51,82,1015,1.54,moderate
15.56,22.81,133.71,3.62,2.78,91.33,16.23,88,1015,1.95,fair
58.29,83.41,129.9,1.44,6.03,87.98,16.12,88,1015,4.59,poor
2.43,3.25,114.99,4.07,1.09,73.19,7.09,71,1020,1.03,fair
1.51,2.45,106.81,2.71,0.58,64.54,0.84,86,1022,1.54,fair
1.26,1.79,109.2,2.59,0.43,71.61,5.44,80,1022,1.48,fair
11.43,37.16,68.24,0.04,0.16,40.23,26.0,83,1012,3.09,fair
24.67,114.16,62.21,0.29,0.08,28.33,14.92,77,1016,1.03,poor
4.32,7.17,94.14,1.58,0.09,21.49,17.89,82,1015,2.06,good
0.89,4.5,69.11,0.38,0.03,45.61,9.69,50,1007,3.6,good
0.83,3.79,69.17,0.68,0.02,49.82,7.45,65,1013,3.09,good
1.15,5.55,76.39,0.69,0.08,53.67,10.55,42,1011,2.57,good
3.11,4.6,142.01,9.6,0.41,26.65,13.16,74,1018,1.54,good
7.54,11.24,140.95,13.6,0.86,39.28,14.31,79,1017,1.54,good
3.29,3.92,132.31,7.97,0.37,46.85,12.83,62,1018,1.54,good
0.95,1.71,68.99,0.96,0.24,35.75,16.5,63,1025,4.63,good
1.85,6.26,66.38,0.1,0.12,54.43,13.02,94,1027,4.12,good
0.59,0.85,59.03,0.5,0.07,21.46,17.38,59,1023,5.14,good
3.72,11.69,129.56,1.97,2.03,48.81,27.97,74,1009,12.52,good
3.72,11.69,129.56,1.97,2.03,48.81,27.83,77,1009,12.52,good
3.72,11.69,129.56,1.97,2.03,48.81,27.89,74,1009,12.52,good
2.87,8.13,124.09,1.23,0.14,67.49,14.03,82,1018,1.03,fair
3.25,9.22,131.15,2.34,0.12,51.57,14.25,73,1018,3.98,good
2.15,2.73,101.04,1.6,0.14,85.46,10.48,93,1020,3.09,fair
4.65,6.77,110.89,1.75,0.6,78.78,12.95,94,1017,1.54,fair
3.16,4.35,107.74,2.84,0.3,54.45,13.74,77,1017,0.51,good
5.35,7.02,114.22,3.76,0.43,50.39,13.68,92,1017,1.41,good
1.32,6.32,100.01,0.04,0.08,43.16,27.27,69,1012,5.14,good
75.84,86.49,635.96,11.66,2.07,13.44,24.99,78,1009,4.12,very_poor
9.91,14.64,145.19,0.45,0.45,41.82,27.91,83,1008,0.0,good
90.94,102.73,737.47,13.14,2.3,11.26,25.0,78,1009,4.12,very_poor
7.1,7.74,132.38,3.32,0.35,64.91,8.98,84,1018,2.78,fair
10.39,11.5,150.4,8.77,0.91,61.4,11.04,75,1019,0.51,fair
9.3,10.28,154.34,6.85,0.66,62.74,11.16,78,1018,2.69,fair
11.34,30.32,178.18,1.44,0.16,31.25,34.65,32,1009,3.07,fair
8.13,14.51,177.69,1.87,0.16,17.02,27.25,65,1010,1.54,good
16.8,38.95,227.5,2.1,0.38,20.66,32.96,35,1009,2.43,fair
9.74,10.05,104.13,1.43,0.31,42.6,12.83,94,1015,1.03,good
8.72,12.05,102.67,1.31,0.3,64.88,13.11,100,1015,1.54,fair
4.8,4.97,106.04,0.91,0.2,92.27,13.8,96,1015,0.51,fair
59.23,215.73,168.73,5.63,23.49,137.38,27.98,57,1009,5.14,very_poor
62.09,232.17,164.35,4.02,20.67,140.87,27.97,57,1009,5.14,very_poor
63.87,241.44,167.61,4.38,22.3,138.21,27.79,44,1009,7.91,very_poor
2.33,3.68,125.96,0.87,0.12,17.74,22.31,83,1013,0.53,good
7.32,10.73,229.37,2.18,0.57,30.84,15.14,92,1014,1.51,good
14.98,24.24,423.94,5.36,1.48,23.52,14.43,95,1014,0.98,fair
0.88,2.91,90.4,0.07,0.1,25.34,28.01,81,1012,5.02,good
0.82,2.86,94.17,0.07,0.1,23.18,27.46,83,1012,3.56,good
0.92,2.95,92.51,0.07,0.1,24.35,27.49,82,1012,3.26,good
0.57,0.6,81.17,0.22,0.05,4.04,25.03,94,1008,1.03,good
0.57,0.6,81.17,0.22,0.05,4.04,24.99,94,1008,1.03,good
0.54,0.55,72.44,0.14,0.03,3.1,25.0,94,1008,1.03,good
1.32,3.31,46.15,0.33,0.16,54.17,13.99,32,1012,3.09,good
0.68,0.93,77.27,0.35,0.04,37.43,15.01,94,1011,1.54,good
1.17,1.86,54.43,1.17,0.28,38.43,19.84,42,1008,2.57,good
8.64,11.63,141.08,5.68,0.48,25.53,25.14,60,1015,2.57,good
10.31,31.88,104.85,2.54,1.17,64.91,27.62,59,1011,1.03,fair
5.9,8.14,124.86,6.02,2.03,54.62,21.44,73,1019,1.54,good
3.39,7.5,95.89,0.04,0.06,45.95,27.99,74,1014,4.12,good
13.56,19.37,132.71,0.8,0.93,114.65,27.96,78,1013,3.6,moderate
13.56,19.37,132.71,0.8,0.93,114.65,27.97,78,1013,3.6,moderate
71.51,85.22,999.45,21.12,3.16,11.91,4.96,85,1019,1.28,poor
101.3,113.24,1097.69,20.51,2.09,23.63,19.29,79,1012,3.52,very_poor
90.49,103.75,1138.46,20.21,1.73,13.59,14.13,90,1015,2.32,very_poor
4.06,8.43,122.51,4.7,0.68,24.25,12.93,43,1017,1.09,good
2.58,3.81,88.56,2.01,0.16,24.76,14.12,40,1017,1.81,good
4.06,8.43,122.51,4.7,0.68,24.25,12.76,43,1017,1.08,good
1.43,1.49,133.59,1.66,0.14,55.05,8.58,99,1013,5.87,good
1.69,1.75,126.56,0.94,0.77,49.08,14.99,94,1014,6.0,good
0.97,1.14,123.08,1.34,0.3,76.6,7.42,94,1018,4.88,fair
5.89,18.1,110.75,0.24,0.18,42.11,30.01,1,1008,4.12,good
4.45,17.43,103.1,0.19,0.2,39.81,28.89,78,1008,7.97,good
4.39,15.36,103.48,0.34,0.25,40.48,30.89,59,1008,5.53,good
14.11,14.71,159.44,6.71,3.03,105.65,11.86,54,1009,5.66,moderate
0.5,0.5,123.78,0.68,0.08,85.84,11.13,44,1008,6.17,fair
1.16,1.5,98.46,0.16,0.07,101.95,20.11,24,1007,6.69,moderate
5.99,8.91,156.64,0.66,0.13,6.65,26.2,83,1011,1.54,good
3.13,3.9,134.13,0.48,0.04,12.49,20.37,68,1013,1.7,good
1.64,2.94,101.92,0.38,0.03,5.89,22.55,85,1011,0.68,good
1.23,1.82,93.13,0.07,0.01,4.05,25.1,94,1010,0.0,good
1.23,1.82,93.13,0.07,0.01,4.05,24.96,94,1009,0.0,good
1.46,2.18,87.62,0.11,0.01,2.92,24.72,94,1010,0.0,good
5.99,8.91,156.64,0.66,0.13,6.65,26.2,83,1011,1.54,good
7.92,27.1,72.06,0.14,0.11,33.13,26.04,94,1012,4.12,fair
8.05,24.66,93.37,0.91,0.25,31.02,22.11,96,1012,1.8,fair
3.07,3.33,118.99,1.79,0.47,71.39,12.53,76,1016,1.03,fair
1.82,2.53,106.17,4.03,0.15,27.32,11.19,99,1017,0.51,good
2.77,3.34,127.59,6.4,0.82,47.0,12.87,78,1017,3.09,good
0.74,2.02,84.86,0.16,0.11,24.34,22.72,100,1012,2.57,good
0.76,2.25,85.71,0.17,0.12,23.77,22.31,100,1012,2.57,good
1.77,3.51,126.22,1.04,0.19,15.55,25.63,81,1012,4.24,good
3.94,7.46,177.71,7.1,0.32,35.35,14.76,56,1017,5.14,good
7.88,11.91,230.73,10.3,0.62,32.12,14.45,50,1017,1.27,good
3.94,7.46,177.71,7.1,0.32,35.35,14.72,52,1017,5.14,good
1.73,2.75,79.29,0.03,0.06,26.62,26.95,94,1011,1.54,good
2.44,2.79,81.69,0.66,0.11,9.42,20.42,100,1012,1.72,good
7.25,11.03,207.24,1.96,0.28,3.96,18.38,92,1014,1.63,good
31.92,44.81,286.0,18.61,7.75,28.19,17.92,45,1021,3.0,moderate
91.55,109.96,343.06,18.26,21.28,56.57,15.94,34,1011,2.3,very_poor
57.7,67.41,359.77,38.6,13.79,34.9,23.17,93,1014,3.76,poor
15.05,15.74,233.78,7.9,2.28,37.14,15.46,74,1014,3.09,fair
4.02,4.42,128.26,2.78,0.68,18.05,24.47,81,1009,5.66,good
14.03,14.7,157.94,3.38,3.77,11.3,23.99,60,1011,2.57,fair
0.83,1.14,104.48,0.31,0.25,38.38,23.54,75,1014,5.66,good
2.36,2.77,118.53,0.8,0.23,44.06,29.93,74,1009,2.06,good
0.81,1.14,104.05,0.33,0.27,37.67,26.59,61,1013,5.66,good
7.01,9.47,117.04,0.13,0.21,51.21,28.24,78,1012,3.09,good
12.3,17.81,126.35,0.22,0.59,69.22,29.16,65,1013,2.06,fair
13.07,17.21,115.52,0.15,0.72,55.29,29.19,65,1012,5.66,fair
3.6,17.29,98.59,0.18,0.27,46.69,23.27,68,1016,6.69,good
2.07,10.81,99.46,0.1,0.18,43.46,22.75,73,1017,8.75,good
2.29,11.34,99.61,0.14,0.24,46.3,22.02,78,1016,7.2,good
4.81,9.88,133.81,1.33,0.72,45.02,27.53,73,1010,7.2,good
4.81,9.88,133.81,1.33,0.72,45.02,27.61,73,1010,7.2,good
8.83,13.13,117.82,0.64,0.69,97.18,17.76,68,1017,5.66,fair
11.03,17.72,116.86,0.28,0.73,101.1,18.96,55,1016,1.54,moderate
8.57,12.85,115.76,0.83,0.8,96.66,21.01,38,1016,2.57,fair
4.75,5.87,134.63,4.47,1.09,54.46,9.52,83,1020,2.68,good
4.19,5.58,156.72,9.16,1.98,48.94,10.21,76,1019,0.51,good
4.46,5.59,145.17,3.57,1.5,67.5,10.21,85,1020,3.09,fair
2.52,3.33,128.42,6.34,0.47,37.83,10.09,71,1021,2.06,good
3.83,4.88,128.97,5.28,0.62,55.29,6.86,83,1022,3.6,good
4.65,4.95,141.35,5.55,0.35,76.7,9.15,84,1017,1.27,fair
10.14,34.17,123.13,0.79,0.13,34.76,29.03,78,1007,3.17,fair
11.96,27.53,224.55,2.11,0.25,32.16,23.62,87,1009,5.1,fair
12.73,35.24,193.8,1.7,0.28,37.22,26.57,72,1008,4.66,fair
3.95,4.35,129.19,3.25,1.7,105.11,7.9,56,1025,3.6,moderate
6.44,6.85,132.84,1.94,0.8,105.68,7.69,70,1025,3.42,moderate
5.58,6.06,131.66,2.79,0.98,97.86,5.59,76,1024,3.28,fair
1.56,5.51,106.67,1.43,0.99,56.58,26.01,70,1013,4.85,good
1.59,5.92,95.5,0.11,0.14,45.95,28.6,74,1014,3.6,good
9.21,12.22,140.07,3.33,1.24,42.42,28.47,70,1013,5.14,good
1.59,5.92,95.5,0.11,0.14,45.95,28.71,74,1013,3.6,good
5.1,10.48,126.09,7.38,0.32,57.92,16.37,94,1011,2.06,good
6.3,11.91,127.09,5.59,0.5,76.91,16.93,88,1009,3.09,fair
12.38,66.73,106.17,3.45,0.32,65.29,14.67,94,1015,2.06,moderate
6.61,7.03,315.77,13.21,1.14,21.84,14.53,92,1013,0.92,good
13.03,30.71,97.72,0.7,0.43,50.54,30.93,62,1006,1.54,fair
10.5,13.18,238.55,10.44,1.43,42.12,17.95,72,1012,5.66,fair
1.32,1.83,140.67,1.75,0.59,82.35,4.09,75,1027,2.06,fair
0.56,0.73,131.87,0.98,0.6,89.69,7.14,61,1026,4.12,fair
0.61,0.88,136.93,2.18,1.03,82.48,3.86,67,1029,1.26,fair
10.25,37.87,140.72,6.79,15.0,102.28,18.42,63,1017,6.17,moderate
10.48,20.05,122.44,3.32,6.44,94.58,16.9,82,1019,2.57,fair
10.25,37.87,140.72,6.79,15.0,102.28,18.42,62,1017,6.38,moderate
5.89,36.79,106.29,0.2,0.22,87.19,17.98,72,1016,2.57,fair
3.56,16.03,106.69,0.34,0.44,85.37,18.61,87,1017,5.33,fair
1.88,5.36,107.27,0.28,0.31,87.53,18.85,84,1016,4.94,fair
16.95,32.58,155.29,1.8,0.33,47.84,16.53,64,1013,1.52,fair
14.27,27.25,126.02,1.01,0.23,49.13,23.83,51,1009,2.54,fair
11.92,19.57,149.21,0.63,0.16,50.72,31.44,33,1006,3.42,fair
1.1,2.03,102.26,1.3,0.21,71.28,12.88,79,1011,3.09,fair
2.72,3.35,115.64,0.57,0.48,104.19,16.14,82,1016,0.51,moderate
2.72,5.58,126.16,4.74,0.18,67.06,16.81,84,1014,2.57,fair
21.63,37.85,580.85,6.74,0.99,28.26,14.49,48,1015,1.57,fair
3.83,10.54,89.57,0.61,0.04,21.61,19.42,74,1012,1.46,good
14.19,23.17,207.1,2.41,0.37,47.62,17.65,54,1012,1.03,fair
3.31,4.48,164.12,6.71,1.33,69.13,5.57,68,1027,3.13,fair
3.38,4.13,165.78,7.54,1.27,66.85,5.03,65,1027,0.32,fair
0.68,1.01,135.3,1.54,0.22,59.74,0.06,74,1028,1.03,good
1.58,7.0,63.12,0.02,0.04,55.85,26.94,65,1015,2.06,good
1.58,7.0,63.12,0.02,0.04,55.85,26.99,65,1015,2.06,good
1.48,5.96,63.0,0.02,0.04,53.31,26.83,69,1015,4.12,good
3.48,4.05,131.86,3.73,0.42,65.14,13.28,78,1016,2.57,fair
4.88,6.74,125.94,0.41,0.54,108.36,13.99,74,1015,1.07,moderate
2.88,3.54,121.28,3.22,0.27,66.46,14.62,69,1015,4.63,fair
4.53,14.92,73.51,0.11,0.17,33.32,27.01,83,1011,2.57,good
4.49,19.37,68.85,0.04,0.18,37.28,25.98,89,1012,4.12,good
1.58,2.0,55.81,0.09,0.01,3.25,22.19,98,1012,0.81,good
16.68,18.69,146.71,7.29,3.85,108.1,11.02,77,1018,3.09,moderate
5.35,6.25,125.16,11.85,1.03,38.36,11.0,89,1018,1.03,good
0.5,1.02,128.8,2.01,0.6,83.95,8.25,73,1022,1.34,fair
1.36,1.71,112.13,3.11,0.18,72.66,10.08,87,1021,2.57,fair
6.01,6.65,111.37,4.49,1.03,65.69,10.99,87,1020,2.57,fair
8.77,9.52,127.0,7.7,1.14,71.99,8.33,92,1020,2.5,fair
0.51,0.56,91.45,0.06,0.02,5.8,26.99,83,1011,2.06,good
0.51,0.56,91.45,0.06,0.02,5.8,26.99,83,1011,2.06,good
0.57,0.73,90.58,0.09,0.04,10.87,24.04,90,1011,1.26,good
1.81,2.69,116.15,3.26,0.56,55.91,13.61,76,1015,6.17,good
0.98,2.09,107.24,0.97,0.12,11.6,23.71,94,1012,2.36,good
0.65,1.87,85.03,0.22,0.32,27.86,26.23,89,1011,2.57,good
6.3,9.86,185.83,1.92,0.19,32.99,30.99,54,1010,4.45,good
2.6,5.36,113.84,2.43,1.11,86.33,17.78,90,1011,2.68,fair
8.2,26.36,110.59,1.53,2.14,73.74,21.36,76,1012,8.7,fair
8.23,26.31,106.61,1.4,1.88,73.72,21.98,70,1012,7.71,fair
8.2,26.36,110.59,1.53,2.14,73.74,21.03,79,1012,9.35,fair
11.82,37.93,96.08,0.66,0.51,47.87,27.04,78,1013,1.03,fair
11.82,37.93,96.08,0.66,0.51,47.87,27.05,78,1013,1.03,fair
2.36,3.82,133.53,0.58,0.14,14.53,22.76,94,1014,0.31,good
1.69,7.85,105.36,0.38,0.33,56.98,25.82,73,1014,1.54,good
1.69,7.85,105.36,0.38,0.33,56.98,25.94,73,1014,1.54,good
1.69,7.85,105.36,0.38,0.33,56.98,26.02,73,1014,1.54,good
3.49,6.73,74.2,0.07,0.14,29.72,26.92,100,1011,2.06,good
2.15,3.61,79.32,0.04,0.08,26.96,25.95,100,1012,2.57,good
3.84,4.23,92.41,0.43,0.12,9.83,20.94,99,1012,1.08,good
5.97,10.83,109.74,1.15,0.81,99.28,18.78,71,1016,1.34,fair
14.56,16.11,106.03,1.95,0.26,31.68,15.71,91,1016,1.03,fair
9.72,21.85,108.61,0.95,1.31,103.83,15.48,84,1017,0.67,moderate
12.03,14.64,163.56,0.5,1.21,48.17,21.4,100,1009,0.45,fair
10.29,12.67,142.25,0.3,0.72,44.93,21.36,93,1009,2.24,fair
9.85,11.88,156.17,0.37,0.98,46.94,18.72,93,1009,2.69,good
4.03,11.15,94.7,0.05,0.11,45.81,29.04,73,1012,9.77,good
4.03,11.15,94.7,0.05,0.11,45.81,28.54,74,1012,9.77,good
3.92,11.14,94.64,0.06,0.11,45.98,29.54,73,1012,9.77,good
13.16,35.78,112.4,0.68,1.3,83.53,26.06,73,1012,1.03,fair
15.0,38.57,124.08,0.53,0.63,71.26,27.18,53,1011,4.0,fair
14.8,37.95,122.25,0.55,0.91,79.61,26.93,56,1011,3.4,fair
2.1,7.62,108.46,1.17,0.85,32.71,26.99,78,1010,2.06,good
1.57,4.12,106.34,0.34,0.17,26.5,24.82,77,1010,2.43,good
1.75,5.81,105.27,0.3,0.19,25.97,24.13,83,1011,1.71,good
46.05,56.57,285.45,27.38,9.98,44.75,23.72,88,1014,7.15,moderate
46.05,56.57,285.45,27.38,9.98,44.75,23.77,89,1014,7.15,moderate
64.39,74.79,385.48,46.13,14.86,32.33,23.31,92,1014,7.2,poor
22.44,26.47,132.19,0.6,10.75,68.0,33.03,27,1013,5.14,fair
14.17,16.47,219.46,2.58,0.49,46.17,30.69,70,1007,7.2,fair
5.76,7.7,146.08,1.81,0.47,67.03,30.9,74,1007,4.63,fair
4.17,4.85,111.58,4.47,0.25,56.01,16.05,70,1016,1.54,good
4.5,6.25,113.48,2.93,1.6,105.39,18.06,59,1016,2.57,moderate
6.57,8.08,117.56,3.62,1.69,85.28,13.51,88,1016,0.0,fair
1.83,6.94,93.06,0.13,0.17,44.17,29.93,70,1012,3.6,good
1.83,6.94,93.06,0.13,0.17,44.17,29.43,70,1012,3.6,good
12.9,17.78,153.25,0.46,0.42,71.02,27.2,79,1013,6.25,fair
3.37,4.66,129.02,2.82,0.21,46.4,16.29,58,1016,2.57,good
2.22,3.21,118.44,1.91,0.07,51.85,12.88,94,1016,3.09,good
2.52,4.35,123.81,6.53,0.17,41.36,16.7,69,1015,2.28,good
12.16,16.86,321.9,3.54,1.3,24.47,26.78,90,1009,0.89,fair
4.62,14.29,112.79,1.17,0.47,34.81,26.12,89,1010,1.54,good
12.16,16.86,321.9,3.54,1.3,24.47,25.33,100,1009,0.0,fair
3.98,4.99,123.61,2.34,1.09,92.72,9.19,76,1021,4.63,fair
3.96,5.79,122.32,1.04,1.0,103.89,10.87,87,1019,3.6,moderate
0.82,1.03,114.63,1.35,0.44,73.21,10.97,89,1020,4.6,fair
15.81,36.69,124.65,2.54,2.61,103.07,16.51,55,1015,0.89,moderate
9.13,22.81,123.25,3.02,1.29,102.37,17.85,85,1015,2.06,moderate
7.52,12.85,124.89,0.46,1.37,122.2,18.88,85,1015,4.8,moderate
2.5,3.84,126.41,2.89,1.44,94.13,10.88,71,1019,7.2,fair
18.28,57.49,120.21,1.39,2.52,51.74,30.01,84,1006,2.06,moderate
61.84,79.81,474.39,5.07,6.33,98.36,26.03,65,1008,3.09,poor
18.44,23.52,410.96,13.19,2.64,28.16,21.97,84,1011,4.47,fair
27.0,125.19,163.42,4.68,5.66,97.29,18.95,42,1015,2.57,poor
12.51,66.5,128.36,1.89,0.29,74.58,15.68,76,1016,0.89,moderate
12.28,60.85,222.92,11.0,1.9,56.75,11.85,76,1016,0.51,moderate
7.72,18.25,130.26,4.63,2.28,72.99,17.99,45,1014,4.12,fair
31.56,148.2,132.7,2.73,0.46,66.54,20.08,49,1017,2.06,poor
14.21,25.28,169.33,11.0,0.8,34.52,15.77,32,1011,2.54,fair
0.5,0.51,132.81,0.07,0.15,96.88,4.81,80,1024,4.12,fair
0.5,0.51,132.81,0.07,0.15,96.88,4.84,80,1024,4.12,fair
0.5,0.51,132.81,0.07,0.15,96.88,4.93,81,1025,4.12,fair
3.89,7.72,120.16,0.48,0.72,106.98,17.02,78,1016,0.51,moderate
2.99,3.89,147.13,4.82,0.22,26.77,14.28,83,1017,1.03,good
13.19,16.02,129.49,0.47,0.49,107.4,15.59,66,1015,1.03,moderate
1.26,1.96,115.27,1.7,0.17,66.83,13.81,78,1015,6.17,fair
2.83,12.74,110.22,0.17,0.26,35.96,28.53,74,1013,10.29,good
2.85,12.89,109.96,0.16,0.25,36.19,28.68,73,1014,10.29,good
2.85,12.89,109.96,0.16,0.25,36.19,28.86,73,1014,10.29,good
17.25,36.46,135.03,4.16,3.49,107.2,20.05,42,1017,0.51,moderate
18.07,38.65,143.09,5.59,4.05,110.84,20.95,42,1016,0.51,moderate
19.29,38.04,155.15,11.12,4.37,94.08,16.3,63,1015,0.69,fair
1.59,3.42,158.32,1.36,1.65,115.09,20.49,33,1009,4.63,moderate
1.84,4.56,158.23,1.43,1.56,114.95,19.66,42,1009,4.63,moderate
6.19,7.64,178.48,4.13,1.79,104.85,16.58,46,1020,4.12,moderate
1.45,1.72,99.9,0.42,0.07,36.05,17.62,94,1015,1.54,good
15.5,25.39,433.22,5.94,0.88,19.01,17.17,88,1013,1.94,fair
2.71,5.75,108.87,0.8,0.17,20.36,25.23,88,1011,2.06,good
6.73,9.67,85.88,2.63,0.67,69.67,18.11,49,1014,3.94,fair
2.42,5.31,71.17,0.24,0.16,68.35,14.51,67,1015,2.0,fair
3.92,8.12,87.89,1.2,0.16,59.16,17.33,53,1014,3.71,good
37.12,38.67,725.28,10.05,2.01,34.36,26.47,81,1009,2.01,moderate
9.2,10.18,252.19,2.38,0.61,43.73,27.4,76,1009,1.53,good
27.45,28.35,504.16,4.87,0.72,1.27,26.18,81,1010,2.18,moderate
1.41,7.82,64.13,0.0,0.09,9.16,31.0,70,1010,5.14,good
1.55,3.04,69.12,0.06,0.06,37.46,23.0,78,1014,2.57,good
1.72,3.53,68.24,0.06,0.06,35.01,25.54,76,1013,1.03,good
1.5,3.59,67.22,0.06,0.07,35.41,26.81,72,1012,2.32,good
19.72,23.95,170.82,1.27,1.73,94.08,13.32,46,1020,1.65,fair
15.4,18.79,260.39,4.52,5.25,40.31,13.99,48,1018,2.24,fair
12.62,16.41,150.18,0.49,1.18,106.61,13.89,39,1020,1.61,moderate
19.47,23.98,213.13,9.05,1.42,77.68,15.76,55,1020,1.54,fair
25.03,28.19,196.74,9.81,6.33,96.88,14.95,44,1020,1.03,moderate
16.32,20.9,173.27,0.91,1.29,96.53,15.95,55,1020,1.54,fair
39.74,196.93,126.44,1.72,0.83,105.8,27.86,27,1011,5.96,poor
36.77,202.75,124.14,1.19,0.59,117.44,28.22,31,1011,3.13,very_poor
36.77,202.75,124.14,1.19,0.59,117.44,28.14,31,1011,3.13,very_poor
3.38,9.6,109.39,0.16,0.29,45.8,31.01,58,1011,4.12,good
3.38,9.6,109.39,0.16,0.29,45.8,31.01,58,1011,4.12,good
8.95,15.98,83.55,0.98,0.39,85.19,16.28,55,1012,2.0,fair
12.04,28.66,151.21,6.04,0.52,47.61,22.33,53,1012,9.0,fair
0.59,0.62,113.24,0.33,0.01,29.85,9.05,93,1007,2.0,good
32.18,33.15,908.77,8.36,0.71,3.32,23.97,78,1012,1.03,moderate
34.1,36.82,693.3,11.31,1.07,23.35,25.66,84,1010,2.55,moderate
5.3,6.54,206.31,2.65,0.49,30.41,24.06,90,1011,1.32,good
14.52,22.87,148.13,1.57,3.57,127.9,22.63,77,1015,5.02,moderate
17.59,27.79,171.72,3.73,4.77,109.61,20.29,64,1016,2.65,moderate
12.13,19.49,138.42,1.9,3.36,125.17,22.96,70,1015,4.35,moderate
1.31,4.69,105.21,0.48,0.32,44.93,26.93,74,1013,4.63,good
1.72,6.67,105.45,0.53,0.38,48.17,26.03,82,1013,4.63,good
4.79,5.24,144.97,1.78,0.81,62.69,25.05,95,1006,1.94,fair
4.79,5.24,144.97,1.78,0.81,62.69,25.04,95,1006,1.7,fair
4.79,5.24,144.97,1.78,0.81,62.69,24.97,95,1006,1.66,fair
0.5,0.82,100.01,0.32,0.14,24.8,26.57,86,1013,3.33,good
0.7,1.44,105.95,0.53,0.17,29.11,23.36,98,1013,1.56,good
0.5,0.69,95.77,0.23,0.09,29.71,26.64,85,1013,2.72,good
1.56,2.77,85.74,2.44,0.22,31.82,4.97,70,1018,1.55,good
4.25,6.7,136.61,3.43,0.43,30.18,4.25,75,1019,0.85,good
0.55,1.36,63.87,1.17,0.09,43.88,5.39,69,1018,2.3,good
0.8,0.83,126.71,1.06,0.54,89.47,6.94,91,1016,9.26,fair
1.06,1.12,127.25,0.72,0.18,94.1,7.18,87,1020,4.12,fair
3.09,3.73,130.82,5.15,1.37,53.27,10.01,60,1023,5.02,good
5.34,6.06,128.26,3.76,1.25,72.37,9.51,79,1017,3.09,fair
4.27,4.82,121.16,3.08,0.73,60.85,10.29,78,1017,1.79,fair
4.59,5.17,122.34,3.15,0.88,63.77,10.32,77,1017,3.09,fair
0.66,0.91,128.96,0.55,0.32,95.7,10.01,42,1022,4.63,fair
1.09,1.12,129.21,0.47,0.33,102.26,7.08,70,1021,5.16,moderate
1.57,2.04,132.48,2.29,1.42,92.74,7.95,46,1024,3.09,fair
22.34,68.89,222.22,5.14,1.52,70.68,22.15,67,1014,4.49,moderate
44.4,149.96,136.91,1.87,0.81,97.99,25.95,26,1014,7.36,poor
38.45,164.2,179.9,4.75,0.25,76.88,22.41,54,1014,2.88,poor
1.59,7.78,109.0,0.59,0.86,101.18,17.55,59,1012,1.54,moderate
2.15,6.74,106.26,1.88,3.55,95.56,17.23,77,1012,2.06,fair
6.99,11.8,102.39,1.35,1.63,86.38,16.08,67,1012,4.63,fair
4.33,5.3,136.5,1.08,0.94,107.07,16.7,67,1017,3.6,moderate
12.65,14.11,127.49,1.67,0.55,72.77,13.91,91,1017,2.06,fair
6.21,8.42,117.98,0.58,0.31,60.49,13.11,83,1017,1.88,fair
3.33,4.7,119.11,3.03,0.17,34.43,13.56,94,1016,2.34,good
3.82,5.45,114.22,0.6,0.42,107.06,15.88,82,1015,2.06,moderate
3.74,5.64,114.06,0.88,0.76,112.95,9.58,91,1015,0.21,moderate
3.5,5.21,116.02,1.61,1.35,118.57,14.51,94,1015,0.51,moderate
5.31,8.97,146.9,1.49,0.08,16.22,14.98,100,1020,2.57,good
3.31,6.98,91.5,0.86,0.22,34.33,23.0,94,1017,2.06,good
2.04,2.76,95.96,0.64,0.04,20.11,11.04,94,1021,1.64,good
1.25,3.28,100.25,0.01,0.05,16.49,29.98,79,1010,4.63,good
3.01,3.11,102.38,1.06,0.87,55.99,12.9,94,1016,1.54,good
4.52,4.68,98.48,1.15,1.16,55.07,12.31,94,1016,1.12,good
2.06,2.19,98.85,0.81,0.72,45.9,10.38,93,1016,1.12,good
20.28,53.99,166.95,0.4,0.07,36.57,29.3,51,1011,7.2,moderate
10.21,21.21,159.52,1.17,0.09,21.13,29.95,45,1011,2.06,fair
10.54,24.1,157.86,0.69,0.1,21.24,34.1,31,1010,0.46,fair
13.36,16.24,414.27,6.77,0.72,23.02,23.98,94,1008,1.03,fair
18.74,22.67,400.78,5.83,0.57,37.74,29.93,45,1008,1.43,fair
24.68,26.78,474.05,6.68,1.18,40.0,24.88,83,1009,1.82,fair
0.54,0.56,102.63,0.17,0.11,84.68,3.07,87,1014,1.0,fair
0.5,0.5,103.08,0.48,0.04,55.81,6.34,72,1014,1.03,good
0.5,0.5,103.06,0.38,0.04,63.11,9.59,72,1014,1.64,fair
101.07,111.22,585.37,83.58,24.6,7.5,23.85,94,1014,7.72,very_poor
84.29,96.37,431.16,70.22,22.0,10.78,23.96,94,1013,7.72,very_poor
84.29,96.37,431.16,70.22,22.0,10.78,23.82,94,1014,7.72,very_poor
2.34,10.58,99.17,0.11,0.11,48.88,28.08,74,1013,8.75,good
1.06,3.52,106.06,1.04,0.66,47.76,26.97,69,1013,4.12,good
1.04,3.52,105.93,0.9,0.56,46.36,26.95,69,1013,4.12,good
1.04,3.52,105.93,0.9,0.56,46.36,27.03,69,1013,4.12,good
8.55,33.51,106.36,0.23,0.51,71.78,20.96,77,1014,8.23,fair
3.67,14.51,104.46,0.88,0.85,81.62,18.93,72,1016,6.69,fair
66.65,280.8,118.74,0.21,0.08,35.61,35.81,14,1008,8.36,very_poor
35.13,73.55,128.02,0.24,0.89,82.47,18.65,82,1016,3.6,moderate
35.13,73.55,128.02,0.24,0.89,82.47,18.53,82,1016,3.6,moderate
35.13,73.55,128.02,0.24,0.89,82.47,18.3,82,1016,3.6,moderate
0.92,3.24,65.52,0.05,0.11,48.2,23.01,88,1017,4.08,good
0.93,3.07,65.48,0.04,0.1,46.82,20.48,88,1018,0.45,good
0.93,3.07,65.48,0.04,0.1,46.82,21.43,88,1018,0.45,good
11.99,26.66,100.11,0.05,0.12,66.82,29.97,79,1007,7.2,fair
3.89,5.36,94.21,0.53,0.09,21.64,18.96,82,1014,1.27,good
4.04,6.46,84.67,0.33,0.18,29.68,18.73,80,1014,1.65,good
2.19,2.88,81.6,0.59,0.03,22.56,16.11,93,1015,0.14,good
12.2,13.46,152.36,1.43,1.24,86.37,22.94,46,1005,4.12,fair
6.0,21.56,116.1,0.21,0.66,94.2,21.13,69,1014,5.66,fair
10.07,11.24,146.05,1.14,1.01,84.15,22.97,46,1006,4.12,fair
8.06,8.41,351.4,2.99,0.6,18.07,24.73,94,1008,2.06,good
2.07,2.52,96.32,0.38,0.07,9.76,25.51,94,1008,2.06,good
8.24,8.56,346.58,1.57,0.38,17.26,24.95,94,1008,2.06,good
9.88,14.45,173.87,2.59,0.3,19.26,18.99,87,1015,3.09,good
9.88,14.45,173.87,2.59,0.3,19.26,19.97,94,1015,3.09,good
2.13,3.47,78.32,0.22,0.05,30.34,18.93,96,1014,1.62,good
1.29,4.38,65.38,0.07,0.06,48.51,24.83,99,1016,2.35,good
1.29,4.38,65.38,0.07,0.06,48.51,28.32,66,1016,2.36,good
1.41,4.54,65.41,0.07,0.12,47.45,26.43,83,1016,2.0,good
22.1,70.21,173.86,0.6,0.14,40.47,34.16,46,1007,4.12,moderate
47.73,110.05,489.67,4.19,1.81,37.6,31.74,10,1008,4.96,poor
37.48,97.44,382.09,4.94,1.55,52.11,29.84,12,1009,4.09,moderate
1.0,3.08,89.24,0.07,0.1,25.94,27.98,83,1012,5.09,good
40.78,80.33,567.94,7.06,2.43,39.2,32.34,8,1008,5.93,moderate
4.01,11.12,186.0,1.57,0.62,20.27,23.96,95,1013,2.54,good
4.22,9.01,117.32,0.16,5.74,44.39,33.46,39,1005,8.05,good
4.02,10.54,115.22,0.14,8.4,47.83,34.08,37,1004,2.61,good
6.27,10.81,119.89,0.19,3.11,46.41,33.66,39,1006,10.28,good
15.2,16.87,171.6,19.06,1.85,56.84,10.64,82,1018,2.4,fair
14.73,16.41,168.43,23.47,2.17,56.75,10.7,75,1019,3.09,fair
17.87,19.75,181.22,24.85,2.16,51.38,10.13,80,1018,2.84,fair
10.62,11.15,137.61,9.65,2.4,74.5,6.5,68,1024,1.5,fair
9.82,12.06,127.96,1.63,1.64,104.1,9.27,53,1021,7.72,moderate
0.56,0.6,110.08,0.25,0.11,93.78,9.44,55,1018,0.45,fair
83.19,95.92,967.83,11.5,4.83,59.99,15.25,88,1013,0.0,very_poor
41.08,48.89,606.57,7.43,2.93,66.95,16.88,57,1013,2.54,moderate
76.52,86.24,736.44,8.14,6.86,81.48,21.48,70,1010,1.71,very_poor
1.46,7.79,61.33,0.03,0.1,47.31,17.92,71,1008,5.66,good
0.96,3.06,66.82,0.44,0.09,41.91,15.11,72,994,2.57,good
0.5,0.77,65.66,0.42,0.1,44.51,15.63,84,998,10.8,good
31.55,117.73,104.53,1.11,0.93,86.55,31.99,25,1003,1.54,poor
35.82,126.29,108.83,1.11,1.12,98.85,32.05,25,1005,1.54,poor
33.64,124.43,104.8,0.79,0.81,91.41,32.0,25,1003,1.54,poor
5.31,9.62,151.38,0.73,0.66,56.0,31.57,65,1007,5.14,good
4.99,9.41,149.9,0.77,0.65,51.26,31.17,65,1007,5.14,good
4.99,9.41,149.9,0.77,0.65,51.26,31.4,65,1007,5.14,good
5.25,15.11,67.82,0.05,0.4,44.85,23.28,77,1010,4.12,good
5.25,15.11,67.82,0.05,0.4,44.85,22.1,83,1010,4.12,good
4.96,10.68,69.58,0.57,1.12,50.93,14.12,82,1014,1.03,good
3.59,10.47,63.13,0.02,0.09,51.99,29.9,70,1013,4.63,good
3.56,9.91,63.08,0.02,0.09,51.88,29.96,70,1013,4.63,good
3.33,10.31,63.21,0.02,0.09,52.3,29.8,70,1013,4.63,good
5.28,22.6,60.76,0.03,0.21,32.17,27.57,80,1010,1.5,fair
1.24,1.61,43.27,0.03,0.02,4.75,25.55,75,1012,0.52,good
1.44,6.11,60.43,0.02,1.46,27.94,31.06,64,1011,2.17,good
5.0,8.66,168.61,4.02,3.44,32.92,30.89,70,1011,2.57,good
22.91,24.32,511.26,7.5,2.02,29.51,26.05,100,1010,1.03,fair
4.63,8.26,146.73,3.45,3.45,35.74,31.19,71,1011,2.57,good
58.68,74.48,489.82,4.4,5.87,98.95,25.99,65,1006,1.03,poor
16.28,67.19,95.93,0.07,0.31,56.78,28.09,78,1007,4.12,moderate
64.13,105.5,464.54,9.57,2.51,70.73,26.08,61,1007,4.12,poor
5.57,6.69,133.18,2.94,0.61,49.43,9.23,85,1019,3.09,good
11.68,12.45,158.73,5.94,0.61,27.32,12.07,76,1019,2.57,fair
4.55,5.46,124.86,2.47,0.5,52.4,9.1,87,1021,1.34,good
1.38,6.02,105.82,0.12,0.17,45.77,27.69,74,1015,6.17,good
1.39,6.03,106.13,0.14,0.17,45.86,27.44,76,1015,6.17,good
1.33,5.73,106.38,0.14,0.17,45.4,26.94,75,1015,6.17,good
10.48,27.82,122.21,1.14,1.12,99.37,18.31,84,1016,2.41,fair
9.36,25.96,121.2,0.63,1.02,96.16,18.22,82,1016,2.39,fair
10.48,27.82,122.21,1.14,1.12,99.37,18.23,85,1016,2.39,fair
1.62,4.6,116.41,0.72,0.56,105.58,14.97,81,1005,8.75,moderate
0.53,0.9,113.48,1.42,0.51,99.84,16.73,59,1006,3.6,fair
0.61,1.08,116.92,1.43,0.46,98.6,15.08,68,1005,2.49,fair
4.11,14.64,87.87,2.27,0.35,28.09,15.23,73,1013,1.54,good
4.11,9.32,135.61,2.83,0.31,35.44,15.33,77,1013,2.06,good
4.18,14.87,89.98,2.6,0.5,29.33,14.68,75,1013,1.54,good
56.25,196.12,181.44,8.96,32.86,104.74,29.55,42,1008,6.17,poor
57.75,202.26,178.91,7.97,31.89,109.55,29.76,42,1008,6.17,very_poor
56.33,194.19,179.74,8.3,31.73,113.18,30.03,42,1008,5.14,poor
0.71,2.35,65.61,0.04,0.08,44.24,19.81,77,1019,1.54,good
0.66,2.19,65.42,0.04,0.08,43.03,20.35,71,1019,0.64,good
0.84,2.37,65.02,0.03,0.07,43.57,22.82,64,1019,3.09,good
5.15,6.06,101.36,1.64,0.08,36.29,16.61,82,1014,3.6,good
2.67,3.61,112.79,2.17,0.23,38.38,13.32,95,1017,0.51,good
4.67,5.15,108.16,1.97,0.44,87.7,11.27,91,1016,2.63,fair
10.82,11.89,94.17,2.56,3.28,30.24,17.85,66,1014,3.13,fair
6.9,7.26,105.71,1.64,1.46,77.21,13.99,100,1015,0.51,fair
7.14,8.12,87.51,1.77,1.11,16.12,18.12,65,1015,2.03,good
1.12,1.22,130.27,1.38,1.5,89.42,10.38,64,1022,3.14,fair
0.5,0.91,144.21,2.62,0.93,77.05,5.05,56,1027,1.0,fair
1.75,2.22,111.11,0.52,0.02,38.23,7.87,100,1012,1.0,good
20.84,35.65,501.59,2.64,0.32,6.04,19.71,88,1014,2.06,fair
12.5,19.7,405.68,3.48,1.06,12.92,17.66,89,1014,1.33,fair
13.91,23.71,411.58,3.98,0.78,12.41,14.69,95,1016,0.43,fair
47.85,174.27,104.41,2.01,2.53,124.88,26.0,49,1006,6.62,poor
28.39,72.63,121.45,3.96,11.07,92.46,25.18,34,1014,7.11,moderate
45.5,138.11,117.37,7.25,32.58,110.95,28.0,35,1006,2.73,poor
0.96,3.57,61.79,0.01,0.07,21.91,30.59,65,1011,3.82,good
0.96,3.74,62.64,0.01,0.08,18.33,30.61,64,1011,3.38,good
0.86,3.39,63.54,0.01,0.07,15.38,30.5,65,1011,4.4,good
1.19,3.99,65.82,0.02,0.08,24.87,28.0,83,1009,1.54,good
16.69,74.8,98.83,0.1,0.62,111.1,30.77,7,1006,6.8,moderate
16.24,71.7,99.45,0.09,0.66,112.19,30.54,7,1007,7.08,moderate
16.24,71.7,99.45,0.09,0.66,112.19,30.64,7,1007,7.0,moderate
0.79,0.87,132.53,1.2,0.53,88.47,3.41,69,1027,2.09,fair
4.53,5.27,137.73,3.03,1.51,101.1,5.81,56,1025,1.54,moderate
2.72,3.12,128.66,3.05,1.71,105.72,7.93,63,1025,4.49,moderate
2.67,3.16,92.66,0.36,0.07,8.87,26.18,93,1009,2.06,good
2.67,3.16,92.66,0.36,0.07,8.87,26.3,93,1009,2.24,good
2.67,3.16,92.66,0.36,0.07,8.87,26.37,93,1009,2.24,good
9.64,11.4,131.32,5.82,0.59,45.8,12.5,81,1017,1.54,good
6.04,7.49,109.9,6.61,0.25,42.47,11.74,83,1017,0.0,good
10.36,12.2,125.38,8.83,1.29,55.57,12.33,79,1017,0.91,fair
3.52,4.86,134.89,6.04,0.28,29.35,11.96,79,1017,3.09,good
3.62,4.58,129.74,1.97,0.49,52.92,13.03,76,1017,5.66,good
3.52,4.86,134.89,6.04,0.28,29.35,12.02,78,1018,3.09,good
6.88,21.5,107.59,0.66,0.36,24.57,26.04,78,1013,2.93,fair
2.48,4.43,126.71,0.7,0.24,28.36,23.95,96,1013,0.86,good
2.32,4.66,109.1,0.57,0.23,26.73,24.11,95,1013,0.51,good
6.71,25.02,99.45,0.88,0.89,63.35,21.81,86,1014,6.17,fair
10.96,43.68,120.65,1.44,0.94,55.18,23.24,44,1012,7.31,fair
7.19,25.93,99.36,1.23,1.14,67.55,21.78,86,1014,6.17,fair
1.04,4.63,63.12,0.02,0.09,29.6,27.46,81,1009,5.19,good
7.02,15.23,153.06,1.71,0.14,18.34,20.95,69,1010,1.7,good
2.42,9.12,76.72,0.26,0.02,20.19,23.21,69,1010,1.19,good
1.27,2.24,102.67,1.05,0.53,25.95,26.95,89,1012,2.57,good
1.25,2.27,100.46,0.59,0.32,23.83,26.96,89,1012,2.57,good
6.2,9.34,174.61,0.71,0.05,5.54,21.86,94,1011,1.83,good
7.9,22.75,114.72,0.48,0.04,20.06,25.74,70,1008,2.16,fair
7.57,9.16,177.27,0.28,0.03,1.44,19.48,99,1012,1.75,good
3.2,12.24,72.91,0.03,0.15,34.34,28.02,89,1011,3.68,good
14.1,21.32,110.4,0.17,3.46,49.06,26.16,82,1010,6.17,fair
12.97,20.61,110.55,0.23,3.28,49.46,26.94,78,1009,6.17,fair
12.31,18.94,114.97,0.28,5.16,59.28,30.81,70,1006,1.54,fair
9.88,22.68,126.53,2.82,2.69,68.88,15.09,54,1017,1.59,fair
19.68,33.51,184.21,15.43,5.59,69.5,20.63,35,1017,0.45,fair
18.41,42.96,144.52,3.08,6.5,107.17,18.13,46,1017,2.22,moderate
4.23,5.75,104.7,3.88,1.93,37.21,11.42,75,1017,2.11,good
3.9,5.25,98.32,3.58,2.77,42.39,7.2,69,1018,2.01,good
2.52,9.12,93.9,0.27,0.28,45.88,27.16,86,1014,6.71,good
14.3,47.63,162.14,1.0,0.49,59.27,32.98,9,1006,4.63,fair
8.95,26.18,110.24,0.37,0.03,11.03,31.63,29,1006,1.23,fair
17.06,58.14,106.79,0.3,0.16,61.26,25.84,8,1008,3.61,moderate
0.73,2.53,95.32,0.31,0.19,24.89,25.06,94,1011,1.03,good
10.87,14.62,206.77,1.98,0.29,13.86,23.21,91,1011,1.67,fair
10.39,12.77,164.34,1.46,0.15,16.29,26.35,76,1010,3.41,fair
12.34,12.99,279.85,3.31,0.78,31.08,26.96,73,1010,1.67,fair
9.93,10.46,243.8,2.4,0.56,29.25,26.99,89,1010,2.06,good
14.35,15.62,322.89,4.26,0.9,27.28,26.97,94,1010,2.06,fair
12.26,36.08,343.67,3.02,0.88,67.68,18.06,77,1014,0.0,fair
9.42,16.56,102.99,1.04,1.23,73.77,20.18,33,1013,2.26,fair
8.65,19.8,103.14,0.8,1.16,86.56,16.93,52,1014,2.83,fair
6.32,14.66,105.07,1.22,0.33,28.55,27.1,64,1012,0.61,good
7.59,19.7,102.87,0.92,0.35,40.97,25.37,72,1013,2.53,good
8.93,22.79,86.3,0.28,0.27,54.2,26.47,71,1013,2.52,fair
13.84,39.98,156.61,4.75,0.61,55.83,20.92,52,1016,5.14,fair
39.25,199.89,113.07,0.22,0.25,88.61,23.99,29,1010,7.2,poor
22.09,124.38,113.18,0.3,0.14,95.19,16.97,55,1015,3.09,poor
31.14,42.67,144.62,2.19,0.96,82.39,14.8,100,1017,0.0,moderate
40.6,108.71,160.85,0.77,0.68,96.1,21.08,68,1016,3.09,poor
41.67,70.36,133.47,1.23,1.16,92.29,18.88,88,1017,3.09,moderate
2.14,8.67,66.96,0.02,0.07,58.65,27.18,54,1013,6.17,good
10.6,13.75,119.95,4.73,0.72,25.28,16.75,77,1016,3.6,fair
6.34,7.28,109.68,2.55,0.82,65.5,11.8,66,1017,0.8,fair
17.68,19.08,113.93,2.33,0.58,46.76,14.75,71,1017,1.29,fair
1.23,5.33,99.01,0.59,0.08,30.96,26.26,73,1012,2.57,good
1.27,5.37,100.12,0.47,0.06,29.14,26.15,73,1012,2.87,good
1.27,5.37,100.12,0.47,0.06,29.14,26.12,73,1012,2.87,good
13.39,17.8,242.78,10.04,6.0,55.58,20.22,86,1016,4.12,fair
13.39,17.8,242.78,10.04,6.0,55.58,20.27,86,1018,4.12,fair
30.38,44.53,281.49,10.96,20.0,97.46,22.28,79,1015,6.17,moderate
1.12,1.99,66.73,0.28,0.02,17.12,23.21,100,1012,2.57,good
12.18,17.09,246.7,2.44,0.12,7.04,19.97,88,1011,0.61,fair
0.55,1.02,71.06,0.31,0.03,20.04,18.34,92,1013,3.94,good
2.34,2.72,110.4,1.16,0.2,38.68,12.87,91,1017,0.45,good
6.5,7.78,137.11,3.22,2.28,55.46,14.14,64,1018,1.88,good
9.18,12.91,128.19,0.7,1.15,86.54,12.83,87,1018,3.28,fair
7.06,9.5,216.93,3.68,0.3,22.2,18.62,86,1012,0.95,good
7.06,9.5,216.93,3.68,0.3,22.2,18.25,88,1011,0.63,good
5.47,6.83,187.22,2.42,0.18,27.53,18.16,90,1011,0.61,good
3.53,4.32,156.92,6.92,2.03,101.15,15.7,49,1011,3.6,moderate
6.39,18.28,118.48,0.22,0.77,103.29,23.08,63,1013,6.17,moderate
4.26,5.56,161.64,6.88,1.71,100.46,15.79,48,1011,3.6,moderate
1.09,5.26,67.11,0.29,0.1,46.19,12.1,66,1005,6.69,good
1.87,6.34,89.92,1.54,0.5,52.56,10.35,67,1012,1.79,good
1.16,4.75,78.11,0.98,0.27,51.1,8.75,66,1011,3.87,good
7.62,19.64,122.18,1.85,0.18,50.59,23.14,40,1011,4.59,good
3.64,7.12,75.29,0.23,0.44,84.01,19.84,43,1012,2.48,fair
7.75,14.27,97.99,1.32,0.78,91.42,22.31,35,1012,1.37,fair
1.49,6.56,104.66,0.42,0.33,47.3,26.93,69,1013,2.57,good
1.44,6.24,105.08,0.4,0.32,46.05,26.78,69,1013,2.57,good
3.17,4.04,164.32,2.76,1.82,53.15,29.58,65,1012,0.88,good
7.81,10.71,195.19,1.61,0.26,60.43,29.02,69,1008,6.02,fair
4.95,6.26,168.97,1.26,0.17,32.26,30.81,58,1012,2.7,good
0.98,3.41,105.73,0.16,0.12,46.9,26.75,61,1015,2.57,good
1.09,4.13,105.46,0.16,0.16,45.69,27.95,69,1015,5.66,good
38.92,46.64,973.48,17.28,4.34,14.77,28.01,83,1009,1.34,moderate
46.96,50.32,615.46,8.55,2.05,12.24,25.0,75,1014,2.44,moderate
47.12,51.73,475.15,6.08,3.72,53.06,23.99,94,1014,1.54,moderate
8.32,15.0,65.5,0.01,8.36,48.94,28.1,74,1014,4.63,good
1.26,3.67,63.37,0.01,0.02,28.29,30.51,76,1012,4.95,good
4.38,4.83,98.16,1.41,0.25,38.2,12.44,89,1016,1.03,good
3.51,3.94,108.7,2.07,0.36,35.68,12.8,95,1016,1.42,good
4.39,4.87,103.02,2.01,0.3,49.58,12.26,90,1016,0.11,good
34.94,76.08,107.03,3.21,7.88,57.04,20.01,32,1012,4.14,moderate
13.15,47.78,90.74,0.84,1.14,62.59,29.15,76,1007,8.04,fair
16.48,51.72,97.82,2.12,3.9,71.42,23.19,71,1011,0.68,moderate
1.07,2.71,64.51,0.05,0.05,31.91,23.89,94,1013,2.06,good
1.07,2.71,64.51,0.05,0.05,31.91,23.84,94,1013,2.06,good
1.07,2.71,64.51,0.05,0.05,31.91,23.76,94,1013,2.06,good
10.93,14.91,222.01,8.98,2.26,24.37,2.94,87,1018,0.0,fair
0.65,1.41,66.03,0.12,0.11,62.25,12.52,86,1013,2.57,fair
5.67,9.16,161.85,3.97,1.77,43.79,18.63,78,1015,1.51,good
3.28,4.53,85.43,0.86,0.32,30.33,16.93,58,1015,1.94,good
6.85,12.5,240.17,1.4,0.71,21.52,20.17,67,1013,1.64,good
5.51,8.86,154.46,0.94,0.42,21.92,19.14,67,1013,1.75,good
12.62,15.78,167.55,2.28,0.73,26.89,17.68,84,1016,2.35,fair
5.64,7.62,112.12,1.98,0.27,25.9,11.21,44,1017,1.85,good
9.12,11.29,117.88,1.41,0.57,32.43,16.88,75,1016,1.95,good
5.17,7.08,112.54,5.32,0.27,54.06,10.03,88,1012,1.34,good
5.17,7.08,112.54,5.32,0.27,54.06,10.25,88,1012,1.34,good
31.09,104.91,125.88,1.67,0.47,102.54,28.84,53,1007,3.75,poor
34.3,137.37,123.91,1.1,0.62,106.73,30.02,48,1008,3.09,poor
30.72,100.02,128.02,2.44,0.77,101.73,29.0,54,1007,4.63,poor
9.2,18.14,283.83,2.83,0.13,49.02,19.5,38,1011,0.97,good
31.96,171.03,109.34,0.25,0.15,89.12,16.73,66,1014,6.75,poor
17.52,57.95,102.07,0.64,0.09,66.84,23.38,46,1013,9.95,moderate
1.14,4.39,101.91,0.61,0.49,54.53,25.66,78,1015,5.66,good
6.91,11.39,113.2,2.02,1.58,105.98,12.51,88,1017,1.03,moderate
7.27,12.44,116.75,3.77,2.45,102.11,13.23,87,1017,1.47,moderate
6.55,11.09,116.89,2.08,1.76,106.21,15.04,85,1017,2.16,moderate
2.13,2.72,102.25,2.57,0.74,72.33,12.09,54,1019,1.54,fair
2.09,2.96,97.73,2.68,0.51,49.67,5.84,75,1021,0.51,good
1.79,2.34,100.65,2.97,0.49,60.79,7.74,72,1021,1.53,fair
7.84,25.47,66.8,0.04,0.22,40.9,25.0,88,1013,3.6,fair
20.83,95.93,64.47,0.24,0.08,31.88,13.71,68,1017,1.51,moderate
5.55,9.56,83.5,0.96,0.08,30.42,17.89,82,1016,1.54,good
1.09,2.32,66.87,0.27,0.04,48.54,10.61,75,1020,3.09,good
0.81,3.57,86.51,1.89,0.04,42.8,9.83,44,1026,2.41,good
1.14,4.03,77.21,0.58,0.06,45.67,10.01,73,1024,3.6,good
5.3,6.35,139.58,7.66,0.59,31.34,10.86,70,1017,1.03,good
4.78,7.07,120.57,6.86,0.52,41.1,9.93,99,1017,0.51,good
4.41,4.88,117.89,4.87,0.12,47.38,10.05,74,1017,4.12,good
1.59,3.01,70.68,1.62,0.4,24.26,15.65,74,1028,3.09,good
0.91,3.49,68.61,0.13,0.11,62.26,13.63,91,1030,1.7,fair
2.29,3.54,56.51,0.44,0.16,20.34,19.24,69,1026,5.14,good
2.63,10.64,110.05,1.39,1.54,53.55,27.97,69,1009,10.8,good
2.63,10.64,110.05,1.39,1.54,53.55,27.83,75,1009,10.8,good
2.63,10.64,110.05,1.39,1.54,53.55,27.89,69,1009,10.8,good
3.44,6.17,131.5,1.28,0.18,62.15,19.03,55,1017,2.06,fair
3.37,7.21,130.46,2.45,0.11,46.67,16.77,55,1017,3.86,good
2.43,2.97,92.73,1.19,0.04,57.29,12.48,82,1019,2.06,good
7.18,9.64,112.76,1.75,0.56,71.04,8.95,93,1018,0.0,fair
4.73,6.08,117.69,3.7,0.6,68.32,9.74,87,1016,0.51,fair
5.99,7.62,114.87,3.21,0.46,51.73,11.04,93,1018,1.32,good
1.61,8.58,95.01,0.04,0.09,48.81,27.27,74,1014,5.14,good
72.66,83.78,589.02,12.69,2.29,18.75,24.99,78,1008,2.57,poor
44.26,49.78,236.0,0.31,0.94,101.37,27.91,78,1008,0.0,moderate
76.45,88.83,632.89,14.48,2.77,19.14,25.0,78,1008,2.57,very_poor
6.75,7.53,126.03,3.02,0.76,83.42,12.25,72,1016,2.57,fair
13.76,14.99,142.23,6.48,1.71,88.08,12.08,74,1016,2.06,fair
11.13,12.23,143.71,5.9,1.47,88.89,10.82,78,1016,2.89,fair
4.62,9.48,167.56,1.41,0.14,23.43,33.06,52,1009,4.12,good
4.34,5.7,158.84,1.56,0.11,13.15,29.25,58,1012,1.54,good
4.55,8.08,170.32,0.94,0.18,23.71,33.56,36,1010,3.96,good
3.32,3.7,99.87,1.33,0.46,41.72,11.83,94,1017,2.57,good
10.59,12.57,110.48,1.34,0.35,72.31,14.11,100,1015,2.06,fair
4.25,4.69,100.27,1.93,0.1,24.8,14.87,96,1014,1.79,good
30.16,131.49,133.76,7.46,19.38,109.53,27.98,54,1010,5.66,poor
31.66,142.43,130.0,6.87,17.53,110.54,27.97,54,1010,5.66,poor
34.03,152.2,133.46,7.69,21.68,107.88,27.79,40,1010,5.83,poor
3.78,4.86,121.86,0.74,0.12,14.01,21.95,93,1014,1.58,good
6.82,8.4,180.07,1.44,0.32,34.43,16.48,92,1014,1.39,good
7.69,11.63,296.55,3.21,0.61,22.24,15.11,96,1014,1.67,good
0.64,1.56,73.86,0.09,0.05,32.03,27.46,86,1013,4.5,good
0.56,1.47,70.95,0.08,0.05,32.93,26.78,88,1013,3.54,good
0.53,1.41,72.87,0.08,0.05,32.4,26.51,89,1013,2.85,good
0.6,0.66,73.31,0.29,0.07,2.76,26.03,94,1009,0.51,good
0.6,0.66,73.31,0.29,0.07,2.76,25.99,94,1009,0.51,good
0.55,0.58,66.83,0.17,0.04,2.09,26.0,94,1009,0.51,good
0.57,1.31,44.27,0.46,0.12,54.26,10.99,66,1015,4.63,good
1.34,2.84,67.08,0.14,0.03,41.92,15.01,88,1021,8.23,good
0.56,0.81,52.33,0.91,0.19,43.93,19.84,40,1012,5.14,good
1.6,2.27,96.38,1.51,0.11,33.86,21.21,90,1018,5.66,good
15.28,32.0,104.23,0.94,0.59,73.84,25.96,73,1013,1.54,fair
2.68,3.73,109.62,6.72,0.62,27.46,21.44,68,1020,2.06,good
1.98,7.35,89.0,0.07,0.13,43.67,28.99,65,1014,5.66,good
1.02,3.37,92.35,0.18,0.17,47.84,27.96,74,1014,4.63,good
1.02,3.37,92.35,0.18,0.17,47.84,27.97,74,1014,4.63,good
53.78,64.61,926.28,18.36,1.33,4.98,5.5,93,1019,1.46,poor
101.5,114.33,1013.66,22.36,3.12,20.24,21.43,71,1011,3.1,very_poor
81.59,92.72,1085.05,17.7,1.25,4.38,16.23,84,1014,2.29,very_poor
2.9,5.0,79.78,1.72,0.78,45.59,14.79,49,1013,2.6,good
7.43,8.74,75.72,0.58,0.31,36.73,16.23,30,1015,2.66,good
2.9,5.0,79.78,1.72,0.78,45.59,14.79,48,1013,2.53,good
0.51,0.58,123.7,0.88,0.4,82.15,5.41,94,1017,3.25,fair
1.04,1.21,119.17,1.1,0.64,55.97,9.99,93,1018,1.0,good
0.57,1.12,125.24,1.9,0.23,60.04,5.63,94,1018,3.56,fair
4.75,11.86,121.36,0.21,0.16,37.63,30.01,1,1007,3.6,good
3.81,11.97,118.11,0.2,0.15,34.69,28.64,84,1008,7.97,good
2.65,8.29,112.29,0.22,0.18,35.47,30.76,62,1008,5.47,good
5.55,5.68,152.51,5.58,1.63,101.53,12.28,80,1002,7.2,moderate
2.99,3.01,145.58,1.67,0.13,95.5,12.9,66,1006,9.26,fair
0.57,0.62,97.78,0.12,0.03,92.85,18.45,39,1014,0.45,fair
4.18,5.54,133.74,0.51,0.07,10.94,26.2,83,1012,2.06,good
4.58,5.54,96.3,0.35,0.14,14.17,19.38,67,1014,1.55,good
1.78,2.08,91.8,0.14,0.02,10.28,21.92,91,1011,0.92,good
0.65,0.75,82.31,0.04,0.0,1.71,25.1,94,1011,1.03,good
0.65,0.75,82.31,0.04,0.0,1.71,24.96,94,1011,1.03,good
0.7,0.81,82.82,0.06,0.01,1.77,24.72,94,1011,1.03,good
4.18,5.54,133.74,0.51,0.07,10.94,26.2,83,1012,2.06,good
6.53,21.29,75.91,0.15,0.12,36.87,24.55,95,1013,2.39,fair
7.59,19.69,104.94,1.06,0.26,28.54,22.58,98,1013,1.36,good
1.67,1.83,111.96,1.26,0.08,60.26,12.53,72,1012,1.54,fair
2.04,2.65,101.13,2.97,0.22,36.99,15.19,77,1012,1.03,good
2.12,2.58,115.47,4.01,0.32,42.78,14.16,76,1012,2.06,good
0.5,0.98,85.46,0.28,0.1,24.87,27.72,89,1013,1.03,good
0.51,1.09,86.5,0.27,0.1,24.58,27.31,89,1013,1.03,good
5.87,11.75,181.09,2.07,0.39,4.55,24.37,84,1013,0.94,good
10.01,13.91,226.67,8.1,0.16,38.57,16.18,45,1014,1.03,fair
7.89,11.1,201.44,7.22,0.16,35.01,16.03,47,1014,1.22,good
10.01,13.91,226.67,8.1,0.16,38.57,16.77,43,1014,1.03,fair
1.41,2.1,73.01,0.03,0.05,31.06,25.23,93,1012,1.55,good
1.01,1.18,75.09,0.75,0.08,3.79,23.74,88,1014,2.57,good
4.32,6.99,161.46,1.01,0.12,2.1,18.23,93,1015,0.97,good
16.49,25.2,192.6,14.64,11.62,51.56,17.92,59,1016,5.0,fair
131.19,155.56,412.69,16.97,6.44,23.34,16.94,37,1006,1.85,very_poor
11.27,24.91,182.12,1.55,3.41,100.83,23.72,86,1014,1.65,moderate
2.08,2.43,144.66,2.11,0.22,34.98,18.73,45,1014,3.09,good
9.11,9.48,112.25,1.58,1.86,26.76,29.03,54,1006,3.6,good
12.52,12.83,124.26,1.19,2.54,19.77,26.99,36,1012,4.12,fair
0.73,1.77,98.08,0.31,0.26,33.6,23.05,75,1013,6.17,good
1.51,2.0,110.19,0.72,0.19,36.66,29.93,79,1008,5.14,good
0.64,1.23,97.1,0.3,0.25,33.61,26.27,61,1012,6.17,good
6.71,8.76,111.71,0.12,0.34,54.13,30.24,62,1012,3.09,good
3.36,11.62,103.49,0.22,0.27,48.93,28.16,74,1014,3.09,good
6.66,10.76,105.55,0.17,0.52,64.92,30.19,66,1012,5.14,fair
3.79,18.56,100.6,0.17,0.28,61.29,23.27,78,1018,6.69,fair
3.15,15.08,101.91,0.14,0.23,67.24,21.75,68,1018,9.77,fair
3.22,15.41,100.97,0.15,0.28,66.25,22.02,73,1018,5.66,fair
3.79,10.41,111.09,1.02,0.89,50.51,27.53,73,1010,7.72,good
3.79,10.41,111.09,1.02,0.89,50.51,27.61,73,1010,7.72,good
7.47,11.79,106.64,0.41,0.68,102.16,18.76,77,1015,6.69,moderate
7.21,12.24,105.06,0.22,0.61,97.49,19.96,64,1015,1.54,fair
8.13,12.17,107.12,0.5,0.88,106.22,21.29,44,1015,2.06,moderate
3.89,4.78,122.52,3.75,0.55,45.38,9.09,78,1018,2.57,good
6.27,8.01,189.27,14.83,0.91,23.47,7.89,73,1018,2.24,good
7.53,8.75,140.7,3.65,2.04,69.33,5.83,99,1019,1.03,fair
3.88,4.81,122.65,5.7,0.56,38.24,9.67,74,1018,1.54,good
4.41,5.23,123.93,3.96,0.58,55.95,11.53,66,1018,2.06,good
5.09,5.35,124.65,3.34,0.15,80.26,10.64,75,1015,2.42,fair
8.16,29.81,97.36,0.38,0.08,43.78,29.19,79,1009,4.32,fair
9.4,25.69,181.23,1.67,0.17,36.55,24.31,84,1010,6.29,fair
9.62,31.3,138.59,0.97,0.19,42.38,26.85,71,1010,6.96,fair
4.96,5.39,130.08,4.65,1.6,83.3,7.13,83,1020,2.06,fair
9.96,10.89,138.42,4.99,0.41,60.57,7.69,81,1018,1.45,fair
7.82,8.94,128.03,6.69,0.85,57.54,8.28,82,1019,1.27,good
1.33,5.38,103.66,1.3,0.91,49.66,26.01,74,1015,4.74,good
2.33,12.04,100.59,0.11,0.21,42.28,28.69,74,1014,2.57,good
2.25,5.39,110.26,1.55,0.46,33.79,28.46,74,1014,6.17,good
2.33,12.04,100.59,0.11,0.21,42.28,28.95,73,1014,2.57,good
1.79,2.8,111.59,1.88,0.14,80.37,15.37,88,1016,2.06,fair
3.4,5.03,122.38,7.86,0.97,67.19,15.93,88,1015,1.03,fair
16.13,62.31,115.58,3.14,0.35,80.48,16.67,88,1016,3.6,moderate
11.89,13.14,252.09,6.87,1.81,49.05,15.53,88,1012,1.07,fair
12.18,34.78,89.49,0.36,0.49,48.67,30.93,62,1006,5.66,fair
7.56,9.09,192.5,5.92,0.77,41.04,17.95,59,1013,3.6,good
1.22,1.58,135.12,1.23,0.38,69.31,5.19,56,1022,2.06,fair
0.5,0.5,126.08,0.4,0.23,82.37,8.14,61,1021,0.0,fair
0.5,0.5,127.13,0.41,0.1,71.44,5.09,65,1024,2.46,fair
11.14,44.61,133.76,5.83,12.07,107.28,20.42,56,1015,5.66,moderate
13.38,23.41,118.74,3.46,5.57,86.4,16.9,77,1016,1.54,fair
11.14,44.61,133.76,5.83,12.07,107.28,20.42,54,1015,5.2,moderate
7.25,45.09,108.89,0.17,0.16,89.48,18.98,68,1018,3.6,fair
4.75,25.37,111.13,0.25,0.43,94.71,18.3,80,1017,7.25,fair
2.26,7.77,113.74,0.24,0.33,100.43,18.67,81,1017,3.76,moderate
14.73,28.67,145.42,1.69,0.25,47.69,17.11,56,1015,0.48,fair
13.59,26.19,120.93,0.86,0.17,48.6,22.39,59,1013,1.22,fair
14.65,36.06,103.33,0.22,0.06,61.4,29.1,36,1008,4.6,fair
0.53,0.91,105.67,0.32,0.09,79.29,10.26,92,1013,4.63,fair
4.68,5.75,115.1,1.26,0.5,95.69,14.31,80,1013,3.09,fair
2.06,5.19,116.6,3.3,0.27,69.79,15.74,93,1014,1.34,fair
21.7,34.28,573.92,5.93,0.89,25.29,15.19,66,1016,1.23,fair
1.54,5.1,81.32,0.67,0.04,15.57,19.27,57,1013,2.03,good
12.19,19.92,220.36,2.88,0.36,36.05,15.83,78,1016,2.24,fair
2.1,2.71,143.31,3.44,1.27,67.98,3.37,57,1022,3.03,fair
2.39,3.14,149.57,5.17,1.95,69.75,3.79,54,1022,2.52,fair
3.05,3.75,150.73,4.12,1.34,76.51,6.11,44,1023,2.57,fair
1.25,5.56,63.28,0.03,0.04,58.16,26.94,57,1016,1.03,good
1.25,5.56,63.28,0.03,0.04,58.16,26.99,57,1016,1.03,good
1.32,5.77,63.67,0.02,0.03,56.01,27.83,57,1015,2.06,good
2.24,2.87,119.02,3.7,0.23,43.15,17.33,61,1012,5.66,good
4.49,5.98,122.51,0.42,0.51,106.72,16.77,78,1012,3.63,moderate
2.31,2.74,111.3,0.99,0.16,71.72,17.08,72,1012,2.57,fair
5.05,18.86,71.11,0.12,0.13,29.53,28.01,78,1012,3.09,good
4.16,15.92,72.23,0.04,0.12,32.99,25.98,94,1013,4.12,good
1.72,2.17,63.58,0.09,0.01,4.4,22.57,97,1013,0.56,good
24.1,25.88,142.34,4.68,3.39,127.71,12.36,64,1017,3.09,moderate
7.4,8.02,129.45,5.01,1.75,88.79,9.4,86,1020,5.14,fair
0.5,0.75,128.93,2.2,0.5,85.54,6.5,82,1026,1.03,fair
1.25,1.54,101.16,2.33,0.11,66.14,14.08,72,1020,2.06,fair
11.48,12.15,107.72,4.49,1.23,84.51,11.99,87,1016,0.0,fair
17.75,18.65,122.23,5.19,1.06,106.1,11.33,84,1016,3.16,moderate
0.56,0.57,91.55,0.06,0.02,7.19,24.99,94,1012,0.51,good
0.56,0.57,91.55,0.06,0.02,7.19,24.99,94,1012,0.51,good
0.53,0.55,92.36,0.1,0.03,7.05,24.0,93,1012,1.35,good
7.67,8.42,123.16,3.18,0.77,63.69,13.61,76,1014,4.63,fair
1.04,1.98,89.69,0.79,0.1,15.08,23.98,96,1014,1.89,good
1.01,1.84,69.24,0.24,0.25,35.23,29.23,79,1013,4.12,good
5.15,6.4,155.91,1.56,0.18,27.86,30.13,50,1010,2.64,good
2.01,5.54,115.37,1.78,0.46,69.85,17.22,84,1016,3.09,fair
12.56,54.11,106.51,1.26,1.37,78.93,22.08,83,1013,3.09,moderate
12.44,51.89,106.75,1.31,1.4,79.67,22.02,83,1013,3.09,moderate
12.56,54.11,106.51,1.26,1.37,78.93,22.01,83,1013,3.09,moderate
8.05,24.76,98.45,0.43,0.26,42.53,27.04,83,1013,2.06,fair
8.05,24.76,98.45,0.43,0.26,42.53,27.05,83,1013,2.06,fair
4.22,7.86,170.32,0.71,0.17,3.63,23.03,92,1013,0.85,good
0.98,4.48,98.86,0.27,0.22,54.19,25.82,73,1015,3.09,good
0.98,4.48,98.86,0.27,0.22,54.19,25.94,73,1015,3.09,good
0.98,4.48,98.86,0.27,0.22,54.19,26.02,73,1015,3.09,good
3.63,12.63,74.38,0.06,0.12,31.77,25.92,100,1012,2.06,good
1.4,3.22,74.57,0.03,0.07,30.19,25.95,100,1013,4.63,good
1.26,1.48,68.8,0.22,0.03,4.17,21.16,100,1013,0.84,good
13.38,31.12,107.42,1.81,1.02,74.99,18.71,68,1014,1.34,fair
7.4,10.24,109.11,1.62,0.95,42.73,17.1,89,1016,1.54,good
15.88,28.8,114.4,0.76,1.25,92.45,17.14,84,1016,2.29,fair
11.72,15.18,124.24,0.38,1.62,44.71,21.95,100,1009,3.58,fair
10.04,14.32,123.18,0.32,1.7,45.56,21.92,100,1010,2.24,fair
11.4,14.61,121.45,0.33,1.38,44.65,19.28,100,1010,3.36,fair
3.23,6.27,104.18,0.06,0.08,46.57,25.49,88,1012,7.72,good
3.23,6.27,104.18,0.06,0.08,46.57,25.24,88,1012,7.72,good
3.33,6.45,104.58,0.06,0.08,47.61,26.33,88,1012,7.72,good
14.01,39.98,124.63,0.54,0.64,74.18,25.06,78,1012,2.06,fair
11.77,42.77,108.67,0.32,0.35,64.39,29.1,46,1011,4.31,fair
13.12,39.56,115.15,0.36,0.47,67.79,27.26,61,1012,3.86,fair
1.23,1.82,100.44,0.62,0.31,17.99,26.77,83,1012,2.98,good
0.93,1.2,97.13,0.26,0.05,19.64,24.84,91,1012,1.48,good
0.8,0.92,96.16,0.28,0.08,16.25,25.47,85,1012,2.04,good
10.53,25.2,175.99,1.07,1.97,98.87,23.78,78,1014,3.58,fair
10.53,25.2,175.99,1.07,1.97,98.87,23.85,80,1014,3.58,fair
10.91,25.58,176.95,1.25,2.24,96.5,23.77,83,1014,3.6,fair
25.04,27.95,145.19,0.72,11.47,64.81,30.25,37,1013,3.6,moderate
10.38,12.25,184.3,2.14,0.54,44.34,32.69,62,1006,6.69,fair
2.27,3.99,143.58,2.52,0.33,53.35,30.9,70,1006,5.14,good
4.61,5.72,108.38,3.54,0.22,54.71,11.82,87,1017,1.54,good
8.67,14.85,118.62,4.69,3.08,104.13,15.06,77,1017,0.51,moderate
10.11,15.66,117.77,3.79,1.75,84.17,14.51,94,1016,3.09,fair
2.63,14.56,100.32,0.11,0.22,43.41,30.14,68,1014,1.56,good
2.63,14.56,100.32,0.11,0.22,43.41,29.88,67,1014,1.18,good
8.57,12.49,155.55,0.66,0.64,74.48,27.92,76,1013,8.89,fair
5.03,6.57,122.62,2.89,0.21,42.76,14.88,63,1017,2.57,good
2.96,4.03,128.39,2.23,0.11,49.69,11.88,66,1017,3.6,good
3.44,5.14,119.99,5.82,0.21,26.93,17.81,60,1016,2.97,good
6.33,11.17,134.98,0.83,0.37,37.99,26.9,88,1009,0.45,good
5.35,10.03,97.82,0.88,0.23,36.71,25.57,93,1010,1.54,good
6.33,11.17,134.98,0.83,0.37,37.99,25.64,100,1009,0.0,good
0.71,1.56,130.29,1.32,0.67,94.55,7.29,73,1024,5.14,fair
1.25,4.13,126.08,0.88,0.69,98.52,8.87,61,1022,7.2,fair
0.5,1.09,128.79,0.69,0.41,92.37,5.97,69,1025,4.84,fair
10.26,26.16,119.84,2.53,2.26,106.91,17.62,45,1015,2.68,moderate
9.47,22.69,118.65,4.14,0.91,90.95,17.85,80,1015,1.54,fair
8.49,12.57,114.88,0.58,0.62,102.42,18.58,88,1015,5.12,moderate
1.3,2.34,132.9,2.04,0.88,88.98,8.88,71,1023,4.63,fair
15.6,52.24,102.48,0.36,0.95,68.5,30.01,70,1006,1.54,moderate
69.67,92.05,456.94,3.81,4.21,105.52,27.03,69,1007,2.06,poor
11.39,15.03,358.43,11.88,1.72,5.93,22.27,83,1011,2.57,fair
28.84,139.62,152.24,3.6,5.72,97.64,19.95,42,1014,2.06,poor
11.89,62.06,174.59,4.98,0.96,75.16,20.02,44,1015,1.69,moderate
9.16,36.45,251.84,11.6,2.13,59.5,13.85,72,1015,2.06,fair
3.21,5.73,126.34,3.55,1.57,109.46,18.73,13,1016,3.09,moderate
9.58,19.29,122.72,1.7,0.86,76.87,14.08,77,1018,2.06,fair
9.53,18.13,148.73,7.69,1.03,68.94,9.77,16,1014,2.93,fair
1.03,1.71,129.76,0.11,0.25,85.85,5.81,100,1023,1.54,fair
1.03,1.71,129.76,0.11,0.25,85.85,5.84,100,1023,1.54,fair
1.03,1.71,129.76,0.11,0.25,85.85,5.93,100,1023,1.54,fair
12.22,13.69,136.06,0.39,0.33,103.54,18.27,70,1017,3.6,moderate
5.76,6.54,156.85,8.54,2.05,82.56,18.87,70,1014,2.57,fair
17.8,22.58,118.5,0.43,1.91,100.12,18.83,50,1015,2.06,moderate
2.29,2.93,113.62,2.61,0.32,47.56,12.7,84,1011,7.2,good
4.39,23.15,98.55,0.14,0.29,48.09,28.58,70,1014,9.26,fair
4.53,23.57,98.47,0.14,0.29,47.76,28.13,74,1014,9.26,fair
4.53,23.57,98.47,0.14,0.29,47.76,28.3,74,1014,9.26,fair
12.5,27.3,126.88,3.93,3.41,108.88,21.05,35,1016,0.0,moderate
14.78,31.13,134.11,5.7,4.29,108.58,21.95,35,1015,0.0,moderate
14.27,28.3,143.78,10.37,3.98,91.96,16.95,69,1015,2.65,fair
5.72,8.86,201.29,10.77,11.09,100.24,18.67,36,1022,3.6,moderate
5.13,8.22,193.47,7.85,9.78,103.89,18.87,40,1021,3.6,moderate
3.64,4.87,193.21,4.86,2.47,103.39,16.59,49,1021,1.54,moderate
1.96,2.47,97.12,0.47,0.1,35.62,15.6,93,1016,1.97,good
9.1,12.66,308.06,3.94,0.42,24.03,17.01,92,1014,1.36,good
3.98,5.27,174.96,1.89,0.29,20.18,25.23,83,1012,4.63,good
7.29,17.36,83.77,1.42,0.36,68.44,17.11,81,1014,0.96,fair
2.6,6.51,68.62,0.16,0.19,71.76,19.51,64,1012,4.0,fair
4.09,9.11,81.31,0.8,0.16,65.08,20.23,59,1012,0.44,fair
25.54,29.51,643.09,9.99,2.08,31.55,27.57,72,1009,1.93,moderate
6.54,8.4,205.73,2.13,0.63,51.95,27.72,73,1009,0.86,good
23.63,24.52,482.7,5.66,0.74,11.58,28.53,68,1008,1.3,fair
0.72,3.56,70.37,0.01,0.06,11.69,28.91,75,1010,5.97,good
1.6,4.44,66.91,0.06,0.08,33.55,25.31,78,1014,0.87,good
1.6,5.18,64.09,0.05,0.08,34.97,25.86,76,1013,1.19,good
1.76,5.69,64.82,0.06,0.09,35.91,27.05,68,1013,0.71,good
25.25,32.68,155.82,0.8,1.15,116.68,14.49,37,1017,3.89,moderate
26.12,28.63,187.31,7.02,4.4,75.08,15.91,55,1017,0.81,moderate
28.18,37.68,152.45,0.37,1.12,125.9,13.86,50,1017,4.84,moderate
23.71,26.44,232.37,21.14,1.01,54.5,16.76,48,1019,2.06,fair
20.73,22.58,173.7,1.51,3.76,137.56,14.95,51,1020,1.54,moderate
19.14,21.58,182.74,10.01,0.9,71.85,16.95,48,1019,2.06,fair
38.39,186.87,121.16,1.07,2.13,115.09,28.97,31,1013,4.92,poor
38.11,192.11,121.06,0.85,1.63,120.1,29.33,34,1013,2.68,poor
38.11,192.11,121.06,0.85,1.63,120.1,29.25,34,1013,3.13,poor
3.06,7.61,109.01,0.15,0.23,49.89,29.01,70,1011,4.63,good
3.06,7.61,109.01,0.15,0.23,49.89,29.01,70,1011,4.63,good
5.94,11.65,80.4,1.6,0.43,65.56,19.28,56,1013,7.0,fair
11.44,18.03,117.09,2.61,0.87,61.68,16.33,88,1014,2.0,fair
0.5,0.51,120.27,0.59,0.89,89.22,6.05,65,1017,4.0,fair
15.51,16.19,459.47,5.5,0.57,9.35,24.97,73,1010,3.09,fair
16.47,18.47,405.31,7.71,1.0,26.94,27.19,77,1010,2.76,fair
10.71,12.04,223.79,2.83,0.53,35.13,24.06,88,1011,0.99,fair
9.76,13.98,126.24,1.25,1.27,105.81,22.63,56,1015,3.76,moderate
16.65,23.22,171.62,2.9,2.69,92.57,20.7,58,1016,1.85,fair
9.74,14.27,120.13,1.47,1.46,106.53,22.96,72,1015,3.5,moderate
1.28,4.84,100.17,0.41,0.34,50.04,26.93,74,1014,3.6,good
1.42,5.76,100.1,0.33,0.29,48.63,26.13,82,1014,3.6,good
6.62,7.94,168.79,1.68,0.53,68.74,26.72,93,1006,1.93,fair
6.62,7.94,168.79,1.68,0.53,68.74,26.71,93,1006,1.34,fair
6.62,7.94,168.79,1.68,0.53,68.74,26.64,93,1006,1.34,fair
0.5,0.55,96.78,0.27,0.09,29.68,26.51,82,1013,2.17,good
1.59,2.96,125.54,0.5,0.24,33.28,23.02,97,1013,1.05,good
0.5,0.55,92.85,0.3,0.11,31.68,26.67,84,1013,2.55,good
4.04,6.71,86.4,1.28,0.63,43.91,7.59,67,1013,3.24,good
4.12,6.81,85.88,1.15,0.64,45.52,7.83,69,1014,2.93,good
3.97,6.82,80.21,0.9,0.43,46.56,9.09,63,1011,4.1,good
0.5,0.5,125.19,1.34,0.51,79.97,6.23,95,1015,2.57,fair
0.5,0.57,124.56,0.82,0.14,79.43,6.18,93,1017,2.06,fair
1.46,1.81,124.41,4.16,1.08,49.89,3.01,87,1020,2.24,good
3.21,3.71,116.43,2.35,0.37,64.03,12.12,79,1014,0.45,fair
2.74,3.11,111.5,1.99,0.25,60.23,12.03,80,1014,2.24,fair
2.89,3.29,112.19,2.09,0.27,59.21,12.5,76,1014,4.12,good
0.5,0.62,126.87,0.59,0.14,88.49,10.01,59,1018,2.57,fair
0.88,0.98,124.98,1.39,0.16,67.35,6.09,96,1018,3.3,fair
0.51,0.61,130.46,1.9,0.69,87.75,1.95,87,1021,0.0,fair
18.68,66.31,122.85,1.41,0.1,69.3,27.63,35,1011,8.06,moderate
35.24,107.63,221.46,3.67,0.82,96.83,24.34,37,1016,3.89,poor
37.05,147.86,186.69,2.17,0.24,91.22,24.04,49,1013,6.81,poor
2.72,11.22,113.57,0.71,0.74,90.71,16.99,82,1017,2.06,fair
2.39,8.3,111.53,1.59,2.58,88.86,18.23,94,1017,2.06,fair
1.22,3.92,98.09,1.35,0.18,65.38,16.08,82,1018,2.06,fair
6.98,10.72,123.95,0.89,0.97,98.08,20.84,71,1014,4.12,fair
5.1,5.49,111.69,1.18,0.42,80.09,15.02,88,1015,1.54,fair
13.7,14.48,121.59,0.56,0.15,68.86,14.4,91,1016,1.26,fair
5.35,5.64,115.12,1.42,0.26,51.9,13.44,96,1015,3.48,good
7.71,12.79,110.33,0.84,1.29,104.89,14.88,94,1017,3.09,moderate
7.37,11.75,111.4,1.62,1.57,103.21,10.25,94,1018,1.37,moderate
6.77,11.64,114.47,3.72,2.81,104.07,10.48,100,1017,0.51,moderate
4.24,7.55,121.06,1.06,0.07,20.79,12.98,100,1021,1.54,good
2.36,4.9,83.9,0.52,0.07,20.07,23.0,94,1017,2.06,good
2.34,3.88,83.6,0.5,0.03,25.04,9.83,92,1022,1.89,good
2.22,4.21,98.58,0.01,0.06,17.6,28.98,84,1011,6.82,good
2.9,3.41,99.8,1.89,0.06,28.73,11.9,87,1017,1.03,good
2.68,3.13,99.27,2.1,0.12,28.04,11.31,89,1017,1.96,good
2.31,2.82,96.63,1.55,0.1,36.79,11.36,89,1017,0.92,good
6.66,9.9,165.77,0.72,0.08,20.68,30.3,58,1011,0.51,good
4.31,5.23,149.76,0.86,0.06,12.64,30.19,50,1012,2.32,good
4.69,6.14,146.57,0.47,0.04,19.45,33.89,33,1010,3.64,good
18.03,19.79,605.35,6.77,1.13,26.41,26.98,83,1008,1.54,fair
23.74,28.42,552.94,8.84,0.68,32.31,27.89,63,1009,0.57,fair
57.93,61.74,1299.79,18.04,1.37,0.26,24.91,80,1009,0.54,poor
1.49,1.98,105.55,1.42,2.45,62.34,4.07,60,1014,0.0,fair
0.5,0.5,104.22,0.43,0.02,59.01,8.88,61,1014,1.57,good
0.5,0.5,101.78,0.39,0.08,62.27,13.02,53,1013,2.09,fair
11.67,26.35,178.88,1.62,2.78,91.75,23.85,83,1014,5.14,fair
9.52,25.14,167.76,0.47,0.63,93.51,23.96,83,1014,5.14,fair
9.52,25.14,167.76,0.47,0.63,93.51,23.82,83,1014,5.14,fair
4.72,14.87,101.97,0.2,0.17,42.62,28.08,74,1013,9.26,good
1.28,5.35,102.35,0.74,0.48,46.58,26.97,74,1014,3.6,good
1.14,4.76,101.83,0.64,0.42,45.97,26.95,74,1014,3.6,good
1.14,4.76,101.83,0.64,0.42,45.97,27.03,74,1015,3.6,good
12.04,48.41,105.61,0.24,0.5,68.34,20.96,82,1014,7.55,fair
4.34,19.96,104.94,0.83,0.91,89.4,18.93,82,1016,9.26,fair
44.65,181.8,141.64,0.24,0.08,37.05,32.74,29,1011,4.38,poor
42.33,69.34,117.82,0.17,6.41,90.34,18.65,88,1014,2.68,moderate
42.33,69.34,117.82,0.17,6.41,90.34,18.53,88,1014,2.68,moderate
42.33,69.34,117.82,0.17,6.41,90.34,18.3,88,1014,2.68,moderate
2.62,14.35,63.22,0.05,0.23,63.68,22.46,82,1018,5.3,fair
2.57,14.08,63.28,0.04,0.22,63.85,19.93,82,1018,1.79,fair
2.57,14.08,63.28,0.04,0.22,63.85,20.88,82,1018,1.79,fair
8.45,18.17,90.15,0.03,0.12,62.77,29.97,84,1007,7.2,fair
3.01,4.12,82.66,0.44,0.05,22.09,18.11,88,1016,2.06,good
2.19,3.49,78.91,0.32,0.13,31.9,18.62,68,1015,2.0,good
2.02,2.7,78.5,0.49,0.04,36.16,14.49,86,1016,0.18,good
9.5,10.29,156.34,1.48,0.81,73.76,22.72,35,1008,5.14,fair
6.32,23.51,113.54,0.19,0.62,91.85,21.19,65,1012,5.14,fair
9.04,9.77,149.89,1.13,0.64,75.45,22.97,35,1008,5.14,fair
9.05,9.9,221.21,2.54,0.49,18.61,24.73,94,1007,0.0,good
2.27,2.76,79.13,0.27,0.09,10.89,27.01,94,1008,0.51,good
8.93,9.82,201.66,1.54,0.26,18.12,24.95,94,1007,0.0,good
48.32,54.4,206.83,3.96,5.17,56.93,17.79,77,1013,2.57,moderate
48.32,54.4,206.83,3.96,5.17,56.93,17.97,77,1013,2.57,moderate
2.44,3.87,79.16,0.24,0.04,29.08,22.97,83,1016,2.57,good
2.48,13.64,62.49,0.04,0.17,49.63,25.39,99,1020,4.0,good
2.48,13.64,62.49,0.04,0.17,49.63,25.53,99,1020,3.27,good
2.5,13.69,62.53,0.04,0.17,49.64,25.32,99,1020,3.09,good
15.44,36.07,168.41,0.45,0.09,44.13,33.16,43,1009,5.14,fair
43.22,112.34,382.91,3.14,1.34,40.87,30.47,10,1009,2.59,poor
64.58,189.62,645.32,9.55,2.86,43.71,29.34,10,1010,4.19,poor
0.55,1.42,73.7,0.08,0.04,32.04,28.13,83,1012,5.46,good
60.91,114.5,721.03,8.5,2.04,40.66,30.77,10,1010,2.65,poor
3.43,9.7,158.06,1.44,0.51,28.19,23.79,96,1012,1.63,good
3.0,6.55,137.06,0.15,6.89,38.8,34.46,35,1005,5.81,good
6.51,8.78,138.6,0.24,7.59,48.57,32.94,42,1006,4.79,good
2.75,6.54,137.77,0.15,3.48,37.02,35.51,33,1006,8.05,good
15.99,17.31,147.07,10.0,2.44,92.74,11.96,79,1017,2.06,fair
13.04,14.22,142.29,12.12,2.08,87.26,11.61,67,1017,4.47,fair
16.08,17.34,146.44,11.42,2.83,94.14,11.78,78,1017,2.06,fair
3.72,4.06,126.37,3.25,1.9,114.04,4.92,72,1017,2.04,moderate
0.5,0.78,132.64,0.54,0.6,97.83,4.27,93,1020,2.57,fair
0.5,0.5,115.76,0.16,0.09,84.26,4.97,87,1016,0.45,fair
84.92,96.87,720.67,8.12,6.1,76.76,16.25,100,1013,1.03,very_poor
50.32,58.7,598.39,6.62,4.04,72.43,16.31,57,1014,3.33,poor
92.41,103.98,705.45,7.78,7.76,81.44,22.34,68,1010,1.85,very_poor
1.88,5.97,63.2,0.03,0.08,48.97,17.18,67,1005,10.29,good
0.81,2.96,64.89,0.13,0.06,47.75,14.34,63,998,21.01,good
0.58,1.23,67.27,0.49,0.1,42.13,16.09,70,996,8.75,good
36.43,152.78,103.37,0.87,0.61,73.75,32.6,23,1006,2.41,poor
36.76,126.06,111.02,1.23,1.1,90.07,33.08,32,1006,3.53,poor
37.8,156.1,104.66,0.86,0.64,76.69,32.6,23,1006,2.41,poor
4.62,9.32,141.16,0.54,0.47,48.09,30.78,69,1006,6.17,good
4.67,10.27,139.82,0.62,0.5,44.2,30.6,70,1006,5.14,good
4.67,10.27,139.82,0.62,0.5,44.2,30.66,70,1007,5.14,good
5.59,22.77,67.76,0.04,0.46,46.7,23.28,74,1008,5.66,fair
5.59,22.77,67.76,0.04,0.46,46.7,22.1,78,1009,5.66,fair
5.87,14.25,69.38,0.48,1.25,56.77,15.12,72,1014,3.6,good
2.43,6.64,61.88,0.02,0.06,51.68,24.9,94,1013,5.14,good
2.42,6.29,61.94,0.02,0.06,52.18,24.96,94,1013,5.14,good
2.8,7.62,61.52,0.02,0.07,52.6,24.8,94,1013,5.14,good
6.58,22.23,61.5,0.05,0.2,32.75,26.87,77,1010,0.75,fair
0.54,0.72,36.66,0.02,0.02,1.27,26.19,75,1013,0.5,good
2.01,4.8,63.99,0.05,4.43,14.21,30.36,68,1012,2.01,good
5.74,9.73,155.71,4.36,2.49,32.35,30.26,70,1010,1.54,good
33.54,34.69,554.11,9.2,1.64,32.25,27.05,89,1009,1.03,moderate
5.28,9.1,133.95,3.63,2.48,35.79,30.59,70,1010,1.54,good
69.16,93.94,624.08,6.25,4.22,87.41,27.99,57,1005,1.54,poor
14.84,58.08,92.95,0.06,0.33,63.84,28.09,78,1006,5.14,moderate
70.41,116.51,462.17,8.32,3.14,82.6,27.08,65,1005,2.06,poor
2.69,4.57,135.5,5.19,1.38,46.67,7.34,82,1019,0.99,good
9.01,9.83,144.54,4.28,0.96,48.09,6.1,93,1018,1.54,good
5.71,6.72,123.81,2.39,0.61,58.33,4.44,95,1020,0.51,good
1.54,7.53,98.96,0.1,0.15,52.84,27.58,73,1015,6.17,good
1.58,7.54,98.66,0.11,0.15,53.75,27.38,75,1016,6.17,good
1.47,6.74,98.59,0.11,0.14,54.3,26.74,74,1016,6.17,good
9.39,25.68,117.64,1.3,0.88,99.0,18.17,77,1016,2.74,fair
9.06,24.45,116.51,0.65,0.94,101.44,17.91,75,1016,2.9,moderate
9.39,25.68,117.64,1.3,0.88,99.0,18.12,77,1016,2.68,fair
1.68,7.04,113.53,0.41,0.46,104.46,14.55,82,1009,5.14,moderate
1.36,3.93,110.75,0.9,0.66,93.47,12.73,88,1008,6.17,fair
1.18,3.03,110.25,0.87,0.59,93.27,11.75,85,1008,1.75,fair
1.29,2.21,79.57,1.11,0.27,39.89,8.67,74,1025,1.27,good
2.54,5.76,103.73,1.73,0.3,43.71,12.26,82,1023,2.06,good
1.39,2.22,81.02,1.34,0.37,39.48,10.18,71,1024,1.31,good
36.35,150.26,148.74,5.81,23.01,105.69,29.55,37,1009,6.69,poor
36.35,150.26,148.74,5.81,23.01,105.69,29.76,37,1010,6.69,poor
32.93,135.29,149.85,6.61,23.33,105.57,30.03,37,1010,5.14,poor
2.13,6.84,62.96,0.05,0.17,58.92,22.81,88,1019,5.66,good
1.91,5.83,62.85,0.04,0.14,58.57,20.91,79,1019,1.17,good
2.18,7.45,62.85,0.04,0.16,58.74,22.82,73,1019,1.54,good
3.24,4.04,107.41,1.61,0.08,33.04,14.03,94,1014,2.57,good
6.09,6.61,113.1,1.34,0.27,62.17,14.26,95,1015,5.14,fair
26.7,28.24,170.13,4.76,1.39,62.69,13.25,96,1015,2.16,moderate
2.93,4.14,95.58,3.23,0.1,19.05,13.57,88,1016,3.13,good
6.2,8.41,123.04,4.99,1.2,31.78,11.99,100,1017,0.51,good
2.8,3.51,94.24,1.38,0.32,29.04,15.34,82,1016,1.15,good
0.5,0.5,122.9,1.66,1.7,74.77,10.24,43,1023,5.03,fair
0.5,0.5,127.44,0.7,0.26,73.09,7.78,57,1026,2.89,fair
3.46,6.77,106.65,0.3,1.19,89.6,14.87,77,995,5.0,fair
22.43,37.48,489.07,2.78,0.36,4.15,15.96,100,1013,1.54,fair
12.63,19.56,338.37,2.69,0.86,13.52,18.36,96,1015,0.6,fair
13.45,22.57,362.44,3.65,0.75,11.59,16.06,98,1016,0.45,fair
34.03,110.35,105.62,3.13,3.41,113.28,27.0,45,1008,4.22,poor
32.2,94.66,107.67,0.87,1.56,88.87,27.33,22,1014,3.66,moderate
40.42,111.02,131.37,5.48,18.08,101.44,30.14,40,1008,1.82,poor
2.41,7.82,61.76,0.02,0.12,28.56,30.87,68,1013,3.54,good
2.41,7.82,61.76,0.02,0.12,28.56,30.84,66,1013,2.93,good
2.44,7.8,61.65,0.02,0.12,28.7,30.65,68,1013,4.2,good
1.46,4.32,65.28,0.02,0.1,28.63,28.0,78,1009,2.06,good
19.58,83.7,93.16,0.12,0.22,80.91,32.89,7,1008,6.19,moderate
18.42,78.41,93.13,0.11,0.21,82.5,32.84,7,1008,6.62,moderate
18.42,78.41,93.13,0.11,0.21,82.5,32.84,7,1008,6.51,moderate
1.77,2.02,134.72,1.67,0.7,85.45,3.83,85,1020,2.54,fair
4.64,5.23,127.88,1.89,1.03,101.35,4.76,63,1018,2.09,moderate
4.2,4.63,130.7,4.36,1.61,79.73,7.93,83,1020,2.74,fair
2.38,2.86,80.84,0.29,0.08,7.57,27.39,89,1008,2.06,good
2.38,2.86,80.84,0.29,0.08,7.57,27.94,86,1008,2.24,good
2.38,2.86,80.84,0.29,0.08,7.57,28.1,86,1008,2.24,good
8.62,11.28,123.67,5.15,0.57,44.05,12.09,86,1017,1.54,good
4.11,5.3,104.36,4.77,0.16,41.42,10.78,96,1017,1.54,good
9.72,11.61,120.53,6.1,1.1,63.34,11.83,90,1017,0.76,fair
6.44,7.49,131.01,4.81,0.3,27.75,10.15,74,1017,1.03,good
3.98,4.66,130.95,1.17,0.74,71.05,10.2,68,1018,5.66,fair
6.44,7.49,131.01,4.81,0.3,27.75,10.29,73,1017,1.03,good
3.9,6.17,107.01,0.7,0.27,28.86,27.03,78,1012,4.63,good
4.18,5.6,166.25,0.9,0.31,31.93,23.87,96,1013,0.89,good
2.11,2.52,128.17,0.65,0.22,31.91,24.29,93,1013,0.59,good
9.29,47.88,101.47,0.65,0.71,68.98,21.81,89,1014,5.14,fair
27.0,132.46,134.47,1.61,1.25,67.62,24.09,50,1012,6.44,poor
10.04,52.26,101.55,0.87,0.83,70.97,21.78,89,1014,5.14,moderate
0.91,3.08,64.39,0.02,0.07,24.11,27.74,78,1010,5.63,good
4.19,9.01,146.19,1.78,0.17,14.96,20.35,68,1012,1.24,good
1.26,3.87,78.72,0.37,0.03,19.29,22.38,74,1012,4.05,good
0.65,0.7,93.81,0.63,0.22,9.46,26.95,78,1012,0.0,good
0.6,0.64,93.39,0.39,0.13,9.76,26.96,78,1012,0.0,good
5.67,8.39,175.81,0.84,0.08,2.46,22.17,89,1011,1.19,good
10.68,29.44,131.92,0.38,0.06,25.76,29.23,51,1008,2.69,fair
2.62,3.33,150.1,0.16,0.03,1.62,19.46,89,1012,0.84,good
3.68,14.56,78.45,0.03,0.14,32.42,26.19,86,1013,3.58,good
12.49,17.27,125.52,0.18,2.58,48.95,26.92,78,1010,6.17,fair
12.49,17.27,125.52,0.18,2.58,48.95,26.94,78,1011,6.17,fair
13.12,16.79,125.78,0.21,3.8,50.33,32.18,57,1006,3.64,fair
21.2,32.39,147.48,2.63,1.83,56.93,16.65,51,1016,2.23,fair
17.84,29.5,152.61,8.82,7.02,94.92,20.63,47,1016,0.33,fair
31.09,49.46,171.74,4.59,11.73,112.64,19.19,49,1015,1.89,moderate
22.91,27.55,159.66,8.73,14.83,51.32,15.16,46,1014,2.25,fair
21.66,26.31,150.12,13.73,19.18,46.19,11.64,51,1015,2.53,fair
3.31,17.2,101.05,0.24,0.31,45.28,27.85,72,1016,3.6,good
19.33,66.3,247.72,2.36,1.04,67.78,31.57,12,1008,3.4,moderate
3.35,5.55,111.46,0.34,0.02,5.96,30.12,48,1009,3.34,good
16.47,51.46,106.43,0.34,0.16,50.21,26.21,9,1010,3.76,moderate
0.82,1.51,72.66,0.23,0.11,34.42,29.06,84,1013,4.12,good
5.29,8.38,173.96,1.87,0.28,12.8,25.81,76,1013,1.84,good
5.87,7.83,154.85,1.57,0.13,12.3,30.12,52,1012,3.16,good
28.13,29.54,305.11,2.44,0.56,34.8,26.96,76,1008,1.41,moderate
23.35,24.44,273.07,1.82,0.4,31.12,26.99,78,1008,1.54,fair
44.61,47.49,434.66,3.28,0.95,40.86,26.97,83,1009,0.51,moderate
29.83,137.56,154.38,0.76,0.42,87.07,23.06,56,1010,6.0,poor
8.38,16.57,92.31,0.71,0.38,51.44,19.42,66,1011,2.53,good
9.07,17.82,107.63,0.64,1.01,77.49,15.73,83,1014,1.02,fair
2.3,4.25,73.08,0.28,0.11,27.68,27.37,73,1011,0.96,good
3.08,8.67,79.05,0.41,0.18,30.19,23.62,89,1012,2.67,good
3.64,11.44,67.76,0.09,0.15,35.29,24.24,90,1013,2.17,good
3.3,7.68,119.76,2.01,0.32,71.86,16.92,88,1017,5.14,fair
12.29,37.12,112.54,0.2,0.3,96.23,17.99,88,1016,1.03,fair
30.51,184.13,116.22,0.33,0.09,97.01,14.97,67,1015,3.09,poor
18.17,49.38,119.05,1.68,0.43,71.49,18.8,77,1014,0.0,fair
43.66,172.14,143.47,1.08,1.41,81.91,22.08,73,1011,2.06,poor
28.41,65.64,118.31,0.96,0.76,75.74,20.24,71,1011,3.53,moderate
1.42,5.66,65.54,0.02,0.03,58.24,26.18,78,1015,3.6,good
4.0,7.61,109.5,3.0,0.78,31.67,15.69,88,1015,0.0,good
1.09,1.69,103.17,1.67,0.18,47.15,13.22,85,1015,0.86,good
5.77,9.51,106.74,2.47,0.75,55.59,14.33,89,1016,0.88,good
1.34,5.42,95.45,0.24,0.06,39.77,26.26,76,1012,5.14,good
1.2,4.76,97.37,0.23,0.05,36.01,26.15,76,1012,4.11,good
1.2,4.76,97.37,0.23,0.05,36.01,26.12,76,1012,4.11,good
16.83,20.98,307.22,9.33,2.85,6.17,22.65,64,1012,4.12,fair
16.83,20.98,307.22,9.33,2.85,6.17,22.86,64,1011,4.12,fair
21.5,33.02,234.16,11.03,14.47,85.99,23.95,77,1014,0.0,fair
1.1,2.1,66.47,0.29,0.02,12.5,23.46,89,1013,2.4,good
5.4,8.3,141.23,1.37,0.11,8.0,21.34,81,1011,1.4,good
1.11,1.74,73.69,0.3,0.03,42.4,18.01,84,1014,4.57,good
1.93,2.54,119.32,1.4,0.1,47.02,15.09,73,1017,0.45,good
4.04,5.18,125.08,2.85,1.57,55.74,15.58,76,1017,1.68,good
10.65,12.54,128.46,0.97,0.52,67.95,13.66,84,1016,0.73,fair
7.12,9.88,200.45,2.37,0.18,21.65,16.95,97,1013,1.82,good
7.12,9.88,200.45,2.37,0.18,21.65,16.93,97,1013,1.7,good
5.65,7.91,187.21,1.79,0.17,26.24,17.04,98,1013,1.46,good
5.4,7.33,142.86,3.94,0.9,98.85,13.59,90,1010,4.12,fair
8.33,20.68,127.24,0.2,0.85,103.02,24.13,60,1011,5.66,moderate
5.65,8.16,138.83,2.98,0.74,100.85,13.56,91,1010,4.12,moderate
1.3,3.59,64.76,0.17,0.07,51.89,12.82,66,1017,8.23,good
0.8,3.01,78.99,0.76,0.17,50.26,8.68,95,1023,2.57,good
0.83,2.53,75.63,0.6,0.12,47.35,9.86,87,1022,4.92,good
11.0,16.17,110.34,0.35,0.3,86.17,20.95,76,1012,0.52,fair
3.69,9.17,71.64,0.16,0.16,77.72,22.25,57,1011,3.03,fair
7.58,19.16,85.96,0.3,0.18,82.73,24.17,60,1010,2.34,fair
1.95,10.07,101.5,0.38,0.27,41.73,26.93,78,1014,4.63,good
1.67,8.48,100.46,0.3,0.23,42.49,26.78,78,1014,4.63,good
1.64,2.6,122.25,1.71,0.7,46.65,30.6,60,1012,1.17,good
6.45,8.83,174.92,1.62,0.34,56.8,28.96,61,1007,6.21,good
2.34,3.09,125.89,1.04,0.1,31.84,28.81,65,1011,2.72,good
1.27,4.7,98.52,0.13,0.12,55.3,26.75,69,1015,5.66,good
1.35,5.59,98.04,0.13,0.15,56.07,27.85,65,1016,6.17,good
7.01,8.92,260.78,5.36,1.38,48.74,28.01,89,1008,2.06,good
107.72,113.02,681.9,6.73,1.86,15.7,23.0,88,1013,1.91,very_poor
78.65,85.34,549.09,6.58,3.89,59.76,24.99,78,1013,0.51,very_poor
3.02,7.49,65.42,0.02,2.61,47.32,28.1,69,1016,5.14,good
0.74,2.38,60.58,0.01,0.05,19.21,31.62,78,1012,5.88,good
4.22,5.05,110.8,3.64,0.27,46.66,10.18,90,1018,1.54,good
4.95,7.1,118.63,6.12,0.33,31.14,12.08,90,1018,1.62,good
5.27,6.53,112.5,4.39,0.28,46.35,11.09,93,1018,1.51,good
25.72,53.25,104.68,2.89,7.82,57.95,16.77,26,1018,6.61,moderate
9.65,37.2,82.5,0.79,0.89,55.18,29.08,73,1009,8.37,fair
9.89,35.3,88.87,1.88,2.57,55.77,22.68,70,1013,1.44,fair
1.61,5.3,63.87,0.04,0.07,41.34,26.89,83,1013,2.57,good
1.61,5.3,63.87,0.04,0.07,41.34,26.84,83,1013,2.57,good
1.61,5.3,63.87,0.04,0.07,41.34,26.76,83,1013,2.57,good
5.99,9.55,130.47,4.26,4.02,43.69,9.11,76,1015,4.26,good
1.02,2.64,64.58,0.12,0.17,57.44,14.48,78,998,11.32,good
16.29,23.97,202.18,3.16,3.39,60.05,18.63,79,1010,2.85,fair
4.46,5.75,86.68,0.56,0.1,28.45,20.2,62,1014,3.75,good
4.13,5.77,105.31,0.65,0.34,25.24,19.36,69,1014,1.54,good
4.2,5.48,96.1,0.49,0.29,26.5,19.35,66,1014,2.04,good
6.0,7.28,129.3,1.67,0.57,27.47,16.01,82,1017,2.66,good
19.05,20.72,101.9,1.25,0.26,33.09,14.19,42,1016,1.33,fair
6.11,7.38,121.8,1.2,0.42,26.55,16.51,73,1017,3.0,good
0.91,3.02,109.18,4.0,0.13,52.3,10.22,89,1013,1.49,good
0.91,3.02,109.18,4.0,0.13,52.3,10.44,89,1013,1.49,good
29.09,119.54,124.62,1.62,0.86,125.94,25.84,58,1006,4.04,poor
35.34,157.84,125.76,2.0,3.65,121.01,27.02,61,1007,2.06,poor
27.78,109.62,128.77,2.84,1.07,121.51,26.0,61,1006,4.12,poor
11.19,24.25,260.4,2.5,0.09,51.49,15.53,69,1014,0.56,fair
11.87,60.36,124.46,0.36,0.04,80.76,16.17,69,1016,3.22,moderate
7.18,20.88,116.9,0.6,0.06,66.43,19.85,56,1018,3.41,fair
1.2,4.18,102.33,0.81,0.53,42.46,26.77,76,1017,6.69,good
8.03,10.24,112.74,3.81,2.12,95.23,15.51,82,1015,0.51,fair
7.72,10.32,112.78,2.75,1.78,100.41,16.23,87,1014,2.83,moderate
7.47,10.11,110.68,1.62,1.36,100.25,15.84,79,1014,1.6,moderate
2.98,3.67,102.82,3.13,0.72,75.54,14.09,63,1017,1.03,fair
1.61,2.51,92.87,1.81,0.24,52.67,6.84,93,1019,1.03,good
1.7,2.3,98.63,2.23,0.25,54.67,8.98,75,1019,1.39,good
6.51,21.46,70.32,0.04,0.25,48.28,23.03,90,1014,4.45,fair
18.6,87.31,69.49,0.3,0.1,34.48,12.78,39,1018,1.25,moderate
2.72,4.3,90.06,1.21,0.09,31.06,16.47,79,1017,0.84,good
3.59,13.52,82.7,0.78,0.05,40.4,11.58,57,1021,1.03,good
3.59,9.17,130.3,3.42,0.17,46.23,9.77,41,1023,2.06,good
5.38,13.21,143.28,2.74,0.15,42.57,9.95,62,1020,2.06,good
2.05,4.28,111.94,4.24,0.45,45.49,15.56,76,1005,5.66,good
3.93,6.76,108.63,3.07,0.37,65.69,14.22,92,1007,0.51,fair
1.48,2.85,101.21,2.47,0.03,46.89,14.99,91,1006,1.54,good
1.3,2.53,71.46,1.08,0.22,40.56,16.55,91,1033,3.09,good
1.74,3.47,69.35,1.75,2.32,56.31,10.9,93,1033,3.6,good
1.57,2.18,64.03,0.41,0.11,40.93,21.64,72,1028,3.6,good
3.2,11.26,122.92,1.77,1.6,60.97,27.97,69,1010,10.8,fair
3.2,11.26,122.92,1.77,1.6,60.97,27.83,76,1010,10.8,fair
3.2,11.26,122.92,1.77,1.6,60.97,27.89,69,1010,10.8,fair
5.3,8.11,130.53,0.5,0.13,85.97,16.03,94,1018,3.09,fair
5.05,8.73,128.76,0.94,0.14,75.66,17.37,66,1017,5.33,fair
1.07,1.42,96.92,1.09,0.04,50.22,14.48,77,1017,3.09,good
8.51,9.81,110.65,0.82,0.48,91.1,12.95,88,1012,1.54,fair
6.23,6.65,106.38,0.97,0.25,85.9,14.74,88,1010,2.57,fair
8.34,8.81,110.05,0.76,0.24,87.33,11.84,93,1012,1.94,fair
2.59,13.59,102.75,0.04,0.12,35.75,27.27,78,1015,6.69,good
45.59,54.27,461.21,10.37,1.66,17.75,23.99,83,1009,1.54,moderate
20.97,21.22,226.42,0.12,0.2,115.71,24.62,84,1009,2.16,moderate
54.47,64.68,529.63,12.41,2.12,16.94,24.0,83,1009,1.54,poor
7.32,7.43,133.52,4.15,0.75,92.83,9.6,88,1008,5.14,fair
5.61,5.82,133.54,5.21,0.91,92.01,10.03,87,1009,3.6,fair
5.27,5.49,137.92,5.23,0.92,92.44,9.27,89,1009,5.14,fair
18.82,53.99,162.58,1.64,0.16,33.52,35.06,31,1008,2.06,moderate
10.29,19.47,185.44,2.07,0.16,10.8,33.29,29,1009,0.53,fair
16.77,44.02,192.91,1.59,0.32,26.02,37.32,19,1008,1.23,fair
5.71,6.48,99.86,1.91,0.7,40.18,11.83,94,1014,2.57,good
13.0,14.56,109.47,1.49,0.36,59.9,17.11,88,1014,6.17,fair
2.08,2.56,98.06,2.12,0.18,27.54,10.96,100,1014,1.54,good
40.34,177.9,139.82,7.09,15.44,98.94,29.98,37,1007,5.14,poor
42.15,191.18,140.44,7.0,11.91,93.38,29.97,37,1007,5.14,poor
46.84,213.58,140.18,6.57,14.03,92.69,29.79,37,1007,6.63,very_poor
2.01,2.89,111.3,0.67,0.12,9.48,21.35,86,1016,1.33,good
3.55,5.21,154.1,1.47,0.32,22.39,14.33,94,1017,1.69,good
10.27,16.09,289.83,3.54,0.77,17.27,13.03,96,1017,1.38,fair
1.06,2.43,81.22,0.08,0.08,27.61,27.88,83,1011,6.38,good
0.96,2.35,78.47,0.07,0.08,28.12,27.46,83,1011,5.03,good
1.0,2.58,80.69,0.07,0.08,27.68,27.29,83,1011,4.15,good
0.7,0.74,67.4,0.38,0.09,1.81,27.03,100,1009,0.51,good
0.7,0.74,67.4,0.38,0.09,1.81,26.99,100,1009,0.51,good
0.6,0.62,56.66,0.23,0.06,1.45,27.0,100,1009,0.51,good
0.69,1.84,43.44,0.3,0.1,54.73,9.99,76,1018,3.6,good
1.93,4.22,62.29,0.33,0.04,27.02,16.01,67,1022,2.57,good
1.35,1.95,59.4,0.71,0.17,41.98,17.84,45,1018,1.54,good
1.54,1.8,94.22,4.92,0.28,16.68,13.38,99,1021,2.06,good
1.32,3.64,74.66,0.2,0.06,57.73,21.94,81,1017,5.14,good
0.98,1.41,106.26,8.11,0.29,23.94,20.44,83,1018,0.0,good
1.78,7.8,98.08,0.08,0.13,42.26,28.99,70,1017,5.66,good
1.67,6.02,89.97,0.17,0.17,43.75,27.96,69,1016,4.63,good
1.67,6.02,89.97,0.17,0.17,43.75,27.97,69,1016,4.63,good
78.06,93.59,1205.64,24.74,3.08,1.5,6.01,95,1017,0.4,very_poor
83.51,95.12,980.76,19.2,2.27,15.04,19.46,77,1012,2.78,very_poor
70.04,79.03,928.35,13.33,1.57,16.61,16.92,84,1013,2.04,poor
2.57,8.13,68.77,0.64,0.12,41.05,12.56,52,1016,2.08,good
2.42,4.92,68.89,0.18,0.09,36.62,19.0,40,1014,3.8,good
2.57,8.13,68.77,0.64,0.12,41.05,12.41,52,1016,2.1,good
2.24,2.76,117.92,2.26,0.24,52.68,4.51,93,1014,1.48,good
0.57,0.7,118.01,0.76,0.45,68.21,9.99,76,1013,3.0,fair
1.32,1.85,127.42,2.42,0.31,54.57,5.67,92,1013,2.72,good
4.78,14.33,107.3,0.18,0.13,43.57,30.01,13,1010,4.12,good
3.76,15.55,90.5,0.13,0.15,41.63,29.05,80,1011,7.27,good
3.58,11.74,100.89,0.21,0.18,44.83,31.1,52,1011,5.85,good
3.15,3.41,131.51,3.88,2.03,88.37,12.64,30,1018,9.26,fair
0.5,0.5,121.36,0.3,0.12,91.71,12.77,47,1014,8.23,fair
1.65,4.8,95.52,0.14,0.04,104.73,22.61,26,1005,0.89,moderate
3.26,4.22,120.07,0.6,0.13,11.77,21.99,92,1013,0.67,good
3.97,5.13,113.81,0.56,0.21,7.92,19.05,66,1014,1.11,good
2.15,3.3,123.53,0.26,0.02,3.87,21.04,94,1013,1.13,good
0.98,1.24,82.49,0.02,0.0,2.58,23.23,77,1012,1.61,good
0.98,1.24,82.49,0.02,0.0,2.58,23.08,80,1012,1.63,good
0.98,1.31,90.77,0.03,0.0,3.95,22.98,76,1012,1.51,good
3.26,4.22,120.07,0.6,0.13,11.77,22.28,91,1013,0.81,good
6.3,17.36,76.61,0.15,0.17,33.97,24.48,96,1013,2.85,good
7.47,19.83,89.88,0.85,0.25,29.25,22.7,98,1013,1.18,good
1.27,1.42,108.17,1.79,0.11,57.31,12.97,93,1007,3.09,good
1.24,1.42,106.26,1.37,0.14,44.96,13.18,88,1009,2.06,good
2.33,2.55,122.02,3.33,0.18,44.14,13.41,93,1007,1.03,good
0.56,1.56,68.36,0.17,0.1,30.31,28.72,84,1012,3.6,good
0.55,1.55,68.94,0.17,0.1,30.45,28.31,84,1012,3.6,good
1.8,3.35,120.6,0.71,0.16,17.66,24.18,82,1011,2.51,good
20.27,26.09,327.62,11.23,0.26,46.32,21.46,27,1012,0.0,fair
14.87,19.44,280.2,9.91,0.25,43.51,20.93,27,1013,0.56,fair
20.27,26.09,327.62,11.23,0.26,46.32,20.93,28,1013,0.0,fair
1.43,2.46,80.14,0.03,0.02,26.32,24.86,93,1013,0.89,good
1.28,1.47,71.96,0.72,0.09,6.6,20.66,99,1015,1.18,good
4.03,6.27,147.36,1.14,0.18,4.47,18.37,92,1016,0.84,good
27.13,39.39,291.19,19.34,10.43,21.99,21.92,73,1012,2.0,moderate
29.28,49.23,261.76,12.74,5.71,28.7,20.94,47,1010,2.17,moderate
16.38,24.36,212.07,0.75,0.84,108.87,23.44,92,1013,0.43,moderate
0.76,0.94,129.41,1.4,0.15,26.58,16.73,67,1015,3.09,good
4.95,5.35,116.94,1.65,2.01,20.0,28.03,57,1009,3.09,good
5.58,5.95,103.66,1.83,3.71,10.19,25.99,57,1013,2.06,good
4.69,6.94,111.76,0.43,0.39,43.37,22.79,77,1015,8.75,good
1.6,2.16,114.1,1.22,0.23,35.05,29.93,74,1011,3.6,good
6.58,9.14,114.88,0.41,0.47,47.26,24.8,70,1014,8.75,good
3.93,5.23,110.8,0.1,0.12,53.74,29.24,74,1015,2.57,good
3.03,7.65,103.58,0.22,0.28,50.91,29.16,70,1015,2.06,good
5.79,7.47,118.48,0.12,0.34,59.02,30.19,66,1015,6.17,good
5.29,27.4,101.98,0.16,0.33,75.48,22.27,73,1016,8.23,fair
3.92,19.47,103.17,0.12,0.25,81.01,21.75,68,1017,12.35,fair
4.49,22.32,104.63,0.15,0.32,85.69,22.02,73,1017,7.72,fair
3.3,8.83,138.85,1.34,0.81,57.38,27.53,74,1011,9.26,good
3.3,8.83,138.85,1.34,0.81,57.38,27.61,74,1011,9.26,good
6.36,11.2,106.39,0.4,0.38,96.05,13.76,72,1014,0.0,fair
6.58,10.87,104.76,0.19,0.27,93.75,17.96,63,1013,1.54,fair
6.5,11.87,107.82,0.58,0.49,96.3,19.06,59,1014,2.57,fair
4.46,5.24,119.64,2.87,0.56,53.96,12.69,63,1006,2.06,good
1.64,2.53,118.72,3.52,1.09,68.75,13.18,71,1006,4.12,fair
2.88,3.45,117.98,1.77,0.41,75.8,12.5,76,1009,1.03,fair
5.14,5.99,126.49,6.35,0.87,47.06,13.08,69,1006,2.68,good
4.06,5.12,127.14,2.89,1.09,81.8,10.41,67,1008,4.12,fair
1.29,1.44,107.42,2.19,0.08,66.44,12.5,93,1008,0.45,fair
6.57,23.14,108.36,0.78,0.12,52.23,28.15,73,1010,1.06,fair
7.4,24.38,171.43,1.37,0.22,40.23,23.91,70,1011,1.64,fair
5.92,18.65,131.08,0.93,0.13,43.88,26.83,53,1010,1.7,good
5.35,5.63,126.6,3.06,1.11,99.14,9.24,80,1008,1.54,fair
0.63,1.76,130.78,1.1,0.39,91.21,3.7,80,1008,2.51,fair
0.71,1.74,129.33,1.53,0.54,85.79,5.24,80,1009,3.19,fair
2.08,10.06,96.55,1.17,0.84,49.59,27.01,77,1016,4.96,good
1.9,6.27,98.65,0.15,0.13,45.68,28.09,76,1016,1.34,good
2.31,4.17,108.92,1.49,0.5,36.24,27.74,74,1016,6.71,good
1.9,6.27,98.65,0.15,0.13,45.68,28.19,76,1016,1.34,good
3.16,6.99,115.61,5.96,0.32,59.54,17.37,72,1015,3.09,good
6.43,10.05,118.33,5.28,0.84,70.79,16.93,77,1016,2.06,fair
15.76,76.77,103.79,2.11,0.34,93.62,13.67,88,1016,1.54,moderate
3.72,4.8,216.22,7.31,1.26,14.82,13.53,87,1014,1.22,good
10.25,31.47,89.57,0.38,0.36,42.5,26.59,85,1008,2.48,fair
3.72,5.78,174.99,6.24,0.87,25.77,15.95,82,1016,3.6,good
1.23,1.38,129.65,0.6,0.25,71.22,10.19,62,1009,2.06,fair
1.1,1.59,113.8,1.93,0.02,32.84,9.14,81,1011,1.03,good
0.76,0.93,121.85,1.37,0.1,46.08,8.05,90,1011,2.07,good
15.41,50.54,129.78,7.83,11.72,91.24,21.42,28,1015,3.6,moderate
23.33,62.2,115.42,2.1,12.82,98.66,17.9,68,1015,0.0,moderate
15.41,50.54,129.78,7.83,11.72,91.24,21.42,28,1015,3.54,moderate
7.18,45.21,107.8,0.18,0.22,87.25,18.98,63,1017,6.17,fair
4.03,20.24,108.16,0.26,0.45,91.64,18.44,80,1017,6.26,fair
2.38,8.11,110.01,0.23,0.32,94.66,18.86,77,1018,4.37,fair
12.98,28.06,123.62,0.88,0.22,57.8,15.8,77,1016,2.2,fair
15.46,31.57,116.55,0.88,0.2,54.34,24.83,43,1012,2.67,fair
19.26,48.77,106.99,0.32,0.15,58.66,32.56,33,1007,4.63,fair
0.56,1.55,103.99,0.5,0.09,82.61,11.02,81,1014,2.57,fair
4.91,13.84,113.09,1.4,1.05,100.96,17.5,55,1011,3.09,moderate
1.11,2.18,114.2,2.03,0.09,76.14,18.4,60,1013,2.68,fair
13.39,20.36,423.86,4.88,0.91,31.42,15.49,77,1016,2.06,fair
1.22,3.11,81.92,0.54,0.04,21.08,17.03,33,1015,3.77,good
13.6,18.86,279.79,3.43,0.45,35.99,17.28,68,1015,2.28,fair
1.66,2.17,134.75,2.59,0.54,59.0,8.2,79,1008,1.79,good
1.76,2.09,132.75,3.53,0.82,59.67,8.18,80,1008,1.79,good
3.48,3.9,138.82,4.06,0.79,62.54,7.6,64,1008,2.06,fair
0.77,3.45,62.83,0.02,0.03,52.0,26.94,61,1015,3.09,good
0.77,3.45,62.83,0.02,0.03,52.0,26.99,61,1015,3.09,good
0.9,3.82,63.23,0.02,0.04,52.41,27.83,47,1015,2.06,good
5.55,5.79,123.57,3.1,0.15,38.31,12.0,96,1006,3.6,good
4.03,13.82,115.2,0.74,1.09,99.96,16.9,83,1010,1.79,fair
2.22,2.68,105.36,1.18,0.2,46.38,13.36,89,1009,4.63,good
3.85,11.97,76.39,0.11,0.12,27.53,24.82,92,1013,1.39,good
3.83,12.49,72.94,0.04,0.14,30.58,25.81,87,1012,2.85,good
2.07,2.43,71.5,0.11,0.0,8.32,22.62,90,1013,1.07,good
1.09,3.3,130.4,3.9,2.25,98.09,6.5,67,1013,2.06,fair
1.31,2.56,127.91,5.09,0.99,77.55,5.26,77,1014,1.54,fair
0.6,0.98,123.26,0.5,0.37,92.48,9.62,79,1013,5.66,fair
1.04,1.31,94.84,2.2,0.09,52.46,15.08,77,1018,3.6,good
5.4,5.97,101.61,3.96,1.0,78.91,15.99,82,1016,0.0,fair
8.1,8.51,117.45,4.54,0.66,91.92,14.33,83,1014,3.4,fair
0.59,0.62,109.73,0.06,0.02,5.17,26.99,89,1013,2.57,good
0.59,0.62,109.73,0.06,0.02,5.17,26.99,89,1013,2.57,good
0.5,0.5,101.04,0.1,0.03,7.49,24.48,93,1013,1.67,good
2.22,3.24,122.37,1.67,0.8,100.24,10.61,81,1012,5.66,moderate
0.75,1.56,80.53,0.68,0.1,18.6,24.73,92,1012,2.7,good
1.08,2.55,77.5,0.17,0.26,26.94,29.23,84,1012,4.63,good
7.3,10.21,170.35,2.67,0.21,17.5,32.38,43,1008,5.14,good
0.77,2.43,107.13,3.11,0.34,52.35,17.22,82,1016,2.06,good
16.96,74.22,115.13,1.49,1.35,87.02,23.08,78,1011,3.6,moderate
16.2,73.65,113.13,1.54,1.36,87.69,23.02,78,1011,3.6,moderate
16.96,74.22,115.13,1.49,1.35,87.02,23.01,78,1011,3.6,moderate
10.36,44.84,103.53,0.5,0.49,65.19,27.04,78,1012,1.03,fair
10.36,44.84,103.53,0.5,0.49,65.19,27.05,78,1012,1.03,fair
5.43,6.67,153.39,0.48,0.11,8.47,23.54,85,1013,0.88,good
1.33,6.39,98.13,0.24,0.21,42.23,26.82,69,1016,3.09,good
1.33,6.39,98.13,0.24,0.21,42.23,26.94,69,1017,3.09,good
1.33,6.39,98.13,0.24,0.21,42.23,27.02,69,1016,3.09,good
3.0,7.74,83.09,0.04,0.09,26.05,24.72,90,1013,1.14,good
2.01,4.53,78.2,0.04,0.04,27.06,26.96,85,1013,1.32,good
2.75,3.35,80.27,0.34,0.09,8.16,20.55,99,1014,0.17,good
20.17,38.19,111.57,2.0,1.09,77.53,18.93,68,1013,0.89,fair
9.28,10.94,108.32,1.68,1.24,51.81,17.32,77,1014,0.89,good
9.72,13.6,112.83,1.26,0.43,75.56,15.99,68,1015,0.62,fair
10.57,12.48,165.27,0.48,1.17,45.36,25.91,65,1009,5.14,fair
13.42,15.26,164.27,0.34,1.02,46.64,27.05,65,1010,5.14,fair
8.41,9.93,154.16,0.38,0.93,44.04,24.42,65,1010,5.14,good
2.99,6.87,103.87,0.06,0.08,44.7,28.88,79,1011,7.72,good
2.99,6.87,103.87,0.06,0.08,44.7,28.43,80,1011,7.72,good
2.89,6.54,103.16,0.06,0.08,44.85,29.37,79,1011,7.72,good
17.15,83.47,113.3,0.6,0.87,81.35,26.06,78,1012,2.57,moderate
21.5,95.78,116.19,0.36,0.36,64.55,31.03,40,1010,3.99,moderate
20.3,91.26,116.45,0.39,0.48,70.76,29.16,50,1011,4.64,moderate
0.93,0.99,107.91,0.94,0.23,9.59,26.59,96,1012,3.27,good
0.52,0.53,95.56,0.27,0.02,7.74,25.34,98,1012,1.5,good
0.64,0.67,107.28,0.35,0.05,10.24,25.85,88,1012,2.43,good
15.01,22.89,209.91,0.78,0.73,106.1,23.59,88,1013,0.69,moderate
15.01,22.89,209.91,0.78,0.73,106.1,23.64,89,1013,0.66,moderate
14.5,22.34,209.75,0.95,0.81,104.11,23.62,89,1013,1.54,moderate
21.28,24.27,139.15,0.48,9.4,57.85,31.92,29,1013,2.57,fair
9.99,11.63,179.01,1.9,0.39,49.31,31.69,62,1008,7.72,good
4.25,5.31,120.64,0.8,0.22,73.62,31.9,70,1009,4.63,fair
3.56,4.0,101.62,1.13,0.04,69.22,15.82,77,1009,3.09,fair
10.58,14.05,122.88,2.76,1.6,89.83,15.06,100,1013,4.12,fair
5.56,7.07,112.16,1.77,0.97,107.22,16.48,94,1012,1.54,moderate
3.39,12.59,98.66,0.13,0.22,47.87,28.58,65,1015,0.49,good
3.39,12.59,98.66,0.13,0.22,47.87,28.34,64,1016,0.15,good
7.09,9.66,146.03,0.59,0.53,72.32,27.27,80,1015,7.68,fair
2.19,3.31,117.18,2.79,0.1,44.62,17.58,60,1010,3.13,good
3.17,4.24,123.8,2.48,0.07,52.52,10.88,71,1011,2.06,good
3.62,5.28,117.03,5.01,1.14,48.71,17.81,55,1010,2.94,good
9.0,18.16,156.77,0.95,0.62,41.18,27.11,90,1011,1.54,good
5.85,13.14,139.59,1.22,0.55,47.13,26.68,93,1010,2.57,good
9.0,18.16,156.77,0.95,0.62,41.18,27.07,94,1011,1.54,good
0.62,0.81,123.69,1.49,0.52,73.66,8.63,76,1017,4.63,fair
0.56,1.02,122.65,0.57,0.38,94.57,9.87,71,1019,4.63,fair
0.5,0.67,123.34,0.87,0.4,71.85,7.97,78,1020,2.17,fair
9.63,29.04,109.37,2.43,1.61,91.55,18.73,40,1014,1.79,fair
9.84,30.16,107.78,5.17,1.06,73.78,17.85,71,1014,1.03,fair
8.87,19.21,106.6,0.5,0.53,88.12,18.88,84,1014,0.78,fair
0.5,0.74,125.87,1.33,0.85,95.11,9.88,76,1015,5.14,fair
18.55,73.45,98.88,0.23,0.77,69.63,30.01,74,1005,2.57,moderate
70.02,88.84,498.01,4.71,5.24,99.89,28.03,57,1007,3.09,poor
33.03,40.21,430.72,11.92,2.34,29.83,22.81,85,1010,4.92,moderate
21.61,71.71,181.94,6.51,16.63,118.56,26.95,32,1011,2.06,moderate
18.59,73.11,198.83,4.47,3.12,89.58,20.68,70,1013,0.45,moderate
20.87,52.16,283.81,8.54,2.29,88.95,15.85,82,1014,2.06,moderate
5.88,9.67,177.24,9.39,3.4,94.37,16.99,34,1014,3.09,fair
15.39,81.76,122.02,1.54,0.27,68.35,14.08,82,1020,2.06,moderate
12.49,19.46,175.83,6.9,1.28,106.06,12.77,17,1013,1.29,moderate
4.34,11.22,123.09,0.12,0.81,92.02,7.81,100,1013,5.14,fair
4.34,11.22,123.09,0.12,0.81,92.02,7.84,100,1013,5.14,fair
4.34,11.22,123.09,0.12,0.81,92.02,7.93,100,1013,5.14,fair
6.85,12.05,119.77,0.58,1.0,89.45,18.25,89,1013,2.06,fair
2.8,3.23,122.52,2.5,0.52,43.05,14.34,87,1011,1.54,good
8.21,22.86,114.28,0.4,1.32,92.71,18.52,65,1014,4.12,fair
2.87,3.09,121.2,1.38,0.32,93.58,9.92,82,1009,6.69,fair
3.43,18.99,98.03,0.15,0.27,52.52,29.53,54,1015,7.2,good
3.47,19.19,98.03,0.14,0.27,52.78,29.79,61,1015,7.2,good
3.47,19.19,98.03,0.14,0.27,52.78,29.96,61,1015,7.2,good
10.34,24.08,117.47,3.7,2.84,99.63,19.05,39,1016,0.0,fair
11.41,24.23,125.92,5.36,4.16,105.6,19.95,39,1016,0.0,moderate
13.61,26.82,137.79,11.14,4.2,85.72,16.75,60,1015,2.99,fair
2.64,4.59,153.49,1.8,4.0,120.92,21.35,65,1021,4.12,moderate
2.57,5.39,152.33,1.26,2.85,121.27,21.36,71,1021,4.12,moderate
4.83,6.32,166.83,1.76,1.3,123.5,19.02,45,1020,2.57,moderate
2.49,3.12,88.64,0.41,0.08,39.99,15.57,95,1017,0.87,good
6.81,11.21,334.05,3.08,0.34,19.92,17.1,91,1015,2.31,good
4.62,7.2,177.9,2.04,0.45,23.35,24.92,87,1013,4.95,good
0.83,0.92,91.5,0.72,0.12,73.25,13.11,87,1017,3.09,fair
1.66,2.53,81.32,0.16,0.21,73.68,14.51,88,1019,3.0,fair
1.64,2.44,101.92,0.54,0.36,83.19,17.15,81,1018,1.41,fair
27.18,28.88,760.32,12.9,1.52,19.1,25.67,89,1010,1.39,moderate
5.82,6.49,285.89,4.31,0.47,34.49,26.71,84,1010,1.33,good
27.89,28.29,421.57,2.91,0.28,4.87,26.88,83,1010,0.76,moderate
0.53,2.37,66.32,0.01,0.02,9.88,32.0,66,1010,3.6,good
2.54,8.4,69.32,0.07,0.12,51.37,25.73,79,1015,0.11,good
2.03,6.23,67.17,0.06,0.11,52.09,25.58,77,1014,0.29,good
2.14,6.79,67.62,0.06,0.12,53.13,26.64,74,1013,1.84,good
12.88,23.22,139.22,0.45,3.16,112.99,14.15,58,1014,3.4,moderate
22.27,27.31,160.85,5.69,3.35,92.27,15.18,35,1012,1.25,fair
12.66,22.07,134.21,0.24,6.84,113.85,13.78,74,1013,4.12,moderate
18.08,24.89,159.68,5.18,1.78,109.37,16.76,67,1015,1.03,moderate
17.19,23.29,150.23,1.17,7.23,128.45,17.95,72,1017,0.51,moderate
19.06,26.88,152.08,1.34,1.58,115.63,16.95,67,1015,1.03,moderate
43.17,213.23,118.45,1.23,0.74,101.82,28.83,30,1009,5.08,very_poor
42.64,216.09,119.69,0.96,0.69,106.31,28.92,31,1009,4.77,very_poor
42.64,216.09,119.69,0.96,0.69,106.31,29.36,28,1009,5.06,very_poor
3.13,10.74,100.59,0.14,0.27,46.46,30.01,62,1013,4.63,good
3.13,10.74,100.59,0.14,0.27,46.46,30.01,62,1014,4.63,good
1.4,1.94,82.66,0.84,0.06,52.39,12.28,88,1015,1.0,good
5.42,6.99,116.14,4.06,0.38,54.8,13.33,88,1020,3.0,good
0.57,0.63,124.71,0.78,0.33,51.97,4.05,70,1027,1.0,good
33.0,35.36,733.06,9.88,1.02,2.05,28.84,87,1010,1.22,moderate
48.78,51.57,1070.53,23.71,2.4,12.36,27.14,80,1010,2.17,moderate
8.77,9.92,300.64,5.88,0.81,23.08,25.06,88,1011,1.36,good
11.78,16.84,120.79,2.2,0.94,89.66,23.74,69,1014,2.31,fair
15.23,20.73,157.39,2.84,3.09,83.89,20.89,60,1014,1.78,fair
10.88,17.88,118.22,2.83,1.04,89.78,24.07,67,1014,1.84,fair
2.35,10.78,94.77,0.42,0.38,48.28,26.93,65,1015,3.6,good
2.45,12.08,95.18,0.3,0.3,47.5,26.13,76,1015,3.6,good
2.76,3.97,131.52,1.37,0.4,59.62,26.16,92,1006,0.71,good
2.76,3.97,131.52,1.37,0.4,59.62,26.15,92,1006,0.89,good
2.76,3.97,131.52,1.37,0.4,59.62,26.08,92,1006,0.89,good
0.6,1.28,93.05,0.14,0.06,27.48,26.88,88,1012,2.85,good
1.88,3.29,120.28,0.72,0.22,30.41,23.47,97,1014,1.54,good
0.5,1.28,83.6,0.11,0.06,23.94,26.96,88,1013,2.27,good
0.5,0.76,55.51,0.15,0.04,46.44,4.37,70,1018,3.52,good
0.5,1.2,56.4,0.22,0.09,45.54,4.74,71,1017,3.47,good
0.5,0.5,54.5,0.13,0.02,46.64,3.7,79,1016,9.77,good
3.09,3.93,126.2,6.4,0.52,28.16,5.83,99,1012,2.57,good
2.91,3.86,126.41,3.72,0.4,39.27,5.18,93,1012,2.06,good
1.31,1.56,121.31,2.28,1.22,72.36,7.01,81,1010,6.46,fair
1.36,1.45,100.16,1.17,0.02,45.66,11.88,95,1005,3.09,good
1.32,1.43,101.95,1.25,0.03,47.18,11.93,95,1005,1.34,good
1.4,1.49,101.6,1.19,0.03,48.24,11.86,96,1005,3.09,good
1.47,2.09,123.57,2.25,0.09,50.09,7.79,82,1009,3.09,good
2.04,3.45,122.47,3.98,0.06,21.96,5.63,96,1013,1.3,good
1.8,2.03,127.18,2.56,1.06,77.78,4.95,75,1010,2.57,fair
43.62,119.36,133.74,2.57,5.09,78.8,18.74,84,1017,2.03,poor
34.48,98.85,141.97,2.46,0.99,77.08,28.46,27,1011,8.53,moderate
47.98,159.6,166.36,2.34,1.28,82.25,18.67,89,1015,8.16,poor
1.6,7.32,106.26,1.62,0.85,68.71,18.04,77,1017,1.03,fair
1.64,4.39,107.06,2.69,2.34,75.12,13.23,100,1017,0.0,fair
2.71,6.28,95.39,1.55,0.32,60.61,14.08,88,1017,3.09,fair
4.46,12.09,114.11,0.4,1.0,102.63,17.1,88,1011,2.06,moderate
1.99,3.11,122.19,3.4,0.39,33.88,10.02,91,1014,2.06,good
3.19,3.53,115.03,1.49,0.16,32.31,10.44,91,1014,2.11,good
2.13,4.38,122.62,4.01,0.27,24.32,10.94,88,1014,0.4,good
7.73,10.82,112.83,1.82,1.43,102.8,16.88,77,1014,1.54,moderate
7.25,10.84,114.68,1.94,1.46,98.84,10.62,93,1015,2.09,fair
6.25,10.49,118.22,2.87,1.73,91.98,13.5,100,1014,0.0,fair
5.15,9.16,150.72,1.57,0.12,15.39,16.98,100,1020,2.57,good
2.33,3.58,87.29,0.6,0.09,18.43,22.0,94,1017,3.09,good
2.22,3.17,91.2,0.66,0.03,18.07,11.31,92,1021,1.64,good
0.68,1.62,100.77,0.01,0.03,16.38,30.98,79,1011,2.57,good
1.28,1.91,94.91,1.37,0.04,37.12,13.9,88,1013,0.51,good
1.24,2.19,92.47,1.43,0.05,32.18,13.31,85,1013,1.04,good
2.49,2.9,90.27,1.69,0.12,29.49,12.02,85,1014,1.13,good
19.87,54.58,164.82,0.77,0.11,24.05,35.3,36,1009,1.54,moderate
9.7,19.34,160.68,1.16,0.09,11.23,30.3,43,1010,0.71,good
17.13,43.59,158.76,0.6,0.09,18.36,34.15,32,1010,1.44,fair
26.24,28.36,610.54,6.76,0.72,31.22,25.98,94,1009,1.03,moderate
30.63,35.98,747.77,10.09,0.81,27.27,22.87,94,1010,0.32,moderate
49.68,51.38,1047.1,13.79,1.33,8.12,23.47,91,1010,0.14,moderate
4.16,22.69,91.86,0.23,0.11,82.69,17.07,20,1002,6.0,fair
0.73,1.46,93.75,0.44,0.03,63.98,13.51,51,997,2.9,fair
1.57,6.18,94.39,0.22,0.02,83.62,16.07,42,997,2.18,fair
13.5,21.24,209.44,1.28,0.98,100.13,23.85,88,1013,1.03,moderate
12.75,20.19,203.95,0.42,0.35,100.35,23.96,88,1013,1.03,moderate
12.75,20.19,203.95,0.42,0.35,100.35,23.82,88,1013,1.03,moderate
4.0,11.28,104.45,0.15,0.14,49.17,28.08,79,1012,9.26,good
1.79,8.35,94.18,0.56,0.42,49.26,26.97,78,1016,4.63,good
1.86,8.71,94.05,0.5,0.39,48.05,26.95,78,1016,4.63,good
1.86,8.71,94.05,0.5,0.39,48.05,27.03,78,1016,4.63,good
11.19,40.26,111.5,0.25,0.61,84.45,23.96,74,1013,8.62,fair
4.89,21.41,108.57,0.84,0.94,94.3,18.93,77,1016,8.23,fair
79.06,349.31,140.64,0.39,0.11,32.28,36.59,16,1008,9.49,very_poor
14.45,27.63,111.7,0.41,2.21,101.35,18.1,88,1015,4.12,moderate
14.45,27.63,111.7,0.41,2.21,101.35,17.98,88,1015,4.12,moderate
14.45,27.63,111.7,0.41,2.21,101.35,17.75,88,1015,4.12,moderate
1.72,6.61,61.8,0.04,0.15,60.04,23.57,86,1018,5.39,fair
1.73,6.93,61.86,0.04,0.15,60.3,21.04,86,1018,1.34,fair
1.73,6.93,61.86,0.04,0.15,60.3,21.99,86,1018,1.34,fair
6.8,17.22,94.37,0.03,0.15,70.85,29.97,84,1007,5.66,fair
1.16,2.21,75.07,0.42,0.03,17.98,16.48,77,1017,0.22,good
2.65,4.53,91.32,1.05,0.31,18.38,18.64,62,1016,2.26,good
0.85,1.18,75.65,0.47,0.03,25.06,15.04,88,1017,0.84,good
8.8,9.8,180.12,3.04,1.02,95.62,16.96,72,1011,7.72,fair
3.32,12.58,110.07,0.16,0.44,89.81,21.21,67,1013,5.66,fair
7.77,8.48,163.89,1.92,0.79,90.25,16.97,72,1012,7.72,fair
4.19,4.39,157.04,1.24,0.31,17.74,25.29,94,1008,0.0,good
1.87,2.09,80.77,0.32,0.07,8.85,25.46,94,1008,0.51,good
3.81,4.01,153.32,0.82,0.11,13.61,25.51,94,1008,0.0,good
10.18,13.13,119.89,3.02,2.2,35.63,23.79,88,1007,4.63,fair
10.18,13.13,119.89,3.02,2.2,35.63,23.97,88,1007,4.63,fair
2.51,3.74,78.94,0.22,0.04,26.73,22.97,78,1016,2.06,good
1.15,4.78,63.08,0.05,0.1,50.56,24.83,99,1020,5.84,good
1.15,4.78,63.08,0.05,0.1,50.56,24.97,99,1020,4.79,good
1.19,5.05,62.94,0.05,0.11,50.48,24.76,99,1020,4.05,good
28.4,89.33,159.08,0.76,0.2,38.3,37.16,18,1008,1.54,moderate
60.83,214.11,401.1,3.77,1.61,42.87,30.39,9,1009,4.54,very_poor
77.16,290.97,552.81,8.55,2.47,42.0,29.15,9,1010,4.55,very_poor
1.0,2.77,82.56,0.07,0.09,26.88,28.17,80,1011,6.05,good
66.79,154.86,823.78,10.93,2.64,31.45,28.9,9,1009,0.99,poor
3.65,10.72,163.39,1.31,0.54,24.47,24.08,97,1011,2.17,good
2.38,7.21,98.85,0.15,5.95,49.21,34.84,30,1006,7.2,good
9.03,15.28,108.44,0.28,7.6,61.67,35.24,32,1006,2.88,fair
1.83,6.15,100.76,0.1,2.68,46.03,35.05,32,1007,7.15,good
3.09,3.49,135.37,5.97,1.17,94.57,9.02,73,1010,5.66,fair
2.32,2.93,134.43,6.03,1.19,94.41,8.18,67,1010,4.63,fair
2.06,2.55,135.79,5.85,1.33,95.56,9.18,72,1010,5.66,fair
0.5,0.57,128.97,1.58,0.84,90.37,2.96,79,1004,0.52,fair
0.5,0.5,129.97,0.26,0.28,102.39,1.27,86,1008,3.09,moderate
0.5,0.5,113.57,0.13,0.03,82.76,3.26,82,1008,0.45,fair
72.96,85.92,767.26,10.06,6.02,64.48,18.25,77,1012,1.54,poor
58.87,69.62,637.95,7.38,5.69,73.03,17.44,54,1013,2.86,poor
83.74,96.44,719.09,8.89,8.18,79.11,23.22,60,1009,1.84,very_poor
0.68,1.36,64.86,0.26,0.05,49.74,16.72,68,1017,2.24,good
0.56,1.26,65.37,0.26,0.07,58.38,11.6,56,1020,2.06,good
0.51,1.24,64.17,0.32,0.12,53.32,10.49,67,1021,8.23,good
43.23,183.86,104.66,0.64,0.54,88.3,29.99,32,1006,1.03,poor
46.58,202.91,113.12,1.09,0.91,100.89,30.05,32,1005,1.03,very_poor
48.25,207.3,108.45,0.78,0.66,94.9,30.0,32,1004,1.03,very_poor
2.39,4.61,111.13,0.54,0.28,49.63,30.82,67,1009,5.66,good
2.62,4.94,111.88,0.6,0.32,48.53,30.39,68,1009,5.66,good
2.62,4.94,111.88,0.6,0.32,48.53,30.49,68,1009,5.66,good
5.5,18.84,68.38,0.06,0.25,48.84,23.28,75,1010,4.63,good
5.5,18.84,68.38,0.06,0.25,48.84,22.1,78,1011,4.63,good
7.54,17.1,71.19,0.43,1.02,56.63,18.12,48,1015,3.6,good
2.57,7.12,61.13,0.02,0.07,53.95,23.9,94,1013,3.09,good
2.49,6.95,61.03,0.02,0.06,54.05,23.96,94,1013,3.09,good
2.4,7.03,61.11,0.02,0.06,54.0,23.8,94,1013,3.09,good
5.13,23.46,62.55,0.06,0.18,33.24,26.87,80,1011,0.86,fair
0.54,0.77,37.23,0.03,0.02,1.88,26.48,65,1013,2.57,good
13.85,14.82,65.99,0.07,8.14,13.06,29.18,77,1012,2.34,fair
4.29,7.51,145.8,4.58,2.99,30.08,29.83,74,1011,2.57,good
36.02,37.24,466.44,7.74,1.6,35.5,26.05,100,1010,1.03,moderate
4.3,7.56,130.32,4.03,3.02,33.01,30.12,74,1011,2.57,good
73.55,97.06,519.59,4.49,9.26,107.08,29.92,48,1005,2.92,poor
15.23,65.57,90.98,0.07,0.31,60.91,27.18,84,1005,5.23,moderate
51.33,77.89,363.61,6.3,0.7,62.86,24.65,58,1007,1.55,poor
4.35,5.74,125.2,3.0,1.26,71.89,10.61,70,1010,4.63,fair
4.62,5.3,105.99,2.58,0.38,41.08,9.4,71,1010,2.57,good
8.95,10.24,126.44,3.22,0.73,60.26,11.07,72,1008,3.13,fair
1.61,7.72,98.06,0.1,0.14,43.42,27.34,76,1017,6.69,good
1.9,9.23,98.14,0.12,0.17,43.92,27.18,77,1017,6.69,good
1.85,8.88,98.03,0.12,0.17,44.32,26.89,77,1017,6.69,good
8.72,29.77,104.68,1.78,0.78,80.97,18.78,69,1015,0.99,fair
7.56,26.56,102.42,0.9,0.91,85.4,18.87,70,1015,0.92,fair
8.72,29.77,104.68,1.78,0.78,80.97,18.7,69,1015,1.02,fair
1.07,3.69,111.83,0.51,0.42,97.08,14.94,90,1012,5.66,fair
0.8,2.43,114.84,0.76,0.52,100.31,13.73,94,1011,3.6,moderate
0.76,2.29,114.91,0.72,0.5,100.82,12.86,80,1011,2.0,moderate
1.41,2.62,79.74,1.45,0.3,38.02,10.79,76,1025,1.54,good
2.0,3.31,113.09,1.93,0.27,42.98,10.33,81,1024,2.06,good
1.5,2.68,80.79,1.73,0.42,38.91,10.7,76,1024,1.54,good
56.67,245.07,137.59,5.45,22.24,114.52,29.97,28,1006,5.66,very_poor
56.67,245.07,137.59,5.45,22.24,114.52,30.76,25,1006,7.72,very_poor
49.74,213.67,137.94,6.64,23.54,110.2,31.03,25,1006,6.69,very_poor
1.39,5.47,63.29,0.05,0.14,62.85,22.81,88,1019,6.17,fair
1.3,5.45,63.66,0.05,0.14,63.96,20.91,70,1019,1.84,fair
1.6,5.95,62.8,0.04,0.15,63.3,22.82,64,1019,3.6,fair
2.08,2.99,100.59,1.95,0.05,21.86,15.24,88,1014,1.03,good
1.49,2.98,108.04,2.83,0.15,20.2,12.21,91,1014,1.03,good
4.25,5.03,123.31,4.65,0.94,39.16,12.03,89,1014,2.28,good
2.12,3.43,88.13,3.47,0.09,14.31,17.14,67,1010,3.13,good
3.16,5.2,115.5,4.21,0.74,38.82,13.99,82,1012,1.03,good
1.82,2.66,86.84,1.45,0.14,24.24,16.38,76,1010,2.48,good
1.22,1.28,132.69,3.0,0.84,71.22,10.24,63,1015,5.36,fair
0.67,0.72,127.65,2.67,0.53,59.94,10.56,63,1009,2.9,good
0.5,0.5,129.58,0.12,0.04,90.25,2.87,48,1011,8.0,fair
19.64,34.03,442.44,2.9,0.41,7.58,19.71,83,1016,1.03,fair
11.7,18.34,295.18,1.92,0.44,9.05,17.28,91,1017,1.22,fair
15.09,25.03,324.75,2.84,0.44,8.91,14.25,97,1018,0.43,fair
44.0,102.09,109.59,3.64,4.22,113.76,30.0,51,1009,0.34,poor
34.53,99.68,108.31,0.57,2.21,107.91,29.12,19,1013,3.24,moderate
64.6,137.46,142.72,4.0,13.82,113.94,29.3,43,1010,1.18,poor
1.6,4.05,63.74,0.02,0.07,33.41,30.44,71,1012,2.9,good
1.6,4.05,63.74,0.02,0.07,33.41,30.35,70,1012,2.36,good
1.52,3.79,63.28,0.02,0.07,33.06,30.37,69,1012,3.69,good
0.68,1.74,70.21,0.02,0.04,20.13,28.0,83,1010,1.54,good
24.33,95.29,102.32,0.4,0.26,55.51,34.45,25,1008,4.73,moderate
22.18,87.85,98.67,0.3,0.23,62.37,34.41,25,1008,4.3,moderate
22.18,87.85,98.67,0.3,0.23,62.37,34.41,25,1008,4.02,moderate
4.78,5.19,131.19,1.63,0.69,91.79,7.49,88,1005,1.91,fair
0.52,1.45,129.64,0.71,0.53,99.86,5.63,69,1006,2.57,fair
12.45,12.98,129.98,10.64,3.2,64.52,8.93,88,1008,2.62,fair
2.46,2.69,84.62,0.48,0.1,10.84,25.97,94,1008,1.03,good
2.46,2.69,84.62,0.48,0.1,10.84,25.97,94,1008,1.03,good
2.46,2.69,84.62,0.48,0.1,10.84,26.0,94,1008,1.03,good
5.0,6.23,109.64,1.24,0.38,92.11,14.49,77,1010,1.03,fair
3.54,4.47,96.91,2.23,0.03,44.56,15.83,66,1008,4.63,good
3.81,4.68,103.65,1.74,0.23,75.46,15.95,66,1009,2.24,fair
2.04,3.84,114.74,2.48,0.45,71.66,16.82,69,1006,3.71,fair
4.87,5.96,121.04,1.85,0.22,53.21,10.64,65,1011,1.54,good
2.04,3.84,114.74,2.48,0.45,71.66,17.02,68,1006,3.82,fair
5.5,15.58,105.98,0.65,0.44,46.91,28.03,78,1012,2.57,good
2.5,3.98,128.51,0.86,0.37,31.34,24.69,93,1013,0.93,good
1.55,2.26,105.97,0.51,0.24,34.72,24.89,93,1013,0.64,good
12.19,53.39,104.48,0.97,0.95,84.77,21.81,88,1012,6.17,moderate
30.86,124.21,142.14,1.77,0.9,66.16,25.09,50,1011,7.57,poor
13.12,56.68,104.25,1.33,1.17,85.44,21.78,88,1012,6.17,moderate
1.44,6.07,65.77,0.02,0.1,23.29,28.02,76,1010,6.17,good
5.01,10.89,158.24,1.96,0.35,25.62,19.54,38,1013,2.03,good
1.02,2.9,77.07,0.28,0.03,22.33,20.82,48,1012,3.04,good
0.5,0.5,102.13,0.75,0.18,10.24,25.18,91,1012,4.13,good
0.51,0.51,100.83,0.49,0.1,9.55,23.79,98,1012,1.21,good
4.6,6.98,166.37,0.7,0.07,8.75,22.26,89,1011,2.32,good
9.19,27.07,115.64,0.22,0.04,35.53,30.57,41,1008,2.68,fair
2.21,2.71,144.74,0.14,0.02,5.51,19.97,97,1013,3.66,good
3.23,11.45,77.59,0.03,0.13,30.01,26.0,86,1012,3.14,good
23.46,25.9,134.11,0.24,1.75,58.96,28.92,65,1011,6.17,fair
23.46,25.9,134.11,0.24,1.75,58.96,28.94,65,1012,6.17,fair
19.08,22.94,128.57,0.2,4.49,52.38,33.01,55,1007,3.68,fair
12.71,17.12,120.63,2.79,1.57,56.7,18.03,55,1014,2.74,fair
13.04,19.65,143.03,10.59,5.36,83.38,21.18,39,1015,0.57,fair
26.43,37.41,179.95,4.03,10.68,110.29,19.08,45,1014,2.33,moderate
2.15,5.64,74.66,1.5,2.49,47.0,18.5,45,1009,2.58,good
2.35,6.07,77.36,3.42,6.03,45.87,15.89,44,1010,3.94,good
3.21,17.53,101.54,0.23,0.3,50.58,27.85,74,1016,4.12,good
24.69,63.78,271.62,2.55,1.01,41.89,31.98,9,1008,3.6,moderate
3.45,7.57,113.96,0.27,0.03,11.43,29.29,46,1009,1.96,good
14.34,45.92,102.72,0.27,0.2,67.26,27.35,9,1009,3.65,fair
1.15,2.37,79.39,0.21,0.12,27.54,29.06,79,1011,4.12,good
8.43,12.74,163.69,1.32,0.23,20.64,26.48,70,1011,3.16,good
8.58,14.44,142.67,1.16,0.13,18.82,29.33,53,1011,3.38,good
6.76,7.64,220.0,2.37,0.39,17.85,30.58,90,1009,1.85,good
5.55,6.33,190.8,1.79,0.3,20.98,31.67,84,1009,2.57,good
10.1,11.59,292.03,3.16,0.49,16.62,31.67,93,1009,1.51,fair
14.08,56.48,147.46,0.93,0.14,75.51,16.06,100,1019,3.0,moderate
1.15,2.26,122.84,0.24,0.08,72.48,16.48,72,1018,5.27,fair
1.36,1.84,113.14,0.8,0.25,56.37,12.08,92,1021,1.72,good
2.83,4.1,90.54,0.75,0.19,15.48,27.34,71,1012,0.76,good
3.87,8.2,88.44,0.65,0.26,20.42,24.33,86,1013,2.14,good
4.11,10.09,69.68,0.17,0.22,25.19,24.91,86,1013,1.33,good
3.13,6.4,130.16,4.05,0.44,60.58,18.92,63,1018,1.03,fair
22.95,112.72,115.24,0.56,0.1,66.88,13.99,100,1019,0.0,poor
17.04,103.41,117.65,0.43,0.07,75.29,16.97,63,1018,4.12,poor
4.41,12.76,116.47,1.72,0.44,85.63,17.8,82,1017,2.57,fair
9.58,30.79,116.02,0.53,0.47,98.45,20.08,73,1017,2.06,fair
7.94,29.32,121.17,1.33,0.78,90.72,19.26,69,1017,1.29,fair
1.0,4.03,64.99,0.02,0.03,56.36,26.18,69,1015,3.09,good
12.78,19.23,128.46,7.29,1.89,33.49,17.17,65,1014,3.09,fair
5.36,15.54,101.96,2.57,0.35,40.26,15.44,74,1013,0.71,good
10.08,19.88,101.17,2.55,1.51,54.93,15.56,78,1015,0.73,fair
2.59,11.11,117.53,0.28,0.08,26.28,26.82,76,1014,5.14,good
2.53,10.52,119.28,0.24,0.07,25.6,26.71,76,1013,3.64,good
2.53,10.52,119.28,0.24,0.07,25.6,26.68,76,1013,3.64,good
29.04,32.52,280.3,15.25,4.48,13.96,23.47,66,1011,3.6,moderate
29.04,32.52,280.3,15.25,4.48,13.96,23.53,66,1009,3.6,moderate
37.35,47.45,283.83,16.34,25.75,70.8,24.5,83,1014,3.09,moderate
1.2,1.7,66.63,0.4,0.02,9.48,23.18,91,1014,2.8,good
5.21,7.69,125.24,1.21,0.17,23.06,20.51,83,1013,2.83,good
0.74,1.52,73.18,0.4,0.04,21.25,17.49,85,1016,3.43,good
1.44,1.96,113.5,1.14,0.05,39.95,10.09,84,1013,1.69,good
7.98,8.88,124.72,3.38,1.56,42.34,15.0,87,1011,1.38,good
4.1,4.32,114.33,1.2,0.35,46.71,11.73,93,1013,4.47,good
8.17,10.36,191.01,2.18,0.27,29.36,17.89,93,1014,1.52,good
8.17,10.36,191.01,2.18,0.27,29.36,17.82,95,1014,1.43,good
6.21,7.5,171.38,1.25,0.18,33.06,18.07,95,1014,1.08,good
4.8,5.43,148.91,5.15,1.82,95.15,18.55,75,1013,3.09,fair
6.19,15.6,119.24,0.2,0.58,93.48,24.58,58,1013,4.63,fair
5.61,6.37,151.08,4.88,1.42,88.13,18.17,76,1013,3.09,fair
2.94,12.16,74.38,0.45,0.06,46.4,13.68,66,1019,1.79,good
3.69,9.01,101.57,1.23,0.21,48.71,10.27,74,1023,1.54,good
4.23,9.38,100.77,1.31,0.42,46.69,9.86,77,1023,3.47,good
4.7,6.58,115.21,1.18,0.06,49.41,14.96,88,1021,0.73,good
0.84,1.17,87.14,0.15,0.09,79.6,20.24,76,1018,0.7,fair
1.17,1.65,99.59,0.21,0.08,81.97,19.18,77,1016,2.5,fair
2.87,15.0,101.22,0.35,0.28,41.95,26.93,83,1015,4.63,good
2.92,15.29,101.77,0.3,0.26,41.47,26.78,83,1015,4.63,good
1.41,1.83,137.99,1.05,0.23,34.37,30.55,65,1012,0.57,good
4.89,7.38,168.92,1.97,0.36,46.76,28.74,67,1008,6.2,good
3.39,4.4,144.73,1.02,0.1,30.11,29.81,62,1011,2.9,good
1.87,8.89,97.79,0.13,0.2,47.08,26.75,74,1017,6.69,good
1.62,7.6,97.51,0.13,0.17,46.17,26.85,78,1017,4.63,good
9.26,10.99,361.58,8.93,2.1,33.8,28.01,89,1010,2.57,good
116.2,122.74,698.35,7.01,1.8,21.28,24.0,90,1012,1.33,very_poor
63.26,72.56,522.12,6.76,2.21,59.66,24.99,88,1012,1.54,poor
3.29,18.64,61.48,0.03,1.03,57.0,27.1,69,1016,7.2,good
1.11,3.15,59.24,0.01,0.06,24.09,31.95,80,1012,6.4,good
2.41,3.48,102.18,2.56,0.09,34.1,11.21,85,1013,2.06,good
3.91,5.55,109.29,3.92,0.22,38.01,13.26,87,1014,2.31,good
3.21,4.49,106.72,3.27,0.11,38.19,12.18,89,1013,1.15,good
14.19,38.74,96.3,2.46,2.46,49.56,17.23,27,1018,3.65,fair
8.05,31.45,82.11,1.0,1.56,53.8,28.26,61,1009,1.91,fair
10.81,41.27,87.31,1.86,1.66,49.13,23.49,46,1013,0.41,fair
1.75,4.34,67.78,0.05,0.07,48.44,24.89,94,1013,1.54,good
1.75,4.34,67.78,0.05,0.07,48.44,24.84,94,1013,1.54,good
1.75,4.34,67.78,0.05,0.07,48.44,24.76,94,1013,1.54,good
1.64,3.57,72.54,1.08,0.56,43.52,8.11,72,1015,0.89,good
1.02,3.91,62.85,0.03,0.13,57.14,12.94,73,1009,6.17,good
0.96,2.27,78.08,0.68,0.57,52.39,20.51,52,1003,2.44,good
5.62,7.32,121.71,0.66,0.1,17.85,18.52,65,1015,2.46,good
5.3,7.27,127.07,1.37,0.27,16.0,21.05,58,1014,2.08,good
3.96,5.33,101.55,0.81,0.26,21.88,20.05,60,1015,2.3,good
4.86,7.21,124.06,1.56,0.53,16.92,15.46,80,1017,2.0,good
4.11,5.56,98.4,1.62,0.24,27.61,15.52,57,1016,1.9,good
4.36,6.3,118.39,1.44,0.54,17.65,16.2,67,1017,2.49,good
0.62,2.06,106.61,2.69,0.09,64.28,5.6,82,1016,1.64,fair
0.62,2.06,106.61,2.69,0.09,64.28,5.6,82,1016,1.64,fair
49.39,182.82,204.31,2.9,0.79,124.71,27.13,65,1005,2.15,poor
51.63,196.17,200.24,1.19,1.47,147.22,27.03,65,1005,1.51,poor
46.84,172.37,207.81,5.28,1.76,116.72,27.28,67,1005,2.52,poor
5.73,12.32,220.97,2.14,0.09,53.85,15.14,67,1011,0.5,good
10.0,39.04,136.88,0.49,0.07,85.28,17.3,48,1015,3.05,fair
5.22,11.78,125.32,0.79,0.05,53.3,21.63,40,1016,4.14,good
1.78,7.85,98.79,0.93,0.73,48.29,26.65,75,1016,8.24,good
34.33,43.15,119.22,4.05,2.88,85.16,16.87,73,1011,3.0,moderate
24.75,31.04,124.34,3.1,2.02,82.45,17.35,74,1011,5.19,fair
24.67,31.37,119.92,1.73,1.61,79.08,17.13,74,1012,3.49,fair
9.63,21.77,106.91,2.93,1.14,91.64,15.35,50,1014,2.47,fair
5.84,13.78,98.23,2.71,0.63,49.6,9.28,70,1015,1.59,good
5.16,11.14,101.81,3.1,0.72,65.0,10.77,74,1016,1.4,fair
4.83,13.93,73.93,0.04,0.17,46.33,22.69,89,1014,4.08,good
24.04,112.33,73.48,0.25,0.07,32.97,14.5,39,1018,0.76,poor
4.62,7.55,96.48,1.32,0.13,27.01,17.47,63,1017,0.91,good
5.77,13.95,113.29,1.98,0.39,46.17,13.91,56,1017,5.04,good
6.95,14.63,187.07,6.07,0.49,50.42,14.63,41,1018,1.94,good
13.61,23.65,192.08,3.2,0.32,59.35,14.74,66,1016,2.69,fair
0.73,1.17,115.5,3.19,0.35,56.4,12.8,88,1001,4.97,good
1.19,1.68,115.18,2.64,0.4,65.24,12.01,80,1001,0.54,fair
1.23,1.51,111.76,3.57,0.08,41.9,11.07,89,1004,6.33,good
1.24,3.49,74.49,0.83,0.17,38.9,17.08,90,1035,5.89,good
4.29,10.04,69.47,4.59,2.73,32.08,11.81,93,1035,0.84,good
0.89,1.74,69.29,0.25,0.05,45.76,19.88,75,1029,3.42,good
4.23,17.26,127.35,1.94,2.03,48.4,27.42,76,1010,11.8,good
4.23,17.26,127.35,1.94,2.03,48.4,27.5,76,1010,11.67,good
4.23,17.26,127.35,1.94,2.03,48.4,27.42,76,1010,11.8,good
3.06,8.25,115.44,0.51,0.12,61.86,17.8,79,1014,3.43,fair
3.65,8.6,115.92,1.11,0.15,54.83,17.86,71,1014,4.8,good
1.76,2.77,85.27,1.16,0.03,37.95,14.85,83,1015,0.72,good
7.36,10.71,118.74,1.37,0.71,81.81,11.32,81,1007,1.97,fair
6.6,8.74,116.4,1.6,0.45,68.01,15.12,79,1005,5.14,fair
7.88,10.71,117.35,1.34,0.4,68.18,12.58,88,1007,1.9,fair
2.92,12.04,113.54,0.04,0.12,29.76,26.88,78,1014,8.2,good
24.33,28.92,366.4,7.39,0.92,23.31,25.18,75,1008,1.58,fair
10.46,10.83,272.0,0.59,0.11,58.47,23.0,90,1009,2.8,fair
27.12,32.43,386.97,8.23,1.12,22.82,24.7,77,1008,1.94,moderate
1.67,3.51,139.82,3.55,0.62,84.57,5.62,84,1013,3.66,fair
1.33,3.38,139.21,4.14,0.97,90.42,5.85,85,1012,4.59,fair
1.48,3.34,140.58,3.53,0.83,85.53,5.81,82,1013,3.6,fair
17.83,50.42,165.99,1.63,0.22,34.86,36.93,23,1009,4.67,moderate
11.06,22.14,170.83,1.69,0.15,19.68,32.51,33,1009,3.04,fair
23.67,69.02,189.5,1.46,0.35,35.49,35.87,22,1009,4.45,moderate
11.18,12.94,102.39,1.38,0.44,40.16,13.52,68,1011,1.28,fair
14.28,18.27,105.86,1.64,0.41,56.61,17.09,96,1007,2.02,fair
11.91,14.57,115.32,1.83,0.61,54.18,13.99,96,1007,2.18,fair
52.87,149.88,245.66,9.12,22.87,124.32,28.72,40,1005,4.49,poor
53.53,161.77,250.74,10.74,25.18,130.8,28.76,38,1005,4.72,poor
59.48,184.8,235.7,8.21,24.3,132.59,28.89,34,1005,4.83,poor
3.57,5.11,104.77,0.71,0.12,24.23,21.13,77,1016,1.29,good
5.24,7.89,151.73,1.52,0.39,38.39,13.05,90,1018,1.63,good
12.53,20.24,272.54,2.8,0.64,33.54,11.39,92,1018,1.15,fair
1.62,4.94,80.09,0.05,0.11,24.1,27.9,84,1012,3.8,good
1.84,5.52,77.9,0.06,0.12,24.46,27.29,85,1012,3.03,good
1.65,4.94,80.36,0.05,0.11,24.05,27.09,85,1012,2.73,good
0.75,0.83,64.54,0.28,0.08,1.52,26.98,94,1008,1.65,good
0.75,0.83,64.54,0.28,0.08,1.52,26.87,94,1008,1.85,good
0.62,0.67,57.54,0.16,0.05,1.32,26.69,94,1008,2.26,good
0.63,1.38,47.6,0.33,0.11,51.29,8.02,51,1016,2.99,good
2.94,5.2,65.5,0.49,0.07,24.5,16.11,63,1019,2.02,good
0.6,0.93,53.41,0.98,0.21,50.18,19.88,28,1014,1.59,good
7.49,9.04,97.39,4.38,0.41,25.82,14.51,85,1022,2.71,good
2.51,7.79,75.34,0.19,0.11,59.7,22.76,65,1020,2.68,good
6.8,7.34,171.91,10.97,0.34,21.86,19.54,73,1019,1.77,good
0.94,3.25,100.32,0.11,0.07,53.4,27.16,77,1016,6.01,good
0.99,4.04,99.65,0.22,0.18,53.1,29.17,76,1016,4.82,good
0.99,4.04,99.65,0.22,0.18,53.1,29.18,76,1016,4.87,good
50.11,54.1,715.71,8.66,1.92,45.72,6.41,86,1016,1.3,poor
54.69,58.96,659.17,7.7,1.61,55.45,21.56,89,1011,1.52,poor
44.8,49.44,617.24,7.61,1.61,48.46,15.27,92,1013,1.72,moderate
3.35,9.62,97.63,2.49,0.28,24.35,12.35,44,1020,2.05,good
1.72,3.62,73.19,0.8,0.09,25.64,16.1,28,1019,2.42,good
3.35,9.62,97.63,2.49,0.28,24.35,12.21,44,1020,2.1,good
1.1,1.28,118.78,0.68,0.44,64.84,9.69,90,1007,3.77,fair
1.31,1.8,114.49,1.95,0.36,42.18,8.36,98,1008,2.31,good
1.34,1.48,111.65,0.96,0.41,86.48,12.58,69,1001,6.48,fair
3.09,13.32,91.42,0.12,0.14,43.73,30.28,67,1012,5.05,good
2.72,13.0,90.41,0.11,0.17,45.6,28.87,76,1012,5.8,good
2.92,11.49,91.4,0.2,0.23,47.96,31.23,49,1012,5.65,good
1.42,1.57,130.95,3.01,1.29,86.07,11.07,35,1022,5.02,fair
0.5,0.5,121.56,0.39,0.06,80.57,12.81,40,1018,1.54,fair
0.5,0.5,99.46,0.08,0.02,95.84,16.38,38,1015,1.99,fair
6.31,10.4,157.75,0.85,0.22,7.04,23.46,94,1013,0.33,good
3.26,3.94,90.54,0.39,0.07,13.61,19.78,63,1015,1.52,good
2.25,4.0,105.14,0.28,0.04,2.6,21.91,88,1013,1.2,good
0.88,1.09,72.51,0.03,0.01,1.85,22.0,85,1013,0.52,good
0.88,1.09,72.51,0.03,0.01,1.85,21.83,82,1013,0.75,good
1.03,1.31,76.31,0.05,0.01,1.98,21.55,88,1013,0.09,good
6.31,10.4,157.75,0.85,0.22,7.04,23.76,92,1013,0.43,good
6.27,18.31,81.43,0.15,0.22,39.78,23.84,94,1013,2.78,good
7.63,17.55,103.64,0.76,0.37,39.4,21.8,98,1014,0.99,good
0.5,0.5,98.04,1.33,0.18,66.0,8.04,86,1011,3.31,fair
1.05,1.53,107.19,3.71,0.14,31.49,10.19,85,1012,2.36,good
0.92,1.01,108.23,1.92,0.17,59.4,8.6,90,1012,3.52,good
2.09,4.98,83.56,0.08,0.12,25.68,27.01,85,1013,4.03,good
2.02,4.66,82.27,0.08,0.12,25.74,26.16,87,1013,3.41,good
1.7,3.88,96.34,0.72,0.19,19.83,24.8,83,1012,3.27,good
77.84,88.51,492.32,10.75,3.37,81.97,19.83,38,1017,1.15,very_poor
47.13,55.29,401.06,12.16,2.03,73.72,19.4,36,1017,0.68,moderate
77.84,88.51,492.32,10.75,3.37,81.97,21.08,37,1017,1.3,very_poor
2.86,7.21,84.57,0.03,0.06,22.19,25.32,92,1013,1.59,good
2.16,2.78,81.53,0.68,0.16,10.71,20.82,98,1014,0.43,good
7.72,11.88,177.12,1.03,0.15,3.14,18.88,91,1016,0.82,good
36.62,48.81,398.69,22.08,9.7,8.54,21.92,79,1009,2.53,moderate
54.74,74.36,315.87,15.7,7.54,25.31,20.33,37,1009,1.09,poor
13.81,21.31,195.75,2.04,2.08,83.21,24.73,90,1009,2.89,fair
0.71,1.02,129.35,1.84,0.2,19.62,14.94,76,1015,2.03,good
8.34,8.72,128.53,1.77,3.16,25.1,21.63,91,1012,0.81,good
6.58,7.05,127.73,2.29,2.97,9.77,21.79,72,1013,1.29,good
0.61,1.58,86.1,0.32,0.19,22.6,22.84,83,1016,1.43,good
0.72,1.28,97.63,1.11,0.23,24.65,29.31,77,1011,2.28,good
0.72,1.81,88.47,0.33,0.2,23.52,24.74,80,1014,0.54,good
4.75,5.64,112.83,0.33,0.49,48.31,27.54,69,1014,6.92,good
2.27,7.11,100.97,0.22,0.22,48.07,27.52,71,1014,1.9,good
7.03,8.89,117.43,0.11,0.31,56.69,27.62,86,1014,2.63,good
6.02,31.79,103.35,0.17,0.34,78.1,21.94,81,1016,6.86,fair
4.35,24.35,103.1,0.12,0.27,84.89,21.28,81,1018,9.65,fair
4.84,25.3,102.3,0.15,0.33,81.61,21.56,83,1017,9.11,fair
4.33,11.72,135.55,1.52,1.0,45.2,27.59,74,1011,9.34,good
4.33,11.72,135.55,1.52,1.0,45.2,27.51,75,1011,9.13,good
12.65,47.17,108.79,0.36,0.37,76.04,16.6,78,1013,1.22,fair
12.67,47.03,108.85,0.23,0.28,74.97,18.09,80,1012,1.27,fair
11.6,46.8,107.56,0.58,0.52,76.56,19.08,78,1013,0.89,fair
1.05,1.1,121.33,2.94,0.11,52.96,8.69,84,1003,5.02,good
0.54,0.61,118.88,2.55,0.48,67.71,11.94,90,999,5.16,fair
0.89,1.09,116.39,2.33,0.24,56.45,12.12,95,999,1.46,good
1.93,2.27,125.4,3.03,0.85,81.38,8.11,83,1002,4.43,fair
0.62,1.69,129.7,1.95,0.62,94.9,5.33,85,1001,2.51,fair
1.0,1.07,110.06,2.13,0.08,58.71,6.81,91,1008,4.84,good
20.33,70.23,129.42,0.89,0.23,53.51,28.54,67,1009,2.29,moderate
23.9,69.85,226.28,2.03,0.44,47.09,25.39,42,1011,2.49,moderate
23.67,74.86,196.52,1.45,0.43,54.11,28.5,30,1010,2.78,moderate
1.03,1.09,125.5,1.38,0.3,99.71,7.54,91,998,4.33,fair
0.91,1.52,127.98,2.74,0.48,88.41,6.24,77,1001,4.19,fair
1.12,2.39,130.0,4.71,0.64,68.54,5.92,86,1001,3.32,fair
1.85,7.82,98.47,1.35,0.92,45.6,25.93,77,1015,5.47,good
1.88,7.72,97.65,0.15,0.16,38.75,28.52,72,1015,3.22,good
2.68,4.49,108.34,1.58,0.5,33.26,29.2,67,1015,4.96,good
1.88,7.72,97.65,0.15,0.16,38.75,28.61,72,1015,2.54,good
6.73,10.05,124.19,7.52,0.88,69.54,17.83,61,1017,0.59,fair
5.76,11.31,117.62,6.77,0.65,65.85,18.08,72,1016,1.72,fair
18.78,81.54,104.95,3.76,0.49,82.58,12.62,79,1019,0.72,moderate
2.84,3.19,233.12,9.08,1.52,21.63,12.56,86,1015,0.79,good
9.05,32.21,90.59,0.47,0.31,37.32,26.39,78,1009,2.6,fair
2.39,3.62,212.29,9.69,0.8,12.86,13.31,96,1018,1.71,good
0.98,1.16,122.76,0.58,0.07,70.31,10.37,67,1005,4.27,fair
1.56,1.74,119.52,0.86,0.57,56.3,8.28,74,1006,2.76,good
0.62,0.67,120.92,0.59,0.07,60.59,9.06,81,1009,2.44,fair
22.08,56.54,156.17,13.3,16.73,82.5,25.09,27,1013,2.9,moderate
27.08,52.87,125.39,4.5,24.13,78.73,19.86,59,1013,4.43,moderate
22.08,56.54,156.17,13.3,16.73,82.5,25.4,27,1013,2.82,moderate
6.43,41.67,103.03,0.19,0.32,86.01,19.04,61,1019,6.14,fair
4.5,22.06,105.31,0.24,0.31,91.01,18.53,87,1018,7.27,fair
2.44,10.06,104.15,0.2,0.34,89.71,18.93,81,1019,7.41,fair
15.04,32.47,180.43,2.4,0.47,51.45,17.61,69,1015,2.78,fair
11.69,25.37,131.23,1.38,0.31,48.26,24.28,60,1011,2.48,fair
6.66,12.25,104.99,0.18,0.07,56.22,33.25,32,1007,5.54,good
0.64,1.75,99.78,1.14,0.09,77.84,13.27,72,1016,0.79,fair
3.71,12.74,111.87,0.83,0.99,105.68,16.44,75,1015,4.01,moderate
4.54,10.01,125.62,5.68,0.68,88.02,17.33,51,1014,2.98,fair
30.61,55.77,491.52,5.66,1.04,39.56,13.8,48,1018,1.28,moderate
1.96,5.76,94.94,0.74,0.08,20.73,16.9,61,1015,0.71,good
6.55,10.11,171.13,1.38,0.17,50.48,19.92,53,1014,1.29,good
1.13,1.43,124.75,0.99,0.29,71.22,9.84,74,1005,4.15,fair
1.32,1.74,127.18,1.5,0.54,73.46,9.85,75,1004,3.58,fair
4.46,5.05,140.67,3.97,1.04,78.66,9.28,66,1004,2.32,fair
0.89,2.55,62.98,0.01,0.04,49.18,26.2,57,1014,2.54,good
0.89,2.55,62.98,0.01,0.04,49.18,26.36,59,1014,3.08,good
1.1,2.89,62.21,0.02,0.05,48.62,26.41,53,1014,1.12,good
1.67,2.25,118.82,1.98,0.35,64.33,7.85,86,1015,1.78,fair
2.08,5.69,114.03,0.55,0.64,105.65,16.5,71,1011,9.37,moderate
0.5,0.5,103.05,1.02,0.05,54.21,11.24,92,1013,1.92,good
5.03,10.74,81.08,0.13,0.16,26.22,25.65,89,1013,2.78,good
5.62,13.04,79.27,0.05,0.19,28.72,25.85,91,1013,5.47,good
3.2,3.88,85.54,0.22,0.01,9.09,22.88,92,1013,1.13,good
1.1,1.8,129.61,5.95,2.96,93.2,4.95,73,1016,1.04,fair
2.59,3.08,127.28,6.41,1.21,71.35,4.11,80,1016,0.93,fair
0.5,0.56,122.75,0.88,0.51,102.94,7.14,69,1014,3.64,moderate
2.3,3.24,92.69,2.71,0.16,62.88,15.93,74,1016,1.08,fair
4.23,6.0,100.31,4.7,0.67,64.5,15.09,93,1015,5.62,fair
8.54,9.54,123.01,6.04,0.66,88.38,13.59,90,1014,1.54,fair
0.59,0.6,99.91,0.09,0.02,6.29,26.65,86,1012,5.4,good
0.59,0.6,99.91,0.09,0.02,6.29,25.01,92,1012,3.13,good
0.5,0.5,97.33,0.11,0.03,5.95,24.91,92,1012,1.94,good
0.84,2.12,119.17,1.48,0.48,71.36,7.64,83,1016,4.25,fair
1.84,3.32,100.76,0.84,0.13,12.42,23.43,97,1013,1.59,good
2.36,6.85,76.99,0.1,0.18,25.6,27.98,79,1013,3.59,good
3.76,5.95,149.51,2.77,0.32,18.29,32.15,43,1010,4.4,good
1.26,3.26,112.36,3.49,0.58,63.84,14.74,71,1017,4.27,fair
10.81,46.33,105.12,1.19,1.21,90.87,20.11,88,1012,8.52,fair
10.99,45.01,105.15,1.24,1.19,91.2,21.03,80,1012,6.85,fair
10.81,46.33,105.12,1.19,1.21,90.87,20.15,87,1012,8.57,fair
12.56,40.93,104.28,0.47,0.5,63.81,26.12,83,1013,3.16,fair
12.56,40.93,104.28,0.47,0.5,63.81,26.11,83,1013,3.24,fair
1.48,3.07,92.14,0.39,0.13,19.24,22.3,96,1013,1.25,good
1.69,8.15,93.93,0.29,0.25,43.73,26.08,76,1016,5.03,good
1.69,8.15,93.93,0.29,0.25,43.73,25.85,77,1016,4.58,good
1.69,8.15,93.93,0.29,0.25,43.73,26.24,76,1016,5.41,good
2.66,6.01,82.3,0.07,0.12,25.09,25.43,91,1013,2.4,good
2.71,8.0,86.62,0.03,0.09,20.83,26.93,87,1014,3.01,good
2.75,3.59,83.35,0.45,0.17,9.09,20.88,99,1014,1.28,good
10.07,17.67,108.23,1.4,0.9,67.65,19.64,62,1009,1.55,fair
7.46,13.26,102.06,1.51,0.24,24.49,17.06,85,1009,1.26,good
13.33,20.88,107.75,0.75,1.23,93.52,18.6,78,1013,3.48,fair
12.65,16.27,143.25,0.38,2.19,46.28,26.16,79,1010,0.56,fair
10.98,15.14,132.44,0.26,1.37,44.21,26.06,78,1010,1.45,fair
10.8,13.43,139.61,0.32,1.88,48.14,21.41,76,1010,1.09,fair
1.06,2.66,97.9,0.1,0.06,22.26,27.6,81,1011,6.05,good
1.06,2.66,97.9,0.1,0.06,22.26,27.34,81,1011,6.09,good
1.07,2.71,97.73,0.1,0.06,22.35,28.27,81,1011,5.89,good
19.19,110.7,112.54,0.64,0.82,89.85,24.41,70,1013,4.66,poor
24.68,139.29,110.73,0.29,0.21,71.18,28.4,50,1012,5.16,poor
22.32,139.13,112.25,0.35,0.36,78.82,26.83,60,1013,3.95,poor
0.87,0.93,111.7,0.92,0.23,7.43,25.0,89,1012,3.32,good
0.5,0.5,101.67,0.4,0.01,7.52,23.58,99,1012,1.25,good
0.54,0.56,112.3,0.48,0.06,11.02,24.79,92,1012,2.37,good
12.89,20.0,191.65,1.24,1.25,81.46,24.75,88,1009,3.61,fair
12.89,20.0,191.65,1.24,1.25,81.46,24.93,85,1009,3.76,fair
11.55,18.36,184.9,1.09,1.06,79.29,23.11,89,1009,4.54,fair
12.15,16.75,106.88,0.63,10.11,71.92,30.91,27,1015,3.44,fair
5.21,7.21,137.8,1.24,0.28,52.39,31.52,62,1010,4.43,good
4.52,7.03,119.66,0.85,0.28,73.88,31.38,70,1011,2.63,fair
2.63,3.48,116.71,1.04,0.4,88.14,13.48,89,1002,3.61,fair
3.12,6.86,119.92,1.85,0.91,86.81,15.66,92,1008,3.53,fair
1.96,4.41,116.34,0.87,0.54,101.03,15.07,82,1004,1.08,moderate
2.75,11.52,97.97,0.12,0.2,43.53,28.34,53,1013,1.94,good
2.75,11.52,97.97,0.12,0.2,43.53,28.11,52,1013,1.74,good
4.09,6.05,121.9,0.39,0.37,60.77,27.65,78,1014,8.05,fair
0.85,0.96,114.76,0.64,0.16,80.59,13.69,79,1001,4.76,fair
2.8,3.63,116.13,2.14,1.07,64.46,13.99,88,1003,6.51,fair
2.27,2.81,115.81,1.84,1.93,64.12,14.87,89,1004,4.2,fair
14.4,17.41,284.84,1.31,1.05,63.67,27.57,88,1010,1.66,fair
3.13,6.63,88.2,0.79,0.24,29.77,27.13,93,1011,0.87,good
14.4,17.41,284.84,1.31,1.05,63.67,27.62,88,1009,1.32,fair
1.03,1.84,120.77,2.76,1.09,55.13,7.63,86,1017,1.86,good
0.93,1.93,121.14,0.46,0.42,81.66,8.74,81,1019,2.86,fair
0.96,1.69,120.81,0.79,0.36,63.52,8.41,84,1019,2.17,fair
9.43,47.37,107.77,2.32,1.18,79.44,17.15,39,1014,1.78,fair
10.67,55.44,113.87,8.06,2.52,73.91,18.91,57,1013,0.33,moderate
6.34,30.22,113.5,2.04,2.24,86.6,17.22,79,1013,0.95,fair
0.57,0.75,122.5,1.22,0.75,112.29,6.25,75,1016,3.91,moderate
21.21,87.97,97.2,0.22,0.74,71.36,29.67,68,1005,2.26,moderate
86.18,109.96,627.01,7.39,4.16,79.11,29.73,31,1003,2.37,very_poor
31.36,39.69,496.81,11.11,1.61,29.7,22.32,78,1010,3.19,moderate
35.39,118.67,194.51,7.32,6.16,87.03,31.6,22,1005,4.18,poor
32.57,104.8,218.83,6.02,5.43,92.6,23.85,47,1009,3.31,poor
26.2,76.24,218.59,8.42,3.49,81.91,22.57,48,1009,3.11,moderate
10.55,23.08,206.97,11.94,4.59,89.34,23.23,17,1016,1.39,fair
10.0,44.25,115.95,1.71,0.28,76.82,17.04,50,1018,2.36,fair
15.74,20.56,222.45,11.06,2.16,93.22,19.96,21,1013,1.47,fair
2.02,11.21,121.31,0.09,0.58,87.93,6.11,60,996,8.72,fair
2.02,11.21,121.31,0.09,0.58,87.93,6.3,61,996,8.67,fair
2.02,11.21,121.31,0.09,0.58,87.93,7.39,63,996,8.46,fair
6.16,14.72,112.9,0.5,0.96,97.55,17.89,80,1011,3.31,fair
2.0,5.47,120.08,3.54,0.44,29.54,13.98,77,1003,2.01,good
5.51,11.61,113.03,0.56,0.83,93.49,16.78,84,1013,5.77,fair
1.0,2.71,121.33,1.77,0.31,62.96,7.87,81,1014,6.42,fair
2.61,12.79,95.85,0.14,0.21,46.95,29.04,68,1015,2.83,good
2.65,13.1,95.75,0.13,0.21,47.47,29.46,69,1015,3.19,good
2.65,13.1,95.75,0.13,0.21,47.47,29.58,68,1015,3.79,good
8.79,41.71,113.29,4.34,2.31,85.37,16.92,32,1015,3.14,fair
8.26,39.58,114.26,5.8,3.15,92.43,18.16,31,1015,3.2,fair
9.65,41.34,136.02,15.38,4.96,74.81,16.73,50,1014,2.38,fair
5.72,11.22,147.73,4.29,7.89,105.68,18.99,61,1015,2.78,moderate
5.4,11.04,142.08,2.88,7.28,110.4,18.07,70,1015,2.52,moderate
4.09,11.21,141.47,1.53,0.83,109.4,20.45,61,1014,2.03,moderate
1.6,2.23,85.93,0.47,0.09,45.5,15.24,97,1017,1.97,good
13.48,22.55,391.72,3.42,0.36,20.6,15.15,92,1016,1.7,fair
4.02,6.53,154.93,1.16,0.22,19.23,25.06,87,1013,4.25,good
1.4,1.5,95.05,1.5,0.17,55.19,11.84,98,1022,1.03,good
2.26,3.45,94.12,0.21,0.27,64.52,13.94,67,1018,2.7,fair
1.41,2.31,102.87,1.14,0.13,63.07,14.38,73,1018,1.71,fair
16.6,21.61,467.23,9.02,1.7,27.1,27.47,80,1009,2.99,fair
4.74,6.92,167.24,1.8,0.41,39.52,27.34,82,1009,1.57,good
15.67,16.34,316.14,3.0,0.3,6.89,27.7,80,1008,1.55,fair
0.5,0.88,65.4,0.01,0.01,6.98,28.92,75,1009,2.2,good
2.15,5.16,69.13,0.06,0.08,45.95,25.2,76,1015,0.75,good
2.02,4.56,69.26,0.06,0.08,41.45,25.61,75,1014,0.81,good
2.02,4.94,68.84,0.05,0.08,42.03,26.75,69,1014,0.18,good
9.59,11.22,160.72,1.42,0.79,66.77,17.2,79,1011,1.08,fair
15.48,16.88,177.79,7.3,1.74,31.59,17.94,55,1010,0.35,fair
8.29,9.62,145.3,0.47,0.29,76.04,16.04,85,1011,1.97,fair
10.54,12.94,207.7,15.54,1.27,63.53,16.51,95,1011,0.79,fair
11.02,18.19,138.38,1.02,11.65,124.19,16.61,86,1012,1.07,moderate
7.19,9.2,178.04,3.69,0.89,85.37,16.69,92,1011,2.67,fair
49.7,187.09,133.28,2.28,13.38,114.6,31.28,27,1005,3.74,poor
52.45,202.93,133.97,2.29,14.81,117.43,31.51,27,1005,2.19,very_poor
52.45,202.93,133.97,2.29,14.81,117.43,32.07,23,1005,2.57,very_poor
2.31,6.17,101.59,0.14,0.2,49.29,29.75,63,1013,4.05,good
2.31,6.17,101.59,0.14,0.2,49.29,29.67,63,1013,3.72,good
0.81,0.9,89.23,0.95,0.12,72.79,12.36,92,1022,0.7,fair
6.3,16.01,137.65,7.23,0.67,35.08,11.64,69,1020,5.46,good
1.0,2.51,120.58,0.34,0.16,84.08,8.88,55,1028,4.95,fair
38.34,40.43,730.12,9.85,0.97,3.35,25.69,85,1008,2.82,moderate
36.86,39.78,1034.48,20.9,1.62,9.54,28.51,77,1008,1.58,moderate
44.95,48.29,1140.69,19.11,1.72,0.36,27.65,80,1008,1.08,moderate
6.89,32.18,112.07,4.32,1.14,87.61,19.12,67,1014,1.6,fair
8.65,32.59,159.43,5.08,3.03,68.18,19.55,66,1014,0.66,fair
7.44,30.33,116.46,5.69,1.37,87.72,20.32,61,1014,0.63,fair
2.19,9.41,105.6,0.47,0.39,38.03,26.74,77,1014,7.79,good
2.39,10.26,107.05,0.51,0.43,39.58,26.69,77,1014,7.23,good
1.87,4.17,125.75,1.37,0.6,60.45,25.47,85,1006,2.95,fair
1.87,4.17,125.75,1.37,0.6,60.45,25.09,87,1006,2.41,fair
1.87,4.17,125.75,1.37,0.6,60.45,24.67,87,1006,2.38,fair
1.02,3.16,73.63,0.11,0.12,27.14,27.02,87,1012,2.5,good
1.1,2.64,76.14,0.29,0.17,26.9,23.66,96,1013,1.08,good
1.3,3.22,77.02,0.08,0.11,26.7,27.05,87,1013,3.66,good
0.95,2.85,66.26,0.76,0.33,43.36,6.24,57,1019,1.87,good
1.94,4.36,81.86,1.48,0.72,42.42,5.09,61,1020,0.71,good
0.51,1.65,57.49,0.21,0.05,44.11,8.18,61,1018,4.79,good
1.07,1.22,117.58,1.17,0.63,70.16,11.51,80,1002,5.55,fair
1.27,1.39,115.29,1.46,0.61,83.0,11.01,75,1001,6.27,fair
1.4,1.5,125.47,3.31,0.94,77.52,11.1,93,997,9.56,fair
1.09,1.23,122.78,1.17,0.24,90.27,4.2,84,1011,3.55,fair
1.47,1.61,122.84,1.2,0.27,87.84,4.39,85,1012,3.49,fair
1.52,1.65,122.04,1.13,0.26,87.74,4.11,84,1012,3.48,fair
1.35,1.51,120.32,0.98,0.3,70.77,10.28,72,1001,4.86,fair
1.72,2.08,122.89,1.73,0.61,59.95,8.4,89,1006,3.46,good
1.24,1.28,120.04,2.05,0.77,86.28,10.43,91,998,6.84,fair
16.41,51.2,132.85,1.48,0.34,107.22,22.9,51,1014,5.18,moderate
23.17,42.51,111.29,0.48,1.9,81.24,19.03,78,1016,5.19,fair
27.98,78.35,133.59,2.35,0.88,78.36,20.38,68,1016,5.54,moderate
1.99,8.35,110.83,2.18,1.57,73.71,17.4,67,1020,2.32,fair
3.1,6.49,114.25,4.3,3.0,79.59,17.05,71,1020,1.34,fair
5.18,8.13,94.38,1.61,0.49,66.76,15.4,70,1020,3.16,fair
2.34,8.97,109.37,0.46,0.85,94.37,13.3,67,1006,6.63,fair
4.71,5.27,113.22,1.69,0.59,75.78,15.01,81,1007,5.83,fair
5.81,6.16,110.56,0.66,0.28,79.28,13.6,86,1008,3.81,fair
2.06,2.62,111.2,1.1,0.26,72.58,15.3,84,1004,5.56,fair
13.45,20.07,126.02,3.87,2.01,82.75,15.57,75,1010,1.29,fair
8.11,13.34,127.74,3.54,1.71,81.64,12.55,85,1011,2.6,fair
3.12,6.51,131.32,3.74,1.64,79.69,17.8,83,1010,4.04,fair
5.09,8.48,151.41,1.61,0.12,18.44,14.61,96,1020,1.54,good
2.57,5.35,84.0,0.58,0.12,24.19,22.65,87,1017,2.04,good
2.37,3.16,96.92,0.62,0.03,18.37,12.7,92,1021,0.79,good
0.5,0.83,98.65,0.01,0.01,8.78,26.33,86,1009,8.13,good
7.21,11.8,97.77,1.24,0.2,45.17,14.76,78,1009,2.62,good
6.44,11.12,95.46,1.28,0.18,41.1,14.32,79,1009,0.49,good
7.97,15.21,96.49,1.66,0.31,47.33,12.22,85,1010,2.43,good
18.35,47.36,167.48,0.63,0.12,20.89,35.78,24,1009,1.01,fair
11.31,25.31,151.22,0.93,0.09,18.57,32.65,34,1009,2.23,fair
15.82,47.78,141.89,0.4,0.07,29.35,36.93,26,1008,1.61,fair
6.98,7.86,313.08,3.75,0.38,36.24,25.88,82,1009,3.48,good
45.03,50.99,889.54,10.85,0.93,29.85,23.39,84,1010,0.76,moderate
38.93,39.98,987.87,13.28,1.12,6.25,23.06,92,1010,0.74,moderate
0.5,0.89,92.73,0.35,0.1,78.69,15.25,56,1002,1.61,fair
0.5,0.5,98.34,0.38,0.08,73.09,11.38,69,1002,0.45,fair
0.62,0.69,100.94,0.99,0.31,60.13,15.1,57,1002,1.82,fair
8.87,15.07,171.42,0.78,0.68,74.97,24.82,89,1009,4.61,fair
7.71,13.73,163.62,0.25,0.24,73.06,24.86,87,1009,5.2,fair
7.71,13.73,163.62,0.25,0.24,73.06,24.86,88,1009,4.61,fair
0.96,2.25,100.21,0.19,0.08,35.11,27.54,83,1011,6.72,good
1.7,6.75,101.45,0.76,0.49,41.48,26.07,77,1015,5.68,good
1.77,7.38,101.86,0.65,0.43,40.11,26.39,77,1015,5.65,good
1.77,7.38,101.86,0.65,0.43,40.11,26.13,78,1015,5.84,good
46.97,222.93,104.76,0.21,0.61,87.49,22.39,64,1011,10.12,very_poor
8.46,36.79,102.1,0.67,0.73,89.14,18.99,83,1016,11.46,fair
77.86,338.25,140.85,0.55,0.17,31.22,37.0,13,1007,3.52,very_poor
7.82,14.19,108.49,0.16,0.41,78.81,19.2,70,1014,3.34,fair
7.82,14.19,108.49,0.16,0.41,78.81,18.17,71,1014,3.42,fair
7.82,14.19,108.49,0.16,0.41,78.81,18.34,71,1014,3.28,fair
1.1,3.99,62.34,0.06,0.14,55.75,23.03,83,1018,2.79,good
0.98,3.32,62.17,0.05,0.12,55.21,20.05,86,1018,2.26,good
0.98,3.32,62.17,0.05,0.12,55.21,21.05,85,1018,2.29,good
5.86,11.02,93.86,0.03,0.15,66.68,28.34,81,1008,8.92,fair
2.8,3.52,80.41,0.41,0.06,22.74,17.24,68,1017,1.0,good
5.64,8.26,114.16,1.15,0.36,24.91,19.23,52,1016,2.29,good
1.27,1.8,81.78,0.7,0.04,34.2,15.68,87,1017,0.44,good
24.34,25.78,336.45,5.33,2.88,134.79,18.64,61,1015,0.88,moderate
3.71,9.93,112.38,0.15,0.32,98.57,21.76,69,1013,3.77,fair
16.85,17.72,272.99,3.39,1.71,119.81,18.8,60,1015,1.26,moderate
5.97,6.33,187.84,2.3,0.91,19.62,26.59,86,1007,0.95,good
3.22,3.52,98.53,0.56,0.14,9.22,28.36,86,1007,1.39,good
6.87,7.3,205.05,2.31,0.78,17.04,26.64,88,1007,0.91,good
5.1,7.48,112.33,6.25,16.16,41.36,20.32,44,1011,2.47,good
5.1,7.48,112.33,6.25,16.16,41.36,19.39,39,1011,1.98,good
3.08,5.09,86.42,0.33,0.06,25.28,18.84,94,1016,1.33,good
0.68,2.35,63.77,0.04,0.06,47.62,22.89,69,1019,4.79,good
0.68,2.35,63.77,0.04,0.06,47.62,22.87,70,1019,3.85,good
0.66,2.21,63.63,0.04,0.06,47.26,23.1,68,1019,3.25,good
26.57,88.62,149.09,0.62,0.19,45.08,35.34,18,1009,3.32,moderate
87.33,315.85,371.34,3.43,1.63,51.41,29.99,8,1010,4.8,very_poor
78.92,269.67,627.4,9.12,2.98,43.41,28.38,10,1011,4.74,very_poor
1.51,4.5,83.56,0.04,0.09,23.4,28.38,79,1012,4.22,good
82.99,239.2,708.9,9.96,3.14,41.43,29.74,10,1010,2.88,very_poor
5.72,15.73,204.06,1.77,0.7,19.91,23.64,97,1012,2.1,good
4.0,9.05,93.88,0.18,6.89,51.12,33.93,33,1007,7.1,good
6.21,15.23,93.97,0.18,8.61,53.44,33.88,37,1007,3.65,good
4.78,10.27,96.08,0.24,4.21,51.18,33.34,34,1008,4.3,good
0.82,2.49,134.66,3.19,1.18,96.69,6.1,79,1011,6.23,fair
0.68,2.1,133.23,3.23,1.39,96.59,6.23,76,1010,6.3,fair
0.62,2.03,130.33,1.88,1.03,99.84,6.19,77,1011,9.66,fair
0.51,0.81,128.07,2.72,1.37,87.85,5.31,79,1004,2.46,fair
0.83,3.33,128.57,0.48,1.02,90.8,4.44,79,1006,2.34,fair
0.5,0.5,114.03,0.45,0.04,79.95,4.94,73,1007,0.85,fair
95.2,105.09,611.58,5.95,9.77,109.18,17.25,82,1011,0.75,very_poor
89.62,101.43,683.61,6.38,8.6,90.51,17.59,84,1012,2.18,very_poor
130.75,144.66,716.39,6.65,14.26,114.36,24.71,68,1008,1.96,very_poor
1.05,1.73,63.56,0.57,0.29,47.86,16.11,87,1019,1.47,good
0.91,1.85,78.22,2.43,0.12,39.28,11.55,49,1020,3.1,good
0.96,2.02,74.33,1.17,0.17,38.37,13.55,81,1019,6.02,good
33.09,139.36,111.16,0.6,0.4,86.32,28.88,50,1004,2.36,poor
32.93,141.82,112.24,0.61,0.43,90.99,30.41,51,1005,1.53,poor
33.44,143.51,112.29,0.51,0.36,84.41,28.88,50,1004,2.36,poor
2.31,2.91,112.78,0.78,0.49,49.86,29.29,86,1008,3.74,good
2.36,2.9,111.91,0.84,0.49,47.76,28.86,85,1008,2.94,good
2.36,2.9,111.91,0.84,0.49,47.76,29.04,84,1009,2.8,good
4.94,14.17,72.18,0.05,0.19,46.15,22.63,73,1012,3.49,good
4.94,14.17,72.18,0.05,0.19,46.15,21.79,83,1012,4.6,good
6.49,12.06,72.61,0.5,1.17,56.33,16.97,46,1017,2.13,good
3.78,9.69,61.54,0.02,0.08,53.85,26.63,82,1012,10.83,good
3.73,9.43,61.57,0.02,0.08,53.95,26.72,83,1012,11.25,good
3.79,9.95,61.68,0.02,0.08,54.13,26.5,82,1012,10.64,good
7.86,27.25,62.09,0.04,0.22,38.51,27.59,80,1011,2.12,fair
1.16,1.75,32.81,0.03,0.03,1.29,27.04,64,1012,1.73,good
1.76,4.11,63.11,0.04,2.72,29.38,30.33,66,1012,2.02,good
14.31,22.01,252.38,8.69,6.05,39.19,30.1,79,1009,2.2,fair
21.54,22.65,478.82,7.83,1.35,36.66,27.64,98,1009,0.85,fair
18.13,26.95,251.18,6.83,6.83,51.27,30.21,80,1009,2.62,fair
70.53,87.88,610.4,4.74,4.98,101.31,26.29,32,1002,3.33,poor
18.8,78.01,88.76,0.09,0.38,64.17,27.63,85,1004,3.8,moderate
26.42,41.6,373.02,4.68,0.36,76.64,23.01,71,1007,0.27,moderate
2.71,3.96,129.56,3.51,1.4,55.83,13.37,87,996,2.92,good
1.16,1.32,99.3,1.59,0.26,44.05,12.33,91,997,0.39,good
1.14,1.55,116.66,3.27,0.62,41.6,10.96,94,1000,5.79,good
1.92,9.27,95.58,0.14,0.18,42.13,26.53,77,1016,5.23,good
2.04,9.95,94.96,0.14,0.18,43.66,25.79,86,1017,3.93,good
1.9,9.2,94.86,0.15,0.18,43.91,25.79,86,1016,4.23,good
9.51,55.51,105.24,2.05,1.3,79.63,19.67,54,1014,0.47,moderate
9.31,51.39,102.42,1.26,1.42,77.8,19.7,52,1014,1.09,moderate
9.51,55.51,105.24,2.05,1.3,79.63,19.59,54,1014,0.4,moderate
0.77,1.99,110.99,0.91,0.59,95.56,12.73,85,1016,2.39,fair
0.76,1.49,114.6,1.64,0.8,97.65,13.54,85,1016,2.6,fair
0.77,1.56,114.87,1.73,0.79,94.26,12.75,91,1016,1.22,fair
1.56,2.29,88.29,2.41,0.46,28.73,10.95,74,1021,1.52,good
10.86,12.78,259.72,7.01,0.44,20.9,10.13,81,1021,1.12,fair
1.58,2.39,89.9,2.5,0.62,31.56,10.67,74,1021,1.81,good
64.13,190.85,231.05,7.4,24.01,133.87,31.47,27,1005,4.1,poor
64.13,190.85,231.05,7.4,24.01,133.87,31.04,26,1005,3.86,poor
59.95,173.95,231.5,9.46,24.2,124.77,31.29,33,1005,4.06,poor
1.09,4.66,63.0,0.06,0.15,58.59,23.49,73,1019,3.51,good
1.07,4.96,63.18,0.06,0.14,58.95,23.63,66,1019,0.78,good
1.05,4.69,63.44,0.05,0.13,60.28,23.6,71,1019,2.74,fair
2.14,3.44,103.37,2.0,0.1,29.06,17.54,79,1004,3.23,good
1.7,2.19,110.14,1.22,0.19,67.39,16.34,81,1004,6.01,fair
10.31,11.61,141.14,1.82,1.45,95.82,13.47,93,1008,6.05,fair
0.97,1.29,105.99,0.61,0.55,75.96,16.47,89,1005,2.84,fair
3.91,5.85,111.21,2.53,0.63,53.08,14.33,69,1008,2.63,good
1.25,1.76,99.36,0.99,0.24,35.48,15.93,90,1005,2.53,good
2.61,2.77,125.42,3.73,0.65,32.99,10.47,93,1010,2.98,good
0.54,0.57,116.94,0.66,0.08,52.18,8.62,86,1009,2.18,good
0.5,0.5,130.26,0.15,0.05,81.0,1.43,54,1019,6.3,fair
38.22,63.01,609.26,4.51,0.6,9.97,13.81,92,1017,1.32,moderate
22.23,34.42,386.85,3.29,1.53,24.12,16.99,82,1017,1.7,fair
26.07,41.95,410.7,4.06,1.03,23.12,12.7,94,1020,0.5,moderate
55.81,111.21,110.29,4.23,6.88,103.54,31.45,41,1009,2.29,poor
33.96,94.72,103.66,0.92,0.6,67.36,30.33,17,1008,2.98,moderate
71.73,131.37,150.2,11.1,59.28,82.33,30.22,33,1009,2.06,poor
1.93,4.98,61.4,0.01,0.09,37.99,29.88,72,1012,2.41,good
1.93,4.98,61.4,0.01,0.09,37.99,29.74,72,1012,1.87,good
1.87,4.84,61.44,0.02,0.09,37.74,30.06,69,1012,3.46,good
1.02,2.17,67.23,0.02,0.06,34.12,27.98,77,1010,6.09,good
29.9,112.53,112.9,0.6,0.2,47.43,34.86,9,1006,7.82,poor
30.23,113.1,107.74,0.52,0.19,47.27,34.81,9,1006,8.34,poor
30.23,113.1,107.74,0.52,0.19,47.27,34.93,9,1006,8.21,poor
6.83,7.15,122.73,1.54,0.86,88.3,8.05,84,998,4.27,fair
0.57,0.88,124.42,1.86,1.49,104.46,5.69,76,1000,2.42,moderate
1.64,1.72,125.37,2.2,0.51,95.25,7.39,93,998,5.22,fair
3.45,3.78,102.37,0.76,0.2,8.51,26.97,88,1008,2.01,good
3.45,3.78,102.37,0.76,0.2,8.51,27.07,91,1008,1.31,good
3.45,3.78,102.37,0.76,0.2,8.51,26.84,90,1008,1.56,good
1.88,4.29,111.46,0.82,0.61,96.46,11.99,95,1004,1.01,fair
1.23,1.7,112.69,1.08,0.29,81.93,12.85,86,1002,2.4,fair
1.6,2.69,112.55,1.19,0.49,87.65,12.83,91,1002,2.7,fair
0.8,1.18,118.18,2.93,0.34,58.46,12.53,88,1000,7.14,good
1.03,1.45,110.1,0.91,0.19,66.03,13.19,88,1001,1.76,fair
0.8,1.18,118.18,2.93,0.34,58.46,13.14,87,1000,7.4,good
1.76,4.17,97.26,0.5,0.33,40.12,26.88,83,1014,1.07,good
1.44,3.32,103.69,0.57,0.27,23.68,24.77,91,1013,1.25,good
0.91,2.35,86.96,0.37,0.19,25.79,25.4,90,1013,1.86,good
9.48,39.24,101.74,0.8,0.84,83.09,19.98,86,1012,8.11,fair
19.32,96.9,146.46,2.04,1.57,73.75,23.98,47,1010,5.73,moderate
9.93,41.11,101.7,1.1,1.02,84.72,20.1,85,1012,8.2,fair
2.29,9.08,64.21,0.02,0.12,28.81,27.28,83,1011,6.39,good
9.67,26.18,160.42,1.9,0.39,30.75,20.07,42,1013,1.86,fair
1.81,6.35,78.88,0.34,0.04,22.47,21.54,54,1013,2.43,good
0.5,0.5,100.89,0.76,0.21,6.76,25.39,92,1012,4.19,good
0.5,0.5,97.96,0.5,0.12,5.47,24.05,98,1012,1.03,good
5.16,8.83,180.88,0.97,0.13,5.32,21.62,82,1014,0.71,good
1.51,2.7,115.79,0.23,0.01,18.54,29.36,49,1010,4.35,good
3.66,4.54,127.52,0.14,0.04,0.57,18.55,84,1014,1.16,good
4.51,10.13,78.45,0.04,0.16,27.6,26.15,87,1013,2.56,good
9.57,21.65,90.14,0.11,4.5,53.49,28.11,76,1012,3.27,fair
9.57,21.65,90.14,0.11,4.5,53.49,28.64,77,1013,3.38,fair
9.15,17.31,92.86,0.14,5.51,62.31,33.26,59,1007,4.15,fair
15.52,23.34,118.02,2.52,3.24,67.56,16.87,57,1012,4.01,fair
7.75,32.25,158.52,25.57,5.06,45.83,16.42,39,1013,0.7,fair
23.05,50.43,146.57,5.48,6.27,71.76,17.12,54,1013,3.73,moderate
1.25,2.18,67.92,1.34,2.13,48.08,16.69,31,1013,3.93,good
1.6,2.81,72.01,2.27,4.6,48.29,12.9,37,1015,6.13,good
3.01,13.79,96.67,0.26,0.32,49.16,27.59,79,1015,8.23,good
25.61,76.81,293.49,2.82,1.27,44.98,32.21,9,1008,4.44,moderate
4.13,10.07,112.02,0.18,0.03,14.65,30.37,38,1009,1.93,good
15.02,45.66,118.92,0.28,0.14,39.94,28.27,11,1010,3.74,fair
1.43,3.92,87.21,0.12,0.12,25.17,28.52,78,1012,3.78,good
4.12,7.3,166.36,1.51,0.28,21.68,27.07,70,1012,3.14,good
4.71,7.93,140.06,1.44,0.2,20.74,29.89,55,1012,2.87,good
15.33,16.24,269.82,2.73,0.56,23.05,28.54,82,1008,1.95,fair
11.92,12.78,230.21,2.13,0.45,24.4,28.53,81,1008,2.65,fair
16.4,17.68,303.43,3.63,0.7,21.48,28.57,84,1008,1.82,fair
8.95,35.43,189.86,1.33,0.27,80.86,16.03,80,1017,1.82,fair
2.34,3.66,111.48,0.5,0.69,81.42,16.15,66,1018,1.83,fair
3.66,4.74,107.26,0.78,0.86,62.25,12.5,75,1020,2.28,fair
1.5,1.87,77.96,0.43,0.11,22.65,28.08,77,1012,1.05,good
2.17,4.55,79.43,0.48,0.17,25.26,24.92,90,1013,2.52,good
2.31,5.61,67.58,0.14,0.16,30.38,25.38,90,1013,2.82,good
8.53,14.97,171.14,5.68,1.76,81.38,22.59,42,1016,2.29,fair
32.7,170.26,115.87,0.81,0.16,60.88,22.78,34,1017,3.31,poor
22.66,134.43,115.59,0.42,0.16,102.23,16.56,21,1021,6.01,poor
15.86,54.43,118.7,3.05,0.4,77.05,17.82,65,1017,3.34,moderate
28.93,76.96,129.3,1.35,3.45,106.45,21.55,58,1014,1.62,moderate
28.3,60.14,130.53,1.73,2.39,104.62,21.76,52,1015,4.5,moderate
0.79,2.52,65.19,0.01,0.03,53.55,24.65,72,1015,4.53,good
11.45,17.63,128.93,8.07,1.69,34.88,17.62,79,1009,1.21,fair
3.49,5.98,106.13,2.88,0.53,57.04,12.57,81,1010,1.09,good
8.46,12.33,110.63,3.36,0.96,47.06,15.94,82,1010,1.52,good
1.25,2.11,125.25,0.44,0.05,24.26,26.49,78,1013,4.41,good
1.13,1.71,127.68,0.39,0.03,22.57,26.31,77,1013,3.69,good
1.13,1.71,127.68,0.39,0.03,22.57,26.31,77,1013,3.69,good
48.04,51.15,398.67,18.75,4.52,13.06,23.13,83,1009,0.99,moderate
48.04,51.15,398.67,18.75,4.52,13.06,23.24,81,1007,1.23,moderate
29.78,37.34,237.08,9.7,16.07,84.16,26.08,85,1010,0.56,moderate
1.85,2.76,74.28,0.42,0.03,8.88,23.82,91,1014,2.2,good
6.64,10.51,149.78,1.48,0.21,15.28,21.16,72,1014,2.01,good
0.52,1.13,72.48,0.34,0.04,17.88,18.3,89,1015,3.85,good
2.34,2.86,109.5,1.28,0.95,64.27,10.99,74,1008,2.61,fair
2.21,2.92,134.98,2.82,2.41,52.58,13.16,92,1009,3.24,good
7.93,9.38,112.55,0.55,0.58,87.66,13.8,86,1010,5.61,fair
8.02,12.51,156.81,2.13,0.26,35.54,16.3,95,1015,0.82,good
8.02,12.51,156.81,2.13,0.26,35.54,16.19,95,1015,0.75,good
6.72,10.15,136.16,1.33,0.23,45.01,16.32,97,1015,0.52,good
5.74,7.09,188.82,13.9,1.82,73.63,16.09,38,1017,0.55,fair
5.91,12.64,115.31,0.17,0.46,97.97,20.24,77,1014,3.94,fair
6.35,7.67,184.7,12.52,1.92,75.26,16.21,37,1017,1.7,fair
5.03,10.55,133.03,5.34,5.82,57.65,12.64,67,1017,5.51,good
6.97,14.08,128.32,1.91,0.25,48.02,10.45,74,1021,2.62,good
10.73,19.02,136.46,1.92,0.41,48.58,9.74,80,1020,3.24,fair
4.49,11.23,125.76,2.08,0.16,41.92,15.85,61,1018,1.94,good
1.93,3.41,98.98,0.25,0.36,66.55,18.03,58,1017,0.45,fair
2.3,4.68,106.63,0.94,0.37,71.72,17.84,61,1017,1.1,fair
2.32,11.4,114.83,0.42,0.32,33.49,26.12,78,1014,6.52,good
2.42,11.96,115.05,0.37,0.31,32.95,26.59,78,1014,7.1,good
1.63,2.61,148.71,1.92,0.7,30.48,29.44,65,1012,0.78,good
6.48,10.32,179.68,3.15,0.64,48.93,28.06,71,1008,6.4,good
2.46,4.01,154.73,1.25,0.12,18.92,29.48,80,1012,2.65,good
1.94,8.92,94.11,0.17,0.2,50.61,25.73,76,1016,6.99,good
1.55,6.91,95.52,0.16,0.16,43.83,27.05,76,1016,8.78,good
15.42,21.52,485.01,11.86,2.46,22.95,28.4,82,1008,3.72,fair
24.55,28.64,324.08,4.21,1.17,12.47,24.67,95,1008,2.15,fair
12.58,17.85,254.87,3.54,1.68,45.96,26.27,94,1008,1.68,fair
1.78,7.61,60.78,0.03,1.65,54.05,25.84,61,1016,5.9,good
1.0,3.09,60.47,0.01,0.06,27.7,28.82,74,1011,6.57,good
5.9,8.57,102.9,2.62,0.14,37.24,13.55,66,1009,6.49,good
11.84,16.31,108.84,3.29,0.52,47.81,14.54,70,1010,3.27,fair
7.05,9.61,106.88,2.6,0.26,52.07,12.87,70,1010,1.82,good
20.07,60.05,102.84,3.58,5.95,52.3,18.06,26,1017,3.32,moderate
9.52,34.83,85.58,0.45,1.26,51.67,28.37,68,1009,3.97,fair
12.38,43.61,89.77,2.23,2.59,49.29,24.58,51,1013,0.94,fair
1.16,3.01,64.84,0.04,0.06,38.35,26.28,74,1014,1.96,good
1.16,3.01,64.84,0.04,0.06,38.35,26.3,74,1013,1.87,good
1.16,3.01,64.84,0.04,0.06,38.35,26.15,74,1014,2.01,good
3.75,7.33,112.26,3.51,1.02,36.37,9.88,41,1019,3.28,good
2.74,8.94,64.56,0.04,0.21,53.07,17.44,91,1006,11.62,good
8.53,16.86,200.4,5.19,4.36,41.3,17.66,53,1009,2.97,good
5.99,7.81,118.41,0.76,0.08,16.86,18.46,60,1016,1.66,good
4.7,8.04,170.7,1.02,0.55,22.3,17.59,66,1016,1.69,good
4.28,6.52,123.12,0.77,0.39,23.82,16.12,71,1016,2.04,good
7.07,10.41,146.83,2.09,1.04,22.38,17.34,54,1017,1.49,good
7.34,10.8,124.7,2.96,0.44,24.53,14.82,34,1019,1.32,good
7.55,11.11,146.42,2.21,1.12,21.56,16.21,59,1018,2.22,good
